ISO-10303-21;
HEADER;
/* Generated by software containing ST-Developer
 * from STEP Tools, Inc. (www.steptools.com) 
 */

FILE_DESCRIPTION(
/* description */ (''),
/* implementation_level */ '2;1');

FILE_NAME(
/* name */ 'ASS - 9300 - MFLEAF - V04 - B.stp',
/* time_stamp */ '2026-10-05T11:03:20+02:00',
/* author */ ('benir'),
/* organization */ (''),
/* preprocessor_version */ 'ST-DEVELOPER v20',
/* originating_system */ 'Autodesk Inventor 2025',
/* authorisation */ '');

FILE_SCHEMA (('AUTOMOTIVE_DESIGN { 1 0 10303 214 3 1 1 }'));
ENDSEC;

DATA;
#10=MECHANICAL_DESIGN_GEOMETRIC_PRESENTATION_REPRESENTATION('',(#42,#43,
#44,#45),#6637);
#11=ITEM_DEFINED_TRANSFORMATION($,$,#2769,#3049);
#12=ITEM_DEFINED_TRANSFORMATION($,$,#2875,#3050);
#13=ITEM_DEFINED_TRANSFORMATION($,$,#3038,#3051);
#14=ITEM_DEFINED_TRANSFORMATION($,$,#3045,#3052);
#15=(
REPRESENTATION_RELATIONSHIP($,$,#6657,#6656)
REPRESENTATION_RELATIONSHIP_WITH_TRANSFORMATION(#11)
SHAPE_REPRESENTATION_RELATIONSHIP()
);
#16=(
REPRESENTATION_RELATIONSHIP($,$,#6658,#6656)
REPRESENTATION_RELATIONSHIP_WITH_TRANSFORMATION(#12)
SHAPE_REPRESENTATION_RELATIONSHIP()
);
#17=(
REPRESENTATION_RELATIONSHIP($,$,#6659,#6656)
REPRESENTATION_RELATIONSHIP_WITH_TRANSFORMATION(#13)
SHAPE_REPRESENTATION_RELATIONSHIP()
);
#18=(
REPRESENTATION_RELATIONSHIP($,$,#6660,#6656)
REPRESENTATION_RELATIONSHIP_WITH_TRANSFORMATION(#14)
SHAPE_REPRESENTATION_RELATIONSHIP()
);
#19=CONTEXT_DEPENDENT_SHAPE_REPRESENTATION(#15,#6652);
#20=CONTEXT_DEPENDENT_SHAPE_REPRESENTATION(#16,#6653);
#21=CONTEXT_DEPENDENT_SHAPE_REPRESENTATION(#17,#6654);
#22=CONTEXT_DEPENDENT_SHAPE_REPRESENTATION(#18,#6655);
#23=NEXT_ASSEMBLY_USAGE_OCCURRENCE(
'PRT - 9301 - MFLEAFCHIP - V04 - B:1',
'PRT - 9301 - MFLEAFCHIP - V04 - B:1',
'PRT - 9301 - MFLEAFCHIP - V04 - B:1',#6662,#6663,
'PRT - 9301 - MFLEAFCHIP - V04 - B:1');
#24=NEXT_ASSEMBLY_USAGE_OCCURRENCE('PRT - 9302 - MFLEAFPLUG - V04:1',
'PRT - 9302 - MFLEAFPLUG - V04:1','PRT - 9302 - MFLEAFPLUG - V04:1',#6662,
#6664,'PRT - 9302 - MFLEAFPLUG - V04:1');
#25=NEXT_ASSEMBLY_USAGE_OCCURRENCE(
'BUY - Cover glass - 24 x 60 x 0.17:1',
'BUY - Cover glass - 24 x 60 x 0.17:1',
'BUY - Cover glass - 24 x 60 x 0.17:1',#6662,#6665,
'BUY - Cover glass - 24 x 60 x 0.17:1');
#26=NEXT_ASSEMBLY_USAGE_OCCURRENCE(
'ISO 3601-1 - O-ring - 12 x 1.5 - NBR70:1',
'ISO 3601-1 - O-ring - 12 x 1.5 - NBR70:1',
'ISO 3601-1 - O-ring - 12 x 1.5 - NBR70:1',#6662,#6666,
'ISO 3601-1 - O-ring - 12 x 1.5 - NBR70:1');
#27=TOROIDAL_SURFACE('',#3046,6.75,0.75);
#28=DATE_TIME_ROLE('creation_date');
#29=APPLIED_DATE_AND_TIME_ASSIGNMENT(#30,#28,(#6666));
#30=DATE_AND_TIME(#31,#32);
#31=CALENDAR_DATE(2025,17,2);
#32=LOCAL_TIME(0,0,0.,#33);
#33=COORDINATED_UNIVERSAL_TIME_OFFSET(0,0,.BEHIND.);
#34=SHAPE_REPRESENTATION_RELATIONSHIP('SRR','None',#6657,#38);
#35=SHAPE_REPRESENTATION_RELATIONSHIP('SRR','None',#6658,#39);
#36=SHAPE_REPRESENTATION_RELATIONSHIP('SRR','None',#6659,#40);
#37=SHAPE_REPRESENTATION_RELATIONSHIP('SRR','None',#6660,#41);
#38=ADVANCED_BREP_SHAPE_REPRESENTATION('',(#46),#6633);
#39=ADVANCED_BREP_SHAPE_REPRESENTATION('',(#47),#6634);
#40=ADVANCED_BREP_SHAPE_REPRESENTATION('',(#48),#6635);
#41=ADVANCED_BREP_SHAPE_REPRESENTATION('',(#49),#6636);
#42=STYLED_ITEM('',(#2741),#46);
#43=STYLED_ITEM('',(#2741),#47);
#44=STYLED_ITEM('',(#2742),#48);
#45=STYLED_ITEM('',(#2743),#49);
#46=MANIFOLD_SOLID_BREP('Solid1',#2689);
#47=MANIFOLD_SOLID_BREP('Solid1',#2690);
#48=MANIFOLD_SOLID_BREP('Solid1',#2691);
#49=MANIFOLD_SOLID_BREP('Volumenk\X\F6rper2',#2692);
#50=B_SPLINE_SURFACE_WITH_KNOTS('',3,3,((#4077,#4078,#4079,#4080,#4081,
#4082,#4083,#4084,#4085,#4086,#4087,#4088,#4089,#4090,#4091,#4092,#4093,
#4094,#4095,#4096,#4097,#4098,#4099,#4100,#4101,#4102,#4103,#4104,#4105,
#4106,#4107,#4108,#4109,#4110,#4111,#4112,#4113),(#4114,#4115,#4116,#4117,
#4118,#4119,#4120,#4121,#4122,#4123,#4124,#4125,#4126,#4127,#4128,#4129,
#4130,#4131,#4132,#4133,#4134,#4135,#4136,#4137,#4138,#4139,#4140,#4141,
#4142,#4143,#4144,#4145,#4146,#4147,#4148,#4149,#4150),(#4151,#4152,#4153,
#4154,#4155,#4156,#4157,#4158,#4159,#4160,#4161,#4162,#4163,#4164,#4165,
#4166,#4167,#4168,#4169,#4170,#4171,#4172,#4173,#4174,#4175,#4176,#4177,
#4178,#4179,#4180,#4181,#4182,#4183,#4184,#4185,#4186,#4187),(#4188,#4189,
#4190,#4191,#4192,#4193,#4194,#4195,#4196,#4197,#4198,#4199,#4200,#4201,
#4202,#4203,#4204,#4205,#4206,#4207,#4208,#4209,#4210,#4211,#4212,#4213,
#4214,#4215,#4216,#4217,#4218,#4219,#4220,#4221,#4222,#4223,#4224)),
 .UNSPECIFIED.,.F.,.F.,.F.,(4,4),(4,1,1,1,1,1,1,1,1,1,1,1,1,1,1,1,1,1,1,
1,1,1,1,1,1,1,1,1,1,1,1,1,1,1,4),(0.0115470040378444,0.105294243070096),
(0.,0.491077620596906,0.982155241193811,1.47323286179072,1.96431048238762,
2.45538810298453,2.94646572358143,3.43754334417834,3.92862096477525,4.41969858537215,
4.91077620596906,5.40185382656596,5.89293144716287,6.38400906775977,6.87508668835668,
7.36616430895358,7.85724192955049,8.3483195501474,8.8393971707443,9.33047479134121,
9.82155241193811,10.312630032535,10.8037076531319,11.2947852737288,11.7858628943257,
12.2769405149226,12.7680181355195,13.2590957561165,13.7501733767134,14.2412509973103,
14.7323286179072,15.2234062385041,15.714483859101,16.2055614796979,16.6966391002948),
 .UNSPECIFIED.);
#51=B_SPLINE_SURFACE_WITH_KNOTS('',3,3,((#4473,#4474,#4475,#4476,#4477,
#4478,#4479,#4480,#4481,#4482,#4483,#4484,#4485,#4486,#4487,#4488,#4489,
#4490,#4491,#4492,#4493,#4494,#4495,#4496,#4497,#4498,#4499,#4500,#4501,
#4502,#4503,#4504,#4505,#4506,#4507,#4508,#4509,#4510,#4511),(#4512,#4513,
#4514,#4515,#4516,#4517,#4518,#4519,#4520,#4521,#4522,#4523,#4524,#4525,
#4526,#4527,#4528,#4529,#4530,#4531,#4532,#4533,#4534,#4535,#4536,#4537,
#4538,#4539,#4540,#4541,#4542,#4543,#4544,#4545,#4546,#4547,#4548,#4549,
#4550),(#4551,#4552,#4553,#4554,#4555,#4556,#4557,#4558,#4559,#4560,#4561,
#4562,#4563,#4564,#4565,#4566,#4567,#4568,#4569,#4570,#4571,#4572,#4573,
#4574,#4575,#4576,#4577,#4578,#4579,#4580,#4581,#4582,#4583,#4584,#4585,
#4586,#4587,#4588,#4589),(#4590,#4591,#4592,#4593,#4594,#4595,#4596,#4597,
#4598,#4599,#4600,#4601,#4602,#4603,#4604,#4605,#4606,#4607,#4608,#4609,
#4610,#4611,#4612,#4613,#4614,#4615,#4616,#4617,#4618,#4619,#4620,#4621,
#4622,#4623,#4624,#4625,#4626,#4627,#4628)),.UNSPECIFIED.,.F.,.F.,.F.,(4,
4),(4,1,1,1,1,1,1,1,1,1,1,1,1,1,1,1,1,1,1,1,1,1,1,1,1,1,1,1,1,1,1,1,1,1,
1,1,4),(0.,0.0937472390322514),(0.,0.499845426255073,0.999690852510146,
1.49953627876522,1.99938170502029,2.49922713127537,2.99907255753044,3.49891798378551,
3.99876341004059,4.49860883629566,4.99845426255073,5.4982996888058,5.99814511506088,
6.49799054131595,6.99783596757102,7.4976813938261,7.99752682008117,8.49737224633624,
8.99721767259132,9.49706309884639,9.99690852510146,10.4967539513565,10.9965993776116,
11.4964448038667,11.9962902301218,12.4961356563768,12.9959810826319,13.495826508887,
13.995671935142,14.4955173613971,14.9953627876522,15.4952082139073,15.9950536401623,
16.4948990664174,16.9947444926725,17.4945899189276,17.9944353451826),
 .UNSPECIFIED.);
#52=B_SPLINE_SURFACE_WITH_KNOTS('',3,3,((#4729,#4730,#4731,#4732,#4733,
#4734,#4735),(#4736,#4737,#4738,#4739,#4740,#4741,#4742),(#4743,#4744,#4745,
#4746,#4747,#4748,#4749),(#4750,#4751,#4752,#4753,#4754,#4755,#4756)),
 .UNSPECIFIED.,.F.,.F.,.F.,(4,4),(4,1,1,1,4),(0.,0.0605753968061694),(0.,
0.785398163397448,1.5707963267949,2.35619449019234,3.14159265358979),
 .UNSPECIFIED.);
#53=B_SPLINE_SURFACE_WITH_KNOTS('',3,3,((#4790,#4791,#4792,#4793,#4794,
#4795,#4796),(#4797,#4798,#4799,#4800,#4801,#4802,#4803),(#4804,#4805,#4806,
#4807,#4808,#4809,#4810),(#4811,#4812,#4813,#4814,#4815,#4816,#4817)),
 .UNSPECIFIED.,.F.,.F.,.F.,(4,4),(4,1,1,1,4),(0.0110137085102122,0.0715891053163817),
(0.,0.785398163397448,1.5707963267949,2.35619449019234,3.14159265358979),
 .UNSPECIFIED.);
#54=B_SPLINE_SURFACE_WITH_KNOTS('',3,3,((#4838,#4839,#4840,#4841,#4842,
#4843,#4844),(#4845,#4846,#4847,#4848,#4849,#4850,#4851),(#4852,#4853,#4854,
#4855,#4856,#4857,#4858),(#4859,#4860,#4861,#4862,#4863,#4864,#4865)),
 .UNSPECIFIED.,.F.,.F.,.F.,(4,4),(4,1,1,1,4),(0.,0.0605753968061694),(0.,
0.785398163397448,1.5707963267949,2.35619449019234,3.14159265358979),
 .UNSPECIFIED.);
#55=B_SPLINE_SURFACE_WITH_KNOTS('',3,3,((#4899,#4900,#4901,#4902,#4903,
#4904,#4905),(#4906,#4907,#4908,#4909,#4910,#4911,#4912),(#4913,#4914,#4915,
#4916,#4917,#4918,#4919),(#4920,#4921,#4922,#4923,#4924,#4925,#4926)),
 .UNSPECIFIED.,.F.,.F.,.F.,(4,4),(4,1,1,1,4),(0.0110137085102121,0.0715891053163817),
(0.,0.785398163397448,1.5707963267949,2.35619449019234,3.14159265358979),
 .UNSPECIFIED.);
#56=B_SPLINE_SURFACE_WITH_KNOTS('',3,3,((#4963,#4964,#4965,#4966,#4967,
#4968,#4969),(#4970,#4971,#4972,#4973,#4974,#4975,#4976),(#4977,#4978,#4979,
#4980,#4981,#4982,#4983),(#4984,#4985,#4986,#4987,#4988,#4989,#4990)),
 .UNSPECIFIED.,.F.,.F.,.F.,(4,4),(4,1,1,1,4),(0.,0.0605753968061689),(0.,
0.785398163397448,1.5707963267949,2.35619449019234,3.14159265358979),
 .UNSPECIFIED.);
#57=B_SPLINE_SURFACE_WITH_KNOTS('',3,3,((#5024,#5025,#5026,#5027,#5028,
#5029,#5030),(#5031,#5032,#5033,#5034,#5035,#5036,#5037),(#5038,#5039,#5040,
#5041,#5042,#5043,#5044),(#5045,#5046,#5047,#5048,#5049,#5050,#5051)),
 .UNSPECIFIED.,.F.,.F.,.F.,(4,4),(4,1,1,1,4),(0.0110137085102128,0.0715891053163817),
(0.,0.785398163397448,1.5707963267949,2.35619449019234,3.14159265358979),
 .UNSPECIFIED.);
#58=B_SPLINE_SURFACE_WITH_KNOTS('',3,3,((#5072,#5073,#5074,#5075,#5076,
#5077,#5078),(#5079,#5080,#5081,#5082,#5083,#5084,#5085),(#5086,#5087,#5088,
#5089,#5090,#5091,#5092),(#5093,#5094,#5095,#5096,#5097,#5098,#5099)),
 .UNSPECIFIED.,.F.,.F.,.F.,(4,4),(4,1,1,1,4),(0.,0.0605753968061689),(0.,
0.785398163397448,1.5707963267949,2.35619449019234,3.14159265358979),
 .UNSPECIFIED.);
#59=B_SPLINE_SURFACE_WITH_KNOTS('',3,3,((#5133,#5134,#5135,#5136,#5137,
#5138,#5139),(#5140,#5141,#5142,#5143,#5144,#5145,#5146),(#5147,#5148,#5149,
#5150,#5151,#5152,#5153),(#5154,#5155,#5156,#5157,#5158,#5159,#5160)),
 .UNSPECIFIED.,.F.,.F.,.F.,(4,4),(4,1,1,1,4),(0.0110137085102128,0.0715891053163817),
(0.,0.785398163397448,1.5707963267949,2.35619449019234,3.14159265358979),
 .UNSPECIFIED.);
#60=B_SPLINE_SURFACE_WITH_KNOTS('',3,3,((#6011,#6012,#6013,#6014,#6015,
#6016,#6017,#6018,#6019,#6020,#6021,#6022,#6023,#6024,#6025,#6026,#6027,
#6028,#6029,#6030,#6031,#6032,#6033,#6034,#6035,#6036,#6037,#6038,#6039,
#6040,#6041,#6042,#6043,#6044,#6045),(#6046,#6047,#6048,#6049,#6050,#6051,
#6052,#6053,#6054,#6055,#6056,#6057,#6058,#6059,#6060,#6061,#6062,#6063,
#6064,#6065,#6066,#6067,#6068,#6069,#6070,#6071,#6072,#6073,#6074,#6075,
#6076,#6077,#6078,#6079,#6080),(#6081,#6082,#6083,#6084,#6085,#6086,#6087,
#6088,#6089,#6090,#6091,#6092,#6093,#6094,#6095,#6096,#6097,#6098,#6099,
#6100,#6101,#6102,#6103,#6104,#6105,#6106,#6107,#6108,#6109,#6110,#6111,
#6112,#6113,#6114,#6115),(#6116,#6117,#6118,#6119,#6120,#6121,#6122,#6123,
#6124,#6125,#6126,#6127,#6128,#6129,#6130,#6131,#6132,#6133,#6134,#6135,
#6136,#6137,#6138,#6139,#6140,#6141,#6142,#6143,#6144,#6145,#6146,#6147,
#6148,#6149,#6150)),.UNSPECIFIED.,.F.,.F.,.F.,(4,4),(4,1,1,1,1,1,1,1,1,
1,1,1,1,1,1,1,1,1,1,1,1,1,1,1,1,1,1,1,1,1,1,1,4),(0.0115470040378443,0.105294243070096),
(6.35556328222841,6.85461836522054,7.35367344821266,7.85272853120479,8.35178361419692,
8.85083869718905,9.34989378018118,9.84894886317331,10.3480039461654,10.8470590291576,
11.3461141121497,11.8451691951418,12.3442242781339,12.8432793611261,13.3423344441182,
13.8413895271103,14.3404446101025,14.8394996930946,15.3385547760867,15.8376098590788,
16.336664942071,16.8357200250631,17.3347751080552,17.8338301910474,18.3328852740395,
18.8319403570316,19.3309954400237,19.8300505230159,20.329105606008,20.8281606890001,
21.3272157719923,21.8262708549844,22.3253259379765),.UNSPECIFIED.);
#61=B_SPLINE_SURFACE_WITH_KNOTS('',3,3,((#6288,#6289,#6290,#6291,#6292,
#6293,#6294,#6295,#6296,#6297,#6298,#6299,#6300,#6301,#6302,#6303,#6304,
#6305,#6306,#6307,#6308,#6309,#6310,#6311,#6312,#6313,#6314,#6315,#6316,
#6317,#6318,#6319,#6320,#6321,#6322,#6323,#6324,#6325,#6326,#6327,#6328,
#6329,#6330),(#6331,#6332,#6333,#6334,#6335,#6336,#6337,#6338,#6339,#6340,
#6341,#6342,#6343,#6344,#6345,#6346,#6347,#6348,#6349,#6350,#6351,#6352,
#6353,#6354,#6355,#6356,#6357,#6358,#6359,#6360,#6361,#6362,#6363,#6364,
#6365,#6366,#6367,#6368,#6369,#6370,#6371,#6372,#6373),(#6374,#6375,#6376,
#6377,#6378,#6379,#6380,#6381,#6382,#6383,#6384,#6385,#6386,#6387,#6388,
#6389,#6390,#6391,#6392,#6393,#6394,#6395,#6396,#6397,#6398,#6399,#6400,
#6401,#6402,#6403,#6404,#6405,#6406,#6407,#6408,#6409,#6410,#6411,#6412,
#6413,#6414,#6415,#6416),(#6417,#6418,#6419,#6420,#6421,#6422,#6423,#6424,
#6425,#6426,#6427,#6428,#6429,#6430,#6431,#6432,#6433,#6434,#6435,#6436,
#6437,#6438,#6439,#6440,#6441,#6442,#6443,#6444,#6445,#6446,#6447,#6448,
#6449,#6450,#6451,#6452,#6453,#6454,#6455,#6456,#6457,#6458,#6459)),
 .UNSPECIFIED.,.F.,.F.,.F.,(4,4),(4,1,1,1,1,1,1,1,1,1,1,1,1,1,1,1,1,1,1,
1,1,1,1,1,1,1,1,1,1,1,1,1,1,1,1,1,1,1,1,1,4),(0.,0.105294243070096),(2.82133005910307,
3.3089299560749,3.79652985304674,4.28412975001857,4.77172964699041,5.25932954396225,
5.74692944093408,6.23452933790592,6.72212923487776,7.20972913184959,7.69732902882143,
8.18492892579326,8.6725288227651,9.16012871973694,9.64772861670877,10.1353285136806,
10.6229284106524,11.1105283076243,11.5981282045961,12.085728101568,12.5733279985398,
13.0609278955116,13.5485277924835,14.0361276894553,14.5237275864271,15.011327483399,
15.4989273803708,15.9865272773426,16.4741271743145,16.9617270712863,17.4493269682581,
17.93692686523,18.4245267622018,18.9121266591737,19.3997265561455,19.8873264531173,
20.3749263500892,20.862526247061,21.3501261440328,21.8377260410047,22.3253259379765),
 .UNSPECIFIED.);
#62=CONICAL_SURFACE('',#2806,0.2145,0.0299910397345698);
#63=CONICAL_SURFACE('',#2810,0.2145,0.0299910397345698);
#64=CONICAL_SURFACE('',#2817,0.9638125,0.785398163397448);
#65=CONICAL_SURFACE('',#2819,0.745,0.785398163397449);
#66=CONICAL_SURFACE('',#2977,1.175,0.785398163397448);
#67=CONICAL_SURFACE('',#2979,1.175,0.785398163397448);
#68=CONICAL_SURFACE('',#2981,1.175,0.785398163397448);
#69=CONICAL_SURFACE('',#2983,1.175,0.785398163397448);
#70=CONICAL_SURFACE('',#2985,1.175,0.785398163397448);
#71=CONICAL_SURFACE('',#2987,1.175,0.785398163397448);
#72=CONICAL_SURFACE('',#2989,1.175,0.785398163397448);
#73=CONICAL_SURFACE('',#2991,1.175,0.785398163397448);
#74=CONICAL_SURFACE('',#2993,1.175,0.785398163397448);
#75=CONICAL_SURFACE('',#2995,1.175,0.785398163397448);
#76=CONICAL_SURFACE('',#2997,1.175,0.785398163397448);
#77=CONICAL_SURFACE('',#2999,1.175,0.785398163397448);
#78=CONICAL_SURFACE('',#3001,1.175,0.785398163397448);
#79=CONICAL_SURFACE('',#3003,1.175,0.785398163397448);
#80=CONICAL_SURFACE('',#3005,1.175,0.785398163397448);
#81=CONICAL_SURFACE('',#3013,1.175,0.785398163397448);
#82=CONICAL_SURFACE('',#3021,0.675,0.785398163397449);
#83=FACE_BOUND('',#313,.T.);
#84=FACE_BOUND('',#325,.T.);
#85=FACE_BOUND('',#328,.T.);
#86=FACE_BOUND('',#337,.T.);
#87=FACE_BOUND('',#339,.T.);
#88=FACE_BOUND('',#352,.T.);
#89=FACE_BOUND('',#355,.T.);
#90=FACE_BOUND('',#368,.T.);
#91=FACE_BOUND('',#371,.T.);
#92=FACE_BOUND('',#381,.T.);
#93=FACE_BOUND('',#382,.T.);
#94=FACE_BOUND('',#383,.T.);
#95=FACE_BOUND('',#410,.T.);
#96=FACE_BOUND('',#451,.T.);
#97=FACE_BOUND('',#458,.T.);
#98=FACE_BOUND('',#460,.T.);
#99=FACE_BOUND('',#464,.T.);
#100=PLANE('',#2783);
#101=PLANE('',#2785);
#102=PLANE('',#2791);
#103=PLANE('',#2794);
#104=PLANE('',#2795);
#105=PLANE('',#2796);
#106=PLANE('',#2799);
#107=PLANE('',#2800);
#108=PLANE('',#2801);
#109=PLANE('',#2802);
#110=PLANE('',#2803);
#111=PLANE('',#2809);
#112=PLANE('',#2813);
#113=PLANE('',#2814);
#114=PLANE('',#2821);
#115=PLANE('',#2822);
#116=PLANE('',#2824);
#117=PLANE('',#2826);
#118=PLANE('',#2827);
#119=PLANE('',#2829);
#120=PLANE('',#2833);
#121=PLANE('',#2837);
#122=PLANE('',#2838);
#123=PLANE('',#2840);
#124=PLANE('',#2841);
#125=PLANE('',#2843);
#126=PLANE('',#2847);
#127=PLANE('',#2851);
#128=PLANE('',#2854);
#129=PLANE('',#2855);
#130=PLANE('',#2856);
#131=PLANE('',#2857);
#132=PLANE('',#2860);
#133=PLANE('',#2865);
#134=PLANE('',#2866);
#135=PLANE('',#2873);
#136=PLANE('',#2874);
#137=PLANE('',#2927);
#138=PLANE('',#3011);
#139=PLANE('',#3014);
#140=PLANE('',#3018);
#141=PLANE('',#3026);
#142=PLANE('',#3030);
#143=PLANE('',#3031);
#144=PLANE('',#3037);
#145=PLANE('',#3039);
#146=PLANE('',#3040);
#147=PLANE('',#3041);
#148=PLANE('',#3042);
#149=PLANE('',#3043);
#150=PLANE('',#3044);
#151=FACE_OUTER_BOUND('',#303,.T.);
#152=FACE_OUTER_BOUND('',#304,.T.);
#153=FACE_OUTER_BOUND('',#305,.T.);
#154=FACE_OUTER_BOUND('',#306,.T.);
#155=FACE_OUTER_BOUND('',#307,.T.);
#156=FACE_OUTER_BOUND('',#308,.T.);
#157=FACE_OUTER_BOUND('',#309,.T.);
#158=FACE_OUTER_BOUND('',#310,.T.);
#159=FACE_OUTER_BOUND('',#311,.T.);
#160=FACE_OUTER_BOUND('',#312,.T.);
#161=FACE_OUTER_BOUND('',#314,.T.);
#162=FACE_OUTER_BOUND('',#315,.T.);
#163=FACE_OUTER_BOUND('',#316,.T.);
#164=FACE_OUTER_BOUND('',#317,.T.);
#165=FACE_OUTER_BOUND('',#318,.T.);
#166=FACE_OUTER_BOUND('',#319,.T.);
#167=FACE_OUTER_BOUND('',#320,.T.);
#168=FACE_OUTER_BOUND('',#321,.T.);
#169=FACE_OUTER_BOUND('',#322,.T.);
#170=FACE_OUTER_BOUND('',#323,.T.);
#171=FACE_OUTER_BOUND('',#324,.T.);
#172=FACE_OUTER_BOUND('',#326,.T.);
#173=FACE_OUTER_BOUND('',#327,.T.);
#174=FACE_OUTER_BOUND('',#329,.T.);
#175=FACE_OUTER_BOUND('',#330,.T.);
#176=FACE_OUTER_BOUND('',#331,.T.);
#177=FACE_OUTER_BOUND('',#332,.T.);
#178=FACE_OUTER_BOUND('',#333,.T.);
#179=FACE_OUTER_BOUND('',#334,.T.);
#180=FACE_OUTER_BOUND('',#335,.T.);
#181=FACE_OUTER_BOUND('',#336,.T.);
#182=FACE_OUTER_BOUND('',#338,.T.);
#183=FACE_OUTER_BOUND('',#340,.T.);
#184=FACE_OUTER_BOUND('',#341,.T.);
#185=FACE_OUTER_BOUND('',#342,.T.);
#186=FACE_OUTER_BOUND('',#343,.T.);
#187=FACE_OUTER_BOUND('',#344,.T.);
#188=FACE_OUTER_BOUND('',#345,.T.);
#189=FACE_OUTER_BOUND('',#346,.T.);
#190=FACE_OUTER_BOUND('',#347,.T.);
#191=FACE_OUTER_BOUND('',#348,.T.);
#192=FACE_OUTER_BOUND('',#349,.T.);
#193=FACE_OUTER_BOUND('',#350,.T.);
#194=FACE_OUTER_BOUND('',#351,.T.);
#195=FACE_OUTER_BOUND('',#353,.T.);
#196=FACE_OUTER_BOUND('',#354,.T.);
#197=FACE_OUTER_BOUND('',#356,.T.);
#198=FACE_OUTER_BOUND('',#357,.T.);
#199=FACE_OUTER_BOUND('',#358,.T.);
#200=FACE_OUTER_BOUND('',#359,.T.);
#201=FACE_OUTER_BOUND('',#360,.T.);
#202=FACE_OUTER_BOUND('',#361,.T.);
#203=FACE_OUTER_BOUND('',#362,.T.);
#204=FACE_OUTER_BOUND('',#363,.T.);
#205=FACE_OUTER_BOUND('',#364,.T.);
#206=FACE_OUTER_BOUND('',#365,.T.);
#207=FACE_OUTER_BOUND('',#366,.T.);
#208=FACE_OUTER_BOUND('',#367,.T.);
#209=FACE_OUTER_BOUND('',#369,.T.);
#210=FACE_OUTER_BOUND('',#370,.T.);
#211=FACE_OUTER_BOUND('',#372,.T.);
#212=FACE_OUTER_BOUND('',#373,.T.);
#213=FACE_OUTER_BOUND('',#374,.T.);
#214=FACE_OUTER_BOUND('',#375,.T.);
#215=FACE_OUTER_BOUND('',#376,.T.);
#216=FACE_OUTER_BOUND('',#377,.T.);
#217=FACE_OUTER_BOUND('',#378,.T.);
#218=FACE_OUTER_BOUND('',#379,.T.);
#219=FACE_OUTER_BOUND('',#380,.T.);
#220=FACE_OUTER_BOUND('',#384,.T.);
#221=FACE_OUTER_BOUND('',#385,.T.);
#222=FACE_OUTER_BOUND('',#386,.T.);
#223=FACE_OUTER_BOUND('',#387,.T.);
#224=FACE_OUTER_BOUND('',#388,.T.);
#225=FACE_OUTER_BOUND('',#389,.T.);
#226=FACE_OUTER_BOUND('',#390,.T.);
#227=FACE_OUTER_BOUND('',#391,.T.);
#228=FACE_OUTER_BOUND('',#392,.T.);
#229=FACE_OUTER_BOUND('',#393,.T.);
#230=FACE_OUTER_BOUND('',#394,.T.);
#231=FACE_OUTER_BOUND('',#395,.T.);
#232=FACE_OUTER_BOUND('',#396,.T.);
#233=FACE_OUTER_BOUND('',#397,.T.);
#234=FACE_OUTER_BOUND('',#398,.T.);
#235=FACE_OUTER_BOUND('',#399,.T.);
#236=FACE_OUTER_BOUND('',#400,.T.);
#237=FACE_OUTER_BOUND('',#401,.T.);
#238=FACE_OUTER_BOUND('',#402,.T.);
#239=FACE_OUTER_BOUND('',#403,.T.);
#240=FACE_OUTER_BOUND('',#404,.T.);
#241=FACE_OUTER_BOUND('',#405,.T.);
#242=FACE_OUTER_BOUND('',#406,.T.);
#243=FACE_OUTER_BOUND('',#407,.T.);
#244=FACE_OUTER_BOUND('',#408,.T.);
#245=FACE_OUTER_BOUND('',#409,.T.);
#246=FACE_OUTER_BOUND('',#411,.T.);
#247=FACE_OUTER_BOUND('',#412,.T.);
#248=FACE_OUTER_BOUND('',#413,.T.);
#249=FACE_OUTER_BOUND('',#414,.T.);
#250=FACE_OUTER_BOUND('',#415,.T.);
#251=FACE_OUTER_BOUND('',#416,.T.);
#252=FACE_OUTER_BOUND('',#417,.T.);
#253=FACE_OUTER_BOUND('',#418,.T.);
#254=FACE_OUTER_BOUND('',#419,.T.);
#255=FACE_OUTER_BOUND('',#420,.T.);
#256=FACE_OUTER_BOUND('',#421,.T.);
#257=FACE_OUTER_BOUND('',#422,.T.);
#258=FACE_OUTER_BOUND('',#423,.T.);
#259=FACE_OUTER_BOUND('',#424,.T.);
#260=FACE_OUTER_BOUND('',#425,.T.);
#261=FACE_OUTER_BOUND('',#426,.T.);
#262=FACE_OUTER_BOUND('',#427,.T.);
#263=FACE_OUTER_BOUND('',#428,.T.);
#264=FACE_OUTER_BOUND('',#429,.T.);
#265=FACE_OUTER_BOUND('',#430,.T.);
#266=FACE_OUTER_BOUND('',#431,.T.);
#267=FACE_OUTER_BOUND('',#432,.T.);
#268=FACE_OUTER_BOUND('',#433,.T.);
#269=FACE_OUTER_BOUND('',#434,.T.);
#270=FACE_OUTER_BOUND('',#435,.T.);
#271=FACE_OUTER_BOUND('',#436,.T.);
#272=FACE_OUTER_BOUND('',#437,.T.);
#273=FACE_OUTER_BOUND('',#438,.T.);
#274=FACE_OUTER_BOUND('',#439,.T.);
#275=FACE_OUTER_BOUND('',#440,.T.);
#276=FACE_OUTER_BOUND('',#441,.T.);
#277=FACE_OUTER_BOUND('',#442,.T.);
#278=FACE_OUTER_BOUND('',#443,.T.);
#279=FACE_OUTER_BOUND('',#444,.T.);
#280=FACE_OUTER_BOUND('',#445,.T.);
#281=FACE_OUTER_BOUND('',#446,.T.);
#282=FACE_OUTER_BOUND('',#447,.T.);
#283=FACE_OUTER_BOUND('',#448,.T.);
#284=FACE_OUTER_BOUND('',#449,.T.);
#285=FACE_OUTER_BOUND('',#450,.T.);
#286=FACE_OUTER_BOUND('',#452,.T.);
#287=FACE_OUTER_BOUND('',#453,.T.);
#288=FACE_OUTER_BOUND('',#454,.T.);
#289=FACE_OUTER_BOUND('',#455,.T.);
#290=FACE_OUTER_BOUND('',#456,.T.);
#291=FACE_OUTER_BOUND('',#457,.T.);
#292=FACE_OUTER_BOUND('',#459,.T.);
#293=FACE_OUTER_BOUND('',#461,.T.);
#294=FACE_OUTER_BOUND('',#462,.T.);
#295=FACE_OUTER_BOUND('',#463,.T.);
#296=FACE_OUTER_BOUND('',#465,.T.);
#297=FACE_OUTER_BOUND('',#466,.T.);
#298=FACE_OUTER_BOUND('',#467,.T.);
#299=FACE_OUTER_BOUND('',#468,.T.);
#300=FACE_OUTER_BOUND('',#469,.T.);
#301=FACE_OUTER_BOUND('',#470,.T.);
#302=FACE_OUTER_BOUND('',#471,.T.);
#303=EDGE_LOOP('',(#1686,#1687,#1688,#1689));
#304=EDGE_LOOP('',(#1690,#1691,#1692,#1693,#1694,#1695));
#305=EDGE_LOOP('',(#1696,#1697,#1698,#1699));
#306=EDGE_LOOP('',(#1700,#1701,#1702,#1703));
#307=EDGE_LOOP('',(#1704,#1705,#1706,#1707));
#308=EDGE_LOOP('',(#1708,#1709,#1710,#1711,#1712,#1713,#1714,#1715));
#309=EDGE_LOOP('',(#1716,#1717,#1718,#1719,#1720,#1721,#1722));
#310=EDGE_LOOP('',(#1723,#1724,#1725,#1726));
#311=EDGE_LOOP('',(#1727,#1728,#1729,#1730,#1731,#1732,#1733,#1734));
#312=EDGE_LOOP('',(#1735,#1736,#1737,#1738));
#313=EDGE_LOOP('',(#1739,#1740,#1741,#1742,#1743,#1744,#1745,#1746,#1747,
#1748,#1749,#1750,#1751));
#314=EDGE_LOOP('',(#1752,#1753,#1754,#1755));
#315=EDGE_LOOP('',(#1756,#1757,#1758,#1759));
#316=EDGE_LOOP('',(#1760,#1761,#1762,#1763,#1764,#1765,#1766));
#317=EDGE_LOOP('',(#1767,#1768,#1769,#1770));
#318=EDGE_LOOP('',(#1771,#1772,#1773,#1774));
#319=EDGE_LOOP('',(#1775,#1776,#1777,#1778));
#320=EDGE_LOOP('',(#1779,#1780,#1781,#1782));
#321=EDGE_LOOP('',(#1783,#1784,#1785,#1786));
#322=EDGE_LOOP('',(#1787,#1788,#1789,#1790,#1791,#1792,#1793,#1794,#1795,
#1796,#1797,#1798));
#323=EDGE_LOOP('',(#1799,#1800,#1801,#1802));
#324=EDGE_LOOP('',(#1803));
#325=EDGE_LOOP('',(#1804));
#326=EDGE_LOOP('',(#1805,#1806,#1807,#1808));
#327=EDGE_LOOP('',(#1809));
#328=EDGE_LOOP('',(#1810));
#329=EDGE_LOOP('',(#1811,#1812,#1813,#1814,#1815,#1816,#1817,#1818,#1819));
#330=EDGE_LOOP('',(#1820,#1821,#1822,#1823));
#331=EDGE_LOOP('',(#1824,#1825,#1826,#1827));
#332=EDGE_LOOP('',(#1828,#1829,#1830,#1831,#1832,#1833,#1834,#1835,#1836,
#1837));
#333=EDGE_LOOP('',(#1838,#1839,#1840,#1841));
#334=EDGE_LOOP('',(#1842,#1843,#1844,#1845));
#335=EDGE_LOOP('',(#1846,#1847,#1848,#1849));
#336=EDGE_LOOP('',(#1850));
#337=EDGE_LOOP('',(#1851));
#338=EDGE_LOOP('',(#1852));
#339=EDGE_LOOP('',(#1853,#1854,#1855,#1856));
#340=EDGE_LOOP('',(#1857,#1858,#1859,#1860));
#341=EDGE_LOOP('',(#1861,#1862,#1863,#1864));
#342=EDGE_LOOP('',(#1865,#1866,#1867,#1868));
#343=EDGE_LOOP('',(#1869,#1870,#1871,#1872));
#344=EDGE_LOOP('',(#1873,#1874,#1875,#1876));
#345=EDGE_LOOP('',(#1877,#1878,#1879,#1880));
#346=EDGE_LOOP('',(#1881,#1882,#1883,#1884));
#347=EDGE_LOOP('',(#1885,#1886,#1887,#1888));
#348=EDGE_LOOP('',(#1889,#1890,#1891,#1892));
#349=EDGE_LOOP('',(#1893,#1894,#1895,#1896));
#350=EDGE_LOOP('',(#1897,#1898,#1899,#1900,#1901,#1902,#1903,#1904,#1905,
#1906,#1907,#1908,#1909,#1910,#1911,#1912));
#351=EDGE_LOOP('',(#1913));
#352=EDGE_LOOP('',(#1914));
#353=EDGE_LOOP('',(#1915,#1916,#1917,#1918));
#354=EDGE_LOOP('',(#1919));
#355=EDGE_LOOP('',(#1920));
#356=EDGE_LOOP('',(#1921,#1922,#1923,#1924));
#357=EDGE_LOOP('',(#1925,#1926,#1927,#1928));
#358=EDGE_LOOP('',(#1929,#1930,#1931,#1932));
#359=EDGE_LOOP('',(#1933,#1934,#1935,#1936));
#360=EDGE_LOOP('',(#1937,#1938,#1939,#1940));
#361=EDGE_LOOP('',(#1941,#1942,#1943,#1944));
#362=EDGE_LOOP('',(#1945,#1946,#1947,#1948));
#363=EDGE_LOOP('',(#1949,#1950,#1951,#1952));
#364=EDGE_LOOP('',(#1953,#1954,#1955,#1956));
#365=EDGE_LOOP('',(#1957,#1958,#1959,#1960));
#366=EDGE_LOOP('',(#1961,#1962,#1963,#1964,#1965,#1966,#1967,#1968,#1969,
#1970,#1971,#1972,#1973,#1974,#1975,#1976));
#367=EDGE_LOOP('',(#1977));
#368=EDGE_LOOP('',(#1978));
#369=EDGE_LOOP('',(#1979,#1980,#1981,#1982));
#370=EDGE_LOOP('',(#1983));
#371=EDGE_LOOP('',(#1984));
#372=EDGE_LOOP('',(#1985,#1986,#1987,#1988));
#373=EDGE_LOOP('',(#1989,#1990,#1991,#1992));
#374=EDGE_LOOP('',(#1993,#1994,#1995,#1996));
#375=EDGE_LOOP('',(#1997,#1998,#1999,#2000,#2001,#2002,#2003,#2004));
#376=EDGE_LOOP('',(#2005,#2006,#2007,#2008,#2009,#2010));
#377=EDGE_LOOP('',(#2011,#2012,#2013,#2014,#2015,#2016));
#378=EDGE_LOOP('',(#2017,#2018,#2019,#2020));
#379=EDGE_LOOP('',(#2021,#2022,#2023,#2024,#2025,#2026,#2027,#2028));
#380=EDGE_LOOP('',(#2029,#2030,#2031,#2032,#2033,#2034,#2035,#2036));
#381=EDGE_LOOP('',(#2037));
#382=EDGE_LOOP('',(#2038));
#383=EDGE_LOOP('',(#2039));
#384=EDGE_LOOP('',(#2040,#2041,#2042,#2043));
#385=EDGE_LOOP('',(#2044,#2045,#2046,#2047));
#386=EDGE_LOOP('',(#2048,#2049,#2050,#2051));
#387=EDGE_LOOP('',(#2052,#2053,#2054,#2055));
#388=EDGE_LOOP('',(#2056,#2057,#2058,#2059));
#389=EDGE_LOOP('',(#2060,#2061,#2062,#2063));
#390=EDGE_LOOP('',(#2064,#2065,#2066,#2067));
#391=EDGE_LOOP('',(#2068,#2069,#2070,#2071));
#392=EDGE_LOOP('',(#2072,#2073,#2074,#2075));
#393=EDGE_LOOP('',(#2076,#2077,#2078,#2079));
#394=EDGE_LOOP('',(#2080,#2081,#2082,#2083,#2084,#2085));
#395=EDGE_LOOP('',(#2086,#2087,#2088,#2089,#2090,#2091));
#396=EDGE_LOOP('',(#2092,#2093,#2094,#2095,#2096,#2097));
#397=EDGE_LOOP('',(#2098,#2099,#2100,#2101,#2102,#2103));
#398=EDGE_LOOP('',(#2104,#2105,#2106,#2107,#2108,#2109));
#399=EDGE_LOOP('',(#2110,#2111,#2112,#2113,#2114,#2115));
#400=EDGE_LOOP('',(#2116,#2117,#2118,#2119,#2120,#2121));
#401=EDGE_LOOP('',(#2122,#2123,#2124,#2125,#2126,#2127));
#402=EDGE_LOOP('',(#2128,#2129,#2130,#2131,#2132,#2133));
#403=EDGE_LOOP('',(#2134,#2135,#2136,#2137,#2138,#2139));
#404=EDGE_LOOP('',(#2140,#2141,#2142,#2143,#2144,#2145));
#405=EDGE_LOOP('',(#2146,#2147,#2148,#2149,#2150,#2151));
#406=EDGE_LOOP('',(#2152,#2153,#2154,#2155,#2156,#2157));
#407=EDGE_LOOP('',(#2158,#2159,#2160,#2161,#2162,#2163));
#408=EDGE_LOOP('',(#2164,#2165,#2166,#2167,#2168,#2169));
#409=EDGE_LOOP('',(#2170,#2171,#2172,#2173,#2174,#2175,#2176,#2177,#2178,
#2179,#2180,#2181,#2182,#2183,#2184,#2185,#2186,#2187,#2188,#2189,#2190,
#2191,#2192,#2193,#2194,#2195,#2196,#2197,#2198,#2199,#2200,#2201));
#410=EDGE_LOOP('',(#2202,#2203,#2204,#2205));
#411=EDGE_LOOP('',(#2206,#2207,#2208,#2209));
#412=EDGE_LOOP('',(#2210,#2211,#2212,#2213));
#413=EDGE_LOOP('',(#2214,#2215,#2216,#2217));
#414=EDGE_LOOP('',(#2218,#2219,#2220,#2221));
#415=EDGE_LOOP('',(#2222,#2223,#2224,#2225));
#416=EDGE_LOOP('',(#2226,#2227,#2228,#2229));
#417=EDGE_LOOP('',(#2230,#2231,#2232,#2233));
#418=EDGE_LOOP('',(#2234,#2235,#2236,#2237));
#419=EDGE_LOOP('',(#2238,#2239,#2240,#2241));
#420=EDGE_LOOP('',(#2242,#2243,#2244,#2245));
#421=EDGE_LOOP('',(#2246,#2247,#2248,#2249));
#422=EDGE_LOOP('',(#2250,#2251,#2252,#2253));
#423=EDGE_LOOP('',(#2254,#2255,#2256,#2257));
#424=EDGE_LOOP('',(#2258,#2259,#2260,#2261));
#425=EDGE_LOOP('',(#2262,#2263,#2264,#2265));
#426=EDGE_LOOP('',(#2266,#2267,#2268,#2269));
#427=EDGE_LOOP('',(#2270,#2271,#2272,#2273));
#428=EDGE_LOOP('',(#2274,#2275,#2276,#2277));
#429=EDGE_LOOP('',(#2278,#2279,#2280,#2281));
#430=EDGE_LOOP('',(#2282,#2283,#2284,#2285));
#431=EDGE_LOOP('',(#2286,#2287,#2288,#2289));
#432=EDGE_LOOP('',(#2290,#2291,#2292,#2293));
#433=EDGE_LOOP('',(#2294,#2295,#2296,#2297));
#434=EDGE_LOOP('',(#2298,#2299,#2300,#2301));
#435=EDGE_LOOP('',(#2302,#2303,#2304,#2305));
#436=EDGE_LOOP('',(#2306,#2307,#2308,#2309));
#437=EDGE_LOOP('',(#2310,#2311,#2312,#2313));
#438=EDGE_LOOP('',(#2314,#2315,#2316,#2317));
#439=EDGE_LOOP('',(#2318,#2319,#2320,#2321));
#440=EDGE_LOOP('',(#2322,#2323,#2324,#2325));
#441=EDGE_LOOP('',(#2326,#2327,#2328,#2329,#2330,#2331));
#442=EDGE_LOOP('',(#2332,#2333,#2334,#2335));
#443=EDGE_LOOP('',(#2336,#2337,#2338,#2339,#2340,#2341,#2342,#2343,#2344,
#2345,#2346,#2347,#2348,#2349,#2350,#2351,#2352,#2353,#2354,#2355,#2356,
#2357,#2358,#2359,#2360,#2361,#2362,#2363,#2364,#2365,#2366,#2367));
#444=EDGE_LOOP('',(#2368,#2369,#2370,#2371));
#445=EDGE_LOOP('',(#2372,#2373,#2374,#2375,#2376,#2377));
#446=EDGE_LOOP('',(#2378,#2379,#2380,#2381,#2382,#2383,#2384,#2385,#2386));
#447=EDGE_LOOP('',(#2387,#2388,#2389,#2390));
#448=EDGE_LOOP('',(#2391,#2392,#2393));
#449=EDGE_LOOP('',(#2394,#2395,#2396,#2397,#2398,#2399,#2400,#2401,#2402,
#2403,#2404));
#450=EDGE_LOOP('',(#2405,#2406,#2407,#2408));
#451=EDGE_LOOP('',(#2409));
#452=EDGE_LOOP('',(#2410,#2411,#2412,#2413,#2414));
#453=EDGE_LOOP('',(#2415,#2416,#2417,#2418));
#454=EDGE_LOOP('',(#2419,#2420,#2421,#2422));
#455=EDGE_LOOP('',(#2423));
#456=EDGE_LOOP('',(#2424,#2425,#2426,#2427));
#457=EDGE_LOOP('',(#2428));
#458=EDGE_LOOP('',(#2429));
#459=EDGE_LOOP('',(#2430));
#460=EDGE_LOOP('',(#2431));
#461=EDGE_LOOP('',(#2432,#2433,#2434,#2435));
#462=EDGE_LOOP('',(#2436,#2437,#2438,#2439));
#463=EDGE_LOOP('',(#2440));
#464=EDGE_LOOP('',(#2441));
#465=EDGE_LOOP('',(#2442,#2443,#2444,#2445));
#466=EDGE_LOOP('',(#2446,#2447,#2448,#2449));
#467=EDGE_LOOP('',(#2450,#2451,#2452,#2453));
#468=EDGE_LOOP('',(#2454,#2455,#2456,#2457));
#469=EDGE_LOOP('',(#2458,#2459,#2460,#2461));
#470=EDGE_LOOP('',(#2462,#2463,#2464,#2465));
#471=EDGE_LOOP('',(#2466,#2467,#2468,#2469));
#472=CIRCLE('',#2771,0.9338125);
#473=CIRCLE('',#2773,0.9338125);
#474=CIRCLE('',#2775,1.015);
#475=CIRCLE('',#2779,0.0499999999999998);
#476=CIRCLE('',#2780,0.0499999999999998);
#477=CIRCLE('',#2781,0.0499999999999998);
#478=CIRCLE('',#2782,0.0499999999999998);
#479=CIRCLE('',#2784,0.715);
#480=CIRCLE('',#2787,0.0499999999999998);
#481=CIRCLE('',#2788,0.0499999999999998);
#482=CIRCLE('',#2789,0.0499999999999998);
#483=CIRCLE('',#2790,0.0499999999999998);
#484=CIRCLE('',#2792,0.715);
#485=CIRCLE('',#2793,0.715);
#486=CIRCLE('',#2797,0.715);
#487=CIRCLE('',#2798,0.715);
#488=CIRCLE('',#2805,0.715);
#489=CIRCLE('',#2807,0.2145);
#490=CIRCLE('',#2808,0.190499972072735);
#491=CIRCLE('',#2811,0.2145);
#492=CIRCLE('',#2812,0.190499972072735);
#493=CIRCLE('',#2818,0.9938125);
#494=CIRCLE('',#2820,0.775);
#495=CIRCLE('',#2823,1.2);
#496=CIRCLE('',#2831,0.3365);
#497=CIRCLE('',#2832,0.3365);
#498=CIRCLE('',#2835,0.5);
#499=CIRCLE('',#2836,0.5);
#500=CIRCLE('',#2845,0.3365);
#501=CIRCLE('',#2846,0.3365);
#502=CIRCLE('',#2849,0.5);
#503=CIRCLE('',#2850,0.5);
#504=CIRCLE('',#2853,1.2);
#505=CIRCLE('',#2858,0.1);
#506=CIRCLE('',#2859,0.1);
#507=CIRCLE('',#2861,0.1);
#508=CIRCLE('',#2862,0.1);
#509=CIRCLE('',#2864,0.1);
#510=CIRCLE('',#2867,0.1);
#511=CIRCLE('',#2868,0.1);
#512=CIRCLE('',#2869,0.1);
#513=CIRCLE('',#2877,0.975);
#514=CIRCLE('',#2883,0.1);
#515=CIRCLE('',#2884,0.1);
#516=CIRCLE('',#2886,0.1);
#517=CIRCLE('',#2887,0.1);
#518=CIRCLE('',#2889,0.1);
#519=CIRCLE('',#2890,0.1);
#520=CIRCLE('',#2892,0.1);
#521=CIRCLE('',#2893,0.1);
#522=CIRCLE('',#2895,0.1);
#523=CIRCLE('',#2896,0.1);
#524=CIRCLE('',#2898,0.1);
#525=CIRCLE('',#2899,0.1);
#526=CIRCLE('',#2901,0.1);
#527=CIRCLE('',#2902,0.1);
#528=CIRCLE('',#2904,0.1);
#529=CIRCLE('',#2905,0.1);
#530=CIRCLE('',#2907,0.1);
#531=CIRCLE('',#2908,0.1);
#532=CIRCLE('',#2910,0.1);
#533=CIRCLE('',#2911,0.1);
#534=CIRCLE('',#2913,0.1);
#535=CIRCLE('',#2914,0.1);
#536=CIRCLE('',#2916,0.1);
#537=CIRCLE('',#2917,0.1);
#538=CIRCLE('',#2919,0.1);
#539=CIRCLE('',#2920,0.1);
#540=CIRCLE('',#2922,0.1);
#541=CIRCLE('',#2923,0.1);
#542=CIRCLE('',#2925,0.1);
#543=CIRCLE('',#2926,0.1);
#544=CIRCLE('',#2928,1.2);
#545=CIRCLE('',#2929,1.2);
#546=CIRCLE('',#2930,1.2);
#547=CIRCLE('',#2931,1.2);
#548=CIRCLE('',#2932,1.2);
#549=CIRCLE('',#2933,1.2);
#550=CIRCLE('',#2934,1.2);
#551=CIRCLE('',#2935,1.2);
#552=CIRCLE('',#2936,1.2);
#553=CIRCLE('',#2937,1.2);
#554=CIRCLE('',#2938,1.2);
#555=CIRCLE('',#2939,1.2);
#556=CIRCLE('',#2940,1.2);
#557=CIRCLE('',#2941,1.2);
#558=CIRCLE('',#2942,1.2);
#559=CIRCLE('',#2943,0.1);
#560=CIRCLE('',#2944,1.2);
#561=CIRCLE('',#2945,0.975);
#562=CIRCLE('',#2946,0.985);
#563=CIRCLE('',#2948,1.2);
#564=CIRCLE('',#2950,1.2);
#565=CIRCLE('',#2952,1.2);
#566=CIRCLE('',#2954,1.2);
#567=CIRCLE('',#2956,1.2);
#568=CIRCLE('',#2958,1.2);
#569=CIRCLE('',#2960,1.2);
#570=CIRCLE('',#2962,1.2);
#571=CIRCLE('',#2964,1.2);
#572=CIRCLE('',#2966,1.2);
#573=CIRCLE('',#2968,1.2);
#574=CIRCLE('',#2970,1.2);
#575=CIRCLE('',#2972,1.2);
#576=CIRCLE('',#2974,1.2);
#577=CIRCLE('',#2976,1.2);
#578=CIRCLE('',#2978,1.15);
#579=CIRCLE('',#2980,1.15);
#580=CIRCLE('',#2982,1.15);
#581=CIRCLE('',#2984,1.15);
#582=CIRCLE('',#2986,1.15);
#583=CIRCLE('',#2988,1.15);
#584=CIRCLE('',#2990,1.15);
#585=CIRCLE('',#2992,1.15);
#586=CIRCLE('',#2994,1.15);
#587=CIRCLE('',#2996,1.15);
#588=CIRCLE('',#2998,1.15);
#589=CIRCLE('',#3000,1.15);
#590=CIRCLE('',#3002,1.15);
#591=CIRCLE('',#3004,1.15);
#592=CIRCLE('',#3006,1.15);
#593=CIRCLE('',#3008,0.1);
#594=CIRCLE('',#3010,1.2);
#595=CIRCLE('',#3012,1.15);
#596=CIRCLE('',#3016,0.8938125);
#597=CIRCLE('',#3019,0.8838125);
#598=CIRCLE('',#3022,0.66);
#599=CIRCLE('',#3023,0.69);
#600=CIRCLE('',#3025,0.69);
#601=CIRCLE('',#3028,0.6);
#602=CIRCLE('',#3029,0.6);
#603=CIRCLE('',#3032,0.69);
#604=CIRCLE('',#3034,0.69);
#605=CIRCLE('',#3036,0.8838125);
#606=CIRCLE('',#3047,0.75);
#607=CIRCLE('',#3048,6.);
#608=B_SPLINE_CURVE_WITH_KNOTS('',3,(#3803,#3804,#3805,#3806,#3807,#3808,
#3809,#3810,#3811,#3812,#3813,#3814),.UNSPECIFIED.,.F.,.F.,(4,1,1,1,1,1,
1,1,1,4),(12.5663706143592,12.9959810826319,13.495826508887,13.995671935142,
14.4955173613971,14.9953627876522,15.4952082139073,15.9950536401623,16.4948990664174,
16.9322000371509),.UNSPECIFIED.);
#609=B_SPLINE_CURVE_WITH_KNOTS('',3,(#3817,#3818,#3819,#3820,#3821,#3822,
#3823,#3824,#3825,#3826,#3827,#3828,#3829,#3830,#3831,#3832,#3833,#3834,
#3835,#3836,#3837,#3838,#3839,#3840,#3841,#3842,#3843,#3844,#3845,#3846,
#3847,#3848,#3849,#3850,#3851,#3852,#3853,#3854,#3855,#3856),
 .UNSPECIFIED.,.F.,.F.,(4,3,3,3,3,3,3,3,3,3,3,3,3,4),(-12.2199280810925,
-11.7858628943257,-11.2947852737288,-10.8037076531319,-10.312630032535,
-9.82155241193811,-9.33047479134121,-8.8393971707443,-8.3483195501474,-7.85724192955049,
-7.36616430895358,-6.87508668835668,-6.38400906775977,-6.28318530717959),
 .UNSPECIFIED.);
#610=B_SPLINE_CURVE_WITH_KNOTS('',3,(#3866,#3867,#3868,#3869,#3870,#3871,
#3872,#3873,#3874,#3875,#3876,#3877,#3878,#3879,#3880,#3881),
 .UNSPECIFIED.,.F.,.F.,(4,1,1,1,1,1,1,1,1,1,1,1,1,4),(0.,0.499845426255073,
0.999690852510146,1.49953627876522,1.99938170502029,2.49922713127537,2.99907255753044,
3.49891798378551,3.99876341004059,4.49860883629566,4.99845426255073,5.4982996888058,
5.99814511506088,6.28318530717959),.UNSPECIFIED.);
#611=B_SPLINE_CURVE_WITH_KNOTS('',3,(#3887,#3888,#3889,#3890,#3891,#3892),
 .UNSPECIFIED.,.F.,.F.,(4,1,1,4),(15.707963267949,15.714483859101,16.2055614796979,
16.6966391002948),.UNSPECIFIED.);
#612=B_SPLINE_CURVE_WITH_KNOTS('',3,(#3895,#3896,#3897,#3898,#3899,#3900,
#3901),.UNSPECIFIED.,.F.,.F.,(4,1,1,1,4),(15.707963267949,15.9950536401623,
16.4948990664174,16.9947444926725,17.4820372636922),.UNSPECIFIED.);
#613=B_SPLINE_CURVE_WITH_KNOTS('',3,(#3906,#3907,#3908,#3909,#3910,#3911,
#3912,#3913,#3914,#3915,#3916,#3917,#3918,#3919,#3920,#3921),
 .UNSPECIFIED.,.F.,.F.,(4,1,1,1,1,1,1,1,1,1,1,1,1,4),(9.42477796076938,
9.82155241193811,10.312630032535,10.8037076531319,11.2947852737288,11.7858628943257,
12.2769405149226,12.7680181355195,13.2590957561165,13.7501733767134,14.2412509973103,
14.7323286179072,15.2234062385041,15.707963267949),.UNSPECIFIED.);
#614=B_SPLINE_CURVE_WITH_KNOTS('',3,(#3922,#3923,#3924,#3925,#3926,#3927,
#3928,#3929,#3930,#3931,#3932,#3933,#3934,#3935,#3936,#3937,#3938),
 .UNSPECIFIED.,.F.,.F.,(4,1,1,1,1,1,1,1,1,1,1,1,1,1,4),(9.42477796076938,
9.49706309884639,9.99690852510146,10.4967539513565,10.9965993776116,11.4964448038667,
11.9962902301218,12.4961356563768,12.9959810826319,13.495826508887,13.995671935142,
14.4955173613971,14.9953627876522,15.4952082139073,15.707963267949),
 .UNSPECIFIED.);
#615=B_SPLINE_CURVE_WITH_KNOTS('',3,(#3944,#3945,#3946,#3947,#3948,#3949,
#3950,#3951,#3952,#3953),.UNSPECIFIED.,.F.,.F.,(4,1,1,1,1,1,1,4),(0.,0.499845426255073,
0.999690852510146,1.49953627876522,1.99938170502029,2.49922713127537,2.99907255753044,
3.14159265358979),.UNSPECIFIED.);
#616=B_SPLINE_CURVE_WITH_KNOTS('',3,(#3956,#3957,#3958,#3959,#3960,#3961,
#3962,#3963,#3964,#3965),.UNSPECIFIED.,.F.,.F.,(4,1,1,1,1,1,1,4),(0.,0.491077620596906,
0.982155241193811,1.47323286179072,1.96431048238762,2.45538810298453,2.94646572358143,
3.14159265358979),.UNSPECIFIED.);
#617=B_SPLINE_CURVE_WITH_KNOTS('',3,(#4226,#4227,#4228,#4229,#4230,#4231,
#4232,#4233,#4234,#4235,#4236,#4237,#4238,#4239,#4240,#4241,#4242,#4243,
#4244),.UNSPECIFIED.,.F.,.F.,(4,3,3,3,3,3,4),(0.,0.133571536145301,0.267425221108722,
0.38789299273847,0.412883650557682,0.495440504659006,0.516749369245827),
 .UNSPECIFIED.);
#618=B_SPLINE_CURVE_WITH_KNOTS('',3,(#4245,#4246,#4247,#4248,#4249,#4250,
#4251,#4252,#4253,#4254,#4255,#4256,#4257,#4258,#4259,#4260,#4261),
 .UNSPECIFIED.,.F.,.F.,(4,1,1,1,1,1,1,1,1,1,1,1,1,1,4),(3.14159265358979,
3.43754334417834,3.92862096477525,4.41969858537215,4.91077620596906,5.40185382656596,
5.89293144716287,6.38400906775977,6.87508668835668,7.36616430895358,7.85724192955049,
8.3483195501474,8.8393971707443,9.33047479134121,9.42477796076938),
 .UNSPECIFIED.);
#619=B_SPLINE_CURVE_WITH_KNOTS('',3,(#4263,#4264,#4265,#4266,#4267,#4268,
#4269,#4270,#4271,#4272,#4273,#4274,#4275,#4276,#4277,#4278,#4279,#4280,
#4281,#4282,#4283,#4284,#4285,#4286,#4287,#4288,#4289,#4290,#4291,#4292,
#4293,#4294,#4295,#4296,#4297,#4298,#4299,#4300,#4301,#4302),
 .UNSPECIFIED.,.F.,.F.,(4,3,3,3,3,3,3,3,3,3,3,3,3,4),(-6.28318530717959,
-5.89293144716287,-5.40185382656596,-4.91077620596906,-4.41969858537215,
-3.92862096477525,-3.43754334417834,-2.94646572358143,-2.45538810298453,
-1.96431048238762,-1.47323286179072,-0.982155241193811,-0.491077620596906,
0.),.UNSPECIFIED.);
#620=B_SPLINE_CURVE_WITH_KNOTS('',3,(#4303,#4304,#4305,#4306,#4307,#4308,
#4309,#4310,#4311,#4312,#4313,#4314,#4315,#4316,#4317,#4318,#4319,#4320,
#4321,#4322,#4323,#4324,#4325,#4326,#4327,#4328,#4329,#4330,#4331,#4332,
#4333,#4334,#4335,#4336,#4337,#4338,#4339,#4340,#4341,#4342,#4343,#4344,
#4345,#4346,#4347,#4348,#4349,#4350,#4351,#4352,#4353,#4354,#4355,#4356,
#4357,#4358,#4359,#4360,#4361,#4362,#4363,#4364,#4365,#4366,#4367,#4368,
#4369,#4370,#4371,#4372,#4373,#4374,#4375,#4376,#4377,#4378,#4379,#4380,
#4381,#4382,#4383,#4384,#4385,#4386,#4387,#4388,#4389,#4390,#4391,#4392,
#4393,#4394,#4395,#4396,#4397,#4398,#4399,#4400,#4401,#4402,#4403,#4404,
#4405,#4406,#4407,#4408,#4409,#4410,#4411,#4412,#4413,#4414,#4415,#4416,
#4417,#4418,#4419,#4420,#4421,#4422,#4423,#4424,#4425,#4426,#4427,#4428,
#4429,#4430,#4431,#4432,#4433,#4434,#4435,#4436,#4437,#4438,#4439,#4440,
#4441,#4442,#4443,#4444,#4445,#4446,#4447,#4448,#4449,#4450,#4451,#4452,
#4453),.UNSPECIFIED.,.F.,.F.,(4,3,3,3,3,3,3,3,3,3,3,3,3,3,3,3,3,3,3,3,3,
3,3,3,3,3,3,3,3,3,3,3,3,3,3,3,3,3,3,3,3,3,3,3,3,3,3,3,3,3,4),(1.41121009195411,
1.52797834289913,1.5604270990222,1.58589454390764,1.71822204824226,1.84978714830877,
1.87828309573417,1.95170075751002,1.97938717872459,2.11109657552493,2.23694886167146,
2.29987500474473,2.33347749647626,2.3583790935758,2.362801147818,2.49376651236522,
2.62507127256533,2.68179336114254,2.71311228841449,2.73817287571586,2.84388455827683,
2.97471700102733,3.06142637340181,3.09554296457116,3.12075794546437,3.2509216787573,
3.32155449052525,3.4400537891598,3.47772267415899,3.50233419971752,3.63182585492713,
3.76037488880556,3.79555168506344,3.84412480870723,3.86970602058825,3.9984287575469,
4.13206946234325,4.20089210463819,4.22762818463799,4.2657101671396,4.3939237353345,
4.52220464410475,4.5828854516511,4.6139306850545,4.73249501154137,4.86039351400024,
4.94665366064227,4.98222404019847,5.10947454883912,5.19581329227214,5.24939400533661),
 .UNSPECIFIED.);
#621=B_SPLINE_CURVE_WITH_KNOTS('',3,(#4457,#4458,#4459,#4460,#4461,#4462,
#4463,#4464,#4465,#4466,#4467,#4468,#4469,#4470,#4471,#4472),
 .UNSPECIFIED.,.F.,.F.,(4,1,1,1,1,1,1,1,1,1,1,1,1,4),(3.14159265358979,
3.49891798378551,3.99876341004059,4.49860883629566,4.99845426255073,5.4982996888058,
5.99814511506088,6.49799054131595,6.99783596757102,7.4976813938261,7.99752682008117,
8.49737224633624,8.99721767259132,9.42477796076938),.UNSPECIFIED.);
#622=B_SPLINE_CURVE_WITH_KNOTS('',3,(#4630,#4631,#4632,#4633,#4634,#4635,
#4636,#4637,#4638,#4639,#4640,#4641,#4642,#4643,#4644,#4645,#4646,#4647,
#4648,#4649,#4650,#4651),.UNSPECIFIED.,.F.,.F.,(4,3,3,3,3,3,3,4),(1.62839366221017,
1.75406051963312,1.79636526519346,1.83448909585268,1.96788290678784,2.10099471478722,
2.13106109190195,2.14378918835027),.UNSPECIFIED.);
#623=B_SPLINE_CURVE_WITH_KNOTS('',3,(#4652,#4653,#4654,#4655,#4656,#4657,
#4658,#4659,#4660,#4661,#4662,#4663,#4664,#4665,#4666,#4667,#4668,#4669,
#4670,#4671,#4672,#4673,#4674,#4675,#4676,#4677,#4678,#4679,#4680,#4681,
#4682,#4683,#4684,#4685,#4686,#4687,#4688,#4689,#4690,#4691),
 .UNSPECIFIED.,.F.,.F.,(4,3,3,3,3,3,3,3,3,3,3,3,3,4),(0.165536528078103,
0.224524812225011,0.344150753458303,0.366804329789422,0.494252379729136,
0.622876368901589,0.70302857715818,0.733593518232008,0.758163116716167,
0.887781439748596,1.01873864880064,1.12001634982828,1.14909007675853,1.19505319774804),
 .UNSPECIFIED.);
#624=B_SPLINE_CURVE_WITH_KNOTS('',3,(#4692,#4693,#4694,#4695,#4696,#4697,
#4698,#4699,#4700,#4701,#4702,#4703,#4704,#4705,#4706,#4707,#4708),
 .UNSPECIFIED.,.F.,.F.,(4,1,1,1,1,1,1,1,1,1,1,1,1,1,4),(6.28318530717959,
6.49799054131595,6.99783596757102,7.4976813938261,7.99752682008117,8.49737224633624,
8.99721767259132,9.49706309884639,9.99690852510146,10.4967539513565,10.9965993776116,
11.4964448038667,11.9962902301218,12.4961356563768,12.5663706143592),
 .UNSPECIFIED.);
#625=B_SPLINE_CURVE_WITH_KNOTS('',3,(#4758,#4759,#4760,#4761,#4762,#4763,
#4764,#4765,#4766,#4767,#4768,#4769,#4770),.UNSPECIFIED.,.F.,.F.,(4,3,3,
3,4),(-3.14159265358979,-2.35619449019234,-1.5707963267949,-0.785398163397448,
0.),.UNSPECIFIED.);
#626=B_SPLINE_CURVE_WITH_KNOTS('',3,(#4773,#4774,#4775,#4776,#4777,#4778,
#4779),.UNSPECIFIED.,.F.,.F.,(4,1,1,1,4),(0.,0.785398163397448,1.5707963267949,
2.35619449019234,3.14159265358979),.UNSPECIFIED.);
#627=B_SPLINE_CURVE_WITH_KNOTS('',3,(#4783,#4784,#4785,#4786,#4787,#4788,
#4789),.UNSPECIFIED.,.F.,.F.,(4,1,1,1,4),(0.,0.785398163397448,1.5707963267949,
2.35619449019234,3.14159265358979),.UNSPECIFIED.);
#628=B_SPLINE_CURVE_WITH_KNOTS('',3,(#4819,#4820,#4821,#4822,#4823,#4824,
#4825),.UNSPECIFIED.,.F.,.F.,(4,1,1,1,4),(0.,0.785398163397448,1.5707963267949,
2.35619449019234,3.14159265358979),.UNSPECIFIED.);
#629=B_SPLINE_CURVE_WITH_KNOTS('',3,(#4867,#4868,#4869,#4870,#4871,#4872,
#4873,#4874,#4875,#4876,#4877,#4878,#4879),.UNSPECIFIED.,.F.,.F.,(4,3,3,
3,4),(-3.14159265358979,-2.35619449019234,-1.5707963267949,-0.785398163397448,
0.),.UNSPECIFIED.);
#630=B_SPLINE_CURVE_WITH_KNOTS('',3,(#4882,#4883,#4884,#4885,#4886,#4887,
#4888),.UNSPECIFIED.,.F.,.F.,(4,1,1,1,4),(0.,0.785398163397448,1.5707963267949,
2.35619449019234,3.14159265358979),.UNSPECIFIED.);
#631=B_SPLINE_CURVE_WITH_KNOTS('',3,(#4892,#4893,#4894,#4895,#4896,#4897,
#4898),.UNSPECIFIED.,.F.,.F.,(4,1,1,1,4),(0.,0.785398163397448,1.5707963267949,
2.35619449019234,3.14159265358979),.UNSPECIFIED.);
#632=B_SPLINE_CURVE_WITH_KNOTS('',3,(#4928,#4929,#4930,#4931,#4932,#4933,
#4934),.UNSPECIFIED.,.F.,.F.,(4,1,1,1,4),(0.,0.785398163397448,1.5707963267949,
2.35619449019234,3.14159265358979),.UNSPECIFIED.);
#633=B_SPLINE_CURVE_WITH_KNOTS('',3,(#4992,#4993,#4994,#4995,#4996,#4997,
#4998,#4999,#5000,#5001,#5002,#5003,#5004),.UNSPECIFIED.,.F.,.F.,(4,3,3,
3,4),(-3.14159265358979,-2.35619449019234,-1.5707963267949,-0.785398163397448,
0.),.UNSPECIFIED.);
#634=B_SPLINE_CURVE_WITH_KNOTS('',3,(#5007,#5008,#5009,#5010,#5011,#5012,
#5013),.UNSPECIFIED.,.F.,.F.,(4,1,1,1,4),(0.,0.785398163397448,1.5707963267949,
2.35619449019234,3.14159265358979),.UNSPECIFIED.);
#635=B_SPLINE_CURVE_WITH_KNOTS('',3,(#5017,#5018,#5019,#5020,#5021,#5022,
#5023),.UNSPECIFIED.,.F.,.F.,(4,1,1,1,4),(0.,0.785398163397448,1.5707963267949,
2.35619449019234,3.14159265358979),.UNSPECIFIED.);
#636=B_SPLINE_CURVE_WITH_KNOTS('',3,(#5053,#5054,#5055,#5056,#5057,#5058,
#5059),.UNSPECIFIED.,.F.,.F.,(4,1,1,1,4),(0.,0.785398163397448,1.5707963267949,
2.35619449019234,3.14159265358979),.UNSPECIFIED.);
#637=B_SPLINE_CURVE_WITH_KNOTS('',3,(#5101,#5102,#5103,#5104,#5105,#5106,
#5107,#5108,#5109,#5110,#5111,#5112,#5113),.UNSPECIFIED.,.F.,.F.,(4,3,3,
3,4),(-3.14159265358979,-2.35619449019234,-1.5707963267949,-0.785398163397448,
0.),.UNSPECIFIED.);
#638=B_SPLINE_CURVE_WITH_KNOTS('',3,(#5116,#5117,#5118,#5119,#5120,#5121,
#5122),.UNSPECIFIED.,.F.,.F.,(4,1,1,1,4),(0.,0.785398163397448,1.5707963267949,
2.35619449019234,3.14159265358979),.UNSPECIFIED.);
#639=B_SPLINE_CURVE_WITH_KNOTS('',3,(#5126,#5127,#5128,#5129,#5130,#5131,
#5132),.UNSPECIFIED.,.F.,.F.,(4,1,1,1,4),(0.,0.785398163397448,1.5707963267949,
2.35619449019234,3.14159265358979),.UNSPECIFIED.);
#640=B_SPLINE_CURVE_WITH_KNOTS('',3,(#5162,#5163,#5164,#5165,#5166,#5167,
#5168),.UNSPECIFIED.,.F.,.F.,(4,1,1,1,4),(0.,0.785398163397448,1.5707963267949,
2.35619449019234,3.14159265358979),.UNSPECIFIED.);
#641=B_SPLINE_CURVE_WITH_KNOTS('',3,(#5263,#5264,#5265,#5266,#5267,#5268,
#5269,#5270,#5271,#5272,#5273,#5274,#5275,#5276,#5277,#5278,#5279,#5280,
#5281,#5282,#5283,#5284,#5285,#5286,#5287,#5288,#5289,#5290,#5291,#5292,
#5293),.UNSPECIFIED.,.F.,.F.,(4,3,3,3,3,3,3,3,3,3,4),(-12.5663706143592,
-12.3442242781339,-11.8451691951418,-11.3461141121497,-10.8470590291576,
-10.3480039461654,-9.84894886317331,-9.34989378018118,-8.85083869718905,
-8.35178361419692,-8.31900017855886),.UNSPECIFIED.);
#642=B_SPLINE_CURVE_WITH_KNOTS('',3,(#5296,#5297,#5298,#5299,#5300,#5301,
#5302,#5303,#5304,#5305,#5306),.UNSPECIFIED.,.F.,.F.,(4,1,1,1,1,1,1,1,4),
(2.82133005910307,3.3089299560749,3.79652985304674,4.28412975001857,4.77172964699041,
5.25932954396225,5.74692944093408,6.23452933790592,6.28318530717959),
 .UNSPECIFIED.);
#643=B_SPLINE_CURVE_WITH_KNOTS('',3,(#5311,#5312,#5313,#5314,#5315,#5316,
#5317,#5318,#5319,#5320,#5321,#5322,#5323,#5324,#5325,#5326,#5327,#5328,
#5329,#5330,#5331,#5332,#5333,#5334,#5335,#5336,#5337,#5338,#5339,#5340,
#5341,#5342,#5343,#5344,#5345,#5346,#5347,#5348,#5349,#5350,#5351,#5352,
#5353),.UNSPECIFIED.,.F.,.F.,(4,3,3,3,3,3,3,3,3,3,3,3,3,3,4),(-18.8495559215388,
-18.8319403570316,-18.3328852740395,-17.8338301910474,-17.3347751080552,
-16.8357200250631,-16.336664942071,-15.8376098590788,-15.3385547760867,
-14.8394996930946,-14.3404446101025,-13.8413895271103,-13.3423344441182,
-12.8432793611261,-12.5663706143592),.UNSPECIFIED.);
#644=B_SPLINE_CURVE_WITH_KNOTS('',3,(#5354,#5355,#5356,#5357,#5358,#5359,
#5360,#5361,#5362,#5363,#5364,#5365,#5366,#5367,#5368,#5369),
 .UNSPECIFIED.,.F.,.F.,(4,1,1,1,1,1,1,1,1,1,1,1,1,4),(6.28318530717959,
6.72212923487776,7.20972913184959,7.69732902882143,8.18492892579326,8.6725288227651,
9.16012871973694,9.64772861670877,10.1353285136806,10.6229284106524,11.1105283076243,
11.5981282045961,12.085728101568,12.5663706143592),.UNSPECIFIED.);
#645=B_SPLINE_CURVE_WITH_KNOTS('',3,(#5375,#5376,#5377,#5378),
 .UNSPECIFIED.,.F.,.F.,(4,4),(21.9911485751286,22.3253259379765),
 .UNSPECIFIED.);
#646=B_SPLINE_CURVE_WITH_KNOTS('',3,(#5381,#5382,#5383,#5384),
 .UNSPECIFIED.,.F.,.F.,(4,4),(21.9911485751286,22.3253259379765),
 .UNSPECIFIED.);
#647=B_SPLINE_CURVE_WITH_KNOTS('',3,(#5389,#5390,#5391,#5392,#5393,#5394,
#5395,#5396,#5397,#5398,#5399,#5400,#5401,#5402,#5403,#5404,#5405),
 .UNSPECIFIED.,.F.,.F.,(4,1,1,1,1,1,1,1,1,1,1,1,1,1,4),(15.707963267949,
15.8376098590788,16.336664942071,16.8357200250631,17.3347751080552,17.8338301910474,
18.3328852740395,18.8319403570316,19.3309954400237,19.8300505230159,20.329105606008,
20.8281606890001,21.3272157719923,21.8262708549844,21.9911485751286),
 .UNSPECIFIED.);
#648=B_SPLINE_CURVE_WITH_KNOTS('',3,(#5406,#5407,#5408,#5409,#5410,#5411,
#5412,#5413,#5414,#5415,#5416,#5417,#5418,#5419,#5420,#5421,#5422),
 .UNSPECIFIED.,.F.,.F.,(4,1,1,1,1,1,1,1,1,1,1,1,1,1,4),(15.707963267949,
15.9865272773426,16.4741271743145,16.9617270712863,17.4493269682581,17.93692686523,
18.4245267622018,18.9121266591737,19.3997265561455,19.8873264531173,20.3749263500892,
20.862526247061,21.3501261440328,21.8377260410047,21.9911485751286),
 .UNSPECIFIED.);
#649=B_SPLINE_CURVE_WITH_KNOTS('',3,(#5427,#5428,#5429,#5430,#5431,#5432,
#5433,#5434,#5435,#5436,#5437,#5438,#5439,#5440,#5441,#5442),
 .UNSPECIFIED.,.F.,.F.,(4,1,1,1,1,1,1,1,1,1,1,1,1,4),(9.42477796076938,
9.84894886317331,10.3480039461654,10.8470590291576,11.3461141121497,11.8451691951418,
12.3442242781339,12.8432793611261,13.3423344441182,13.8413895271103,14.3404446101025,
14.8394996930946,15.3385547760867,15.707963267949),.UNSPECIFIED.);
#650=B_SPLINE_CURVE_WITH_KNOTS('',3,(#5443,#5444,#5445,#5446,#5447,#5448,
#5449,#5450,#5451,#5452,#5453,#5454,#5455,#5456,#5457,#5458,#5459),
 .UNSPECIFIED.,.F.,.F.,(4,1,1,1,1,1,1,1,1,1,1,1,1,1,4),(9.42477796076938,
9.64772861670877,10.1353285136806,10.6229284106524,11.1105283076243,11.5981282045961,
12.085728101568,12.5733279985398,13.0609278955116,13.5485277924835,14.0361276894553,
14.5237275864271,15.011327483399,15.4989273803708,15.707963267949),
 .UNSPECIFIED.);
#651=B_SPLINE_CURVE_WITH_KNOTS('',3,(#5463,#5464,#5465,#5466,#5467,#5468,
#5469,#5470,#5471),.UNSPECIFIED.,.F.,.F.,(4,2,3,4),(-0.062660648066435,
-0.0518307792750142,0.,0.00585143334686126),.UNSPECIFIED.);
#652=B_SPLINE_CURVE_WITH_KNOTS('',3,(#5475,#5476,#5477,#5478,#5479,#5480,
#5481,#5482),.UNSPECIFIED.,.F.,.F.,(4,2,2,4),(0.380116857450355,0.385968290797217,
0.437799070072231,0.448628938863651),.UNSPECIFIED.);
#653=B_SPLINE_CURVE_WITH_KNOTS('',3,(#5491,#5492,#5493,#5494,#5495,#5496,
#5497,#5498,#5499),.UNSPECIFIED.,.F.,.F.,(4,2,3,4),(-0.0626606480664353,
-0.0518307792750142,0.,0.00585143334686126),.UNSPECIFIED.);
#654=B_SPLINE_CURVE_WITH_KNOTS('',3,(#5503,#5504,#5505,#5506,#5507,#5508,
#5509,#5510),.UNSPECIFIED.,.F.,.F.,(4,2,2,4),(0.380116857450355,0.385968290797216,
0.437799070072231,0.448628938863651),.UNSPECIFIED.);
#655=B_SPLINE_CURVE_WITH_KNOTS('',3,(#5519,#5520,#5521,#5522,#5523,#5524,
#5525,#5526,#5527),.UNSPECIFIED.,.F.,.F.,(4,2,3,4),(-0.0626606480664357,
-0.0518307792750142,0.,0.00585143334686072),.UNSPECIFIED.);
#656=B_SPLINE_CURVE_WITH_KNOTS('',3,(#5531,#5532,#5533,#5534,#5535,#5536,
#5537,#5538),.UNSPECIFIED.,.F.,.F.,(4,2,2,4),(0.380116857450356,0.385968290797217,
0.437799070072231,0.448628938863652),.UNSPECIFIED.);
#657=B_SPLINE_CURVE_WITH_KNOTS('',3,(#5547,#5548,#5549,#5550,#5551,#5552,
#5553,#5554,#5555),.UNSPECIFIED.,.F.,.F.,(4,2,3,4),(-0.0626606480664358,
-0.0518307792750142,0.,0.00585143334686086),.UNSPECIFIED.);
#658=B_SPLINE_CURVE_WITH_KNOTS('',3,(#5559,#5560,#5561,#5562,#5563,#5564,
#5565,#5566),.UNSPECIFIED.,.F.,.F.,(4,2,2,4),(0.380116857450356,0.385968290797217,
0.437799070072231,0.448628938863651),.UNSPECIFIED.);
#659=B_SPLINE_CURVE_WITH_KNOTS('',3,(#5575,#5576,#5577,#5578,#5579,#5580,
#5581,#5582,#5583),.UNSPECIFIED.,.F.,.F.,(4,2,3,4),(-0.0626606480664353,
-0.0518307792750142,0.,0.00585143334686126),.UNSPECIFIED.);
#660=B_SPLINE_CURVE_WITH_KNOTS('',3,(#5587,#5588,#5589,#5590,#5591,#5592,
#5593,#5594),.UNSPECIFIED.,.F.,.F.,(4,2,2,4),(0.380116857450355,0.385968290797217,
0.437799070072231,0.448628938863652),.UNSPECIFIED.);
#661=B_SPLINE_CURVE_WITH_KNOTS('',3,(#5603,#5604,#5605,#5606,#5607,#5608,
#5609,#5610,#5611),.UNSPECIFIED.,.F.,.F.,(4,2,3,4),(-0.0626606480664354,
-0.051830779275014,0.,0.00585143334686104),.UNSPECIFIED.);
#662=B_SPLINE_CURVE_WITH_KNOTS('',3,(#5615,#5616,#5617,#5618,#5619,#5620,
#5621,#5622),.UNSPECIFIED.,.F.,.F.,(4,2,2,4),(0.380116857450356,0.385968290797217,
0.437799070072231,0.448628938863652),.UNSPECIFIED.);
#663=B_SPLINE_CURVE_WITH_KNOTS('',3,(#5631,#5632,#5633,#5634,#5635,#5636,
#5637,#5638,#5639),.UNSPECIFIED.,.F.,.F.,(4,2,3,4),(-0.0626606480664358,
-0.0518307792750142,0.,0.0058514333468607),.UNSPECIFIED.);
#664=B_SPLINE_CURVE_WITH_KNOTS('',3,(#5643,#5644,#5645,#5646,#5647,#5648,
#5649,#5650),.UNSPECIFIED.,.F.,.F.,(4,2,2,4),(0.380116857450355,0.385968290797217,
0.437799070072231,0.448628938863652),.UNSPECIFIED.);
#665=B_SPLINE_CURVE_WITH_KNOTS('',3,(#5659,#5660,#5661,#5662,#5663,#5664,
#5665,#5666,#5667),.UNSPECIFIED.,.F.,.F.,(4,2,3,4),(-0.0626606480664356,
-0.0518307792750142,0.,0.00585143334686086),.UNSPECIFIED.);
#666=B_SPLINE_CURVE_WITH_KNOTS('',3,(#5671,#5672,#5673,#5674,#5675,#5676,
#5677,#5678),.UNSPECIFIED.,.F.,.F.,(4,2,2,4),(0.380116857450356,0.385968290797217,
0.437799070072231,0.448628938863652),.UNSPECIFIED.);
#667=B_SPLINE_CURVE_WITH_KNOTS('',3,(#5687,#5688,#5689,#5690,#5691,#5692,
#5693,#5694,#5695),.UNSPECIFIED.,.F.,.F.,(4,2,3,4),(-0.0626606480664354,
-0.0518307792750143,0.,0.00585143334686078),.UNSPECIFIED.);
#668=B_SPLINE_CURVE_WITH_KNOTS('',3,(#5699,#5700,#5701,#5702,#5703,#5704,
#5705,#5706),.UNSPECIFIED.,.F.,.F.,(4,2,2,4),(0.380116857450356,0.385968290797217,
0.437799070072231,0.448628938863652),.UNSPECIFIED.);
#669=B_SPLINE_CURVE_WITH_KNOTS('',3,(#5715,#5716,#5717,#5718,#5719,#5720,
#5721,#5722,#5723),.UNSPECIFIED.,.F.,.F.,(4,2,3,4),(-0.0626606480664353,
-0.051830779275014,0.,0.00585143334686104),.UNSPECIFIED.);
#670=B_SPLINE_CURVE_WITH_KNOTS('',3,(#5727,#5728,#5729,#5730,#5731,#5732,
#5733,#5734),.UNSPECIFIED.,.F.,.F.,(4,2,2,4),(0.380116857450356,0.385968290797217,
0.437799070072231,0.448628938863652),.UNSPECIFIED.);
#671=B_SPLINE_CURVE_WITH_KNOTS('',3,(#5743,#5744,#5745,#5746,#5747,#5748,
#5749,#5750,#5751),.UNSPECIFIED.,.F.,.F.,(4,2,3,4),(-0.0626606480664356,
-0.0518307792750142,0.,0.00585143334686076),.UNSPECIFIED.);
#672=B_SPLINE_CURVE_WITH_KNOTS('',3,(#5755,#5756,#5757,#5758,#5759,#5760,
#5761,#5762),.UNSPECIFIED.,.F.,.F.,(4,2,2,4),(0.380116857450356,0.385968290797217,
0.437799070072231,0.448628938863651),.UNSPECIFIED.);
#673=B_SPLINE_CURVE_WITH_KNOTS('',3,(#5771,#5772,#5773,#5774,#5775,#5776,
#5777,#5778,#5779),.UNSPECIFIED.,.F.,.F.,(4,2,3,4),(-0.0626606480664351,
-0.0518307792750141,0.,0.00585143334686118),.UNSPECIFIED.);
#674=B_SPLINE_CURVE_WITH_KNOTS('',3,(#5783,#5784,#5785,#5786,#5787,#5788,
#5789,#5790),.UNSPECIFIED.,.F.,.F.,(4,2,2,4),(0.380116857450355,0.385968290797216,
0.437799070072231,0.448628938863652),.UNSPECIFIED.);
#675=B_SPLINE_CURVE_WITH_KNOTS('',3,(#5799,#5800,#5801,#5802,#5803,#5804,
#5805,#5806,#5807),.UNSPECIFIED.,.F.,.F.,(4,2,3,4),(-0.0626606480664362,
-0.0518307792750143,0.,0.00585143334686054),.UNSPECIFIED.);
#676=B_SPLINE_CURVE_WITH_KNOTS('',3,(#5811,#5812,#5813,#5814,#5815,#5816,
#5817,#5818),.UNSPECIFIED.,.F.,.F.,(4,2,2,4),(0.380116857450356,0.385968290797216,
0.437799070072231,0.448628938863652),.UNSPECIFIED.);
#677=B_SPLINE_CURVE_WITH_KNOTS('',3,(#5827,#5828,#5829,#5830,#5831,#5832,
#5833,#5834,#5835),.UNSPECIFIED.,.F.,.F.,(4,2,3,4),(-0.0626606480664353,
-0.0518307792750142,0.,0.00585143334686082),.UNSPECIFIED.);
#678=B_SPLINE_CURVE_WITH_KNOTS('',3,(#5839,#5840,#5841,#5842,#5843,#5844,
#5845,#5846),.UNSPECIFIED.,.F.,.F.,(4,2,2,4),(0.380116857450356,0.385968290797217,
0.437799070072231,0.448628938863652),.UNSPECIFIED.);
#679=B_SPLINE_CURVE_WITH_KNOTS('',3,(#5855,#5856,#5857,#5858,#5859,#5860,
#5861,#5862,#5863),.UNSPECIFIED.,.F.,.F.,(4,2,3,4),(-0.0626606480664356,
-0.0518307792750141,0.,0.005851433346861),.UNSPECIFIED.);
#680=B_SPLINE_CURVE_WITH_KNOTS('',3,(#5867,#5868,#5869,#5870,#5871,#5872,
#5873,#5874),.UNSPECIFIED.,.F.,.F.,(4,2,2,4),(0.380116857450356,0.385968290797217,
0.437799070072231,0.448628938863652),.UNSPECIFIED.);
#681=B_SPLINE_CURVE_WITH_KNOTS('',3,(#5906,#5907,#5908,#5909,#5910,#5911,
#5912),.UNSPECIFIED.,.F.,.F.,(4,3,4),(1.84012688527648,1.97086693828871,
2.07750066052741),.UNSPECIFIED.);
#682=B_SPLINE_CURVE_WITH_KNOTS('',3,(#5949,#5950,#5951,#5952,#5953,#5954,
#5955,#5956,#5957),.UNSPECIFIED.,.F.,.F.,(4,2,3,4),(-0.0626606480664356,
-0.0518307792750141,0.,0.00585143334686086),.UNSPECIFIED.);
#683=B_SPLINE_CURVE_WITH_KNOTS('',3,(#5989,#5990,#5991,#5992,#5993,#5994,
#5995,#5996),.UNSPECIFIED.,.F.,.F.,(4,2,2,4),(0.380116857450355,0.385968290797216,
0.437799070072231,0.448628938863652),.UNSPECIFIED.);
#684=B_SPLINE_CURVE_WITH_KNOTS('',3,(#6151,#6152,#6153,#6154,#6155,#6156,
#6157,#6158,#6159,#6160,#6161,#6162,#6163,#6164,#6165,#6166,#6167,#6168,
#6169,#6170,#6171,#6172),.UNSPECIFIED.,.F.,.F.,(4,3,3,3,3,3,3,4),(-22.3253259379765,
-21.8262708549844,-21.3272157719923,-20.8281606890001,-20.329105606008,
-19.8300505230159,-19.3309954400237,-18.8495559215388),.UNSPECIFIED.);
#685=B_SPLINE_CURVE_WITH_KNOTS('',3,(#6174,#6175,#6176,#6177,#6178,#6179,
#6180,#6181,#6182,#6183),.UNSPECIFIED.,.F.,.F.,(4,1,1,1,1,1,1,4),(6.35556328222841,
6.85461836522054,7.35367344821266,7.85272853120479,8.35178361419692,8.85083869718905,
9.34989378018118,9.42477796076938),.UNSPECIFIED.);
#686=B_SPLINE_CURVE_WITH_KNOTS('',3,(#6184,#6185,#6186,#6187,#6188,#6189,
#6190,#6191,#6192,#6193,#6194,#6195,#6196,#6197,#6198,#6199,#6200,#6201,
#6202,#6203,#6204,#6205,#6206,#6207,#6208,#6209,#6210,#6211,#6212,#6213,
#6214,#6215,#6216,#6217,#6218,#6219,#6220,#6221,#6222,#6223,#6224,#6225,
#6226,#6227,#6228,#6229,#6230,#6231,#6232,#6233,#6234,#6235,#6236,#6237,
#6238,#6239,#6240,#6241,#6242,#6243,#6244,#6245,#6246,#6247,#6248,#6249,
#6250,#6251,#6252,#6253,#6254,#6255,#6256,#6257,#6258,#6259),
 .UNSPECIFIED.,.F.,.F.,(4,3,3,3,3,3,3,3,3,3,3,3,3,3,3,3,3,3,3,3,3,3,3,3,
3,4),(0.238060586699593,0.351114226423531,0.378993385666782,0.406046866079825,
0.535366506212588,0.66319382051649,0.690275145595344,0.741116287516835,
0.773978538603568,0.901629376900548,1.03294305471043,1.10040715494365,1.12538741913406,
1.14961278028985,1.16425673252032,1.29035558404467,1.41606074857779,1.47965412432129,
1.50577568285587,1.62826653830071,1.7416358265078,1.77535443451535,1.80344213950574,
1.9267287275469,2.04809761505972,2.08174369112908),.UNSPECIFIED.);
#687=B_SPLINE_CURVE_WITH_KNOTS('',3,(#6262,#6263,#6264,#6265,#6266,#6267,
#6268,#6269,#6270,#6271,#6272,#6273,#6274),.UNSPECIFIED.,.F.,.F.,(4,1,1,
1,1,1,1,1,1,1,4),(4.78476695543351,5.25932954396225,5.74692944093408,6.23452933790592,
6.72212923487776,7.20972913184959,7.69732902882143,8.18492892579326,8.6725288227651,
9.16012871973694,9.42477796076938),.UNSPECIFIED.);
#688=B_SPLINE_CURVE_WITH_KNOTS('',3,(#6277,#6278,#6279,#6280,#6281,#6282,
#6283,#6284,#6285,#6286,#6287),.UNSPECIFIED.,.F.,.F.,(4,1,1,1,1,1,1,1,4),
(18.496893034818,18.9121266591737,19.3997265561455,19.8873264531173,20.3749263500892,
20.862526247061,21.3501261440328,21.8377260410047,22.3253259379765),
 .UNSPECIFIED.);
#689=B_SPLINE_CURVE_WITH_KNOTS('',3,(#6460,#6461,#6462,#6463,#6464,#6465,
#6466,#6467,#6468,#6469,#6470,#6471,#6472,#6473,#6474,#6475,#6476),
 .UNSPECIFIED.,.F.,.F.,(4,1,1,1,1,1,1,1,1,1,1,1,1,1,4),(12.5663706143592,
12.5733279985398,13.0609278955116,13.5485277924835,14.0361276894553,14.5237275864271,
15.011327483399,15.4989273803708,15.9865272773426,16.4741271743145,16.9617270712863,
17.4493269682581,17.93692686523,18.4245267622018,18.7387328372913),
 .UNSPECIFIED.);
#690=B_SPLINE_CURVE_WITH_KNOTS('',3,(#6477,#6478,#6479,#6480,#6481,#6482,
#6483,#6484,#6485,#6486,#6487,#6488,#6489,#6490,#6491,#6492,#6493,#6494,
#6495,#6496,#6497,#6498,#6499,#6500,#6501,#6502,#6503,#6504,#6505,#6506,
#6507,#6508,#6509,#6510,#6511,#6512,#6513,#6514,#6515,#6516,#6517,#6518,
#6519,#6520,#6521,#6522,#6523,#6524,#6525,#6526,#6527,#6528,#6529,#6530,
#6531,#6532,#6533,#6534,#6535,#6536,#6537,#6538,#6539,#6540,#6541,#6542,
#6543,#6544,#6545,#6546,#6547,#6548,#6549,#6550,#6551,#6552,#6553,#6554,
#6555),.UNSPECIFIED.,.F.,.F.,(4,3,3,3,3,3,3,3,3,3,3,3,3,3,3,3,3,3,3,3,3,
3,3,3,3,3,4),(0.,0.011672381448646,0.133577396410885,0.256803062193342,
0.317036677982351,0.349136554930518,0.375725092423153,0.454364129391201,
0.578879789960423,0.660880576632864,0.699399000695951,0.726184910702753,
0.852539977563516,0.906882936650186,1.02241294318267,1.06631288710559,1.0909989157752,
1.21822319414019,1.34597278586275,1.36900296278011,1.44055570269433,1.46617988789184,
1.59498715728015,1.71755702127831,1.7585995943169,1.78511608158662,1.84012688527646),
 .UNSPECIFIED.);
#691=LINE('',#3801,#864);
#692=LINE('',#3860,#865);
#693=LINE('',#3862,#866);
#694=LINE('',#3864,#867);
#695=LINE('',#3885,#868);
#696=LINE('',#3905,#869);
#697=LINE('',#3942,#870);
#698=LINE('',#3955,#871);
#699=LINE('',#3969,#872);
#700=LINE('',#3973,#873);
#701=LINE('',#3977,#874);
#702=LINE('',#3982,#875);
#703=LINE('',#3984,#876);
#704=LINE('',#3988,#877);
#705=LINE('',#3989,#878);
#706=LINE('',#3992,#879);
#707=LINE('',#3993,#880);
#708=LINE('',#3997,#881);
#709=LINE('',#4001,#882);
#710=LINE('',#4005,#883);
#711=LINE('',#4011,#884);
#712=LINE('',#4013,#885);
#713=LINE('',#4015,#886);
#714=LINE('',#4016,#887);
#715=LINE('',#4018,#888);
#716=LINE('',#4020,#889);
#717=LINE('',#4024,#890);
#718=LINE('',#4025,#891);
#719=LINE('',#4027,#892);
#720=LINE('',#4029,#893);
#721=LINE('',#4032,#894);
#722=LINE('',#4035,#895);
#723=LINE('',#4036,#896);
#724=LINE('',#4039,#897);
#725=LINE('',#4040,#898);
#726=LINE('',#4043,#899);
#727=LINE('',#4045,#900);
#728=LINE('',#4050,#901);
#729=LINE('',#4052,#902);
#730=LINE('',#4054,#903);
#731=LINE('',#4056,#904);
#732=LINE('',#4058,#905);
#733=LINE('',#4061,#906);
#734=LINE('',#4067,#907);
#735=LINE('',#4074,#908);
#736=LINE('',#4262,#909);
#737=LINE('',#4455,#910);
#738=LINE('',#4714,#911);
#739=LINE('',#4723,#912);
#740=LINE('',#4725,#913);
#741=LINE('',#4727,#914);
#742=LINE('',#4728,#915);
#743=LINE('',#4772,#916);
#744=LINE('',#4782,#917);
#745=LINE('',#4826,#918);
#746=LINE('',#4828,#919);
#747=LINE('',#4832,#920);
#748=LINE('',#4834,#921);
#749=LINE('',#4836,#922);
#750=LINE('',#4837,#923);
#751=LINE('',#4881,#924);
#752=LINE('',#4891,#925);
#753=LINE('',#4935,#926);
#754=LINE('',#4937,#927);
#755=LINE('',#4941,#928);
#756=LINE('',#4942,#929);
#757=LINE('',#4944,#930);
#758=LINE('',#4951,#931);
#759=LINE('',#4957,#932);
#760=LINE('',#4959,#933);
#761=LINE('',#4961,#934);
#762=LINE('',#4962,#935);
#763=LINE('',#5006,#936);
#764=LINE('',#5016,#937);
#765=LINE('',#5060,#938);
#766=LINE('',#5062,#939);
#767=LINE('',#5066,#940);
#768=LINE('',#5068,#941);
#769=LINE('',#5070,#942);
#770=LINE('',#5071,#943);
#771=LINE('',#5115,#944);
#772=LINE('',#5125,#945);
#773=LINE('',#5169,#946);
#774=LINE('',#5171,#947);
#775=LINE('',#5175,#948);
#776=LINE('',#5176,#949);
#777=LINE('',#5178,#950);
#778=LINE('',#5185,#951);
#779=LINE('',#5190,#952);
#780=LINE('',#5194,#953);
#781=LINE('',#5196,#954);
#782=LINE('',#5197,#955);
#783=LINE('',#5200,#956);
#784=LINE('',#5202,#957);
#785=LINE('',#5203,#958);
#786=LINE('',#5206,#959);
#787=LINE('',#5208,#960);
#788=LINE('',#5210,#961);
#789=LINE('',#5212,#962);
#790=LINE('',#5213,#963);
#791=LINE('',#5216,#964);
#792=LINE('',#5220,#965);
#793=LINE('',#5226,#966);
#794=LINE('',#5229,#967);
#795=LINE('',#5234,#968);
#796=LINE('',#5235,#969);
#797=LINE('',#5238,#970);
#798=LINE('',#5239,#971);
#799=LINE('',#5242,#972);
#800=LINE('',#5247,#973);
#801=LINE('',#5250,#974);
#802=LINE('',#5252,#975);
#803=LINE('',#5254,#976);
#804=LINE('',#5261,#977);
#805=LINE('',#5310,#978);
#806=LINE('',#5373,#979);
#807=LINE('',#5380,#980);
#808=LINE('',#5388,#981);
#809=LINE('',#5426,#982);
#810=LINE('',#5484,#983);
#811=LINE('',#5487,#984);
#812=LINE('',#5512,#985);
#813=LINE('',#5515,#986);
#814=LINE('',#5540,#987);
#815=LINE('',#5543,#988);
#816=LINE('',#5568,#989);
#817=LINE('',#5571,#990);
#818=LINE('',#5596,#991);
#819=LINE('',#5599,#992);
#820=LINE('',#5624,#993);
#821=LINE('',#5627,#994);
#822=LINE('',#5652,#995);
#823=LINE('',#5655,#996);
#824=LINE('',#5680,#997);
#825=LINE('',#5683,#998);
#826=LINE('',#5708,#999);
#827=LINE('',#5711,#1000);
#828=LINE('',#5736,#1001);
#829=LINE('',#5739,#1002);
#830=LINE('',#5764,#1003);
#831=LINE('',#5767,#1004);
#832=LINE('',#5792,#1005);
#833=LINE('',#5795,#1006);
#834=LINE('',#5820,#1007);
#835=LINE('',#5823,#1008);
#836=LINE('',#5848,#1009);
#837=LINE('',#5851,#1010);
#838=LINE('',#5876,#1011);
#839=LINE('',#5879,#1012);
#840=LINE('',#5902,#1013);
#841=LINE('',#5917,#1014);
#842=LINE('',#5997,#1015);
#843=LINE('',#6006,#1016);
#844=LINE('',#6007,#1017);
#845=LINE('',#6009,#1018);
#846=LINE('',#6010,#1019);
#847=LINE('',#6564,#1020);
#848=LINE('',#6569,#1021);
#849=LINE('',#6575,#1022);
#850=LINE('',#6584,#1023);
#851=LINE('',#6587,#1024);
#852=LINE('',#6594,#1025);
#853=LINE('',#6596,#1026);
#854=LINE('',#6598,#1027);
#855=LINE('',#6599,#1028);
#856=LINE('',#6602,#1029);
#857=LINE('',#6604,#1030);
#858=LINE('',#6605,#1031);
#859=LINE('',#6608,#1032);
#860=LINE('',#6610,#1033);
#861=LINE('',#6611,#1034);
#862=LINE('',#6613,#1035);
#863=LINE('',#6614,#1036);
#864=VECTOR('',#3059,0.9338125);
#865=VECTOR('',#3064,0.9338125);
#866=VECTOR('',#3065,1.);
#867=VECTOR('',#3066,0.9338125);
#868=VECTOR('',#3071,1.015);
#869=VECTOR('',#3076,1.015);
#870=VECTOR('',#3079,1.015);
#871=VECTOR('',#3080,1.);
#872=VECTOR('',#3083,1.);
#873=VECTOR('',#3086,1.);
#874=VECTOR('',#3089,0.0499999999999998);
#875=VECTOR('',#3096,1.);
#876=VECTOR('',#3097,1.);
#877=VECTOR('',#3100,1.);
#878=VECTOR('',#3101,1.);
#879=VECTOR('',#3104,1.);
#880=VECTOR('',#3105,1.);
#881=VECTOR('',#3108,1.);
#882=VECTOR('',#3111,1.);
#883=VECTOR('',#3114,0.0499999999999998);
#884=VECTOR('',#3121,1.);
#885=VECTOR('',#3122,1.);
#886=VECTOR('',#3123,1.);
#887=VECTOR('',#3124,1.);
#888=VECTOR('',#3125,1.);
#889=VECTOR('',#3126,1.);
#890=VECTOR('',#3129,1.);
#891=VECTOR('',#3130,1.);
#892=VECTOR('',#3131,1.);
#893=VECTOR('',#3132,1.);
#894=VECTOR('',#3135,1.);
#895=VECTOR('',#3138,1.);
#896=VECTOR('',#3139,1.);
#897=VECTOR('',#3142,1.);
#898=VECTOR('',#3143,1.);
#899=VECTOR('',#3146,1.);
#900=VECTOR('',#3147,1.);
#901=VECTOR('',#3154,1.);
#902=VECTOR('',#3157,1.);
#903=VECTOR('',#3160,1.);
#904=VECTOR('',#3163,1.);
#905=VECTOR('',#3166,1.);
#906=VECTOR('',#3169,0.715);
#907=VECTOR('',#3176,0.2145);
#908=VECTOR('',#3185,0.2145);
#909=VECTOR('',#3190,1.);
#910=VECTOR('',#3193,1.);
#911=VECTOR('',#3204,0.745);
#912=VECTOR('',#3215,1.);
#913=VECTOR('',#3216,1.);
#914=VECTOR('',#3217,1.);
#915=VECTOR('',#3218,1.);
#916=VECTOR('',#3219,1.);
#917=VECTOR('',#3222,1.);
#918=VECTOR('',#3223,1.);
#919=VECTOR('',#3226,1.);
#920=VECTOR('',#3229,1.);
#921=VECTOR('',#3230,1.);
#922=VECTOR('',#3231,1.);
#923=VECTOR('',#3232,1.);
#924=VECTOR('',#3233,1.);
#925=VECTOR('',#3236,1.);
#926=VECTOR('',#3237,1.);
#927=VECTOR('',#3240,1.);
#928=VECTOR('',#3245,0.3365);
#929=VECTOR('',#3246,0.3365);
#930=VECTOR('',#3247,0.3365);
#931=VECTOR('',#3256,0.5);
#932=VECTOR('',#3263,1.);
#933=VECTOR('',#3264,1.);
#934=VECTOR('',#3265,1.);
#935=VECTOR('',#3266,1.);
#936=VECTOR('',#3267,1.);
#937=VECTOR('',#3270,1.);
#938=VECTOR('',#3271,1.);
#939=VECTOR('',#3274,1.);
#940=VECTOR('',#3277,1.);
#941=VECTOR('',#3278,1.);
#942=VECTOR('',#3279,1.);
#943=VECTOR('',#3280,1.);
#944=VECTOR('',#3281,1.);
#945=VECTOR('',#3284,1.);
#946=VECTOR('',#3285,1.);
#947=VECTOR('',#3288,1.);
#948=VECTOR('',#3293,0.3365);
#949=VECTOR('',#3294,0.3365);
#950=VECTOR('',#3295,0.3365);
#951=VECTOR('',#3304,0.5);
#952=VECTOR('',#3311,1.2);
#953=VECTOR('',#3316,1.);
#954=VECTOR('',#3317,1.);
#955=VECTOR('',#3318,1.);
#956=VECTOR('',#3321,1.);
#957=VECTOR('',#3322,1.);
#958=VECTOR('',#3323,1.);
#959=VECTOR('',#3326,1.);
#960=VECTOR('',#3327,1.);
#961=VECTOR('',#3328,1.);
#962=VECTOR('',#3329,1.);
#963=VECTOR('',#3330,1.);
#964=VECTOR('',#3333,1.);
#965=VECTOR('',#3336,1.);
#966=VECTOR('',#3343,1.);
#967=VECTOR('',#3346,1.);
#968=VECTOR('',#3351,1.);
#969=VECTOR('',#3352,1.);
#970=VECTOR('',#3355,1.);
#971=VECTOR('',#3356,1.);
#972=VECTOR('',#3359,1.);
#973=VECTOR('',#3364,1.);
#974=VECTOR('',#3369,1.);
#975=VECTOR('',#3372,1.);
#976=VECTOR('',#3375,1.);
#977=VECTOR('',#3384,0.975);
#978=VECTOR('',#3389,0.975);
#979=VECTOR('',#3392,0.8938125);
#980=VECTOR('',#3393,1.);
#981=VECTOR('',#3396,0.8938125);
#982=VECTOR('',#3399,0.8938125);
#983=VECTOR('',#3404,1.);
#984=VECTOR('',#3407,1.);
#985=VECTOR('',#3412,1.);
#986=VECTOR('',#3415,1.);
#987=VECTOR('',#3420,1.);
#988=VECTOR('',#3423,1.);
#989=VECTOR('',#3428,1.);
#990=VECTOR('',#3431,1.);
#991=VECTOR('',#3436,1.);
#992=VECTOR('',#3439,1.);
#993=VECTOR('',#3444,1.);
#994=VECTOR('',#3447,1.);
#995=VECTOR('',#3452,1.);
#996=VECTOR('',#3455,1.);
#997=VECTOR('',#3460,1.);
#998=VECTOR('',#3463,1.);
#999=VECTOR('',#3468,1.);
#1000=VECTOR('',#3471,1.);
#1001=VECTOR('',#3476,1.);
#1002=VECTOR('',#3479,1.);
#1003=VECTOR('',#3484,1.);
#1004=VECTOR('',#3487,1.);
#1005=VECTOR('',#3492,1.);
#1006=VECTOR('',#3495,1.);
#1007=VECTOR('',#3500,1.);
#1008=VECTOR('',#3503,1.);
#1009=VECTOR('',#3508,1.);
#1010=VECTOR('',#3511,1.);
#1011=VECTOR('',#3516,1.);
#1012=VECTOR('',#3519,1.);
#1013=VECTOR('',#3556,1.);
#1014=VECTOR('',#3565,1.);
#1015=VECTOR('',#3684,1.);
#1016=VECTOR('',#3699,1.);
#1017=VECTOR('',#3700,1.);
#1018=VECTOR('',#3701,1.);
#1019=VECTOR('',#3702,1.);
#1020=VECTOR('',#3719,0.675);
#1021=VECTOR('',#3726,0.69);
#1022=VECTOR('',#3733,0.6);
#1023=VECTOR('',#3746,0.69);
#1024=VECTOR('',#3749,0.8838125);
#1025=VECTOR('',#3758,1.);
#1026=VECTOR('',#3759,1.);
#1027=VECTOR('',#3760,1.);
#1028=VECTOR('',#3761,1.);
#1029=VECTOR('',#3764,1.);
#1030=VECTOR('',#3765,1.);
#1031=VECTOR('',#3766,1.);
#1032=VECTOR('',#3769,1.);
#1033=VECTOR('',#3770,1.);
#1034=VECTOR('',#3771,1.);
#1035=VECTOR('',#3774,1.);
#1036=VECTOR('',#3775,1.);
#1037=VERTEX_POINT('',#3799);
#1038=VERTEX_POINT('',#3800);
#1039=VERTEX_POINT('',#3802);
#1040=VERTEX_POINT('',#3815);
#1041=VERTEX_POINT('',#3858);
#1042=VERTEX_POINT('',#3859);
#1043=VERTEX_POINT('',#3861);
#1044=VERTEX_POINT('',#3863);
#1045=VERTEX_POINT('',#3883);
#1046=VERTEX_POINT('',#3884);
#1047=VERTEX_POINT('',#3886);
#1048=VERTEX_POINT('',#3893);
#1049=VERTEX_POINT('',#3903);
#1050=VERTEX_POINT('',#3904);
#1051=VERTEX_POINT('',#3940);
#1052=VERTEX_POINT('',#3941);
#1053=VERTEX_POINT('',#3943);
#1054=VERTEX_POINT('',#3954);
#1055=VERTEX_POINT('',#3967);
#1056=VERTEX_POINT('',#3968);
#1057=VERTEX_POINT('',#3970);
#1058=VERTEX_POINT('',#3972);
#1059=VERTEX_POINT('',#3974);
#1060=VERTEX_POINT('',#3976);
#1061=VERTEX_POINT('',#3981);
#1062=VERTEX_POINT('',#3983);
#1063=VERTEX_POINT('',#3985);
#1064=VERTEX_POINT('',#3987);
#1065=VERTEX_POINT('',#3991);
#1066=VERTEX_POINT('',#3995);
#1067=VERTEX_POINT('',#3996);
#1068=VERTEX_POINT('',#3998);
#1069=VERTEX_POINT('',#4000);
#1070=VERTEX_POINT('',#4002);
#1071=VERTEX_POINT('',#4004);
#1072=VERTEX_POINT('',#4009);
#1073=VERTEX_POINT('',#4010);
#1074=VERTEX_POINT('',#4012);
#1075=VERTEX_POINT('',#4014);
#1076=VERTEX_POINT('',#4017);
#1077=VERTEX_POINT('',#4019);
#1078=VERTEX_POINT('',#4021);
#1079=VERTEX_POINT('',#4023);
#1080=VERTEX_POINT('',#4026);
#1081=VERTEX_POINT('',#4028);
#1082=VERTEX_POINT('',#4030);
#1083=VERTEX_POINT('',#4034);
#1084=VERTEX_POINT('',#4038);
#1085=VERTEX_POINT('',#4042);
#1086=VERTEX_POINT('',#4044);
#1087=VERTEX_POINT('',#4046);
#1088=VERTEX_POINT('',#4060);
#1089=VERTEX_POINT('',#4064);
#1090=VERTEX_POINT('',#4066);
#1091=VERTEX_POINT('',#4071);
#1092=VERTEX_POINT('',#4073);
#1093=VERTEX_POINT('',#4225);
#1094=VERTEX_POINT('',#4629);
#1095=VERTEX_POINT('',#4713);
#1096=VERTEX_POINT('',#4718);
#1097=VERTEX_POINT('',#4721);
#1098=VERTEX_POINT('',#4722);
#1099=VERTEX_POINT('',#4724);
#1100=VERTEX_POINT('',#4726);
#1101=VERTEX_POINT('',#4757);
#1102=VERTEX_POINT('',#4771);
#1103=VERTEX_POINT('',#4781);
#1104=VERTEX_POINT('',#4818);
#1105=VERTEX_POINT('',#4830);
#1106=VERTEX_POINT('',#4831);
#1107=VERTEX_POINT('',#4833);
#1108=VERTEX_POINT('',#4835);
#1109=VERTEX_POINT('',#4866);
#1110=VERTEX_POINT('',#4880);
#1111=VERTEX_POINT('',#4890);
#1112=VERTEX_POINT('',#4927);
#1113=VERTEX_POINT('',#4939);
#1114=VERTEX_POINT('',#4943);
#1115=VERTEX_POINT('',#4948);
#1116=VERTEX_POINT('',#4950);
#1117=VERTEX_POINT('',#4955);
#1118=VERTEX_POINT('',#4956);
#1119=VERTEX_POINT('',#4958);
#1120=VERTEX_POINT('',#4960);
#1121=VERTEX_POINT('',#4991);
#1122=VERTEX_POINT('',#5005);
#1123=VERTEX_POINT('',#5015);
#1124=VERTEX_POINT('',#5052);
#1125=VERTEX_POINT('',#5064);
#1126=VERTEX_POINT('',#5065);
#1127=VERTEX_POINT('',#5067);
#1128=VERTEX_POINT('',#5069);
#1129=VERTEX_POINT('',#5100);
#1130=VERTEX_POINT('',#5114);
#1131=VERTEX_POINT('',#5124);
#1132=VERTEX_POINT('',#5161);
#1133=VERTEX_POINT('',#5173);
#1134=VERTEX_POINT('',#5177);
#1135=VERTEX_POINT('',#5182);
#1136=VERTEX_POINT('',#5184);
#1137=VERTEX_POINT('',#5189);
#1138=VERTEX_POINT('',#5193);
#1139=VERTEX_POINT('',#5195);
#1140=VERTEX_POINT('',#5199);
#1141=VERTEX_POINT('',#5201);
#1142=VERTEX_POINT('',#5205);
#1143=VERTEX_POINT('',#5207);
#1144=VERTEX_POINT('',#5209);
#1145=VERTEX_POINT('',#5211);
#1146=VERTEX_POINT('',#5215);
#1147=VERTEX_POINT('',#5217);
#1148=VERTEX_POINT('',#5219);
#1149=VERTEX_POINT('',#5223);
#1150=VERTEX_POINT('',#5225);
#1151=VERTEX_POINT('',#5227);
#1152=VERTEX_POINT('',#5231);
#1153=VERTEX_POINT('',#5232);
#1154=VERTEX_POINT('',#5237);
#1155=VERTEX_POINT('',#5241);
#1156=VERTEX_POINT('',#5244);
#1157=VERTEX_POINT('',#5246);
#1158=VERTEX_POINT('',#5259);
#1159=VERTEX_POINT('',#5260);
#1160=VERTEX_POINT('',#5262);
#1161=VERTEX_POINT('',#5294);
#1162=VERTEX_POINT('',#5308);
#1163=VERTEX_POINT('',#5309);
#1164=VERTEX_POINT('',#5371);
#1165=VERTEX_POINT('',#5372);
#1166=VERTEX_POINT('',#5374);
#1167=VERTEX_POINT('',#5379);
#1168=VERTEX_POINT('',#5386);
#1169=VERTEX_POINT('',#5387);
#1170=VERTEX_POINT('',#5424);
#1171=VERTEX_POINT('',#5425);
#1172=VERTEX_POINT('',#5461);
#1173=VERTEX_POINT('',#5462);
#1174=VERTEX_POINT('',#5472);
#1175=VERTEX_POINT('',#5474);
#1176=VERTEX_POINT('',#5483);
#1177=VERTEX_POINT('',#5485);
#1178=VERTEX_POINT('',#5489);
#1179=VERTEX_POINT('',#5490);
#1180=VERTEX_POINT('',#5500);
#1181=VERTEX_POINT('',#5502);
#1182=VERTEX_POINT('',#5511);
#1183=VERTEX_POINT('',#5513);
#1184=VERTEX_POINT('',#5517);
#1185=VERTEX_POINT('',#5518);
#1186=VERTEX_POINT('',#5528);
#1187=VERTEX_POINT('',#5530);
#1188=VERTEX_POINT('',#5539);
#1189=VERTEX_POINT('',#5541);
#1190=VERTEX_POINT('',#5545);
#1191=VERTEX_POINT('',#5546);
#1192=VERTEX_POINT('',#5556);
#1193=VERTEX_POINT('',#5558);
#1194=VERTEX_POINT('',#5567);
#1195=VERTEX_POINT('',#5569);
#1196=VERTEX_POINT('',#5573);
#1197=VERTEX_POINT('',#5574);
#1198=VERTEX_POINT('',#5584);
#1199=VERTEX_POINT('',#5586);
#1200=VERTEX_POINT('',#5595);
#1201=VERTEX_POINT('',#5597);
#1202=VERTEX_POINT('',#5601);
#1203=VERTEX_POINT('',#5602);
#1204=VERTEX_POINT('',#5612);
#1205=VERTEX_POINT('',#5614);
#1206=VERTEX_POINT('',#5623);
#1207=VERTEX_POINT('',#5625);
#1208=VERTEX_POINT('',#5629);
#1209=VERTEX_POINT('',#5630);
#1210=VERTEX_POINT('',#5640);
#1211=VERTEX_POINT('',#5642);
#1212=VERTEX_POINT('',#5651);
#1213=VERTEX_POINT('',#5653);
#1214=VERTEX_POINT('',#5657);
#1215=VERTEX_POINT('',#5658);
#1216=VERTEX_POINT('',#5668);
#1217=VERTEX_POINT('',#5670);
#1218=VERTEX_POINT('',#5679);
#1219=VERTEX_POINT('',#5681);
#1220=VERTEX_POINT('',#5685);
#1221=VERTEX_POINT('',#5686);
#1222=VERTEX_POINT('',#5696);
#1223=VERTEX_POINT('',#5698);
#1224=VERTEX_POINT('',#5707);
#1225=VERTEX_POINT('',#5709);
#1226=VERTEX_POINT('',#5713);
#1227=VERTEX_POINT('',#5714);
#1228=VERTEX_POINT('',#5724);
#1229=VERTEX_POINT('',#5726);
#1230=VERTEX_POINT('',#5735);
#1231=VERTEX_POINT('',#5737);
#1232=VERTEX_POINT('',#5741);
#1233=VERTEX_POINT('',#5742);
#1234=VERTEX_POINT('',#5752);
#1235=VERTEX_POINT('',#5754);
#1236=VERTEX_POINT('',#5763);
#1237=VERTEX_POINT('',#5765);
#1238=VERTEX_POINT('',#5769);
#1239=VERTEX_POINT('',#5770);
#1240=VERTEX_POINT('',#5780);
#1241=VERTEX_POINT('',#5782);
#1242=VERTEX_POINT('',#5791);
#1243=VERTEX_POINT('',#5793);
#1244=VERTEX_POINT('',#5797);
#1245=VERTEX_POINT('',#5798);
#1246=VERTEX_POINT('',#5808);
#1247=VERTEX_POINT('',#5810);
#1248=VERTEX_POINT('',#5819);
#1249=VERTEX_POINT('',#5821);
#1250=VERTEX_POINT('',#5825);
#1251=VERTEX_POINT('',#5826);
#1252=VERTEX_POINT('',#5836);
#1253=VERTEX_POINT('',#5838);
#1254=VERTEX_POINT('',#5847);
#1255=VERTEX_POINT('',#5849);
#1256=VERTEX_POINT('',#5853);
#1257=VERTEX_POINT('',#5854);
#1258=VERTEX_POINT('',#5864);
#1259=VERTEX_POINT('',#5866);
#1260=VERTEX_POINT('',#5875);
#1261=VERTEX_POINT('',#5877);
#1262=VERTEX_POINT('',#5895);
#1263=VERTEX_POINT('',#5897);
#1264=VERTEX_POINT('',#5900);
#1265=VERTEX_POINT('',#5901);
#1266=VERTEX_POINT('',#5903);
#1267=VERTEX_POINT('',#5905);
#1268=VERTEX_POINT('',#5915);
#1269=VERTEX_POINT('',#5947);
#1270=VERTEX_POINT('',#5987);
#1271=VERTEX_POINT('',#5988);
#1272=VERTEX_POINT('',#6005);
#1273=VERTEX_POINT('',#6008);
#1274=VERTEX_POINT('',#6173);
#1275=VERTEX_POINT('',#6261);
#1276=VERTEX_POINT('',#6557);
#1277=VERTEX_POINT('',#6561);
#1278=VERTEX_POINT('',#6563);
#1279=VERTEX_POINT('',#6567);
#1280=VERTEX_POINT('',#6572);
#1281=VERTEX_POINT('',#6574);
#1282=VERTEX_POINT('',#6579);
#1283=VERTEX_POINT('',#6582);
#1284=VERTEX_POINT('',#6586);
#1285=VERTEX_POINT('',#6592);
#1286=VERTEX_POINT('',#6593);
#1287=VERTEX_POINT('',#6595);
#1288=VERTEX_POINT('',#6597);
#1289=VERTEX_POINT('',#6601);
#1290=VERTEX_POINT('',#6603);
#1291=VERTEX_POINT('',#6607);
#1292=VERTEX_POINT('',#6609);
#1293=VERTEX_POINT('',#6619);
#1294=EDGE_CURVE('',#1037,#1038,#691,.T.);
#1295=EDGE_CURVE('',#1038,#1039,#608,.T.);
#1296=EDGE_CURVE('',#1040,#1039,#472,.T.);
#1297=EDGE_CURVE('',#1040,#1037,#609,.T.);
#1298=EDGE_CURVE('',#1041,#1042,#692,.T.);
#1299=EDGE_CURVE('',#1041,#1043,#693,.T.);
#1300=EDGE_CURVE('',#1044,#1043,#694,.T.);
#1301=EDGE_CURVE('',#1044,#1044,#473,.T.);
#1302=EDGE_CURVE('',#1043,#1042,#610,.T.);
#1303=EDGE_CURVE('',#1045,#1046,#695,.T.);
#1304=EDGE_CURVE('',#1046,#1047,#611,.T.);
#1305=EDGE_CURVE('',#1048,#1047,#474,.T.);
#1306=EDGE_CURVE('',#1045,#1048,#612,.T.);
#1307=EDGE_CURVE('',#1049,#1050,#696,.T.);
#1308=EDGE_CURVE('',#1050,#1046,#613,.T.);
#1309=EDGE_CURVE('',#1049,#1045,#614,.T.);
#1310=EDGE_CURVE('',#1051,#1052,#697,.T.);
#1311=EDGE_CURVE('',#1053,#1051,#615,.T.);
#1312=EDGE_CURVE('',#1053,#1054,#698,.T.);
#1313=EDGE_CURVE('',#1054,#1052,#616,.T.);
#1314=EDGE_CURVE('',#1055,#1056,#699,.T.);
#1315=EDGE_CURVE('',#1057,#1055,#475,.T.);
#1316=EDGE_CURVE('',#1058,#1057,#700,.T.);
#1317=EDGE_CURVE('',#1059,#1058,#476,.T.);
#1318=EDGE_CURVE('',#1059,#1060,#701,.T.);
#1319=EDGE_CURVE('',#1060,#1060,#477,.T.);
#1320=EDGE_CURVE('',#1056,#1059,#478,.T.);
#1321=EDGE_CURVE('',#1061,#1058,#702,.T.);
#1322=EDGE_CURVE('',#1062,#1061,#703,.T.);
#1323=EDGE_CURVE('',#1063,#1062,#479,.T.);
#1324=EDGE_CURVE('',#1064,#1063,#704,.T.);
#1325=EDGE_CURVE('',#1056,#1064,#705,.T.);
#1326=EDGE_CURVE('',#1065,#1057,#706,.T.);
#1327=EDGE_CURVE('',#1065,#1061,#707,.T.);
#1328=EDGE_CURVE('',#1066,#1067,#708,.T.);
#1329=EDGE_CURVE('',#1068,#1066,#480,.T.);
#1330=EDGE_CURVE('',#1069,#1068,#709,.T.);
#1331=EDGE_CURVE('',#1070,#1069,#481,.T.);
#1332=EDGE_CURVE('',#1070,#1071,#710,.T.);
#1333=EDGE_CURVE('',#1071,#1071,#482,.T.);
#1334=EDGE_CURVE('',#1067,#1070,#483,.T.);
#1335=EDGE_CURVE('',#1072,#1073,#711,.T.);
#1336=EDGE_CURVE('',#1074,#1072,#712,.T.);
#1337=EDGE_CURVE('',#1075,#1074,#713,.T.);
#1338=EDGE_CURVE('',#1073,#1075,#714,.T.);
#1339=EDGE_CURVE('',#1055,#1076,#715,.T.);
#1340=EDGE_CURVE('',#1076,#1077,#716,.T.);
#1341=EDGE_CURVE('',#1077,#1078,#484,.T.);
#1342=EDGE_CURVE('',#1078,#1079,#717,.T.);
#1343=EDGE_CURVE('',#1079,#1067,#718,.T.);
#1344=EDGE_CURVE('',#1069,#1080,#719,.T.);
#1345=EDGE_CURVE('',#1080,#1081,#720,.T.);
#1346=EDGE_CURVE('',#1081,#1082,#485,.T.);
#1347=EDGE_CURVE('',#1082,#1065,#721,.T.);
#1348=EDGE_CURVE('',#1068,#1083,#722,.T.);
#1349=EDGE_CURVE('',#1080,#1083,#723,.T.);
#1350=EDGE_CURVE('',#1081,#1084,#724,.T.);
#1351=EDGE_CURVE('',#1083,#1084,#725,.T.);
#1352=EDGE_CURVE('',#1085,#1066,#726,.T.);
#1353=EDGE_CURVE('',#1086,#1085,#727,.T.);
#1354=EDGE_CURVE('',#1087,#1086,#486,.T.);
#1355=EDGE_CURVE('',#1084,#1087,#487,.T.);
#1356=EDGE_CURVE('',#1079,#1085,#728,.T.);
#1357=EDGE_CURVE('',#1086,#1078,#729,.T.);
#1358=EDGE_CURVE('',#1076,#1064,#730,.T.);
#1359=EDGE_CURVE('',#1062,#1082,#731,.T.);
#1360=EDGE_CURVE('',#1077,#1063,#732,.T.);
#1361=EDGE_CURVE('',#1087,#1088,#733,.T.);
#1362=EDGE_CURVE('',#1088,#1088,#488,.T.);
#1363=EDGE_CURVE('',#1089,#1089,#489,.T.);
#1364=EDGE_CURVE('',#1089,#1090,#734,.T.);
#1365=EDGE_CURVE('',#1090,#1090,#490,.T.);
#1366=EDGE_CURVE('',#1091,#1091,#491,.T.);
#1367=EDGE_CURVE('',#1091,#1092,#735,.T.);
#1368=EDGE_CURVE('',#1092,#1092,#492,.T.);
#1369=EDGE_CURVE('',#1047,#1093,#617,.T.);
#1370=EDGE_CURVE('',#1052,#1050,#618,.T.);
#1371=EDGE_CURVE('',#1054,#1041,#736,.T.);
#1372=EDGE_CURVE('',#1037,#1041,#619,.T.);
#1373=EDGE_CURVE('',#1093,#1040,#620,.T.);
#1374=EDGE_CURVE('',#1043,#1053,#737,.T.);
#1375=EDGE_CURVE('',#1051,#1049,#621,.T.);
#1376=EDGE_CURVE('',#1094,#1048,#622,.T.);
#1377=EDGE_CURVE('',#1039,#1094,#623,.T.);
#1378=EDGE_CURVE('',#1042,#1038,#624,.T.);
#1379=EDGE_CURVE('',#1094,#1093,#493,.T.);
#1380=EDGE_CURVE('',#1088,#1095,#738,.T.);
#1381=EDGE_CURVE('',#1095,#1095,#494,.T.);
#1382=EDGE_CURVE('',#1096,#1096,#495,.T.);
#1383=EDGE_CURVE('',#1097,#1098,#739,.T.);
#1384=EDGE_CURVE('',#1097,#1099,#740,.T.);
#1385=EDGE_CURVE('',#1099,#1100,#741,.T.);
#1386=EDGE_CURVE('',#1100,#1098,#742,.T.);
#1387=EDGE_CURVE('',#1101,#1097,#625,.T.);
#1388=EDGE_CURVE('',#1102,#1101,#743,.T.);
#1389=EDGE_CURVE('',#1099,#1102,#626,.T.);
#1390=EDGE_CURVE('',#1103,#1102,#744,.T.);
#1391=EDGE_CURVE('',#1100,#1103,#627,.T.);
#1392=EDGE_CURVE('',#1098,#1104,#628,.T.);
#1393=EDGE_CURVE('',#1104,#1103,#745,.T.);
#1394=EDGE_CURVE('',#1104,#1101,#746,.T.);
#1395=EDGE_CURVE('',#1105,#1106,#747,.T.);
#1396=EDGE_CURVE('',#1105,#1107,#748,.T.);
#1397=EDGE_CURVE('',#1107,#1108,#749,.T.);
#1398=EDGE_CURVE('',#1108,#1106,#750,.T.);
#1399=EDGE_CURVE('',#1109,#1105,#629,.T.);
#1400=EDGE_CURVE('',#1110,#1109,#751,.T.);
#1401=EDGE_CURVE('',#1107,#1110,#630,.T.);
#1402=EDGE_CURVE('',#1111,#1110,#752,.T.);
#1403=EDGE_CURVE('',#1108,#1111,#631,.T.);
#1404=EDGE_CURVE('',#1106,#1112,#632,.T.);
#1405=EDGE_CURVE('',#1112,#1111,#753,.T.);
#1406=EDGE_CURVE('',#1112,#1109,#754,.T.);
#1407=EDGE_CURVE('',#1113,#1113,#496,.T.);
#1408=EDGE_CURVE('',#1113,#1104,#755,.T.);
#1409=EDGE_CURVE('',#1101,#1106,#756,.T.);
#1410=EDGE_CURVE('',#1105,#1114,#757,.T.);
#1411=EDGE_CURVE('',#1114,#1114,#497,.T.);
#1412=EDGE_CURVE('',#1115,#1115,#498,.T.);
#1413=EDGE_CURVE('',#1115,#1116,#758,.T.);
#1414=EDGE_CURVE('',#1116,#1116,#499,.T.);
#1415=EDGE_CURVE('',#1117,#1118,#759,.T.);
#1416=EDGE_CURVE('',#1117,#1119,#760,.T.);
#1417=EDGE_CURVE('',#1119,#1120,#761,.T.);
#1418=EDGE_CURVE('',#1120,#1118,#762,.T.);
#1419=EDGE_CURVE('',#1121,#1117,#633,.T.);
#1420=EDGE_CURVE('',#1122,#1121,#763,.T.);
#1421=EDGE_CURVE('',#1119,#1122,#634,.T.);
#1422=EDGE_CURVE('',#1123,#1122,#764,.T.);
#1423=EDGE_CURVE('',#1120,#1123,#635,.T.);
#1424=EDGE_CURVE('',#1118,#1124,#636,.T.);
#1425=EDGE_CURVE('',#1124,#1123,#765,.T.);
#1426=EDGE_CURVE('',#1124,#1121,#766,.T.);
#1427=EDGE_CURVE('',#1125,#1126,#767,.T.);
#1428=EDGE_CURVE('',#1125,#1127,#768,.T.);
#1429=EDGE_CURVE('',#1127,#1128,#769,.T.);
#1430=EDGE_CURVE('',#1128,#1126,#770,.T.);
#1431=EDGE_CURVE('',#1129,#1125,#637,.T.);
#1432=EDGE_CURVE('',#1130,#1129,#771,.T.);
#1433=EDGE_CURVE('',#1127,#1130,#638,.T.);
#1434=EDGE_CURVE('',#1131,#1130,#772,.T.);
#1435=EDGE_CURVE('',#1128,#1131,#639,.T.);
#1436=EDGE_CURVE('',#1126,#1132,#640,.T.);
#1437=EDGE_CURVE('',#1132,#1131,#773,.T.);
#1438=EDGE_CURVE('',#1132,#1129,#774,.T.);
#1439=EDGE_CURVE('',#1133,#1133,#500,.T.);
#1440=EDGE_CURVE('',#1133,#1124,#775,.T.);
#1441=EDGE_CURVE('',#1121,#1126,#776,.T.);
#1442=EDGE_CURVE('',#1125,#1134,#777,.T.);
#1443=EDGE_CURVE('',#1134,#1134,#501,.T.);
#1444=EDGE_CURVE('',#1135,#1135,#502,.T.);
#1445=EDGE_CURVE('',#1135,#1136,#778,.T.);
#1446=EDGE_CURVE('',#1136,#1136,#503,.T.);
#1447=EDGE_CURVE('',#1096,#1137,#779,.T.);
#1448=EDGE_CURVE('',#1137,#1137,#504,.T.);
#1449=EDGE_CURVE('',#1073,#1138,#780,.T.);
#1450=EDGE_CURVE('',#1139,#1075,#781,.T.);
#1451=EDGE_CURVE('',#1138,#1139,#782,.T.);
#1452=EDGE_CURVE('',#1140,#1072,#783,.T.);
#1453=EDGE_CURVE('',#1141,#1140,#784,.T.);
#1454=EDGE_CURVE('',#1074,#1141,#785,.T.);
#1455=EDGE_CURVE('',#1141,#1142,#786,.T.);
#1456=EDGE_CURVE('',#1143,#1142,#787,.T.);
#1457=EDGE_CURVE('',#1144,#1143,#788,.T.);
#1458=EDGE_CURVE('',#1145,#1144,#789,.T.);
#1459=EDGE_CURVE('',#1145,#1139,#790,.T.);
#1460=EDGE_CURVE('',#1146,#1140,#791,.T.);
#1461=EDGE_CURVE('',#1147,#1146,#505,.T.);
#1462=EDGE_CURVE('',#1148,#1147,#792,.T.);
#1463=EDGE_CURVE('',#1142,#1148,#506,.T.);
#1464=EDGE_CURVE('',#1149,#1145,#507,.T.);
#1465=EDGE_CURVE('',#1150,#1149,#793,.T.);
#1466=EDGE_CURVE('',#1151,#1150,#508,.T.);
#1467=EDGE_CURVE('',#1138,#1151,#794,.T.);
#1468=EDGE_CURVE('',#1152,#1153,#509,.T.);
#1469=EDGE_CURVE('',#1153,#1151,#795,.T.);
#1470=EDGE_CURVE('',#1150,#1152,#796,.T.);
#1471=EDGE_CURVE('',#1154,#1153,#797,.T.);
#1472=EDGE_CURVE('',#1146,#1154,#798,.T.);
#1473=EDGE_CURVE('',#1152,#1155,#799,.T.);
#1474=EDGE_CURVE('',#1144,#1155,#510,.T.);
#1475=EDGE_CURVE('',#1156,#1143,#511,.T.);
#1476=EDGE_CURVE('',#1156,#1157,#800,.T.);
#1477=EDGE_CURVE('',#1154,#1157,#512,.T.);
#1478=EDGE_CURVE('',#1155,#1149,#801,.T.);
#1479=EDGE_CURVE('',#1148,#1156,#802,.T.);
#1480=EDGE_CURVE('',#1157,#1147,#803,.T.);
#1481=EDGE_CURVE('',#1158,#1159,#804,.T.);
#1482=EDGE_CURVE('',#1158,#1160,#641,.T.);
#1483=EDGE_CURVE('',#1160,#1161,#513,.T.);
#1484=EDGE_CURVE('',#1161,#1159,#642,.T.);
#1485=EDGE_CURVE('',#1162,#1163,#805,.T.);
#1486=EDGE_CURVE('',#1162,#1158,#643,.T.);
#1487=EDGE_CURVE('',#1159,#1163,#644,.T.);
#1488=EDGE_CURVE('',#1164,#1165,#806,.T.);
#1489=EDGE_CURVE('',#1164,#1166,#645,.T.);
#1490=EDGE_CURVE('',#1166,#1167,#807,.T.);
#1491=EDGE_CURVE('',#1165,#1167,#646,.T.);
#1492=EDGE_CURVE('',#1168,#1169,#808,.T.);
#1493=EDGE_CURVE('',#1168,#1164,#647,.T.);
#1494=EDGE_CURVE('',#1169,#1165,#648,.T.);
#1495=EDGE_CURVE('',#1170,#1171,#809,.T.);
#1496=EDGE_CURVE('',#1170,#1168,#649,.T.);
#1497=EDGE_CURVE('',#1171,#1169,#650,.T.);
#1498=EDGE_CURVE('',#1172,#1173,#651,.T.);
#1499=EDGE_CURVE('',#1174,#1172,#514,.T.);
#1500=EDGE_CURVE('',#1175,#1174,#652,.T.);
#1501=EDGE_CURVE('',#1176,#1175,#810,.T.);
#1502=EDGE_CURVE('',#1177,#1176,#515,.T.);
#1503=EDGE_CURVE('',#1173,#1177,#811,.T.);
#1504=EDGE_CURVE('',#1178,#1179,#653,.T.);
#1505=EDGE_CURVE('',#1180,#1178,#516,.T.);
#1506=EDGE_CURVE('',#1181,#1180,#654,.T.);
#1507=EDGE_CURVE('',#1182,#1181,#812,.T.);
#1508=EDGE_CURVE('',#1183,#1182,#517,.T.);
#1509=EDGE_CURVE('',#1179,#1183,#813,.T.);
#1510=EDGE_CURVE('',#1184,#1185,#655,.T.);
#1511=EDGE_CURVE('',#1186,#1184,#518,.T.);
#1512=EDGE_CURVE('',#1187,#1186,#656,.T.);
#1513=EDGE_CURVE('',#1188,#1187,#814,.T.);
#1514=EDGE_CURVE('',#1189,#1188,#519,.T.);
#1515=EDGE_CURVE('',#1185,#1189,#815,.T.);
#1516=EDGE_CURVE('',#1190,#1191,#657,.T.);
#1517=EDGE_CURVE('',#1192,#1190,#520,.T.);
#1518=EDGE_CURVE('',#1193,#1192,#658,.T.);
#1519=EDGE_CURVE('',#1194,#1193,#816,.T.);
#1520=EDGE_CURVE('',#1195,#1194,#521,.T.);
#1521=EDGE_CURVE('',#1191,#1195,#817,.T.);
#1522=EDGE_CURVE('',#1196,#1197,#659,.T.);
#1523=EDGE_CURVE('',#1198,#1196,#522,.T.);
#1524=EDGE_CURVE('',#1199,#1198,#660,.T.);
#1525=EDGE_CURVE('',#1200,#1199,#818,.T.);
#1526=EDGE_CURVE('',#1201,#1200,#523,.T.);
#1527=EDGE_CURVE('',#1197,#1201,#819,.T.);
#1528=EDGE_CURVE('',#1202,#1203,#661,.T.);
#1529=EDGE_CURVE('',#1204,#1202,#524,.T.);
#1530=EDGE_CURVE('',#1205,#1204,#662,.T.);
#1531=EDGE_CURVE('',#1206,#1205,#820,.T.);
#1532=EDGE_CURVE('',#1207,#1206,#525,.T.);
#1533=EDGE_CURVE('',#1203,#1207,#821,.T.);
#1534=EDGE_CURVE('',#1208,#1209,#663,.T.);
#1535=EDGE_CURVE('',#1210,#1208,#526,.T.);
#1536=EDGE_CURVE('',#1211,#1210,#664,.T.);
#1537=EDGE_CURVE('',#1212,#1211,#822,.T.);
#1538=EDGE_CURVE('',#1213,#1212,#527,.T.);
#1539=EDGE_CURVE('',#1209,#1213,#823,.T.);
#1540=EDGE_CURVE('',#1214,#1215,#665,.T.);
#1541=EDGE_CURVE('',#1216,#1214,#528,.T.);
#1542=EDGE_CURVE('',#1217,#1216,#666,.T.);
#1543=EDGE_CURVE('',#1218,#1217,#824,.T.);
#1544=EDGE_CURVE('',#1219,#1218,#529,.T.);
#1545=EDGE_CURVE('',#1215,#1219,#825,.T.);
#1546=EDGE_CURVE('',#1220,#1221,#667,.T.);
#1547=EDGE_CURVE('',#1222,#1220,#530,.T.);
#1548=EDGE_CURVE('',#1223,#1222,#668,.T.);
#1549=EDGE_CURVE('',#1224,#1223,#826,.T.);
#1550=EDGE_CURVE('',#1225,#1224,#531,.T.);
#1551=EDGE_CURVE('',#1221,#1225,#827,.T.);
#1552=EDGE_CURVE('',#1226,#1227,#669,.T.);
#1553=EDGE_CURVE('',#1228,#1226,#532,.T.);
#1554=EDGE_CURVE('',#1229,#1228,#670,.T.);
#1555=EDGE_CURVE('',#1230,#1229,#828,.T.);
#1556=EDGE_CURVE('',#1231,#1230,#533,.T.);
#1557=EDGE_CURVE('',#1227,#1231,#829,.T.);
#1558=EDGE_CURVE('',#1232,#1233,#671,.T.);
#1559=EDGE_CURVE('',#1234,#1232,#534,.T.);
#1560=EDGE_CURVE('',#1235,#1234,#672,.T.);
#1561=EDGE_CURVE('',#1236,#1235,#830,.T.);
#1562=EDGE_CURVE('',#1237,#1236,#535,.T.);
#1563=EDGE_CURVE('',#1233,#1237,#831,.T.);
#1564=EDGE_CURVE('',#1238,#1239,#673,.T.);
#1565=EDGE_CURVE('',#1240,#1238,#536,.T.);
#1566=EDGE_CURVE('',#1241,#1240,#674,.T.);
#1567=EDGE_CURVE('',#1242,#1241,#832,.T.);
#1568=EDGE_CURVE('',#1243,#1242,#537,.T.);
#1569=EDGE_CURVE('',#1239,#1243,#833,.T.);
#1570=EDGE_CURVE('',#1244,#1245,#675,.T.);
#1571=EDGE_CURVE('',#1246,#1244,#538,.T.);
#1572=EDGE_CURVE('',#1247,#1246,#676,.T.);
#1573=EDGE_CURVE('',#1248,#1247,#834,.T.);
#1574=EDGE_CURVE('',#1249,#1248,#539,.T.);
#1575=EDGE_CURVE('',#1245,#1249,#835,.T.);
#1576=EDGE_CURVE('',#1250,#1251,#677,.T.);
#1577=EDGE_CURVE('',#1252,#1250,#540,.T.);
#1578=EDGE_CURVE('',#1253,#1252,#678,.T.);
#1579=EDGE_CURVE('',#1254,#1253,#836,.T.);
#1580=EDGE_CURVE('',#1255,#1254,#541,.T.);
#1581=EDGE_CURVE('',#1251,#1255,#837,.T.);
#1582=EDGE_CURVE('',#1256,#1257,#679,.T.);
#1583=EDGE_CURVE('',#1258,#1256,#542,.T.);
#1584=EDGE_CURVE('',#1259,#1258,#680,.T.);
#1585=EDGE_CURVE('',#1260,#1259,#838,.T.);
#1586=EDGE_CURVE('',#1261,#1260,#543,.T.);
#1587=EDGE_CURVE('',#1257,#1261,#839,.T.);
#1588=EDGE_CURVE('',#1176,#1183,#544,.T.);
#1589=EDGE_CURVE('',#1182,#1189,#545,.T.);
#1590=EDGE_CURVE('',#1188,#1195,#546,.T.);
#1591=EDGE_CURVE('',#1194,#1201,#547,.T.);
#1592=EDGE_CURVE('',#1200,#1207,#548,.T.);
#1593=EDGE_CURVE('',#1206,#1213,#549,.T.);
#1594=EDGE_CURVE('',#1212,#1219,#550,.T.);
#1595=EDGE_CURVE('',#1218,#1225,#551,.T.);
#1596=EDGE_CURVE('',#1224,#1231,#552,.T.);
#1597=EDGE_CURVE('',#1230,#1237,#553,.T.);
#1598=EDGE_CURVE('',#1236,#1243,#554,.T.);
#1599=EDGE_CURVE('',#1242,#1249,#555,.T.);
#1600=EDGE_CURVE('',#1248,#1255,#556,.T.);
#1601=EDGE_CURVE('',#1254,#1261,#557,.T.);
#1602=EDGE_CURVE('',#1260,#1262,#558,.T.);
#1603=EDGE_CURVE('',#1262,#1263,#559,.T.);
#1604=EDGE_CURVE('',#1263,#1177,#560,.T.);
#1605=EDGE_CURVE('',#1264,#1265,#840,.T.);
#1606=EDGE_CURVE('',#1265,#1266,#561,.T.);
#1607=EDGE_CURVE('',#1266,#1267,#681,.T.);
#1608=EDGE_CURVE('',#1267,#1264,#562,.T.);
#1609=EDGE_CURVE('',#1268,#1259,#563,.T.);
#1610=EDGE_CURVE('',#1268,#1262,#841,.T.);
#1611=EDGE_CURVE('',#1257,#1253,#564,.T.);
#1612=EDGE_CURVE('',#1251,#1247,#565,.T.);
#1613=EDGE_CURVE('',#1245,#1241,#566,.T.);
#1614=EDGE_CURVE('',#1239,#1235,#567,.T.);
#1615=EDGE_CURVE('',#1233,#1229,#568,.T.);
#1616=EDGE_CURVE('',#1227,#1223,#569,.T.);
#1617=EDGE_CURVE('',#1221,#1217,#570,.T.);
#1618=EDGE_CURVE('',#1215,#1211,#571,.T.);
#1619=EDGE_CURVE('',#1209,#1205,#572,.T.);
#1620=EDGE_CURVE('',#1203,#1199,#573,.T.);
#1621=EDGE_CURVE('',#1197,#1193,#574,.T.);
#1622=EDGE_CURVE('',#1191,#1187,#575,.T.);
#1623=EDGE_CURVE('',#1185,#1181,#576,.T.);
#1624=EDGE_CURVE('',#1179,#1175,#577,.T.);
#1625=EDGE_CURVE('',#1258,#1269,#578,.T.);
#1626=EDGE_CURVE('',#1269,#1268,#682,.T.);
#1627=EDGE_CURVE('',#1252,#1256,#579,.T.);
#1628=EDGE_CURVE('',#1246,#1250,#580,.T.);
#1629=EDGE_CURVE('',#1240,#1244,#581,.T.);
#1630=EDGE_CURVE('',#1234,#1238,#582,.T.);
#1631=EDGE_CURVE('',#1228,#1232,#583,.T.);
#1632=EDGE_CURVE('',#1222,#1226,#584,.T.);
#1633=EDGE_CURVE('',#1216,#1220,#585,.T.);
#1634=EDGE_CURVE('',#1210,#1214,#586,.T.);
#1635=EDGE_CURVE('',#1204,#1208,#587,.T.);
#1636=EDGE_CURVE('',#1198,#1202,#588,.T.);
#1637=EDGE_CURVE('',#1192,#1196,#589,.T.);
#1638=EDGE_CURVE('',#1186,#1190,#590,.T.);
#1639=EDGE_CURVE('',#1180,#1184,#591,.T.);
#1640=EDGE_CURVE('',#1174,#1178,#592,.T.);
#1641=EDGE_CURVE('',#1270,#1271,#683,.T.);
#1642=EDGE_CURVE('',#1263,#1270,#842,.T.);
#1643=EDGE_CURVE('',#1271,#1269,#593,.T.);
#1644=EDGE_CURVE('',#1173,#1270,#594,.T.);
#1645=EDGE_CURVE('',#1271,#1172,#595,.T.);
#1646=EDGE_CURVE('',#1272,#1264,#843,.T.);
#1647=EDGE_CURVE('',#1167,#1272,#844,.T.);
#1648=EDGE_CURVE('',#1273,#1166,#845,.T.);
#1649=EDGE_CURVE('',#1265,#1273,#846,.T.);
#1650=EDGE_CURVE('',#1273,#1162,#684,.T.);
#1651=EDGE_CURVE('',#1274,#1170,#685,.T.);
#1652=EDGE_CURVE('',#1160,#1274,#686,.T.);
#1653=EDGE_CURVE('',#1275,#1171,#687,.T.);
#1654=EDGE_CURVE('',#1274,#1275,#596,.T.);
#1655=EDGE_CURVE('',#1267,#1272,#688,.T.);
#1656=EDGE_CURVE('',#1163,#1266,#689,.T.);
#1657=EDGE_CURVE('',#1275,#1161,#690,.T.);
#1658=EDGE_CURVE('',#1276,#1276,#597,.T.);
#1659=EDGE_CURVE('',#1277,#1277,#598,.T.);
#1660=EDGE_CURVE('',#1277,#1278,#847,.T.);
#1661=EDGE_CURVE('',#1278,#1278,#599,.T.);
#1662=EDGE_CURVE('',#1279,#1279,#600,.T.);
#1663=EDGE_CURVE('',#1279,#1278,#848,.T.);
#1664=EDGE_CURVE('',#1280,#1280,#601,.T.);
#1665=EDGE_CURVE('',#1280,#1281,#849,.T.);
#1666=EDGE_CURVE('',#1281,#1281,#602,.T.);
#1667=EDGE_CURVE('',#1282,#1282,#603,.T.);
#1668=EDGE_CURVE('',#1283,#1283,#604,.T.);
#1669=EDGE_CURVE('',#1283,#1282,#850,.T.);
#1670=EDGE_CURVE('',#1276,#1284,#851,.T.);
#1671=EDGE_CURVE('',#1284,#1284,#605,.T.);
#1672=EDGE_CURVE('',#1285,#1286,#852,.T.);
#1673=EDGE_CURVE('',#1285,#1287,#853,.T.);
#1674=EDGE_CURVE('',#1288,#1287,#854,.T.);
#1675=EDGE_CURVE('',#1286,#1288,#855,.T.);
#1676=EDGE_CURVE('',#1286,#1289,#856,.T.);
#1677=EDGE_CURVE('',#1290,#1288,#857,.T.);
#1678=EDGE_CURVE('',#1289,#1290,#858,.T.);
#1679=EDGE_CURVE('',#1289,#1291,#859,.T.);
#1680=EDGE_CURVE('',#1292,#1290,#860,.T.);
#1681=EDGE_CURVE('',#1291,#1292,#861,.T.);
#1682=EDGE_CURVE('',#1291,#1285,#862,.T.);
#1683=EDGE_CURVE('',#1287,#1292,#863,.T.);
#1684=EDGE_CURVE('',#1293,#1293,#606,.T.);
#1685=EDGE_CURVE('',#1293,#1293,#607,.T.);
#1686=ORIENTED_EDGE('',*,*,#1294,.T.);
#1687=ORIENTED_EDGE('',*,*,#1295,.T.);
#1688=ORIENTED_EDGE('',*,*,#1296,.F.);
#1689=ORIENTED_EDGE('',*,*,#1297,.T.);
#1690=ORIENTED_EDGE('',*,*,#1298,.F.);
#1691=ORIENTED_EDGE('',*,*,#1299,.T.);
#1692=ORIENTED_EDGE('',*,*,#1300,.F.);
#1693=ORIENTED_EDGE('',*,*,#1301,.T.);
#1694=ORIENTED_EDGE('',*,*,#1300,.T.);
#1695=ORIENTED_EDGE('',*,*,#1302,.T.);
#1696=ORIENTED_EDGE('',*,*,#1303,.T.);
#1697=ORIENTED_EDGE('',*,*,#1304,.T.);
#1698=ORIENTED_EDGE('',*,*,#1305,.F.);
#1699=ORIENTED_EDGE('',*,*,#1306,.F.);
#1700=ORIENTED_EDGE('',*,*,#1307,.T.);
#1701=ORIENTED_EDGE('',*,*,#1308,.T.);
#1702=ORIENTED_EDGE('',*,*,#1303,.F.);
#1703=ORIENTED_EDGE('',*,*,#1309,.F.);
#1704=ORIENTED_EDGE('',*,*,#1310,.F.);
#1705=ORIENTED_EDGE('',*,*,#1311,.F.);
#1706=ORIENTED_EDGE('',*,*,#1312,.T.);
#1707=ORIENTED_EDGE('',*,*,#1313,.T.);
#1708=ORIENTED_EDGE('',*,*,#1314,.F.);
#1709=ORIENTED_EDGE('',*,*,#1315,.F.);
#1710=ORIENTED_EDGE('',*,*,#1316,.F.);
#1711=ORIENTED_EDGE('',*,*,#1317,.F.);
#1712=ORIENTED_EDGE('',*,*,#1318,.T.);
#1713=ORIENTED_EDGE('',*,*,#1319,.F.);
#1714=ORIENTED_EDGE('',*,*,#1318,.F.);
#1715=ORIENTED_EDGE('',*,*,#1320,.F.);
#1716=ORIENTED_EDGE('',*,*,#1320,.T.);
#1717=ORIENTED_EDGE('',*,*,#1317,.T.);
#1718=ORIENTED_EDGE('',*,*,#1321,.F.);
#1719=ORIENTED_EDGE('',*,*,#1322,.F.);
#1720=ORIENTED_EDGE('',*,*,#1323,.F.);
#1721=ORIENTED_EDGE('',*,*,#1324,.F.);
#1722=ORIENTED_EDGE('',*,*,#1325,.F.);
#1723=ORIENTED_EDGE('',*,*,#1316,.T.);
#1724=ORIENTED_EDGE('',*,*,#1326,.F.);
#1725=ORIENTED_EDGE('',*,*,#1327,.T.);
#1726=ORIENTED_EDGE('',*,*,#1321,.T.);
#1727=ORIENTED_EDGE('',*,*,#1328,.F.);
#1728=ORIENTED_EDGE('',*,*,#1329,.F.);
#1729=ORIENTED_EDGE('',*,*,#1330,.F.);
#1730=ORIENTED_EDGE('',*,*,#1331,.F.);
#1731=ORIENTED_EDGE('',*,*,#1332,.T.);
#1732=ORIENTED_EDGE('',*,*,#1333,.F.);
#1733=ORIENTED_EDGE('',*,*,#1332,.F.);
#1734=ORIENTED_EDGE('',*,*,#1334,.F.);
#1735=ORIENTED_EDGE('',*,*,#1335,.F.);
#1736=ORIENTED_EDGE('',*,*,#1336,.F.);
#1737=ORIENTED_EDGE('',*,*,#1337,.F.);
#1738=ORIENTED_EDGE('',*,*,#1338,.F.);
#1739=ORIENTED_EDGE('',*,*,#1315,.T.);
#1740=ORIENTED_EDGE('',*,*,#1339,.T.);
#1741=ORIENTED_EDGE('',*,*,#1340,.T.);
#1742=ORIENTED_EDGE('',*,*,#1341,.T.);
#1743=ORIENTED_EDGE('',*,*,#1342,.T.);
#1744=ORIENTED_EDGE('',*,*,#1343,.T.);
#1745=ORIENTED_EDGE('',*,*,#1334,.T.);
#1746=ORIENTED_EDGE('',*,*,#1331,.T.);
#1747=ORIENTED_EDGE('',*,*,#1344,.T.);
#1748=ORIENTED_EDGE('',*,*,#1345,.T.);
#1749=ORIENTED_EDGE('',*,*,#1346,.T.);
#1750=ORIENTED_EDGE('',*,*,#1347,.T.);
#1751=ORIENTED_EDGE('',*,*,#1326,.T.);
#1752=ORIENTED_EDGE('',*,*,#1330,.T.);
#1753=ORIENTED_EDGE('',*,*,#1348,.T.);
#1754=ORIENTED_EDGE('',*,*,#1349,.F.);
#1755=ORIENTED_EDGE('',*,*,#1344,.F.);
#1756=ORIENTED_EDGE('',*,*,#1350,.F.);
#1757=ORIENTED_EDGE('',*,*,#1345,.F.);
#1758=ORIENTED_EDGE('',*,*,#1349,.T.);
#1759=ORIENTED_EDGE('',*,*,#1351,.T.);
#1760=ORIENTED_EDGE('',*,*,#1329,.T.);
#1761=ORIENTED_EDGE('',*,*,#1352,.F.);
#1762=ORIENTED_EDGE('',*,*,#1353,.F.);
#1763=ORIENTED_EDGE('',*,*,#1354,.F.);
#1764=ORIENTED_EDGE('',*,*,#1355,.F.);
#1765=ORIENTED_EDGE('',*,*,#1351,.F.);
#1766=ORIENTED_EDGE('',*,*,#1348,.F.);
#1767=ORIENTED_EDGE('',*,*,#1328,.T.);
#1768=ORIENTED_EDGE('',*,*,#1343,.F.);
#1769=ORIENTED_EDGE('',*,*,#1356,.T.);
#1770=ORIENTED_EDGE('',*,*,#1352,.T.);
#1771=ORIENTED_EDGE('',*,*,#1357,.F.);
#1772=ORIENTED_EDGE('',*,*,#1353,.T.);
#1773=ORIENTED_EDGE('',*,*,#1356,.F.);
#1774=ORIENTED_EDGE('',*,*,#1342,.F.);
#1775=ORIENTED_EDGE('',*,*,#1314,.T.);
#1776=ORIENTED_EDGE('',*,*,#1325,.T.);
#1777=ORIENTED_EDGE('',*,*,#1358,.F.);
#1778=ORIENTED_EDGE('',*,*,#1339,.F.);
#1779=ORIENTED_EDGE('',*,*,#1359,.F.);
#1780=ORIENTED_EDGE('',*,*,#1322,.T.);
#1781=ORIENTED_EDGE('',*,*,#1327,.F.);
#1782=ORIENTED_EDGE('',*,*,#1347,.F.);
#1783=ORIENTED_EDGE('',*,*,#1360,.F.);
#1784=ORIENTED_EDGE('',*,*,#1340,.F.);
#1785=ORIENTED_EDGE('',*,*,#1358,.T.);
#1786=ORIENTED_EDGE('',*,*,#1324,.T.);
#1787=ORIENTED_EDGE('',*,*,#1350,.T.);
#1788=ORIENTED_EDGE('',*,*,#1355,.T.);
#1789=ORIENTED_EDGE('',*,*,#1361,.T.);
#1790=ORIENTED_EDGE('',*,*,#1362,.F.);
#1791=ORIENTED_EDGE('',*,*,#1361,.F.);
#1792=ORIENTED_EDGE('',*,*,#1354,.T.);
#1793=ORIENTED_EDGE('',*,*,#1357,.T.);
#1794=ORIENTED_EDGE('',*,*,#1341,.F.);
#1795=ORIENTED_EDGE('',*,*,#1360,.T.);
#1796=ORIENTED_EDGE('',*,*,#1323,.T.);
#1797=ORIENTED_EDGE('',*,*,#1359,.T.);
#1798=ORIENTED_EDGE('',*,*,#1346,.F.);
#1799=ORIENTED_EDGE('',*,*,#1363,.F.);
#1800=ORIENTED_EDGE('',*,*,#1364,.T.);
#1801=ORIENTED_EDGE('',*,*,#1365,.F.);
#1802=ORIENTED_EDGE('',*,*,#1364,.F.);
#1803=ORIENTED_EDGE('',*,*,#1365,.T.);
#1804=ORIENTED_EDGE('',*,*,#1319,.T.);
#1805=ORIENTED_EDGE('',*,*,#1366,.F.);
#1806=ORIENTED_EDGE('',*,*,#1367,.T.);
#1807=ORIENTED_EDGE('',*,*,#1368,.F.);
#1808=ORIENTED_EDGE('',*,*,#1367,.F.);
#1809=ORIENTED_EDGE('',*,*,#1368,.T.);
#1810=ORIENTED_EDGE('',*,*,#1333,.T.);
#1811=ORIENTED_EDGE('',*,*,#1369,.F.);
#1812=ORIENTED_EDGE('',*,*,#1304,.F.);
#1813=ORIENTED_EDGE('',*,*,#1308,.F.);
#1814=ORIENTED_EDGE('',*,*,#1370,.F.);
#1815=ORIENTED_EDGE('',*,*,#1313,.F.);
#1816=ORIENTED_EDGE('',*,*,#1371,.T.);
#1817=ORIENTED_EDGE('',*,*,#1372,.F.);
#1818=ORIENTED_EDGE('',*,*,#1297,.F.);
#1819=ORIENTED_EDGE('',*,*,#1373,.F.);
#1820=ORIENTED_EDGE('',*,*,#1299,.F.);
#1821=ORIENTED_EDGE('',*,*,#1371,.F.);
#1822=ORIENTED_EDGE('',*,*,#1312,.F.);
#1823=ORIENTED_EDGE('',*,*,#1374,.F.);
#1824=ORIENTED_EDGE('',*,*,#1310,.T.);
#1825=ORIENTED_EDGE('',*,*,#1370,.T.);
#1826=ORIENTED_EDGE('',*,*,#1307,.F.);
#1827=ORIENTED_EDGE('',*,*,#1375,.F.);
#1828=ORIENTED_EDGE('',*,*,#1376,.F.);
#1829=ORIENTED_EDGE('',*,*,#1377,.F.);
#1830=ORIENTED_EDGE('',*,*,#1295,.F.);
#1831=ORIENTED_EDGE('',*,*,#1378,.F.);
#1832=ORIENTED_EDGE('',*,*,#1302,.F.);
#1833=ORIENTED_EDGE('',*,*,#1374,.T.);
#1834=ORIENTED_EDGE('',*,*,#1311,.T.);
#1835=ORIENTED_EDGE('',*,*,#1375,.T.);
#1836=ORIENTED_EDGE('',*,*,#1309,.T.);
#1837=ORIENTED_EDGE('',*,*,#1306,.T.);
#1838=ORIENTED_EDGE('',*,*,#1298,.T.);
#1839=ORIENTED_EDGE('',*,*,#1378,.T.);
#1840=ORIENTED_EDGE('',*,*,#1294,.F.);
#1841=ORIENTED_EDGE('',*,*,#1372,.T.);
#1842=ORIENTED_EDGE('',*,*,#1373,.T.);
#1843=ORIENTED_EDGE('',*,*,#1296,.T.);
#1844=ORIENTED_EDGE('',*,*,#1377,.T.);
#1845=ORIENTED_EDGE('',*,*,#1379,.T.);
#1846=ORIENTED_EDGE('',*,*,#1362,.T.);
#1847=ORIENTED_EDGE('',*,*,#1380,.T.);
#1848=ORIENTED_EDGE('',*,*,#1381,.T.);
#1849=ORIENTED_EDGE('',*,*,#1380,.F.);
#1850=ORIENTED_EDGE('',*,*,#1301,.F.);
#1851=ORIENTED_EDGE('',*,*,#1381,.F.);
#1852=ORIENTED_EDGE('',*,*,#1382,.T.);
#1853=ORIENTED_EDGE('',*,*,#1369,.T.);
#1854=ORIENTED_EDGE('',*,*,#1379,.F.);
#1855=ORIENTED_EDGE('',*,*,#1376,.T.);
#1856=ORIENTED_EDGE('',*,*,#1305,.T.);
#1857=ORIENTED_EDGE('',*,*,#1383,.F.);
#1858=ORIENTED_EDGE('',*,*,#1384,.T.);
#1859=ORIENTED_EDGE('',*,*,#1385,.T.);
#1860=ORIENTED_EDGE('',*,*,#1386,.T.);
#1861=ORIENTED_EDGE('',*,*,#1387,.F.);
#1862=ORIENTED_EDGE('',*,*,#1388,.F.);
#1863=ORIENTED_EDGE('',*,*,#1389,.F.);
#1864=ORIENTED_EDGE('',*,*,#1384,.F.);
#1865=ORIENTED_EDGE('',*,*,#1385,.F.);
#1866=ORIENTED_EDGE('',*,*,#1389,.T.);
#1867=ORIENTED_EDGE('',*,*,#1390,.F.);
#1868=ORIENTED_EDGE('',*,*,#1391,.F.);
#1869=ORIENTED_EDGE('',*,*,#1392,.F.);
#1870=ORIENTED_EDGE('',*,*,#1386,.F.);
#1871=ORIENTED_EDGE('',*,*,#1391,.T.);
#1872=ORIENTED_EDGE('',*,*,#1393,.F.);
#1873=ORIENTED_EDGE('',*,*,#1394,.F.);
#1874=ORIENTED_EDGE('',*,*,#1393,.T.);
#1875=ORIENTED_EDGE('',*,*,#1390,.T.);
#1876=ORIENTED_EDGE('',*,*,#1388,.T.);
#1877=ORIENTED_EDGE('',*,*,#1395,.F.);
#1878=ORIENTED_EDGE('',*,*,#1396,.T.);
#1879=ORIENTED_EDGE('',*,*,#1397,.T.);
#1880=ORIENTED_EDGE('',*,*,#1398,.T.);
#1881=ORIENTED_EDGE('',*,*,#1399,.F.);
#1882=ORIENTED_EDGE('',*,*,#1400,.F.);
#1883=ORIENTED_EDGE('',*,*,#1401,.F.);
#1884=ORIENTED_EDGE('',*,*,#1396,.F.);
#1885=ORIENTED_EDGE('',*,*,#1397,.F.);
#1886=ORIENTED_EDGE('',*,*,#1401,.T.);
#1887=ORIENTED_EDGE('',*,*,#1402,.F.);
#1888=ORIENTED_EDGE('',*,*,#1403,.F.);
#1889=ORIENTED_EDGE('',*,*,#1404,.F.);
#1890=ORIENTED_EDGE('',*,*,#1398,.F.);
#1891=ORIENTED_EDGE('',*,*,#1403,.T.);
#1892=ORIENTED_EDGE('',*,*,#1405,.F.);
#1893=ORIENTED_EDGE('',*,*,#1406,.F.);
#1894=ORIENTED_EDGE('',*,*,#1405,.T.);
#1895=ORIENTED_EDGE('',*,*,#1402,.T.);
#1896=ORIENTED_EDGE('',*,*,#1400,.T.);
#1897=ORIENTED_EDGE('',*,*,#1407,.F.);
#1898=ORIENTED_EDGE('',*,*,#1408,.T.);
#1899=ORIENTED_EDGE('',*,*,#1394,.T.);
#1900=ORIENTED_EDGE('',*,*,#1409,.T.);
#1901=ORIENTED_EDGE('',*,*,#1404,.T.);
#1902=ORIENTED_EDGE('',*,*,#1406,.T.);
#1903=ORIENTED_EDGE('',*,*,#1399,.T.);
#1904=ORIENTED_EDGE('',*,*,#1410,.T.);
#1905=ORIENTED_EDGE('',*,*,#1411,.F.);
#1906=ORIENTED_EDGE('',*,*,#1410,.F.);
#1907=ORIENTED_EDGE('',*,*,#1395,.T.);
#1908=ORIENTED_EDGE('',*,*,#1409,.F.);
#1909=ORIENTED_EDGE('',*,*,#1387,.T.);
#1910=ORIENTED_EDGE('',*,*,#1383,.T.);
#1911=ORIENTED_EDGE('',*,*,#1392,.T.);
#1912=ORIENTED_EDGE('',*,*,#1408,.F.);
#1913=ORIENTED_EDGE('',*,*,#1407,.T.);
#1914=ORIENTED_EDGE('',*,*,#1363,.T.);
#1915=ORIENTED_EDGE('',*,*,#1412,.F.);
#1916=ORIENTED_EDGE('',*,*,#1413,.T.);
#1917=ORIENTED_EDGE('',*,*,#1414,.F.);
#1918=ORIENTED_EDGE('',*,*,#1413,.F.);
#1919=ORIENTED_EDGE('',*,*,#1412,.T.);
#1920=ORIENTED_EDGE('',*,*,#1411,.T.);
#1921=ORIENTED_EDGE('',*,*,#1415,.F.);
#1922=ORIENTED_EDGE('',*,*,#1416,.T.);
#1923=ORIENTED_EDGE('',*,*,#1417,.T.);
#1924=ORIENTED_EDGE('',*,*,#1418,.T.);
#1925=ORIENTED_EDGE('',*,*,#1419,.F.);
#1926=ORIENTED_EDGE('',*,*,#1420,.F.);
#1927=ORIENTED_EDGE('',*,*,#1421,.F.);
#1928=ORIENTED_EDGE('',*,*,#1416,.F.);
#1929=ORIENTED_EDGE('',*,*,#1417,.F.);
#1930=ORIENTED_EDGE('',*,*,#1421,.T.);
#1931=ORIENTED_EDGE('',*,*,#1422,.F.);
#1932=ORIENTED_EDGE('',*,*,#1423,.F.);
#1933=ORIENTED_EDGE('',*,*,#1424,.F.);
#1934=ORIENTED_EDGE('',*,*,#1418,.F.);
#1935=ORIENTED_EDGE('',*,*,#1423,.T.);
#1936=ORIENTED_EDGE('',*,*,#1425,.F.);
#1937=ORIENTED_EDGE('',*,*,#1426,.F.);
#1938=ORIENTED_EDGE('',*,*,#1425,.T.);
#1939=ORIENTED_EDGE('',*,*,#1422,.T.);
#1940=ORIENTED_EDGE('',*,*,#1420,.T.);
#1941=ORIENTED_EDGE('',*,*,#1427,.F.);
#1942=ORIENTED_EDGE('',*,*,#1428,.T.);
#1943=ORIENTED_EDGE('',*,*,#1429,.T.);
#1944=ORIENTED_EDGE('',*,*,#1430,.T.);
#1945=ORIENTED_EDGE('',*,*,#1431,.F.);
#1946=ORIENTED_EDGE('',*,*,#1432,.F.);
#1947=ORIENTED_EDGE('',*,*,#1433,.F.);
#1948=ORIENTED_EDGE('',*,*,#1428,.F.);
#1949=ORIENTED_EDGE('',*,*,#1429,.F.);
#1950=ORIENTED_EDGE('',*,*,#1433,.T.);
#1951=ORIENTED_EDGE('',*,*,#1434,.F.);
#1952=ORIENTED_EDGE('',*,*,#1435,.F.);
#1953=ORIENTED_EDGE('',*,*,#1436,.F.);
#1954=ORIENTED_EDGE('',*,*,#1430,.F.);
#1955=ORIENTED_EDGE('',*,*,#1435,.T.);
#1956=ORIENTED_EDGE('',*,*,#1437,.F.);
#1957=ORIENTED_EDGE('',*,*,#1438,.F.);
#1958=ORIENTED_EDGE('',*,*,#1437,.T.);
#1959=ORIENTED_EDGE('',*,*,#1434,.T.);
#1960=ORIENTED_EDGE('',*,*,#1432,.T.);
#1961=ORIENTED_EDGE('',*,*,#1439,.F.);
#1962=ORIENTED_EDGE('',*,*,#1440,.T.);
#1963=ORIENTED_EDGE('',*,*,#1426,.T.);
#1964=ORIENTED_EDGE('',*,*,#1441,.T.);
#1965=ORIENTED_EDGE('',*,*,#1436,.T.);
#1966=ORIENTED_EDGE('',*,*,#1438,.T.);
#1967=ORIENTED_EDGE('',*,*,#1431,.T.);
#1968=ORIENTED_EDGE('',*,*,#1442,.T.);
#1969=ORIENTED_EDGE('',*,*,#1443,.F.);
#1970=ORIENTED_EDGE('',*,*,#1442,.F.);
#1971=ORIENTED_EDGE('',*,*,#1427,.T.);
#1972=ORIENTED_EDGE('',*,*,#1441,.F.);
#1973=ORIENTED_EDGE('',*,*,#1419,.T.);
#1974=ORIENTED_EDGE('',*,*,#1415,.T.);
#1975=ORIENTED_EDGE('',*,*,#1424,.T.);
#1976=ORIENTED_EDGE('',*,*,#1440,.F.);
#1977=ORIENTED_EDGE('',*,*,#1439,.T.);
#1978=ORIENTED_EDGE('',*,*,#1366,.T.);
#1979=ORIENTED_EDGE('',*,*,#1444,.F.);
#1980=ORIENTED_EDGE('',*,*,#1445,.T.);
#1981=ORIENTED_EDGE('',*,*,#1446,.F.);
#1982=ORIENTED_EDGE('',*,*,#1445,.F.);
#1983=ORIENTED_EDGE('',*,*,#1444,.T.);
#1984=ORIENTED_EDGE('',*,*,#1443,.T.);
#1985=ORIENTED_EDGE('',*,*,#1382,.F.);
#1986=ORIENTED_EDGE('',*,*,#1447,.T.);
#1987=ORIENTED_EDGE('',*,*,#1448,.F.);
#1988=ORIENTED_EDGE('',*,*,#1447,.F.);
#1989=ORIENTED_EDGE('',*,*,#1449,.F.);
#1990=ORIENTED_EDGE('',*,*,#1338,.T.);
#1991=ORIENTED_EDGE('',*,*,#1450,.F.);
#1992=ORIENTED_EDGE('',*,*,#1451,.F.);
#1993=ORIENTED_EDGE('',*,*,#1452,.F.);
#1994=ORIENTED_EDGE('',*,*,#1453,.F.);
#1995=ORIENTED_EDGE('',*,*,#1454,.F.);
#1996=ORIENTED_EDGE('',*,*,#1336,.T.);
#1997=ORIENTED_EDGE('',*,*,#1450,.T.);
#1998=ORIENTED_EDGE('',*,*,#1337,.T.);
#1999=ORIENTED_EDGE('',*,*,#1454,.T.);
#2000=ORIENTED_EDGE('',*,*,#1455,.T.);
#2001=ORIENTED_EDGE('',*,*,#1456,.F.);
#2002=ORIENTED_EDGE('',*,*,#1457,.F.);
#2003=ORIENTED_EDGE('',*,*,#1458,.F.);
#2004=ORIENTED_EDGE('',*,*,#1459,.T.);
#2005=ORIENTED_EDGE('',*,*,#1453,.T.);
#2006=ORIENTED_EDGE('',*,*,#1460,.F.);
#2007=ORIENTED_EDGE('',*,*,#1461,.F.);
#2008=ORIENTED_EDGE('',*,*,#1462,.F.);
#2009=ORIENTED_EDGE('',*,*,#1463,.F.);
#2010=ORIENTED_EDGE('',*,*,#1455,.F.);
#2011=ORIENTED_EDGE('',*,*,#1451,.T.);
#2012=ORIENTED_EDGE('',*,*,#1459,.F.);
#2013=ORIENTED_EDGE('',*,*,#1464,.F.);
#2014=ORIENTED_EDGE('',*,*,#1465,.F.);
#2015=ORIENTED_EDGE('',*,*,#1466,.F.);
#2016=ORIENTED_EDGE('',*,*,#1467,.F.);
#2017=ORIENTED_EDGE('',*,*,#1468,.T.);
#2018=ORIENTED_EDGE('',*,*,#1469,.T.);
#2019=ORIENTED_EDGE('',*,*,#1466,.T.);
#2020=ORIENTED_EDGE('',*,*,#1470,.T.);
#2021=ORIENTED_EDGE('',*,*,#1449,.T.);
#2022=ORIENTED_EDGE('',*,*,#1467,.T.);
#2023=ORIENTED_EDGE('',*,*,#1469,.F.);
#2024=ORIENTED_EDGE('',*,*,#1471,.F.);
#2025=ORIENTED_EDGE('',*,*,#1472,.F.);
#2026=ORIENTED_EDGE('',*,*,#1460,.T.);
#2027=ORIENTED_EDGE('',*,*,#1452,.T.);
#2028=ORIENTED_EDGE('',*,*,#1335,.T.);
#2029=ORIENTED_EDGE('',*,*,#1468,.F.);
#2030=ORIENTED_EDGE('',*,*,#1473,.T.);
#2031=ORIENTED_EDGE('',*,*,#1474,.F.);
#2032=ORIENTED_EDGE('',*,*,#1457,.T.);
#2033=ORIENTED_EDGE('',*,*,#1475,.F.);
#2034=ORIENTED_EDGE('',*,*,#1476,.T.);
#2035=ORIENTED_EDGE('',*,*,#1477,.F.);
#2036=ORIENTED_EDGE('',*,*,#1471,.T.);
#2037=ORIENTED_EDGE('',*,*,#1414,.T.);
#2038=ORIENTED_EDGE('',*,*,#1446,.T.);
#2039=ORIENTED_EDGE('',*,*,#1448,.T.);
#2040=ORIENTED_EDGE('',*,*,#1474,.T.);
#2041=ORIENTED_EDGE('',*,*,#1478,.T.);
#2042=ORIENTED_EDGE('',*,*,#1464,.T.);
#2043=ORIENTED_EDGE('',*,*,#1458,.T.);
#2044=ORIENTED_EDGE('',*,*,#1475,.T.);
#2045=ORIENTED_EDGE('',*,*,#1456,.T.);
#2046=ORIENTED_EDGE('',*,*,#1463,.T.);
#2047=ORIENTED_EDGE('',*,*,#1479,.T.);
#2048=ORIENTED_EDGE('',*,*,#1477,.T.);
#2049=ORIENTED_EDGE('',*,*,#1480,.T.);
#2050=ORIENTED_EDGE('',*,*,#1461,.T.);
#2051=ORIENTED_EDGE('',*,*,#1472,.T.);
#2052=ORIENTED_EDGE('',*,*,#1479,.F.);
#2053=ORIENTED_EDGE('',*,*,#1462,.T.);
#2054=ORIENTED_EDGE('',*,*,#1480,.F.);
#2055=ORIENTED_EDGE('',*,*,#1476,.F.);
#2056=ORIENTED_EDGE('',*,*,#1470,.F.);
#2057=ORIENTED_EDGE('',*,*,#1465,.T.);
#2058=ORIENTED_EDGE('',*,*,#1478,.F.);
#2059=ORIENTED_EDGE('',*,*,#1473,.F.);
#2060=ORIENTED_EDGE('',*,*,#1481,.F.);
#2061=ORIENTED_EDGE('',*,*,#1482,.T.);
#2062=ORIENTED_EDGE('',*,*,#1483,.T.);
#2063=ORIENTED_EDGE('',*,*,#1484,.T.);
#2064=ORIENTED_EDGE('',*,*,#1485,.F.);
#2065=ORIENTED_EDGE('',*,*,#1486,.T.);
#2066=ORIENTED_EDGE('',*,*,#1481,.T.);
#2067=ORIENTED_EDGE('',*,*,#1487,.T.);
#2068=ORIENTED_EDGE('',*,*,#1488,.F.);
#2069=ORIENTED_EDGE('',*,*,#1489,.T.);
#2070=ORIENTED_EDGE('',*,*,#1490,.T.);
#2071=ORIENTED_EDGE('',*,*,#1491,.F.);
#2072=ORIENTED_EDGE('',*,*,#1492,.F.);
#2073=ORIENTED_EDGE('',*,*,#1493,.T.);
#2074=ORIENTED_EDGE('',*,*,#1488,.T.);
#2075=ORIENTED_EDGE('',*,*,#1494,.F.);
#2076=ORIENTED_EDGE('',*,*,#1495,.F.);
#2077=ORIENTED_EDGE('',*,*,#1496,.T.);
#2078=ORIENTED_EDGE('',*,*,#1492,.T.);
#2079=ORIENTED_EDGE('',*,*,#1497,.F.);
#2080=ORIENTED_EDGE('',*,*,#1498,.F.);
#2081=ORIENTED_EDGE('',*,*,#1499,.F.);
#2082=ORIENTED_EDGE('',*,*,#1500,.F.);
#2083=ORIENTED_EDGE('',*,*,#1501,.F.);
#2084=ORIENTED_EDGE('',*,*,#1502,.F.);
#2085=ORIENTED_EDGE('',*,*,#1503,.F.);
#2086=ORIENTED_EDGE('',*,*,#1504,.F.);
#2087=ORIENTED_EDGE('',*,*,#1505,.F.);
#2088=ORIENTED_EDGE('',*,*,#1506,.F.);
#2089=ORIENTED_EDGE('',*,*,#1507,.F.);
#2090=ORIENTED_EDGE('',*,*,#1508,.F.);
#2091=ORIENTED_EDGE('',*,*,#1509,.F.);
#2092=ORIENTED_EDGE('',*,*,#1510,.F.);
#2093=ORIENTED_EDGE('',*,*,#1511,.F.);
#2094=ORIENTED_EDGE('',*,*,#1512,.F.);
#2095=ORIENTED_EDGE('',*,*,#1513,.F.);
#2096=ORIENTED_EDGE('',*,*,#1514,.F.);
#2097=ORIENTED_EDGE('',*,*,#1515,.F.);
#2098=ORIENTED_EDGE('',*,*,#1516,.F.);
#2099=ORIENTED_EDGE('',*,*,#1517,.F.);
#2100=ORIENTED_EDGE('',*,*,#1518,.F.);
#2101=ORIENTED_EDGE('',*,*,#1519,.F.);
#2102=ORIENTED_EDGE('',*,*,#1520,.F.);
#2103=ORIENTED_EDGE('',*,*,#1521,.F.);
#2104=ORIENTED_EDGE('',*,*,#1522,.F.);
#2105=ORIENTED_EDGE('',*,*,#1523,.F.);
#2106=ORIENTED_EDGE('',*,*,#1524,.F.);
#2107=ORIENTED_EDGE('',*,*,#1525,.F.);
#2108=ORIENTED_EDGE('',*,*,#1526,.F.);
#2109=ORIENTED_EDGE('',*,*,#1527,.F.);
#2110=ORIENTED_EDGE('',*,*,#1528,.F.);
#2111=ORIENTED_EDGE('',*,*,#1529,.F.);
#2112=ORIENTED_EDGE('',*,*,#1530,.F.);
#2113=ORIENTED_EDGE('',*,*,#1531,.F.);
#2114=ORIENTED_EDGE('',*,*,#1532,.F.);
#2115=ORIENTED_EDGE('',*,*,#1533,.F.);
#2116=ORIENTED_EDGE('',*,*,#1534,.F.);
#2117=ORIENTED_EDGE('',*,*,#1535,.F.);
#2118=ORIENTED_EDGE('',*,*,#1536,.F.);
#2119=ORIENTED_EDGE('',*,*,#1537,.F.);
#2120=ORIENTED_EDGE('',*,*,#1538,.F.);
#2121=ORIENTED_EDGE('',*,*,#1539,.F.);
#2122=ORIENTED_EDGE('',*,*,#1540,.F.);
#2123=ORIENTED_EDGE('',*,*,#1541,.F.);
#2124=ORIENTED_EDGE('',*,*,#1542,.F.);
#2125=ORIENTED_EDGE('',*,*,#1543,.F.);
#2126=ORIENTED_EDGE('',*,*,#1544,.F.);
#2127=ORIENTED_EDGE('',*,*,#1545,.F.);
#2128=ORIENTED_EDGE('',*,*,#1546,.F.);
#2129=ORIENTED_EDGE('',*,*,#1547,.F.);
#2130=ORIENTED_EDGE('',*,*,#1548,.F.);
#2131=ORIENTED_EDGE('',*,*,#1549,.F.);
#2132=ORIENTED_EDGE('',*,*,#1550,.F.);
#2133=ORIENTED_EDGE('',*,*,#1551,.F.);
#2134=ORIENTED_EDGE('',*,*,#1552,.F.);
#2135=ORIENTED_EDGE('',*,*,#1553,.F.);
#2136=ORIENTED_EDGE('',*,*,#1554,.F.);
#2137=ORIENTED_EDGE('',*,*,#1555,.F.);
#2138=ORIENTED_EDGE('',*,*,#1556,.F.);
#2139=ORIENTED_EDGE('',*,*,#1557,.F.);
#2140=ORIENTED_EDGE('',*,*,#1558,.F.);
#2141=ORIENTED_EDGE('',*,*,#1559,.F.);
#2142=ORIENTED_EDGE('',*,*,#1560,.F.);
#2143=ORIENTED_EDGE('',*,*,#1561,.F.);
#2144=ORIENTED_EDGE('',*,*,#1562,.F.);
#2145=ORIENTED_EDGE('',*,*,#1563,.F.);
#2146=ORIENTED_EDGE('',*,*,#1564,.F.);
#2147=ORIENTED_EDGE('',*,*,#1565,.F.);
#2148=ORIENTED_EDGE('',*,*,#1566,.F.);
#2149=ORIENTED_EDGE('',*,*,#1567,.F.);
#2150=ORIENTED_EDGE('',*,*,#1568,.F.);
#2151=ORIENTED_EDGE('',*,*,#1569,.F.);
#2152=ORIENTED_EDGE('',*,*,#1570,.F.);
#2153=ORIENTED_EDGE('',*,*,#1571,.F.);
#2154=ORIENTED_EDGE('',*,*,#1572,.F.);
#2155=ORIENTED_EDGE('',*,*,#1573,.F.);
#2156=ORIENTED_EDGE('',*,*,#1574,.F.);
#2157=ORIENTED_EDGE('',*,*,#1575,.F.);
#2158=ORIENTED_EDGE('',*,*,#1576,.F.);
#2159=ORIENTED_EDGE('',*,*,#1577,.F.);
#2160=ORIENTED_EDGE('',*,*,#1578,.F.);
#2161=ORIENTED_EDGE('',*,*,#1579,.F.);
#2162=ORIENTED_EDGE('',*,*,#1580,.F.);
#2163=ORIENTED_EDGE('',*,*,#1581,.F.);
#2164=ORIENTED_EDGE('',*,*,#1582,.F.);
#2165=ORIENTED_EDGE('',*,*,#1583,.F.);
#2166=ORIENTED_EDGE('',*,*,#1584,.F.);
#2167=ORIENTED_EDGE('',*,*,#1585,.F.);
#2168=ORIENTED_EDGE('',*,*,#1586,.F.);
#2169=ORIENTED_EDGE('',*,*,#1587,.F.);
#2170=ORIENTED_EDGE('',*,*,#1502,.T.);
#2171=ORIENTED_EDGE('',*,*,#1588,.T.);
#2172=ORIENTED_EDGE('',*,*,#1508,.T.);
#2173=ORIENTED_EDGE('',*,*,#1589,.T.);
#2174=ORIENTED_EDGE('',*,*,#1514,.T.);
#2175=ORIENTED_EDGE('',*,*,#1590,.T.);
#2176=ORIENTED_EDGE('',*,*,#1520,.T.);
#2177=ORIENTED_EDGE('',*,*,#1591,.T.);
#2178=ORIENTED_EDGE('',*,*,#1526,.T.);
#2179=ORIENTED_EDGE('',*,*,#1592,.T.);
#2180=ORIENTED_EDGE('',*,*,#1532,.T.);
#2181=ORIENTED_EDGE('',*,*,#1593,.T.);
#2182=ORIENTED_EDGE('',*,*,#1538,.T.);
#2183=ORIENTED_EDGE('',*,*,#1594,.T.);
#2184=ORIENTED_EDGE('',*,*,#1544,.T.);
#2185=ORIENTED_EDGE('',*,*,#1595,.T.);
#2186=ORIENTED_EDGE('',*,*,#1550,.T.);
#2187=ORIENTED_EDGE('',*,*,#1596,.T.);
#2188=ORIENTED_EDGE('',*,*,#1556,.T.);
#2189=ORIENTED_EDGE('',*,*,#1597,.T.);
#2190=ORIENTED_EDGE('',*,*,#1562,.T.);
#2191=ORIENTED_EDGE('',*,*,#1598,.T.);
#2192=ORIENTED_EDGE('',*,*,#1568,.T.);
#2193=ORIENTED_EDGE('',*,*,#1599,.T.);
#2194=ORIENTED_EDGE('',*,*,#1574,.T.);
#2195=ORIENTED_EDGE('',*,*,#1600,.T.);
#2196=ORIENTED_EDGE('',*,*,#1580,.T.);
#2197=ORIENTED_EDGE('',*,*,#1601,.T.);
#2198=ORIENTED_EDGE('',*,*,#1586,.T.);
#2199=ORIENTED_EDGE('',*,*,#1602,.T.);
#2200=ORIENTED_EDGE('',*,*,#1603,.T.);
#2201=ORIENTED_EDGE('',*,*,#1604,.T.);
#2202=ORIENTED_EDGE('',*,*,#1605,.T.);
#2203=ORIENTED_EDGE('',*,*,#1606,.T.);
#2204=ORIENTED_EDGE('',*,*,#1607,.T.);
#2205=ORIENTED_EDGE('',*,*,#1608,.T.);
#2206=ORIENTED_EDGE('',*,*,#1585,.T.);
#2207=ORIENTED_EDGE('',*,*,#1609,.F.);
#2208=ORIENTED_EDGE('',*,*,#1610,.T.);
#2209=ORIENTED_EDGE('',*,*,#1602,.F.);
#2210=ORIENTED_EDGE('',*,*,#1579,.T.);
#2211=ORIENTED_EDGE('',*,*,#1611,.F.);
#2212=ORIENTED_EDGE('',*,*,#1587,.T.);
#2213=ORIENTED_EDGE('',*,*,#1601,.F.);
#2214=ORIENTED_EDGE('',*,*,#1573,.T.);
#2215=ORIENTED_EDGE('',*,*,#1612,.F.);
#2216=ORIENTED_EDGE('',*,*,#1581,.T.);
#2217=ORIENTED_EDGE('',*,*,#1600,.F.);
#2218=ORIENTED_EDGE('',*,*,#1567,.T.);
#2219=ORIENTED_EDGE('',*,*,#1613,.F.);
#2220=ORIENTED_EDGE('',*,*,#1575,.T.);
#2221=ORIENTED_EDGE('',*,*,#1599,.F.);
#2222=ORIENTED_EDGE('',*,*,#1561,.T.);
#2223=ORIENTED_EDGE('',*,*,#1614,.F.);
#2224=ORIENTED_EDGE('',*,*,#1569,.T.);
#2225=ORIENTED_EDGE('',*,*,#1598,.F.);
#2226=ORIENTED_EDGE('',*,*,#1555,.T.);
#2227=ORIENTED_EDGE('',*,*,#1615,.F.);
#2228=ORIENTED_EDGE('',*,*,#1563,.T.);
#2229=ORIENTED_EDGE('',*,*,#1597,.F.);
#2230=ORIENTED_EDGE('',*,*,#1549,.T.);
#2231=ORIENTED_EDGE('',*,*,#1616,.F.);
#2232=ORIENTED_EDGE('',*,*,#1557,.T.);
#2233=ORIENTED_EDGE('',*,*,#1596,.F.);
#2234=ORIENTED_EDGE('',*,*,#1543,.T.);
#2235=ORIENTED_EDGE('',*,*,#1617,.F.);
#2236=ORIENTED_EDGE('',*,*,#1551,.T.);
#2237=ORIENTED_EDGE('',*,*,#1595,.F.);
#2238=ORIENTED_EDGE('',*,*,#1537,.T.);
#2239=ORIENTED_EDGE('',*,*,#1618,.F.);
#2240=ORIENTED_EDGE('',*,*,#1545,.T.);
#2241=ORIENTED_EDGE('',*,*,#1594,.F.);
#2242=ORIENTED_EDGE('',*,*,#1531,.T.);
#2243=ORIENTED_EDGE('',*,*,#1619,.F.);
#2244=ORIENTED_EDGE('',*,*,#1539,.T.);
#2245=ORIENTED_EDGE('',*,*,#1593,.F.);
#2246=ORIENTED_EDGE('',*,*,#1525,.T.);
#2247=ORIENTED_EDGE('',*,*,#1620,.F.);
#2248=ORIENTED_EDGE('',*,*,#1533,.T.);
#2249=ORIENTED_EDGE('',*,*,#1592,.F.);
#2250=ORIENTED_EDGE('',*,*,#1519,.T.);
#2251=ORIENTED_EDGE('',*,*,#1621,.F.);
#2252=ORIENTED_EDGE('',*,*,#1527,.T.);
#2253=ORIENTED_EDGE('',*,*,#1591,.F.);
#2254=ORIENTED_EDGE('',*,*,#1513,.T.);
#2255=ORIENTED_EDGE('',*,*,#1622,.F.);
#2256=ORIENTED_EDGE('',*,*,#1521,.T.);
#2257=ORIENTED_EDGE('',*,*,#1590,.F.);
#2258=ORIENTED_EDGE('',*,*,#1507,.T.);
#2259=ORIENTED_EDGE('',*,*,#1623,.F.);
#2260=ORIENTED_EDGE('',*,*,#1515,.T.);
#2261=ORIENTED_EDGE('',*,*,#1589,.F.);
#2262=ORIENTED_EDGE('',*,*,#1501,.T.);
#2263=ORIENTED_EDGE('',*,*,#1624,.F.);
#2264=ORIENTED_EDGE('',*,*,#1509,.T.);
#2265=ORIENTED_EDGE('',*,*,#1588,.F.);
#2266=ORIENTED_EDGE('',*,*,#1584,.T.);
#2267=ORIENTED_EDGE('',*,*,#1625,.T.);
#2268=ORIENTED_EDGE('',*,*,#1626,.T.);
#2269=ORIENTED_EDGE('',*,*,#1609,.T.);
#2270=ORIENTED_EDGE('',*,*,#1578,.T.);
#2271=ORIENTED_EDGE('',*,*,#1627,.T.);
#2272=ORIENTED_EDGE('',*,*,#1582,.T.);
#2273=ORIENTED_EDGE('',*,*,#1611,.T.);
#2274=ORIENTED_EDGE('',*,*,#1572,.T.);
#2275=ORIENTED_EDGE('',*,*,#1628,.T.);
#2276=ORIENTED_EDGE('',*,*,#1576,.T.);
#2277=ORIENTED_EDGE('',*,*,#1612,.T.);
#2278=ORIENTED_EDGE('',*,*,#1566,.T.);
#2279=ORIENTED_EDGE('',*,*,#1629,.T.);
#2280=ORIENTED_EDGE('',*,*,#1570,.T.);
#2281=ORIENTED_EDGE('',*,*,#1613,.T.);
#2282=ORIENTED_EDGE('',*,*,#1560,.T.);
#2283=ORIENTED_EDGE('',*,*,#1630,.T.);
#2284=ORIENTED_EDGE('',*,*,#1564,.T.);
#2285=ORIENTED_EDGE('',*,*,#1614,.T.);
#2286=ORIENTED_EDGE('',*,*,#1554,.T.);
#2287=ORIENTED_EDGE('',*,*,#1631,.T.);
#2288=ORIENTED_EDGE('',*,*,#1558,.T.);
#2289=ORIENTED_EDGE('',*,*,#1615,.T.);
#2290=ORIENTED_EDGE('',*,*,#1548,.T.);
#2291=ORIENTED_EDGE('',*,*,#1632,.T.);
#2292=ORIENTED_EDGE('',*,*,#1552,.T.);
#2293=ORIENTED_EDGE('',*,*,#1616,.T.);
#2294=ORIENTED_EDGE('',*,*,#1542,.T.);
#2295=ORIENTED_EDGE('',*,*,#1633,.T.);
#2296=ORIENTED_EDGE('',*,*,#1546,.T.);
#2297=ORIENTED_EDGE('',*,*,#1617,.T.);
#2298=ORIENTED_EDGE('',*,*,#1536,.T.);
#2299=ORIENTED_EDGE('',*,*,#1634,.T.);
#2300=ORIENTED_EDGE('',*,*,#1540,.T.);
#2301=ORIENTED_EDGE('',*,*,#1618,.T.);
#2302=ORIENTED_EDGE('',*,*,#1530,.T.);
#2303=ORIENTED_EDGE('',*,*,#1635,.T.);
#2304=ORIENTED_EDGE('',*,*,#1534,.T.);
#2305=ORIENTED_EDGE('',*,*,#1619,.T.);
#2306=ORIENTED_EDGE('',*,*,#1524,.T.);
#2307=ORIENTED_EDGE('',*,*,#1636,.T.);
#2308=ORIENTED_EDGE('',*,*,#1528,.T.);
#2309=ORIENTED_EDGE('',*,*,#1620,.T.);
#2310=ORIENTED_EDGE('',*,*,#1518,.T.);
#2311=ORIENTED_EDGE('',*,*,#1637,.T.);
#2312=ORIENTED_EDGE('',*,*,#1522,.T.);
#2313=ORIENTED_EDGE('',*,*,#1621,.T.);
#2314=ORIENTED_EDGE('',*,*,#1512,.T.);
#2315=ORIENTED_EDGE('',*,*,#1638,.T.);
#2316=ORIENTED_EDGE('',*,*,#1516,.T.);
#2317=ORIENTED_EDGE('',*,*,#1622,.T.);
#2318=ORIENTED_EDGE('',*,*,#1506,.T.);
#2319=ORIENTED_EDGE('',*,*,#1639,.T.);
#2320=ORIENTED_EDGE('',*,*,#1510,.T.);
#2321=ORIENTED_EDGE('',*,*,#1623,.T.);
#2322=ORIENTED_EDGE('',*,*,#1500,.T.);
#2323=ORIENTED_EDGE('',*,*,#1640,.T.);
#2324=ORIENTED_EDGE('',*,*,#1504,.T.);
#2325=ORIENTED_EDGE('',*,*,#1624,.T.);
#2326=ORIENTED_EDGE('',*,*,#1641,.F.);
#2327=ORIENTED_EDGE('',*,*,#1642,.F.);
#2328=ORIENTED_EDGE('',*,*,#1603,.F.);
#2329=ORIENTED_EDGE('',*,*,#1610,.F.);
#2330=ORIENTED_EDGE('',*,*,#1626,.F.);
#2331=ORIENTED_EDGE('',*,*,#1643,.F.);
#2332=ORIENTED_EDGE('',*,*,#1503,.T.);
#2333=ORIENTED_EDGE('',*,*,#1604,.F.);
#2334=ORIENTED_EDGE('',*,*,#1642,.T.);
#2335=ORIENTED_EDGE('',*,*,#1644,.F.);
#2336=ORIENTED_EDGE('',*,*,#1499,.T.);
#2337=ORIENTED_EDGE('',*,*,#1645,.F.);
#2338=ORIENTED_EDGE('',*,*,#1643,.T.);
#2339=ORIENTED_EDGE('',*,*,#1625,.F.);
#2340=ORIENTED_EDGE('',*,*,#1583,.T.);
#2341=ORIENTED_EDGE('',*,*,#1627,.F.);
#2342=ORIENTED_EDGE('',*,*,#1577,.T.);
#2343=ORIENTED_EDGE('',*,*,#1628,.F.);
#2344=ORIENTED_EDGE('',*,*,#1571,.T.);
#2345=ORIENTED_EDGE('',*,*,#1629,.F.);
#2346=ORIENTED_EDGE('',*,*,#1565,.T.);
#2347=ORIENTED_EDGE('',*,*,#1630,.F.);
#2348=ORIENTED_EDGE('',*,*,#1559,.T.);
#2349=ORIENTED_EDGE('',*,*,#1631,.F.);
#2350=ORIENTED_EDGE('',*,*,#1553,.T.);
#2351=ORIENTED_EDGE('',*,*,#1632,.F.);
#2352=ORIENTED_EDGE('',*,*,#1547,.T.);
#2353=ORIENTED_EDGE('',*,*,#1633,.F.);
#2354=ORIENTED_EDGE('',*,*,#1541,.T.);
#2355=ORIENTED_EDGE('',*,*,#1634,.F.);
#2356=ORIENTED_EDGE('',*,*,#1535,.T.);
#2357=ORIENTED_EDGE('',*,*,#1635,.F.);
#2358=ORIENTED_EDGE('',*,*,#1529,.T.);
#2359=ORIENTED_EDGE('',*,*,#1636,.F.);
#2360=ORIENTED_EDGE('',*,*,#1523,.T.);
#2361=ORIENTED_EDGE('',*,*,#1637,.F.);
#2362=ORIENTED_EDGE('',*,*,#1517,.T.);
#2363=ORIENTED_EDGE('',*,*,#1638,.F.);
#2364=ORIENTED_EDGE('',*,*,#1511,.T.);
#2365=ORIENTED_EDGE('',*,*,#1639,.F.);
#2366=ORIENTED_EDGE('',*,*,#1505,.T.);
#2367=ORIENTED_EDGE('',*,*,#1640,.F.);
#2368=ORIENTED_EDGE('',*,*,#1498,.T.);
#2369=ORIENTED_EDGE('',*,*,#1644,.T.);
#2370=ORIENTED_EDGE('',*,*,#1641,.T.);
#2371=ORIENTED_EDGE('',*,*,#1645,.T.);
#2372=ORIENTED_EDGE('',*,*,#1605,.F.);
#2373=ORIENTED_EDGE('',*,*,#1646,.F.);
#2374=ORIENTED_EDGE('',*,*,#1647,.F.);
#2375=ORIENTED_EDGE('',*,*,#1490,.F.);
#2376=ORIENTED_EDGE('',*,*,#1648,.F.);
#2377=ORIENTED_EDGE('',*,*,#1649,.F.);
#2378=ORIENTED_EDGE('',*,*,#1650,.F.);
#2379=ORIENTED_EDGE('',*,*,#1648,.T.);
#2380=ORIENTED_EDGE('',*,*,#1489,.F.);
#2381=ORIENTED_EDGE('',*,*,#1493,.F.);
#2382=ORIENTED_EDGE('',*,*,#1496,.F.);
#2383=ORIENTED_EDGE('',*,*,#1651,.F.);
#2384=ORIENTED_EDGE('',*,*,#1652,.F.);
#2385=ORIENTED_EDGE('',*,*,#1482,.F.);
#2386=ORIENTED_EDGE('',*,*,#1486,.F.);
#2387=ORIENTED_EDGE('',*,*,#1495,.T.);
#2388=ORIENTED_EDGE('',*,*,#1653,.F.);
#2389=ORIENTED_EDGE('',*,*,#1654,.F.);
#2390=ORIENTED_EDGE('',*,*,#1651,.T.);
#2391=ORIENTED_EDGE('',*,*,#1608,.F.);
#2392=ORIENTED_EDGE('',*,*,#1655,.T.);
#2393=ORIENTED_EDGE('',*,*,#1646,.T.);
#2394=ORIENTED_EDGE('',*,*,#1607,.F.);
#2395=ORIENTED_EDGE('',*,*,#1656,.F.);
#2396=ORIENTED_EDGE('',*,*,#1487,.F.);
#2397=ORIENTED_EDGE('',*,*,#1484,.F.);
#2398=ORIENTED_EDGE('',*,*,#1657,.F.);
#2399=ORIENTED_EDGE('',*,*,#1653,.T.);
#2400=ORIENTED_EDGE('',*,*,#1497,.T.);
#2401=ORIENTED_EDGE('',*,*,#1494,.T.);
#2402=ORIENTED_EDGE('',*,*,#1491,.T.);
#2403=ORIENTED_EDGE('',*,*,#1647,.T.);
#2404=ORIENTED_EDGE('',*,*,#1655,.F.);
#2405=ORIENTED_EDGE('',*,*,#1652,.T.);
#2406=ORIENTED_EDGE('',*,*,#1654,.T.);
#2407=ORIENTED_EDGE('',*,*,#1657,.T.);
#2408=ORIENTED_EDGE('',*,*,#1483,.F.);
#2409=ORIENTED_EDGE('',*,*,#1658,.F.);
#2410=ORIENTED_EDGE('',*,*,#1485,.T.);
#2411=ORIENTED_EDGE('',*,*,#1656,.T.);
#2412=ORIENTED_EDGE('',*,*,#1606,.F.);
#2413=ORIENTED_EDGE('',*,*,#1649,.T.);
#2414=ORIENTED_EDGE('',*,*,#1650,.T.);
#2415=ORIENTED_EDGE('',*,*,#1659,.T.);
#2416=ORIENTED_EDGE('',*,*,#1660,.T.);
#2417=ORIENTED_EDGE('',*,*,#1661,.T.);
#2418=ORIENTED_EDGE('',*,*,#1660,.F.);
#2419=ORIENTED_EDGE('',*,*,#1662,.T.);
#2420=ORIENTED_EDGE('',*,*,#1663,.T.);
#2421=ORIENTED_EDGE('',*,*,#1661,.F.);
#2422=ORIENTED_EDGE('',*,*,#1663,.F.);
#2423=ORIENTED_EDGE('',*,*,#1659,.F.);
#2424=ORIENTED_EDGE('',*,*,#1664,.T.);
#2425=ORIENTED_EDGE('',*,*,#1665,.T.);
#2426=ORIENTED_EDGE('',*,*,#1666,.T.);
#2427=ORIENTED_EDGE('',*,*,#1665,.F.);
#2428=ORIENTED_EDGE('',*,*,#1662,.F.);
#2429=ORIENTED_EDGE('',*,*,#1666,.F.);
#2430=ORIENTED_EDGE('',*,*,#1667,.F.);
#2431=ORIENTED_EDGE('',*,*,#1664,.F.);
#2432=ORIENTED_EDGE('',*,*,#1668,.F.);
#2433=ORIENTED_EDGE('',*,*,#1669,.T.);
#2434=ORIENTED_EDGE('',*,*,#1667,.T.);
#2435=ORIENTED_EDGE('',*,*,#1669,.F.);
#2436=ORIENTED_EDGE('',*,*,#1658,.T.);
#2437=ORIENTED_EDGE('',*,*,#1670,.T.);
#2438=ORIENTED_EDGE('',*,*,#1671,.F.);
#2439=ORIENTED_EDGE('',*,*,#1670,.F.);
#2440=ORIENTED_EDGE('',*,*,#1671,.T.);
#2441=ORIENTED_EDGE('',*,*,#1668,.T.);
#2442=ORIENTED_EDGE('',*,*,#1672,.F.);
#2443=ORIENTED_EDGE('',*,*,#1673,.T.);
#2444=ORIENTED_EDGE('',*,*,#1674,.F.);
#2445=ORIENTED_EDGE('',*,*,#1675,.F.);
#2446=ORIENTED_EDGE('',*,*,#1676,.F.);
#2447=ORIENTED_EDGE('',*,*,#1675,.T.);
#2448=ORIENTED_EDGE('',*,*,#1677,.F.);
#2449=ORIENTED_EDGE('',*,*,#1678,.F.);
#2450=ORIENTED_EDGE('',*,*,#1679,.F.);
#2451=ORIENTED_EDGE('',*,*,#1678,.T.);
#2452=ORIENTED_EDGE('',*,*,#1680,.F.);
#2453=ORIENTED_EDGE('',*,*,#1681,.F.);
#2454=ORIENTED_EDGE('',*,*,#1682,.F.);
#2455=ORIENTED_EDGE('',*,*,#1681,.T.);
#2456=ORIENTED_EDGE('',*,*,#1683,.F.);
#2457=ORIENTED_EDGE('',*,*,#1673,.F.);
#2458=ORIENTED_EDGE('',*,*,#1682,.T.);
#2459=ORIENTED_EDGE('',*,*,#1672,.T.);
#2460=ORIENTED_EDGE('',*,*,#1676,.T.);
#2461=ORIENTED_EDGE('',*,*,#1679,.T.);
#2462=ORIENTED_EDGE('',*,*,#1683,.T.);
#2463=ORIENTED_EDGE('',*,*,#1680,.T.);
#2464=ORIENTED_EDGE('',*,*,#1677,.T.);
#2465=ORIENTED_EDGE('',*,*,#1674,.T.);
#2466=ORIENTED_EDGE('',*,*,#1684,.F.);
#2467=ORIENTED_EDGE('',*,*,#1685,.T.);
#2468=ORIENTED_EDGE('',*,*,#1684,.T.);
#2469=ORIENTED_EDGE('',*,*,#1685,.F.);
#2470=CYLINDRICAL_SURFACE('',#2770,0.9338125);
#2471=CYLINDRICAL_SURFACE('',#2772,0.9338125);
#2472=CYLINDRICAL_SURFACE('',#2774,1.015);
#2473=CYLINDRICAL_SURFACE('',#2776,1.015);
#2474=CYLINDRICAL_SURFACE('',#2777,1.015);
#2475=CYLINDRICAL_SURFACE('',#2778,0.0499999999999998);
#2476=CYLINDRICAL_SURFACE('',#2786,0.0499999999999998);
#2477=CYLINDRICAL_SURFACE('',#2804,0.715);
#2478=CYLINDRICAL_SURFACE('',#2815,1.015);
#2479=CYLINDRICAL_SURFACE('',#2816,0.9338125);
#2480=CYLINDRICAL_SURFACE('',#2825,0.3915);
#2481=CYLINDRICAL_SURFACE('',#2828,0.3915);
#2482=CYLINDRICAL_SURFACE('',#2830,0.3365);
#2483=CYLINDRICAL_SURFACE('',#2834,0.5);
#2484=CYLINDRICAL_SURFACE('',#2839,0.3915);
#2485=CYLINDRICAL_SURFACE('',#2842,0.3915);
#2486=CYLINDRICAL_SURFACE('',#2844,0.3365);
#2487=CYLINDRICAL_SURFACE('',#2848,0.5);
#2488=CYLINDRICAL_SURFACE('',#2852,1.2);
#2489=CYLINDRICAL_SURFACE('',#2863,0.1);
#2490=CYLINDRICAL_SURFACE('',#2870,0.1);
#2491=CYLINDRICAL_SURFACE('',#2871,0.1);
#2492=CYLINDRICAL_SURFACE('',#2872,0.1);
#2493=CYLINDRICAL_SURFACE('',#2876,0.975);
#2494=CYLINDRICAL_SURFACE('',#2878,0.975);
#2495=CYLINDRICAL_SURFACE('',#2879,0.8938125);
#2496=CYLINDRICAL_SURFACE('',#2880,0.8938125);
#2497=CYLINDRICAL_SURFACE('',#2881,0.8938125);
#2498=CYLINDRICAL_SURFACE('',#2882,0.1);
#2499=CYLINDRICAL_SURFACE('',#2885,0.1);
#2500=CYLINDRICAL_SURFACE('',#2888,0.1);
#2501=CYLINDRICAL_SURFACE('',#2891,0.1);
#2502=CYLINDRICAL_SURFACE('',#2894,0.1);
#2503=CYLINDRICAL_SURFACE('',#2897,0.1);
#2504=CYLINDRICAL_SURFACE('',#2900,0.1);
#2505=CYLINDRICAL_SURFACE('',#2903,0.1);
#2506=CYLINDRICAL_SURFACE('',#2906,0.1);
#2507=CYLINDRICAL_SURFACE('',#2909,0.1);
#2508=CYLINDRICAL_SURFACE('',#2912,0.1);
#2509=CYLINDRICAL_SURFACE('',#2915,0.1);
#2510=CYLINDRICAL_SURFACE('',#2918,0.1);
#2511=CYLINDRICAL_SURFACE('',#2921,0.1);
#2512=CYLINDRICAL_SURFACE('',#2924,0.1);
#2513=CYLINDRICAL_SURFACE('',#2947,1.2);
#2514=CYLINDRICAL_SURFACE('',#2949,1.2);
#2515=CYLINDRICAL_SURFACE('',#2951,1.2);
#2516=CYLINDRICAL_SURFACE('',#2953,1.2);
#2517=CYLINDRICAL_SURFACE('',#2955,1.2);
#2518=CYLINDRICAL_SURFACE('',#2957,1.2);
#2519=CYLINDRICAL_SURFACE('',#2959,1.2);
#2520=CYLINDRICAL_SURFACE('',#2961,1.2);
#2521=CYLINDRICAL_SURFACE('',#2963,1.2);
#2522=CYLINDRICAL_SURFACE('',#2965,1.2);
#2523=CYLINDRICAL_SURFACE('',#2967,1.2);
#2524=CYLINDRICAL_SURFACE('',#2969,1.2);
#2525=CYLINDRICAL_SURFACE('',#2971,1.2);
#2526=CYLINDRICAL_SURFACE('',#2973,1.2);
#2527=CYLINDRICAL_SURFACE('',#2975,1.2);
#2528=CYLINDRICAL_SURFACE('',#3007,0.1);
#2529=CYLINDRICAL_SURFACE('',#3009,1.2);
#2530=CYLINDRICAL_SURFACE('',#3015,0.8938125);
#2531=CYLINDRICAL_SURFACE('',#3017,0.985);
#2532=CYLINDRICAL_SURFACE('',#3020,0.975);
#2533=CYLINDRICAL_SURFACE('',#3024,0.69);
#2534=CYLINDRICAL_SURFACE('',#3027,0.6);
#2535=CYLINDRICAL_SURFACE('',#3033,0.69);
#2536=CYLINDRICAL_SURFACE('',#3035,0.8838125);
#2537=ADVANCED_FACE('',(#151),#2470,.F.);
#2538=ADVANCED_FACE('',(#152),#2471,.F.);
#2539=ADVANCED_FACE('',(#153),#2472,.F.);
#2540=ADVANCED_FACE('',(#154),#2473,.F.);
#2541=ADVANCED_FACE('',(#155),#2474,.F.);
#2542=ADVANCED_FACE('',(#156),#2475,.F.);
#2543=ADVANCED_FACE('',(#157),#100,.F.);
#2544=ADVANCED_FACE('',(#158),#101,.F.);
#2545=ADVANCED_FACE('',(#159),#2476,.F.);
#2546=ADVANCED_FACE('',(#160,#83),#102,.F.);
#2547=ADVANCED_FACE('',(#161),#103,.F.);
#2548=ADVANCED_FACE('',(#162),#104,.F.);
#2549=ADVANCED_FACE('',(#163),#105,.F.);
#2550=ADVANCED_FACE('',(#164),#106,.F.);
#2551=ADVANCED_FACE('',(#165),#107,.F.);
#2552=ADVANCED_FACE('',(#166),#108,.F.);
#2553=ADVANCED_FACE('',(#167),#109,.F.);
#2554=ADVANCED_FACE('',(#168),#110,.F.);
#2555=ADVANCED_FACE('',(#169),#2477,.F.);
#2556=ADVANCED_FACE('',(#170),#62,.F.);
#2557=ADVANCED_FACE('',(#171,#84),#111,.T.);
#2558=ADVANCED_FACE('',(#172),#63,.F.);
#2559=ADVANCED_FACE('',(#173,#85),#112,.T.);
#2560=ADVANCED_FACE('',(#174),#50,.F.);
#2561=ADVANCED_FACE('',(#175),#113,.T.);
#2562=ADVANCED_FACE('',(#176),#2478,.F.);
#2563=ADVANCED_FACE('',(#177),#51,.F.);
#2564=ADVANCED_FACE('',(#178),#2479,.F.);
#2565=ADVANCED_FACE('',(#179),#64,.F.);
#2566=ADVANCED_FACE('',(#180),#65,.F.);
#2567=ADVANCED_FACE('',(#181,#86),#114,.T.);
#2568=ADVANCED_FACE('',(#182,#87),#115,.T.);
#2569=ADVANCED_FACE('',(#183),#116,.F.);
#2570=ADVANCED_FACE('',(#184),#52,.T.);
#2571=ADVANCED_FACE('',(#185),#2480,.T.);
#2572=ADVANCED_FACE('',(#186),#53,.T.);
#2573=ADVANCED_FACE('',(#187),#117,.T.);
#2574=ADVANCED_FACE('',(#188),#118,.F.);
#2575=ADVANCED_FACE('',(#189),#54,.T.);
#2576=ADVANCED_FACE('',(#190),#2481,.T.);
#2577=ADVANCED_FACE('',(#191),#55,.T.);
#2578=ADVANCED_FACE('',(#192),#119,.T.);
#2579=ADVANCED_FACE('',(#193),#2482,.T.);
#2580=ADVANCED_FACE('',(#194,#88),#120,.T.);
#2581=ADVANCED_FACE('',(#195),#2483,.T.);
#2582=ADVANCED_FACE('',(#196,#89),#121,.T.);
#2583=ADVANCED_FACE('',(#197),#122,.F.);
#2584=ADVANCED_FACE('',(#198),#56,.T.);
#2585=ADVANCED_FACE('',(#199),#2484,.T.);
#2586=ADVANCED_FACE('',(#200),#57,.T.);
#2587=ADVANCED_FACE('',(#201),#123,.T.);
#2588=ADVANCED_FACE('',(#202),#124,.F.);
#2589=ADVANCED_FACE('',(#203),#58,.T.);
#2590=ADVANCED_FACE('',(#204),#2485,.T.);
#2591=ADVANCED_FACE('',(#205),#59,.T.);
#2592=ADVANCED_FACE('',(#206),#125,.T.);
#2593=ADVANCED_FACE('',(#207),#2486,.T.);
#2594=ADVANCED_FACE('',(#208,#90),#126,.T.);
#2595=ADVANCED_FACE('',(#209),#2487,.T.);
#2596=ADVANCED_FACE('',(#210,#91),#127,.T.);
#2597=ADVANCED_FACE('',(#211),#2488,.T.);
#2598=ADVANCED_FACE('',(#212),#128,.F.);
#2599=ADVANCED_FACE('',(#213),#129,.F.);
#2600=ADVANCED_FACE('',(#214),#130,.T.);
#2601=ADVANCED_FACE('',(#215),#131,.F.);
#2602=ADVANCED_FACE('',(#216),#132,.F.);
#2603=ADVANCED_FACE('',(#217),#2489,.T.);
#2604=ADVANCED_FACE('',(#218),#133,.T.);
#2605=ADVANCED_FACE('',(#219,#92,#93,#94),#134,.T.);
#2606=ADVANCED_FACE('',(#220),#2490,.T.);
#2607=ADVANCED_FACE('',(#221),#2491,.T.);
#2608=ADVANCED_FACE('',(#222),#2492,.T.);
#2609=ADVANCED_FACE('',(#223),#135,.T.);
#2610=ADVANCED_FACE('',(#224),#136,.T.);
#2611=ADVANCED_FACE('',(#225),#2493,.T.);
#2612=ADVANCED_FACE('',(#226),#2494,.T.);
#2613=ADVANCED_FACE('',(#227),#2495,.T.);
#2614=ADVANCED_FACE('',(#228),#2496,.T.);
#2615=ADVANCED_FACE('',(#229),#2497,.T.);
#2616=ADVANCED_FACE('',(#230),#2498,.F.);
#2617=ADVANCED_FACE('',(#231),#2499,.F.);
#2618=ADVANCED_FACE('',(#232),#2500,.F.);
#2619=ADVANCED_FACE('',(#233),#2501,.F.);
#2620=ADVANCED_FACE('',(#234),#2502,.F.);
#2621=ADVANCED_FACE('',(#235),#2503,.F.);
#2622=ADVANCED_FACE('',(#236),#2504,.F.);
#2623=ADVANCED_FACE('',(#237),#2505,.F.);
#2624=ADVANCED_FACE('',(#238),#2506,.F.);
#2625=ADVANCED_FACE('',(#239),#2507,.F.);
#2626=ADVANCED_FACE('',(#240),#2508,.F.);
#2627=ADVANCED_FACE('',(#241),#2509,.F.);
#2628=ADVANCED_FACE('',(#242),#2510,.F.);
#2629=ADVANCED_FACE('',(#243),#2511,.F.);
#2630=ADVANCED_FACE('',(#244),#2512,.F.);
#2631=ADVANCED_FACE('',(#245,#95),#137,.F.);
#2632=ADVANCED_FACE('',(#246),#2513,.T.);
#2633=ADVANCED_FACE('',(#247),#2514,.T.);
#2634=ADVANCED_FACE('',(#248),#2515,.T.);
#2635=ADVANCED_FACE('',(#249),#2516,.T.);
#2636=ADVANCED_FACE('',(#250),#2517,.T.);
#2637=ADVANCED_FACE('',(#251),#2518,.T.);
#2638=ADVANCED_FACE('',(#252),#2519,.T.);
#2639=ADVANCED_FACE('',(#253),#2520,.T.);
#2640=ADVANCED_FACE('',(#254),#2521,.T.);
#2641=ADVANCED_FACE('',(#255),#2522,.T.);
#2642=ADVANCED_FACE('',(#256),#2523,.T.);
#2643=ADVANCED_FACE('',(#257),#2524,.T.);
#2644=ADVANCED_FACE('',(#258),#2525,.T.);
#2645=ADVANCED_FACE('',(#259),#2526,.T.);
#2646=ADVANCED_FACE('',(#260),#2527,.T.);
#2647=ADVANCED_FACE('',(#261),#66,.T.);
#2648=ADVANCED_FACE('',(#262),#67,.T.);
#2649=ADVANCED_FACE('',(#263),#68,.T.);
#2650=ADVANCED_FACE('',(#264),#69,.T.);
#2651=ADVANCED_FACE('',(#265),#70,.T.);
#2652=ADVANCED_FACE('',(#266),#71,.T.);
#2653=ADVANCED_FACE('',(#267),#72,.T.);
#2654=ADVANCED_FACE('',(#268),#73,.T.);
#2655=ADVANCED_FACE('',(#269),#74,.T.);
#2656=ADVANCED_FACE('',(#270),#75,.T.);
#2657=ADVANCED_FACE('',(#271),#76,.T.);
#2658=ADVANCED_FACE('',(#272),#77,.T.);
#2659=ADVANCED_FACE('',(#273),#78,.T.);
#2660=ADVANCED_FACE('',(#274),#79,.T.);
#2661=ADVANCED_FACE('',(#275),#80,.T.);
#2662=ADVANCED_FACE('',(#276),#2528,.F.);
#2663=ADVANCED_FACE('',(#277),#2529,.T.);
#2664=ADVANCED_FACE('',(#278),#138,.T.);
#2665=ADVANCED_FACE('',(#279),#81,.T.);
#2666=ADVANCED_FACE('',(#280),#139,.F.);
#2667=ADVANCED_FACE('',(#281),#60,.F.);
#2668=ADVANCED_FACE('',(#282),#2530,.T.);
#2669=ADVANCED_FACE('',(#283),#2531,.F.);
#2670=ADVANCED_FACE('',(#284),#61,.F.);
#2671=ADVANCED_FACE('',(#285,#96),#140,.F.);
#2672=ADVANCED_FACE('',(#286),#2532,.T.);
#2673=ADVANCED_FACE('',(#287),#82,.T.);
#2674=ADVANCED_FACE('',(#288),#2533,.T.);
#2675=ADVANCED_FACE('',(#289),#141,.F.);
#2676=ADVANCED_FACE('',(#290),#2534,.T.);
#2677=ADVANCED_FACE('',(#291,#97),#142,.T.);
#2678=ADVANCED_FACE('',(#292,#98),#143,.F.);
#2679=ADVANCED_FACE('',(#293),#2535,.T.);
#2680=ADVANCED_FACE('',(#294),#2536,.T.);
#2681=ADVANCED_FACE('',(#295,#99),#144,.F.);
#2682=ADVANCED_FACE('',(#296),#145,.T.);
#2683=ADVANCED_FACE('',(#297),#146,.T.);
#2684=ADVANCED_FACE('',(#298),#147,.T.);
#2685=ADVANCED_FACE('',(#299),#148,.T.);
#2686=ADVANCED_FACE('',(#300),#149,.T.);
#2687=ADVANCED_FACE('',(#301),#150,.T.);
#2688=ADVANCED_FACE('',(#302),#27,.T.);
#2689=CLOSED_SHELL('',(#2537,#2538,#2539,#2540,#2541,#2542,#2543,#2544,
#2545,#2546,#2547,#2548,#2549,#2550,#2551,#2552,#2553,#2554,#2555,#2556,
#2557,#2558,#2559,#2560,#2561,#2562,#2563,#2564,#2565,#2566,#2567,#2568,
#2569,#2570,#2571,#2572,#2573,#2574,#2575,#2576,#2577,#2578,#2579,#2580,
#2581,#2582,#2583,#2584,#2585,#2586,#2587,#2588,#2589,#2590,#2591,#2592,
#2593,#2594,#2595,#2596,#2597,#2598,#2599,#2600,#2601,#2602,#2603,#2604,
#2605,#2606,#2607,#2608,#2609,#2610));
#2690=CLOSED_SHELL('',(#2611,#2612,#2613,#2614,#2615,#2616,#2617,#2618,
#2619,#2620,#2621,#2622,#2623,#2624,#2625,#2626,#2627,#2628,#2629,#2630,
#2631,#2632,#2633,#2634,#2635,#2636,#2637,#2638,#2639,#2640,#2641,#2642,
#2643,#2644,#2645,#2646,#2647,#2648,#2649,#2650,#2651,#2652,#2653,#2654,
#2655,#2656,#2657,#2658,#2659,#2660,#2661,#2662,#2663,#2664,#2665,#2666,
#2667,#2668,#2669,#2670,#2671,#2672,#2673,#2674,#2675,#2676,#2677,#2678,
#2679,#2680,#2681));
#2691=CLOSED_SHELL('',(#2682,#2683,#2684,#2685,#2686,#2687));
#2692=CLOSED_SHELL('',(#2688));
#2693=DERIVED_UNIT_ELEMENT(#2702,1.);
#2694=DERIVED_UNIT_ELEMENT(#6638,-3.);
#2695=DERIVED_UNIT_ELEMENT(#2702,1.);
#2696=DERIVED_UNIT_ELEMENT(#6638,-3.);
#2697=DERIVED_UNIT_ELEMENT(#2702,1.);
#2698=DERIVED_UNIT_ELEMENT(#6638,-3.);
#2699=DERIVED_UNIT_ELEMENT(#2702,1.);
#2700=DERIVED_UNIT_ELEMENT(#6638,-3.);
#2701=DIMENSIONAL_EXPONENTS(0.,1.,0.,0.,0.,0.,0.);
#2702=(
CONVERSION_BASED_UNIT('gram',#2704)
MASS_UNIT()
NAMED_UNIT(#2701)
);
#2703=(
MASS_UNIT()
NAMED_UNIT(*)
SI_UNIT(.KILO.,.GRAM.)
);
#2704=MASS_MEASURE_WITH_UNIT(MASS_MEASURE(0.001),#2703);
#2705=DERIVED_UNIT((#2693,#2694));
#2706=DERIVED_UNIT((#2695,#2696));
#2707=DERIVED_UNIT((#2697,#2698));
#2708=DERIVED_UNIT((#2699,#2700));
#2709=MEASURE_REPRESENTATION_ITEM('density measure',
POSITIVE_RATIO_MEASURE(1.),#2705);
#2710=MEASURE_REPRESENTATION_ITEM('density measure',
POSITIVE_RATIO_MEASURE(1.),#2706);
#2711=MEASURE_REPRESENTATION_ITEM('density measure',
POSITIVE_RATIO_MEASURE(1.),#2707);
#2712=MEASURE_REPRESENTATION_ITEM('density measure',
POSITIVE_RATIO_MEASURE(1.25),#2708);
#2713=PROPERTY_DEFINITION_REPRESENTATION(#2733,#2721);
#2714=PROPERTY_DEFINITION_REPRESENTATION(#2734,#2722);
#2715=PROPERTY_DEFINITION_REPRESENTATION(#2735,#2723);
#2716=PROPERTY_DEFINITION_REPRESENTATION(#2736,#2724);
#2717=PROPERTY_DEFINITION_REPRESENTATION(#2737,#2725);
#2718=PROPERTY_DEFINITION_REPRESENTATION(#2738,#2726);
#2719=PROPERTY_DEFINITION_REPRESENTATION(#2739,#2727);
#2720=PROPERTY_DEFINITION_REPRESENTATION(#2740,#2728);
#2721=REPRESENTATION('material name',(#2729),#6633);
#2722=REPRESENTATION('density',(#2709),#6633);
#2723=REPRESENTATION('material name',(#2730),#6634);
#2724=REPRESENTATION('density',(#2710),#6634);
#2725=REPRESENTATION('material name',(#2731),#6635);
#2726=REPRESENTATION('density',(#2711),#6635);
#2727=REPRESENTATION('material name',(#2732),#6636);
#2728=REPRESENTATION('density',(#2712),#6636);
#2729=DESCRIPTIVE_REPRESENTATION_ITEM('Generic','Generic');
#2730=DESCRIPTIVE_REPRESENTATION_ITEM('Generic','Generic');
#2731=DESCRIPTIVE_REPRESENTATION_ITEM('Generic','Generic');
#2732=DESCRIPTIVE_REPRESENTATION_ITEM('Rubber, Silicone',
'Rubber, Silicone');
#2733=PROPERTY_DEFINITION('material property','material name',#6663);
#2734=PROPERTY_DEFINITION('material property','density of part',#6663);
#2735=PROPERTY_DEFINITION('material property','material name',#6664);
#2736=PROPERTY_DEFINITION('material property','density of part',#6664);
#2737=PROPERTY_DEFINITION('material property','material name',#6665);
#2738=PROPERTY_DEFINITION('material property','density of part',#6665);
#2739=PROPERTY_DEFINITION('material property','material name',#6666);
#2740=PROPERTY_DEFINITION('material property','density of part',#6666);
#2741=PRESENTATION_STYLE_ASSIGNMENT((#2744));
#2742=PRESENTATION_STYLE_ASSIGNMENT((#2745));
#2743=PRESENTATION_STYLE_ASSIGNMENT((#2746));
#2744=SURFACE_STYLE_USAGE(.BOTH.,#2753);
#2745=SURFACE_STYLE_USAGE(.BOTH.,#2754);
#2746=SURFACE_STYLE_USAGE(.BOTH.,#2755);
#2747=SURFACE_STYLE_RENDERING_WITH_PROPERTIES($,#2765,(#2750));
#2748=SURFACE_STYLE_RENDERING_WITH_PROPERTIES($,#2766,(#2751));
#2749=SURFACE_STYLE_RENDERING_WITH_PROPERTIES($,#2767,(#2752));
#2750=SURFACE_STYLE_TRANSPARENT(0.);
#2751=SURFACE_STYLE_TRANSPARENT(0.599999994039536);
#2752=SURFACE_STYLE_TRANSPARENT(0.);
#2753=SURFACE_SIDE_STYLE('',(#2756,#2747));
#2754=SURFACE_SIDE_STYLE('',(#2757,#2748));
#2755=SURFACE_SIDE_STYLE('',(#2758,#2749));
#2756=SURFACE_STYLE_FILL_AREA(#2759);
#2757=SURFACE_STYLE_FILL_AREA(#2760);
#2758=SURFACE_STYLE_FILL_AREA(#2761);
#2759=FILL_AREA_STYLE('',(#2762));
#2760=FILL_AREA_STYLE('',(#2763));
#2761=FILL_AREA_STYLE('',(#2764));
#2762=FILL_AREA_STYLE_COLOUR('',#2765);
#2763=FILL_AREA_STYLE_COLOUR('',#2766);
#2764=FILL_AREA_STYLE_COLOUR('',#2767);
#2765=COLOUR_RGB('',0.0196078431372549,0.0196078431372549,0.0196078431372549);
#2766=COLOUR_RGB('',0.898039215686275,0.898039215686275,0.898039215686275);
#2767=COLOUR_RGB('',0.250980392156863,0.250980392156863,0.250980392156863);
#2768=AXIS2_PLACEMENT_3D('',#3796,#3053,#3054);
#2769=AXIS2_PLACEMENT_3D('',#3797,#3055,#3056);
#2770=AXIS2_PLACEMENT_3D('',#3798,#3057,#3058);
#2771=AXIS2_PLACEMENT_3D('',#3816,#3060,#3061);
#2772=AXIS2_PLACEMENT_3D('',#3857,#3062,#3063);
#2773=AXIS2_PLACEMENT_3D('',#3865,#3067,#3068);
#2774=AXIS2_PLACEMENT_3D('',#3882,#3069,#3070);
#2775=AXIS2_PLACEMENT_3D('',#3894,#3072,#3073);
#2776=AXIS2_PLACEMENT_3D('',#3902,#3074,#3075);
#2777=AXIS2_PLACEMENT_3D('',#3939,#3077,#3078);
#2778=AXIS2_PLACEMENT_3D('',#3966,#3081,#3082);
#2779=AXIS2_PLACEMENT_3D('',#3971,#3084,#3085);
#2780=AXIS2_PLACEMENT_3D('',#3975,#3087,#3088);
#2781=AXIS2_PLACEMENT_3D('',#3978,#3090,#3091);
#2782=AXIS2_PLACEMENT_3D('',#3979,#3092,#3093);
#2783=AXIS2_PLACEMENT_3D('',#3980,#3094,#3095);
#2784=AXIS2_PLACEMENT_3D('',#3986,#3098,#3099);
#2785=AXIS2_PLACEMENT_3D('',#3990,#3102,#3103);
#2786=AXIS2_PLACEMENT_3D('',#3994,#3106,#3107);
#2787=AXIS2_PLACEMENT_3D('',#3999,#3109,#3110);
#2788=AXIS2_PLACEMENT_3D('',#4003,#3112,#3113);
#2789=AXIS2_PLACEMENT_3D('',#4006,#3115,#3116);
#2790=AXIS2_PLACEMENT_3D('',#4007,#3117,#3118);
#2791=AXIS2_PLACEMENT_3D('',#4008,#3119,#3120);
#2792=AXIS2_PLACEMENT_3D('',#4022,#3127,#3128);
#2793=AXIS2_PLACEMENT_3D('',#4031,#3133,#3134);
#2794=AXIS2_PLACEMENT_3D('',#4033,#3136,#3137);
#2795=AXIS2_PLACEMENT_3D('',#4037,#3140,#3141);
#2796=AXIS2_PLACEMENT_3D('',#4041,#3144,#3145);
#2797=AXIS2_PLACEMENT_3D('',#4047,#3148,#3149);
#2798=AXIS2_PLACEMENT_3D('',#4048,#3150,#3151);
#2799=AXIS2_PLACEMENT_3D('',#4049,#3152,#3153);
#2800=AXIS2_PLACEMENT_3D('',#4051,#3155,#3156);
#2801=AXIS2_PLACEMENT_3D('',#4053,#3158,#3159);
#2802=AXIS2_PLACEMENT_3D('',#4055,#3161,#3162);
#2803=AXIS2_PLACEMENT_3D('',#4057,#3164,#3165);
#2804=AXIS2_PLACEMENT_3D('',#4059,#3167,#3168);
#2805=AXIS2_PLACEMENT_3D('',#4062,#3170,#3171);
#2806=AXIS2_PLACEMENT_3D('',#4063,#3172,#3173);
#2807=AXIS2_PLACEMENT_3D('',#4065,#3174,#3175);
#2808=AXIS2_PLACEMENT_3D('',#4068,#3177,#3178);
#2809=AXIS2_PLACEMENT_3D('',#4069,#3179,#3180);
#2810=AXIS2_PLACEMENT_3D('',#4070,#3181,#3182);
#2811=AXIS2_PLACEMENT_3D('',#4072,#3183,#3184);
#2812=AXIS2_PLACEMENT_3D('',#4075,#3186,#3187);
#2813=AXIS2_PLACEMENT_3D('',#4076,#3188,#3189);
#2814=AXIS2_PLACEMENT_3D('',#4454,#3191,#3192);
#2815=AXIS2_PLACEMENT_3D('',#4456,#3194,#3195);
#2816=AXIS2_PLACEMENT_3D('',#4709,#3196,#3197);
#2817=AXIS2_PLACEMENT_3D('',#4710,#3198,#3199);
#2818=AXIS2_PLACEMENT_3D('',#4711,#3200,#3201);
#2819=AXIS2_PLACEMENT_3D('',#4712,#3202,#3203);
#2820=AXIS2_PLACEMENT_3D('',#4715,#3205,#3206);
#2821=AXIS2_PLACEMENT_3D('',#4716,#3207,#3208);
#2822=AXIS2_PLACEMENT_3D('',#4717,#3209,#3210);
#2823=AXIS2_PLACEMENT_3D('',#4719,#3211,#3212);
#2824=AXIS2_PLACEMENT_3D('',#4720,#3213,#3214);
#2825=AXIS2_PLACEMENT_3D('',#4780,#3220,#3221);
#2826=AXIS2_PLACEMENT_3D('',#4827,#3224,#3225);
#2827=AXIS2_PLACEMENT_3D('',#4829,#3227,#3228);
#2828=AXIS2_PLACEMENT_3D('',#4889,#3234,#3235);
#2829=AXIS2_PLACEMENT_3D('',#4936,#3238,#3239);
#2830=AXIS2_PLACEMENT_3D('',#4938,#3241,#3242);
#2831=AXIS2_PLACEMENT_3D('',#4940,#3243,#3244);
#2832=AXIS2_PLACEMENT_3D('',#4945,#3248,#3249);
#2833=AXIS2_PLACEMENT_3D('',#4946,#3250,#3251);
#2834=AXIS2_PLACEMENT_3D('',#4947,#3252,#3253);
#2835=AXIS2_PLACEMENT_3D('',#4949,#3254,#3255);
#2836=AXIS2_PLACEMENT_3D('',#4952,#3257,#3258);
#2837=AXIS2_PLACEMENT_3D('',#4953,#3259,#3260);
#2838=AXIS2_PLACEMENT_3D('',#4954,#3261,#3262);
#2839=AXIS2_PLACEMENT_3D('',#5014,#3268,#3269);
#2840=AXIS2_PLACEMENT_3D('',#5061,#3272,#3273);
#2841=AXIS2_PLACEMENT_3D('',#5063,#3275,#3276);
#2842=AXIS2_PLACEMENT_3D('',#5123,#3282,#3283);
#2843=AXIS2_PLACEMENT_3D('',#5170,#3286,#3287);
#2844=AXIS2_PLACEMENT_3D('',#5172,#3289,#3290);
#2845=AXIS2_PLACEMENT_3D('',#5174,#3291,#3292);
#2846=AXIS2_PLACEMENT_3D('',#5179,#3296,#3297);
#2847=AXIS2_PLACEMENT_3D('',#5180,#3298,#3299);
#2848=AXIS2_PLACEMENT_3D('',#5181,#3300,#3301);
#2849=AXIS2_PLACEMENT_3D('',#5183,#3302,#3303);
#2850=AXIS2_PLACEMENT_3D('',#5186,#3305,#3306);
#2851=AXIS2_PLACEMENT_3D('',#5187,#3307,#3308);
#2852=AXIS2_PLACEMENT_3D('',#5188,#3309,#3310);
#2853=AXIS2_PLACEMENT_3D('',#5191,#3312,#3313);
#2854=AXIS2_PLACEMENT_3D('',#5192,#3314,#3315);
#2855=AXIS2_PLACEMENT_3D('',#5198,#3319,#3320);
#2856=AXIS2_PLACEMENT_3D('',#5204,#3324,#3325);
#2857=AXIS2_PLACEMENT_3D('',#5214,#3331,#3332);
#2858=AXIS2_PLACEMENT_3D('',#5218,#3334,#3335);
#2859=AXIS2_PLACEMENT_3D('',#5221,#3337,#3338);
#2860=AXIS2_PLACEMENT_3D('',#5222,#3339,#3340);
#2861=AXIS2_PLACEMENT_3D('',#5224,#3341,#3342);
#2862=AXIS2_PLACEMENT_3D('',#5228,#3344,#3345);
#2863=AXIS2_PLACEMENT_3D('',#5230,#3347,#3348);
#2864=AXIS2_PLACEMENT_3D('',#5233,#3349,#3350);
#2865=AXIS2_PLACEMENT_3D('',#5236,#3353,#3354);
#2866=AXIS2_PLACEMENT_3D('',#5240,#3357,#3358);
#2867=AXIS2_PLACEMENT_3D('',#5243,#3360,#3361);
#2868=AXIS2_PLACEMENT_3D('',#5245,#3362,#3363);
#2869=AXIS2_PLACEMENT_3D('',#5248,#3365,#3366);
#2870=AXIS2_PLACEMENT_3D('',#5249,#3367,#3368);
#2871=AXIS2_PLACEMENT_3D('',#5251,#3370,#3371);
#2872=AXIS2_PLACEMENT_3D('',#5253,#3373,#3374);
#2873=AXIS2_PLACEMENT_3D('',#5255,#3376,#3377);
#2874=AXIS2_PLACEMENT_3D('',#5256,#3378,#3379);
#2875=AXIS2_PLACEMENT_3D('',#5257,#3380,#3381);
#2876=AXIS2_PLACEMENT_3D('',#5258,#3382,#3383);
#2877=AXIS2_PLACEMENT_3D('',#5295,#3385,#3386);
#2878=AXIS2_PLACEMENT_3D('',#5307,#3387,#3388);
#2879=AXIS2_PLACEMENT_3D('',#5370,#3390,#3391);
#2880=AXIS2_PLACEMENT_3D('',#5385,#3394,#3395);
#2881=AXIS2_PLACEMENT_3D('',#5423,#3397,#3398);
#2882=AXIS2_PLACEMENT_3D('',#5460,#3400,#3401);
#2883=AXIS2_PLACEMENT_3D('',#5473,#3402,#3403);
#2884=AXIS2_PLACEMENT_3D('',#5486,#3405,#3406);
#2885=AXIS2_PLACEMENT_3D('',#5488,#3408,#3409);
#2886=AXIS2_PLACEMENT_3D('',#5501,#3410,#3411);
#2887=AXIS2_PLACEMENT_3D('',#5514,#3413,#3414);
#2888=AXIS2_PLACEMENT_3D('',#5516,#3416,#3417);
#2889=AXIS2_PLACEMENT_3D('',#5529,#3418,#3419);
#2890=AXIS2_PLACEMENT_3D('',#5542,#3421,#3422);
#2891=AXIS2_PLACEMENT_3D('',#5544,#3424,#3425);
#2892=AXIS2_PLACEMENT_3D('',#5557,#3426,#3427);
#2893=AXIS2_PLACEMENT_3D('',#5570,#3429,#3430);
#2894=AXIS2_PLACEMENT_3D('',#5572,#3432,#3433);
#2895=AXIS2_PLACEMENT_3D('',#5585,#3434,#3435);
#2896=AXIS2_PLACEMENT_3D('',#5598,#3437,#3438);
#2897=AXIS2_PLACEMENT_3D('',#5600,#3440,#3441);
#2898=AXIS2_PLACEMENT_3D('',#5613,#3442,#3443);
#2899=AXIS2_PLACEMENT_3D('',#5626,#3445,#3446);
#2900=AXIS2_PLACEMENT_3D('',#5628,#3448,#3449);
#2901=AXIS2_PLACEMENT_3D('',#5641,#3450,#3451);
#2902=AXIS2_PLACEMENT_3D('',#5654,#3453,#3454);
#2903=AXIS2_PLACEMENT_3D('',#5656,#3456,#3457);
#2904=AXIS2_PLACEMENT_3D('',#5669,#3458,#3459);
#2905=AXIS2_PLACEMENT_3D('',#5682,#3461,#3462);
#2906=AXIS2_PLACEMENT_3D('',#5684,#3464,#3465);
#2907=AXIS2_PLACEMENT_3D('',#5697,#3466,#3467);
#2908=AXIS2_PLACEMENT_3D('',#5710,#3469,#3470);
#2909=AXIS2_PLACEMENT_3D('',#5712,#3472,#3473);
#2910=AXIS2_PLACEMENT_3D('',#5725,#3474,#3475);
#2911=AXIS2_PLACEMENT_3D('',#5738,#3477,#3478);
#2912=AXIS2_PLACEMENT_3D('',#5740,#3480,#3481);
#2913=AXIS2_PLACEMENT_3D('',#5753,#3482,#3483);
#2914=AXIS2_PLACEMENT_3D('',#5766,#3485,#3486);
#2915=AXIS2_PLACEMENT_3D('',#5768,#3488,#3489);
#2916=AXIS2_PLACEMENT_3D('',#5781,#3490,#3491);
#2917=AXIS2_PLACEMENT_3D('',#5794,#3493,#3494);
#2918=AXIS2_PLACEMENT_3D('',#5796,#3496,#3497);
#2919=AXIS2_PLACEMENT_3D('',#5809,#3498,#3499);
#2920=AXIS2_PLACEMENT_3D('',#5822,#3501,#3502);
#2921=AXIS2_PLACEMENT_3D('',#5824,#3504,#3505);
#2922=AXIS2_PLACEMENT_3D('',#5837,#3506,#3507);
#2923=AXIS2_PLACEMENT_3D('',#5850,#3509,#3510);
#2924=AXIS2_PLACEMENT_3D('',#5852,#3512,#3513);
#2925=AXIS2_PLACEMENT_3D('',#5865,#3514,#3515);
#2926=AXIS2_PLACEMENT_3D('',#5878,#3517,#3518);
#2927=AXIS2_PLACEMENT_3D('',#5880,#3520,#3521);
#2928=AXIS2_PLACEMENT_3D('',#5881,#3522,#3523);
#2929=AXIS2_PLACEMENT_3D('',#5882,#3524,#3525);
#2930=AXIS2_PLACEMENT_3D('',#5883,#3526,#3527);
#2931=AXIS2_PLACEMENT_3D('',#5884,#3528,#3529);
#2932=AXIS2_PLACEMENT_3D('',#5885,#3530,#3531);
#2933=AXIS2_PLACEMENT_3D('',#5886,#3532,#3533);
#2934=AXIS2_PLACEMENT_3D('',#5887,#3534,#3535);
#2935=AXIS2_PLACEMENT_3D('',#5888,#3536,#3537);
#2936=AXIS2_PLACEMENT_3D('',#5889,#3538,#3539);
#2937=AXIS2_PLACEMENT_3D('',#5890,#3540,#3541);
#2938=AXIS2_PLACEMENT_3D('',#5891,#3542,#3543);
#2939=AXIS2_PLACEMENT_3D('',#5892,#3544,#3545);
#2940=AXIS2_PLACEMENT_3D('',#5893,#3546,#3547);
#2941=AXIS2_PLACEMENT_3D('',#5894,#3548,#3549);
#2942=AXIS2_PLACEMENT_3D('',#5896,#3550,#3551);
#2943=AXIS2_PLACEMENT_3D('',#5898,#3552,#3553);
#2944=AXIS2_PLACEMENT_3D('',#5899,#3554,#3555);
#2945=AXIS2_PLACEMENT_3D('',#5904,#3557,#3558);
#2946=AXIS2_PLACEMENT_3D('',#5913,#3559,#3560);
#2947=AXIS2_PLACEMENT_3D('',#5914,#3561,#3562);
#2948=AXIS2_PLACEMENT_3D('',#5916,#3563,#3564);
#2949=AXIS2_PLACEMENT_3D('',#5918,#3566,#3567);
#2950=AXIS2_PLACEMENT_3D('',#5919,#3568,#3569);
#2951=AXIS2_PLACEMENT_3D('',#5920,#3570,#3571);
#2952=AXIS2_PLACEMENT_3D('',#5921,#3572,#3573);
#2953=AXIS2_PLACEMENT_3D('',#5922,#3574,#3575);
#2954=AXIS2_PLACEMENT_3D('',#5923,#3576,#3577);
#2955=AXIS2_PLACEMENT_3D('',#5924,#3578,#3579);
#2956=AXIS2_PLACEMENT_3D('',#5925,#3580,#3581);
#2957=AXIS2_PLACEMENT_3D('',#5926,#3582,#3583);
#2958=AXIS2_PLACEMENT_3D('',#5927,#3584,#3585);
#2959=AXIS2_PLACEMENT_3D('',#5928,#3586,#3587);
#2960=AXIS2_PLACEMENT_3D('',#5929,#3588,#3589);
#2961=AXIS2_PLACEMENT_3D('',#5930,#3590,#3591);
#2962=AXIS2_PLACEMENT_3D('',#5931,#3592,#3593);
#2963=AXIS2_PLACEMENT_3D('',#5932,#3594,#3595);
#2964=AXIS2_PLACEMENT_3D('',#5933,#3596,#3597);
#2965=AXIS2_PLACEMENT_3D('',#5934,#3598,#3599);
#2966=AXIS2_PLACEMENT_3D('',#5935,#3600,#3601);
#2967=AXIS2_PLACEMENT_3D('',#5936,#3602,#3603);
#2968=AXIS2_PLACEMENT_3D('',#5937,#3604,#3605);
#2969=AXIS2_PLACEMENT_3D('',#5938,#3606,#3607);
#2970=AXIS2_PLACEMENT_3D('',#5939,#3608,#3609);
#2971=AXIS2_PLACEMENT_3D('',#5940,#3610,#3611);
#2972=AXIS2_PLACEMENT_3D('',#5941,#3612,#3613);
#2973=AXIS2_PLACEMENT_3D('',#5942,#3614,#3615);
#2974=AXIS2_PLACEMENT_3D('',#5943,#3616,#3617);
#2975=AXIS2_PLACEMENT_3D('',#5944,#3618,#3619);
#2976=AXIS2_PLACEMENT_3D('',#5945,#3620,#3621);
#2977=AXIS2_PLACEMENT_3D('',#5946,#3622,#3623);
#2978=AXIS2_PLACEMENT_3D('',#5948,#3624,#3625);
#2979=AXIS2_PLACEMENT_3D('',#5958,#3626,#3627);
#2980=AXIS2_PLACEMENT_3D('',#5959,#3628,#3629);
#2981=AXIS2_PLACEMENT_3D('',#5960,#3630,#3631);
#2982=AXIS2_PLACEMENT_3D('',#5961,#3632,#3633);
#2983=AXIS2_PLACEMENT_3D('',#5962,#3634,#3635);
#2984=AXIS2_PLACEMENT_3D('',#5963,#3636,#3637);
#2985=AXIS2_PLACEMENT_3D('',#5964,#3638,#3639);
#2986=AXIS2_PLACEMENT_3D('',#5965,#3640,#3641);
#2987=AXIS2_PLACEMENT_3D('',#5966,#3642,#3643);
#2988=AXIS2_PLACEMENT_3D('',#5967,#3644,#3645);
#2989=AXIS2_PLACEMENT_3D('',#5968,#3646,#3647);
#2990=AXIS2_PLACEMENT_3D('',#5969,#3648,#3649);
#2991=AXIS2_PLACEMENT_3D('',#5970,#3650,#3651);
#2992=AXIS2_PLACEMENT_3D('',#5971,#3652,#3653);
#2993=AXIS2_PLACEMENT_3D('',#5972,#3654,#3655);
#2994=AXIS2_PLACEMENT_3D('',#5973,#3656,#3657);
#2995=AXIS2_PLACEMENT_3D('',#5974,#3658,#3659);
#2996=AXIS2_PLACEMENT_3D('',#5975,#3660,#3661);
#2997=AXIS2_PLACEMENT_3D('',#5976,#3662,#3663);
#2998=AXIS2_PLACEMENT_3D('',#5977,#3664,#3665);
#2999=AXIS2_PLACEMENT_3D('',#5978,#3666,#3667);
#3000=AXIS2_PLACEMENT_3D('',#5979,#3668,#3669);
#3001=AXIS2_PLACEMENT_3D('',#5980,#3670,#3671);
#3002=AXIS2_PLACEMENT_3D('',#5981,#3672,#3673);
#3003=AXIS2_PLACEMENT_3D('',#5982,#3674,#3675);
#3004=AXIS2_PLACEMENT_3D('',#5983,#3676,#3677);
#3005=AXIS2_PLACEMENT_3D('',#5984,#3678,#3679);
#3006=AXIS2_PLACEMENT_3D('',#5985,#3680,#3681);
#3007=AXIS2_PLACEMENT_3D('',#5986,#3682,#3683);
#3008=AXIS2_PLACEMENT_3D('',#5998,#3685,#3686);
#3009=AXIS2_PLACEMENT_3D('',#5999,#3687,#3688);
#3010=AXIS2_PLACEMENT_3D('',#6000,#3689,#3690);
#3011=AXIS2_PLACEMENT_3D('',#6001,#3691,#3692);
#3012=AXIS2_PLACEMENT_3D('',#6002,#3693,#3694);
#3013=AXIS2_PLACEMENT_3D('',#6003,#3695,#3696);
#3014=AXIS2_PLACEMENT_3D('',#6004,#3697,#3698);
#3015=AXIS2_PLACEMENT_3D('',#6260,#3703,#3704);
#3016=AXIS2_PLACEMENT_3D('',#6275,#3705,#3706);
#3017=AXIS2_PLACEMENT_3D('',#6276,#3707,#3708);
#3018=AXIS2_PLACEMENT_3D('',#6556,#3709,#3710);
#3019=AXIS2_PLACEMENT_3D('',#6558,#3711,#3712);
#3020=AXIS2_PLACEMENT_3D('',#6559,#3713,#3714);
#3021=AXIS2_PLACEMENT_3D('',#6560,#3715,#3716);
#3022=AXIS2_PLACEMENT_3D('',#6562,#3717,#3718);
#3023=AXIS2_PLACEMENT_3D('',#6565,#3720,#3721);
#3024=AXIS2_PLACEMENT_3D('',#6566,#3722,#3723);
#3025=AXIS2_PLACEMENT_3D('',#6568,#3724,#3725);
#3026=AXIS2_PLACEMENT_3D('',#6570,#3727,#3728);
#3027=AXIS2_PLACEMENT_3D('',#6571,#3729,#3730);
#3028=AXIS2_PLACEMENT_3D('',#6573,#3731,#3732);
#3029=AXIS2_PLACEMENT_3D('',#6576,#3734,#3735);
#3030=AXIS2_PLACEMENT_3D('',#6577,#3736,#3737);
#3031=AXIS2_PLACEMENT_3D('',#6578,#3738,#3739);
#3032=AXIS2_PLACEMENT_3D('',#6580,#3740,#3741);
#3033=AXIS2_PLACEMENT_3D('',#6581,#3742,#3743);
#3034=AXIS2_PLACEMENT_3D('',#6583,#3744,#3745);
#3035=AXIS2_PLACEMENT_3D('',#6585,#3747,#3748);
#3036=AXIS2_PLACEMENT_3D('',#6588,#3750,#3751);
#3037=AXIS2_PLACEMENT_3D('',#6589,#3752,#3753);
#3038=AXIS2_PLACEMENT_3D('',#6590,#3754,#3755);
#3039=AXIS2_PLACEMENT_3D('',#6591,#3756,#3757);
#3040=AXIS2_PLACEMENT_3D('',#6600,#3762,#3763);
#3041=AXIS2_PLACEMENT_3D('',#6606,#3767,#3768);
#3042=AXIS2_PLACEMENT_3D('',#6612,#3772,#3773);
#3043=AXIS2_PLACEMENT_3D('',#6615,#3776,#3777);
#3044=AXIS2_PLACEMENT_3D('',#6616,#3778,#3779);
#3045=AXIS2_PLACEMENT_3D('',#6617,#3780,#3781);
#3046=AXIS2_PLACEMENT_3D('',#6618,#3782,#3783);
#3047=AXIS2_PLACEMENT_3D('',#6620,#3784,#3785);
#3048=AXIS2_PLACEMENT_3D('',#6621,#3786,#3787);
#3049=AXIS2_PLACEMENT_3D('',#6622,#3788,#3789);
#3050=AXIS2_PLACEMENT_3D('',#6623,#3790,#3791);
#3051=AXIS2_PLACEMENT_3D('',#6624,#3792,#3793);
#3052=AXIS2_PLACEMENT_3D('',#6625,#3794,#3795);
#3053=DIRECTION('axis',(0.,0.,1.));
#3054=DIRECTION('refdir',(1.,0.,0.));
#3055=DIRECTION('axis',(0.,0.,1.));
#3056=DIRECTION('refdir',(1.,0.,0.));
#3057=DIRECTION('center_axis',(0.,0.,1.));
#3058=DIRECTION('ref_axis',(-0.985034297925682,0.172358440205456,0.));
#3059=DIRECTION('',(0.,0.,1.));
#3060=DIRECTION('center_axis',(0.,0.,-1.));
#3061=DIRECTION('ref_axis',(-1.,0.,0.));
#3062=DIRECTION('center_axis',(0.,0.,1.));
#3063=DIRECTION('ref_axis',(-1.,0.,0.));
#3064=DIRECTION('',(0.,0.,1.));
#3065=DIRECTION('',(0.,0.,-1.));
#3066=DIRECTION('',(0.,0.,1.));
#3067=DIRECTION('center_axis',(0.,0.,-1.));
#3068=DIRECTION('ref_axis',(-1.,0.,0.));
#3069=DIRECTION('center_axis',(0.,0.,1.));
#3070=DIRECTION('ref_axis',(-0.631712039268591,-0.775203134309401,0.));
#3071=DIRECTION('',(1.22464679914735E-16,1.49975978266186E-32,1.));
#3072=DIRECTION('center_axis',(0.,0.,-1.));
#3073=DIRECTION('ref_axis',(1.,0.,0.));
#3074=DIRECTION('center_axis',(0.,0.,1.));
#3075=DIRECTION('ref_axis',(1.,0.,0.));
#3076=DIRECTION('',(1.22464679914735E-16,1.49975978266186E-32,1.));
#3077=DIRECTION('center_axis',(0.,0.,1.));
#3078=DIRECTION('ref_axis',(1.,0.,0.));
#3079=DIRECTION('',(1.22464679914735E-16,1.49975978266186E-32,1.));
#3080=DIRECTION('',(0.,0.,1.));
#3081=DIRECTION('center_axis',(0.,0.,1.));
#3082=DIRECTION('ref_axis',(-1.,0.,0.));
#3083=DIRECTION('',(0.,0.,1.));
#3084=DIRECTION('center_axis',(0.,0.,1.));
#3085=DIRECTION('ref_axis',(-1.,0.,0.));
#3086=DIRECTION('',(0.,0.,-1.));
#3087=DIRECTION('center_axis',(0.,0.,1.));
#3088=DIRECTION('ref_axis',(-1.,0.,0.));
#3089=DIRECTION('',(0.,0.,1.));
#3090=DIRECTION('center_axis',(0.,0.,-1.));
#3091=DIRECTION('ref_axis',(-1.,0.,0.));
#3092=DIRECTION('center_axis',(0.,0.,1.));
#3093=DIRECTION('ref_axis',(-1.,0.,0.));
#3094=DIRECTION('center_axis',(0.,0.,1.));
#3095=DIRECTION('ref_axis',(1.,0.,0.));
#3096=DIRECTION('',(0.,-1.,0.));
#3097=DIRECTION('',(-1.,0.,0.));
#3098=DIRECTION('center_axis',(0.,0.,-1.));
#3099=DIRECTION('ref_axis',(-1.,0.,0.));
#3100=DIRECTION('',(1.,0.,0.));
#3101=DIRECTION('',(0.,-1.,0.));
#3102=DIRECTION('center_axis',(-1.,0.,0.));
#3103=DIRECTION('ref_axis',(0.,-1.,0.));
#3104=DIRECTION('',(0.,-1.,0.));
#3105=DIRECTION('',(0.,0.,1.));
#3106=DIRECTION('center_axis',(0.,0.,1.));
#3107=DIRECTION('ref_axis',(-1.,0.,0.));
#3108=DIRECTION('',(0.,0.,-1.));
#3109=DIRECTION('center_axis',(0.,0.,1.));
#3110=DIRECTION('ref_axis',(-1.,0.,0.));
#3111=DIRECTION('',(0.,0.,1.));
#3112=DIRECTION('center_axis',(0.,0.,1.));
#3113=DIRECTION('ref_axis',(-1.,0.,0.));
#3114=DIRECTION('',(0.,0.,1.));
#3115=DIRECTION('center_axis',(0.,0.,-1.));
#3116=DIRECTION('ref_axis',(-1.,0.,0.));
#3117=DIRECTION('center_axis',(0.,0.,1.));
#3118=DIRECTION('ref_axis',(-1.,0.,0.));
#3119=DIRECTION('center_axis',(0.,0.,1.));
#3120=DIRECTION('ref_axis',(1.,0.,0.));
#3121=DIRECTION('',(1.,0.,0.));
#3122=DIRECTION('',(0.,-1.,0.));
#3123=DIRECTION('',(-1.,0.,0.));
#3124=DIRECTION('',(0.,1.,0.));
#3125=DIRECTION('',(0.,-1.,0.));
#3126=DIRECTION('',(1.,0.,0.));
#3127=DIRECTION('center_axis',(0.,0.,1.));
#3128=DIRECTION('ref_axis',(-1.,0.,0.));
#3129=DIRECTION('',(1.,0.,0.));
#3130=DIRECTION('',(0.,1.,0.));
#3131=DIRECTION('',(0.,1.,0.));
#3132=DIRECTION('',(-1.,0.,0.));
#3133=DIRECTION('center_axis',(0.,0.,1.));
#3134=DIRECTION('ref_axis',(-1.,0.,0.));
#3135=DIRECTION('',(-1.,0.,0.));
#3136=DIRECTION('center_axis',(1.,0.,0.));
#3137=DIRECTION('ref_axis',(0.,1.,0.));
#3138=DIRECTION('',(0.,1.,0.));
#3139=DIRECTION('',(0.,0.,1.));
#3140=DIRECTION('center_axis',(0.,1.,0.));
#3141=DIRECTION('ref_axis',(-1.,0.,0.));
#3142=DIRECTION('',(0.,0.,1.));
#3143=DIRECTION('',(-1.,0.,0.));
#3144=DIRECTION('center_axis',(0.,0.,1.));
#3145=DIRECTION('ref_axis',(1.,0.,0.));
#3146=DIRECTION('',(0.,1.,0.));
#3147=DIRECTION('',(1.,0.,0.));
#3148=DIRECTION('center_axis',(0.,0.,-1.));
#3149=DIRECTION('ref_axis',(-1.,0.,0.));
#3150=DIRECTION('center_axis',(0.,0.,-1.));
#3151=DIRECTION('ref_axis',(-1.,0.,0.));
#3152=DIRECTION('center_axis',(1.,0.,0.));
#3153=DIRECTION('ref_axis',(0.,1.,0.));
#3154=DIRECTION('',(0.,0.,1.));
#3155=DIRECTION('center_axis',(0.,-1.,0.));
#3156=DIRECTION('ref_axis',(1.,0.,0.));
#3157=DIRECTION('',(0.,0.,-1.));
#3158=DIRECTION('center_axis',(-1.,0.,0.));
#3159=DIRECTION('ref_axis',(0.,-1.,0.));
#3160=DIRECTION('',(0.,0.,1.));
#3161=DIRECTION('center_axis',(0.,1.,0.));
#3162=DIRECTION('ref_axis',(-1.,0.,0.));
#3163=DIRECTION('',(0.,0.,-1.));
#3164=DIRECTION('center_axis',(0.,-1.,0.));
#3165=DIRECTION('ref_axis',(1.,0.,0.));
#3166=DIRECTION('',(0.,0.,1.));
#3167=DIRECTION('center_axis',(0.,0.,1.));
#3168=DIRECTION('ref_axis',(-1.,0.,0.));
#3169=DIRECTION('',(0.,0.,1.));
#3170=DIRECTION('center_axis',(0.,0.,-1.));
#3171=DIRECTION('ref_axis',(-1.,0.,0.));
#3172=DIRECTION('center_axis',(0.,0.,1.));
#3173=DIRECTION('ref_axis',(-1.,0.,0.));
#3174=DIRECTION('center_axis',(0.,0.,-1.));
#3175=DIRECTION('ref_axis',(-1.,0.,0.));
#3176=DIRECTION('',(-0.0299865439676785,3.67229250875088E-18,-0.999550302476506));
#3177=DIRECTION('center_axis',(0.,0.,1.));
#3178=DIRECTION('ref_axis',(-1.,0.,0.));
#3179=DIRECTION('center_axis',(0.,0.,1.));
#3180=DIRECTION('ref_axis',(1.,0.,0.));
#3181=DIRECTION('center_axis',(0.,0.,1.));
#3182=DIRECTION('ref_axis',(-1.,0.,0.));
#3183=DIRECTION('center_axis',(0.,0.,-1.));
#3184=DIRECTION('ref_axis',(-1.,0.,0.));
#3185=DIRECTION('',(-0.0299865439676785,3.67229250875088E-18,-0.999550302476506));
#3186=DIRECTION('center_axis',(0.,0.,1.));
#3187=DIRECTION('ref_axis',(-1.,0.,0.));
#3188=DIRECTION('center_axis',(0.,0.,1.));
#3189=DIRECTION('ref_axis',(1.,0.,0.));
#3190=DIRECTION('',(-0.866025504730543,0.,0.499999825156178));
#3191=DIRECTION('center_axis',(0.,1.,0.));
#3192=DIRECTION('ref_axis',(0.,0.,1.));
#3193=DIRECTION('',(0.866025504730543,0.,0.499999825156178));
#3194=DIRECTION('center_axis',(0.,0.,1.));
#3195=DIRECTION('ref_axis',(1.,0.,0.));
#3196=DIRECTION('center_axis',(0.,0.,1.));
#3197=DIRECTION('ref_axis',(-1.,0.,0.));
#3198=DIRECTION('center_axis',(0.,0.,1.));
#3199=DIRECTION('ref_axis',(0.659789849628817,0.751450167560553,0.));
#3200=DIRECTION('center_axis',(0.,0.,1.));
#3201=DIRECTION('ref_axis',(-1.,0.,0.));
#3202=DIRECTION('center_axis',(0.,0.,1.));
#3203=DIRECTION('ref_axis',(-1.,0.,0.));
#3204=DIRECTION('',(0.707106781186548,-8.65956056235494E-17,0.707106781186547));
#3205=DIRECTION('center_axis',(0.,0.,1.));
#3206=DIRECTION('ref_axis',(-1.,0.,0.));
#3207=DIRECTION('center_axis',(0.,0.,1.));
#3208=DIRECTION('ref_axis',(1.,0.,0.));
#3209=DIRECTION('center_axis',(0.,0.,1.));
#3210=DIRECTION('ref_axis',(1.,0.,0.));
#3211=DIRECTION('center_axis',(0.,0.,1.));
#3212=DIRECTION('ref_axis',(-1.,0.,0.));
#3213=DIRECTION('center_axis',(-1.22464679914735E-16,-1.,0.));
#3214=DIRECTION('ref_axis',(0.,0.,1.));
#3215=DIRECTION('',(0.,0.,1.));
#3216=DIRECTION('',(-0.907959384500452,1.11192955398428E-16,0.419058177461746));
#3217=DIRECTION('',(0.,0.,1.));
#3218=DIRECTION('',(0.907959384500452,-1.11192955398428E-16,0.419058177461746));
#3219=DIRECTION('',(-0.907959384500452,2.22385910796856E-16,-0.419058177461746));
#3220=DIRECTION('center_axis',(0.,0.,1.));
#3221=DIRECTION('ref_axis',(-1.,1.22464679914735E-16,0.));
#3222=DIRECTION('',(0.,0.,-1.));
#3223=DIRECTION('',(0.907959384500452,-2.22385910796856E-16,-0.419058177461746));
#3224=DIRECTION('center_axis',(2.44929359829471E-16,1.,0.));
#3225=DIRECTION('ref_axis',(0.,0.,1.));
#3226=DIRECTION('',(0.,0.,-1.));
#3227=DIRECTION('center_axis',(0.,1.,0.));
#3228=DIRECTION('ref_axis',(0.,0.,1.));
#3229=DIRECTION('',(0.,0.,1.));
#3230=DIRECTION('',(0.907959384500452,0.,0.419058177461746));
#3231=DIRECTION('',(0.,0.,1.));
#3232=DIRECTION('',(-0.907959384500452,0.,0.419058177461746));
#3233=DIRECTION('',(0.907959384500452,-1.11192955398428E-16,-0.419058177461746));
#3234=DIRECTION('center_axis',(0.,0.,1.));
#3235=DIRECTION('ref_axis',(1.,0.,0.));
#3236=DIRECTION('',(0.,0.,-1.));
#3237=DIRECTION('',(-0.907959384500452,1.11192955398428E-16,-0.419058177461746));
#3238=DIRECTION('center_axis',(-1.22464679914735E-16,-1.,0.));
#3239=DIRECTION('ref_axis',(0.,0.,1.));
#3240=DIRECTION('',(0.,0.,-1.));
#3241=DIRECTION('center_axis',(0.,0.,1.));
#3242=DIRECTION('ref_axis',(-1.,0.,0.));
#3243=DIRECTION('center_axis',(0.,0.,1.));
#3244=DIRECTION('ref_axis',(-1.,0.,0.));
#3245=DIRECTION('',(0.,0.,-1.));
#3246=DIRECTION('',(0.,0.,-1.));
#3247=DIRECTION('',(0.,0.,-1.));
#3248=DIRECTION('center_axis',(0.,0.,-1.));
#3249=DIRECTION('ref_axis',(-1.,0.,0.));
#3250=DIRECTION('center_axis',(0.,0.,1.));
#3251=DIRECTION('ref_axis',(1.,0.,0.));
#3252=DIRECTION('center_axis',(0.,0.,1.));
#3253=DIRECTION('ref_axis',(-1.,0.,0.));
#3254=DIRECTION('center_axis',(0.,0.,1.));
#3255=DIRECTION('ref_axis',(-1.,0.,0.));
#3256=DIRECTION('',(0.,0.,-1.));
#3257=DIRECTION('center_axis',(0.,0.,-1.));
#3258=DIRECTION('ref_axis',(-1.,0.,0.));
#3259=DIRECTION('center_axis',(0.,0.,1.));
#3260=DIRECTION('ref_axis',(1.,0.,0.));
#3261=DIRECTION('center_axis',(-1.22464679914735E-16,-1.,0.));
#3262=DIRECTION('ref_axis',(0.,0.,1.));
#3263=DIRECTION('',(0.,0.,1.));
#3264=DIRECTION('',(-0.907959384500452,1.11192955398428E-16,0.419058177461746));
#3265=DIRECTION('',(0.,0.,1.));
#3266=DIRECTION('',(0.907959384500452,-1.11192955398428E-16,0.419058177461746));
#3267=DIRECTION('',(-0.907959384500452,2.22385910796856E-16,-0.419058177461746));
#3268=DIRECTION('center_axis',(0.,0.,1.));
#3269=DIRECTION('ref_axis',(-1.,1.22464679914735E-16,0.));
#3270=DIRECTION('',(0.,0.,-1.));
#3271=DIRECTION('',(0.907959384500452,-2.22385910796856E-16,-0.419058177461746));
#3272=DIRECTION('center_axis',(2.44929359829471E-16,1.,0.));
#3273=DIRECTION('ref_axis',(0.,0.,1.));
#3274=DIRECTION('',(0.,0.,-1.));
#3275=DIRECTION('center_axis',(0.,1.,0.));
#3276=DIRECTION('ref_axis',(0.,0.,1.));
#3277=DIRECTION('',(0.,0.,1.));
#3278=DIRECTION('',(0.907959384500452,0.,0.419058177461746));
#3279=DIRECTION('',(0.,0.,1.));
#3280=DIRECTION('',(-0.907959384500452,0.,0.419058177461746));
#3281=DIRECTION('',(0.907959384500452,-1.11192955398428E-16,-0.419058177461746));
#3282=DIRECTION('center_axis',(0.,0.,1.));
#3283=DIRECTION('ref_axis',(1.,0.,0.));
#3284=DIRECTION('',(0.,0.,-1.));
#3285=DIRECTION('',(-0.907959384500452,1.11192955398428E-16,-0.419058177461746));
#3286=DIRECTION('center_axis',(-1.22464679914735E-16,-1.,0.));
#3287=DIRECTION('ref_axis',(0.,0.,1.));
#3288=DIRECTION('',(0.,0.,-1.));
#3289=DIRECTION('center_axis',(0.,0.,1.));
#3290=DIRECTION('ref_axis',(-1.,0.,0.));
#3291=DIRECTION('center_axis',(0.,0.,1.));
#3292=DIRECTION('ref_axis',(-1.,0.,0.));
#3293=DIRECTION('',(0.,0.,-1.));
#3294=DIRECTION('',(0.,0.,-1.));
#3295=DIRECTION('',(0.,0.,-1.));
#3296=DIRECTION('center_axis',(0.,0.,-1.));
#3297=DIRECTION('ref_axis',(-1.,0.,0.));
#3298=DIRECTION('center_axis',(0.,0.,1.));
#3299=DIRECTION('ref_axis',(1.,0.,0.));
#3300=DIRECTION('center_axis',(0.,0.,1.));
#3301=DIRECTION('ref_axis',(-1.,0.,0.));
#3302=DIRECTION('center_axis',(0.,0.,1.));
#3303=DIRECTION('ref_axis',(-1.,0.,0.));
#3304=DIRECTION('',(0.,0.,-1.));
#3305=DIRECTION('center_axis',(0.,0.,-1.));
#3306=DIRECTION('ref_axis',(-1.,0.,0.));
#3307=DIRECTION('center_axis',(0.,0.,1.));
#3308=DIRECTION('ref_axis',(1.,0.,0.));
#3309=DIRECTION('center_axis',(0.,0.,1.));
#3310=DIRECTION('ref_axis',(-1.,0.,0.));
#3311=DIRECTION('',(0.,0.,-1.));
#3312=DIRECTION('center_axis',(0.,0.,-1.));
#3313=DIRECTION('ref_axis',(-1.,0.,0.));
#3314=DIRECTION('center_axis',(1.,0.,0.));
#3315=DIRECTION('ref_axis',(0.,-1.,0.));
#3316=DIRECTION('',(0.,0.,-1.));
#3317=DIRECTION('',(0.,0.,1.));
#3318=DIRECTION('',(0.,1.,0.));
#3319=DIRECTION('center_axis',(-1.,0.,0.));
#3320=DIRECTION('ref_axis',(0.,1.,0.));
#3321=DIRECTION('',(0.,0.,1.));
#3322=DIRECTION('',(0.,-1.,0.));
#3323=DIRECTION('',(0.,0.,-1.));
#3324=DIRECTION('center_axis',(0.,1.,0.));
#3325=DIRECTION('ref_axis',(-1.,0.,0.));
#3326=DIRECTION('',(-1.,0.,0.));
#3327=DIRECTION('',(0.,0.,-1.));
#3328=DIRECTION('',(-1.,0.,0.));
#3329=DIRECTION('',(0.,0.,1.));
#3330=DIRECTION('',(-1.,0.,0.));
#3331=DIRECTION('center_axis',(0.,0.,1.));
#3332=DIRECTION('ref_axis',(1.,0.,0.));
#3333=DIRECTION('',(1.,0.,0.));
#3334=DIRECTION('center_axis',(0.,0.,1.));
#3335=DIRECTION('ref_axis',(-0.707106781186546,-0.707106781186549,0.));
#3336=DIRECTION('',(0.,-1.,0.));
#3337=DIRECTION('center_axis',(0.,0.,1.));
#3338=DIRECTION('ref_axis',(-0.707106781186546,0.707106781186549,0.));
#3339=DIRECTION('center_axis',(0.,0.,1.));
#3340=DIRECTION('ref_axis',(1.,0.,0.));
#3341=DIRECTION('center_axis',(0.,0.,1.));
#3342=DIRECTION('ref_axis',(0.707106781186546,0.707106781186549,0.));
#3343=DIRECTION('',(0.,1.,0.));
#3344=DIRECTION('center_axis',(0.,0.,1.));
#3345=DIRECTION('ref_axis',(0.707106781186546,-0.707106781186549,0.));
#3346=DIRECTION('',(1.,0.,0.));
#3347=DIRECTION('center_axis',(0.,0.,1.));
#3348=DIRECTION('ref_axis',(0.707106781186546,-0.707106781186549,0.));
#3349=DIRECTION('center_axis',(0.,0.,-1.));
#3350=DIRECTION('ref_axis',(0.707106781186546,-0.707106781186549,0.));
#3351=DIRECTION('',(0.,0.,-1.));
#3352=DIRECTION('',(0.,0.,1.));
#3353=DIRECTION('center_axis',(0.,-1.,0.));
#3354=DIRECTION('ref_axis',(1.,0.,0.));
#3355=DIRECTION('',(1.,0.,0.));
#3356=DIRECTION('',(0.,0.,1.));
#3357=DIRECTION('center_axis',(0.,0.,1.));
#3358=DIRECTION('ref_axis',(1.,0.,0.));
#3359=DIRECTION('',(0.,1.,0.));
#3360=DIRECTION('center_axis',(0.,0.,-1.));
#3361=DIRECTION('ref_axis',(0.707106781186546,0.707106781186549,0.));
#3362=DIRECTION('center_axis',(0.,0.,-1.));
#3363=DIRECTION('ref_axis',(-0.707106781186546,0.707106781186549,0.));
#3364=DIRECTION('',(0.,-1.,0.));
#3365=DIRECTION('center_axis',(0.,0.,-1.));
#3366=DIRECTION('ref_axis',(-0.707106781186546,-0.707106781186549,0.));
#3367=DIRECTION('center_axis',(0.,0.,1.));
#3368=DIRECTION('ref_axis',(0.707106781186546,0.707106781186549,0.));
#3369=DIRECTION('',(0.,0.,-1.));
#3370=DIRECTION('center_axis',(0.,0.,1.));
#3371=DIRECTION('ref_axis',(-0.707106781186546,0.707106781186549,0.));
#3372=DIRECTION('',(0.,0.,1.));
#3373=DIRECTION('center_axis',(0.,0.,1.));
#3374=DIRECTION('ref_axis',(-0.707106781186546,-0.707106781186549,0.));
#3375=DIRECTION('',(0.,0.,-1.));
#3376=DIRECTION('center_axis',(-1.,0.,0.));
#3377=DIRECTION('ref_axis',(0.,-1.,0.));
#3378=DIRECTION('center_axis',(1.,0.,0.));
#3379=DIRECTION('ref_axis',(0.,1.,0.));
#3380=DIRECTION('axis',(0.,0.,1.));
#3381=DIRECTION('refdir',(1.,0.,0.));
#3382=DIRECTION('center_axis',(0.,0.,1.));
#3383=DIRECTION('ref_axis',(-1.,0.,0.));
#3384=DIRECTION('',(0.,0.,-1.));
#3385=DIRECTION('center_axis',(0.,0.,1.));
#3386=DIRECTION('ref_axis',(-1.,0.,0.));
#3387=DIRECTION('center_axis',(0.,0.,1.));
#3388=DIRECTION('ref_axis',(-1.,0.,0.));
#3389=DIRECTION('',(0.,0.,-1.));
#3390=DIRECTION('center_axis',(0.,0.,1.));
#3391=DIRECTION('ref_axis',(-0.98607670740826,-0.166291091483831,0.));
#3392=DIRECTION('',(0.,0.,1.));
#3393=DIRECTION('',(0.,0.,1.));
#3394=DIRECTION('center_axis',(0.,0.,1.));
#3395=DIRECTION('ref_axis',(1.,0.,0.));
#3396=DIRECTION('',(0.,0.,1.));
#3397=DIRECTION('center_axis',(0.,0.,1.));
#3398=DIRECTION('ref_axis',(1.,0.,0.));
#3399=DIRECTION('',(0.,0.,1.));
#3400=DIRECTION('center_axis',(0.,0.,-1.));
#3401=DIRECTION('ref_axis',(-0.923879532511287,0.38268343236509,0.));
#3402=DIRECTION('center_axis',(0.,0.,-1.));
#3403=DIRECTION('ref_axis',(-0.923879532511287,0.38268343236509,0.));
#3404=DIRECTION('',(0.,0.,1.));
#3405=DIRECTION('center_axis',(0.,0.,1.));
#3406=DIRECTION('ref_axis',(-0.923879532511287,0.38268343236509,0.));
#3407=DIRECTION('',(0.,0.,-1.));
#3408=DIRECTION('center_axis',(0.,0.,-1.));
#3409=DIRECTION('ref_axis',(-0.707106781186547,0.707106781186548,0.));
#3410=DIRECTION('center_axis',(0.,0.,-1.));
#3411=DIRECTION('ref_axis',(-0.707106781186547,0.707106781186548,0.));
#3412=DIRECTION('',(0.,0.,1.));
#3413=DIRECTION('center_axis',(0.,0.,1.));
#3414=DIRECTION('ref_axis',(-0.707106781186547,0.707106781186548,0.));
#3415=DIRECTION('',(0.,0.,-1.));
#3416=DIRECTION('center_axis',(0.,0.,-1.));
#3417=DIRECTION('ref_axis',(-0.382683432365089,0.923879532511287,0.));
#3418=DIRECTION('center_axis',(0.,0.,-1.));
#3419=DIRECTION('ref_axis',(-0.382683432365089,0.923879532511287,0.));
#3420=DIRECTION('',(0.,0.,1.));
#3421=DIRECTION('center_axis',(0.,0.,1.));
#3422=DIRECTION('ref_axis',(-0.382683432365089,0.923879532511287,0.));
#3423=DIRECTION('',(0.,0.,-1.));
#3424=DIRECTION('center_axis',(0.,0.,-1.));
#3425=DIRECTION('ref_axis',(1.11022302462516E-15,1.,0.));
#3426=DIRECTION('center_axis',(0.,0.,-1.));
#3427=DIRECTION('ref_axis',(1.11022302462516E-15,1.,0.));
#3428=DIRECTION('',(0.,0.,1.));
#3429=DIRECTION('center_axis',(0.,0.,1.));
#3430=DIRECTION('ref_axis',(1.11022302462516E-15,1.,0.));
#3431=DIRECTION('',(0.,0.,-1.));
#3432=DIRECTION('center_axis',(0.,0.,-1.));
#3433=DIRECTION('ref_axis',(0.38268343236509,0.923879532511287,0.));
#3434=DIRECTION('center_axis',(0.,0.,-1.));
#3435=DIRECTION('ref_axis',(0.38268343236509,0.923879532511287,0.));
#3436=DIRECTION('',(0.,0.,1.));
#3437=DIRECTION('center_axis',(0.,0.,1.));
#3438=DIRECTION('ref_axis',(0.38268343236509,0.923879532511287,0.));
#3439=DIRECTION('',(0.,0.,-1.));
#3440=DIRECTION('center_axis',(0.,0.,-1.));
#3441=DIRECTION('ref_axis',(0.707106781186548,0.707106781186547,0.));
#3442=DIRECTION('center_axis',(0.,0.,-1.));
#3443=DIRECTION('ref_axis',(0.707106781186548,0.707106781186547,0.));
#3444=DIRECTION('',(0.,0.,1.));
#3445=DIRECTION('center_axis',(0.,0.,1.));
#3446=DIRECTION('ref_axis',(0.707106781186548,0.707106781186547,0.));
#3447=DIRECTION('',(0.,0.,-1.));
#3448=DIRECTION('center_axis',(0.,0.,-1.));
#3449=DIRECTION('ref_axis',(0.923879532511287,0.382683432365089,0.));
#3450=DIRECTION('center_axis',(0.,0.,-1.));
#3451=DIRECTION('ref_axis',(0.923879532511287,0.382683432365089,0.));
#3452=DIRECTION('',(0.,0.,1.));
#3453=DIRECTION('center_axis',(0.,0.,1.));
#3454=DIRECTION('ref_axis',(0.923879532511287,0.382683432365089,0.));
#3455=DIRECTION('',(0.,0.,-1.));
#3456=DIRECTION('center_axis',(0.,0.,-1.));
#3457=DIRECTION('ref_axis',(1.,-5.55111512312578E-16,0.));
#3458=DIRECTION('center_axis',(0.,0.,-1.));
#3459=DIRECTION('ref_axis',(1.,-5.55111512312578E-16,0.));
#3460=DIRECTION('',(0.,0.,1.));
#3461=DIRECTION('center_axis',(0.,0.,1.));
#3462=DIRECTION('ref_axis',(1.,-5.55111512312578E-16,0.));
#3463=DIRECTION('',(0.,0.,-1.));
#3464=DIRECTION('center_axis',(0.,0.,-1.));
#3465=DIRECTION('ref_axis',(0.923879532511287,-0.38268343236509,0.));
#3466=DIRECTION('center_axis',(0.,0.,-1.));
#3467=DIRECTION('ref_axis',(0.923879532511287,-0.38268343236509,0.));
#3468=DIRECTION('',(0.,0.,1.));
#3469=DIRECTION('center_axis',(0.,0.,1.));
#3470=DIRECTION('ref_axis',(0.923879532511287,-0.38268343236509,0.));
#3471=DIRECTION('',(0.,0.,-1.));
#3472=DIRECTION('center_axis',(0.,0.,-1.));
#3473=DIRECTION('ref_axis',(0.707106781186547,-0.707106781186548,0.));
#3474=DIRECTION('center_axis',(0.,0.,-1.));
#3475=DIRECTION('ref_axis',(0.707106781186547,-0.707106781186548,0.));
#3476=DIRECTION('',(0.,0.,1.));
#3477=DIRECTION('center_axis',(0.,0.,1.));
#3478=DIRECTION('ref_axis',(0.707106781186547,-0.707106781186548,0.));
#3479=DIRECTION('',(0.,0.,-1.));
#3480=DIRECTION('center_axis',(0.,0.,-1.));
#3481=DIRECTION('ref_axis',(0.38268343236509,-0.923879532511287,0.));
#3482=DIRECTION('center_axis',(0.,0.,-1.));
#3483=DIRECTION('ref_axis',(0.38268343236509,-0.923879532511287,0.));
#3484=DIRECTION('',(0.,0.,1.));
#3485=DIRECTION('center_axis',(0.,0.,1.));
#3486=DIRECTION('ref_axis',(0.38268343236509,-0.923879532511287,0.));
#3487=DIRECTION('',(0.,0.,-1.));
#3488=DIRECTION('center_axis',(0.,0.,-1.));
#3489=DIRECTION('ref_axis',(-2.08166817117217E-16,-1.,0.));
#3490=DIRECTION('center_axis',(0.,0.,-1.));
#3491=DIRECTION('ref_axis',(-2.08166817117217E-16,-1.,0.));
#3492=DIRECTION('',(0.,0.,1.));
#3493=DIRECTION('center_axis',(0.,0.,1.));
#3494=DIRECTION('ref_axis',(-2.08166817117217E-16,-1.,0.));
#3495=DIRECTION('',(0.,0.,-1.));
#3496=DIRECTION('center_axis',(0.,0.,-1.));
#3497=DIRECTION('ref_axis',(-0.38268343236509,-0.923879532511287,0.));
#3498=DIRECTION('center_axis',(0.,0.,-1.));
#3499=DIRECTION('ref_axis',(-0.38268343236509,-0.923879532511287,0.));
#3500=DIRECTION('',(0.,0.,1.));
#3501=DIRECTION('center_axis',(0.,0.,1.));
#3502=DIRECTION('ref_axis',(-0.38268343236509,-0.923879532511287,0.));
#3503=DIRECTION('',(0.,0.,-1.));
#3504=DIRECTION('center_axis',(0.,0.,-1.));
#3505=DIRECTION('ref_axis',(-0.707106781186548,-0.707106781186547,0.));
#3506=DIRECTION('center_axis',(0.,0.,-1.));
#3507=DIRECTION('ref_axis',(-0.707106781186548,-0.707106781186547,0.));
#3508=DIRECTION('',(0.,0.,1.));
#3509=DIRECTION('center_axis',(0.,0.,1.));
#3510=DIRECTION('ref_axis',(-0.707106781186548,-0.707106781186547,0.));
#3511=DIRECTION('',(0.,0.,-1.));
#3512=DIRECTION('center_axis',(0.,0.,-1.));
#3513=DIRECTION('ref_axis',(-0.923879532511287,-0.38268343236509,0.));
#3514=DIRECTION('center_axis',(0.,0.,-1.));
#3515=DIRECTION('ref_axis',(-0.923879532511287,-0.38268343236509,0.));
#3516=DIRECTION('',(0.,0.,1.));
#3517=DIRECTION('center_axis',(0.,0.,1.));
#3518=DIRECTION('ref_axis',(-0.923879532511287,-0.38268343236509,0.));
#3519=DIRECTION('',(0.,0.,-1.));
#3520=DIRECTION('center_axis',(0.,0.,1.));
#3521=DIRECTION('ref_axis',(1.,0.,0.));
#3522=DIRECTION('center_axis',(0.,0.,-1.));
#3523=DIRECTION('ref_axis',(-1.,0.,0.));
#3524=DIRECTION('center_axis',(0.,0.,-1.));
#3525=DIRECTION('ref_axis',(-1.,0.,0.));
#3526=DIRECTION('center_axis',(0.,0.,-1.));
#3527=DIRECTION('ref_axis',(-1.,0.,0.));
#3528=DIRECTION('center_axis',(0.,0.,-1.));
#3529=DIRECTION('ref_axis',(-1.,0.,0.));
#3530=DIRECTION('center_axis',(0.,0.,-1.));
#3531=DIRECTION('ref_axis',(-1.,0.,0.));
#3532=DIRECTION('center_axis',(0.,0.,-1.));
#3533=DIRECTION('ref_axis',(-1.,0.,0.));
#3534=DIRECTION('center_axis',(0.,0.,-1.));
#3535=DIRECTION('ref_axis',(-1.,0.,0.));
#3536=DIRECTION('center_axis',(0.,0.,-1.));
#3537=DIRECTION('ref_axis',(-1.,0.,0.));
#3538=DIRECTION('center_axis',(0.,0.,-1.));
#3539=DIRECTION('ref_axis',(-1.,0.,0.));
#3540=DIRECTION('center_axis',(0.,0.,-1.));
#3541=DIRECTION('ref_axis',(-1.,0.,0.));
#3542=DIRECTION('center_axis',(0.,0.,-1.));
#3543=DIRECTION('ref_axis',(-1.,0.,0.));
#3544=DIRECTION('center_axis',(0.,0.,-1.));
#3545=DIRECTION('ref_axis',(-1.,0.,0.));
#3546=DIRECTION('center_axis',(0.,0.,-1.));
#3547=DIRECTION('ref_axis',(-1.,0.,0.));
#3548=DIRECTION('center_axis',(0.,0.,-1.));
#3549=DIRECTION('ref_axis',(-1.,0.,0.));
#3550=DIRECTION('center_axis',(0.,0.,-1.));
#3551=DIRECTION('ref_axis',(-1.,0.,0.));
#3552=DIRECTION('center_axis',(0.,0.,1.));
#3553=DIRECTION('ref_axis',(-1.,0.,0.));
#3554=DIRECTION('center_axis',(0.,0.,-1.));
#3555=DIRECTION('ref_axis',(-1.,0.,0.));
#3556=DIRECTION('',(0.944680447779457,0.327992151709768,0.));
#3557=DIRECTION('center_axis',(0.,0.,1.));
#3558=DIRECTION('ref_axis',(-1.,0.,0.));
#3559=DIRECTION('center_axis',(0.,0.,1.));
#3560=DIRECTION('ref_axis',(1.,0.,0.));
#3561=DIRECTION('center_axis',(0.,0.,1.));
#3562=DIRECTION('ref_axis',(-1.,0.,0.));
#3563=DIRECTION('center_axis',(0.,0.,1.));
#3564=DIRECTION('ref_axis',(-1.,0.,0.));
#3565=DIRECTION('',(0.,0.,-1.));
#3566=DIRECTION('center_axis',(0.,0.,1.));
#3567=DIRECTION('ref_axis',(-1.,0.,0.));
#3568=DIRECTION('center_axis',(0.,0.,1.));
#3569=DIRECTION('ref_axis',(-1.,0.,0.));
#3570=DIRECTION('center_axis',(0.,0.,1.));
#3571=DIRECTION('ref_axis',(-1.,0.,0.));
#3572=DIRECTION('center_axis',(0.,0.,1.));
#3573=DIRECTION('ref_axis',(-1.,0.,0.));
#3574=DIRECTION('center_axis',(0.,0.,1.));
#3575=DIRECTION('ref_axis',(-1.,0.,0.));
#3576=DIRECTION('center_axis',(0.,0.,1.));
#3577=DIRECTION('ref_axis',(-1.,0.,0.));
#3578=DIRECTION('center_axis',(0.,0.,1.));
#3579=DIRECTION('ref_axis',(-1.,0.,0.));
#3580=DIRECTION('center_axis',(0.,0.,1.));
#3581=DIRECTION('ref_axis',(-1.,0.,0.));
#3582=DIRECTION('center_axis',(0.,0.,1.));
#3583=DIRECTION('ref_axis',(-1.,0.,0.));
#3584=DIRECTION('center_axis',(0.,0.,1.));
#3585=DIRECTION('ref_axis',(-1.,0.,0.));
#3586=DIRECTION('center_axis',(0.,0.,1.));
#3587=DIRECTION('ref_axis',(-1.,0.,0.));
#3588=DIRECTION('center_axis',(0.,0.,1.));
#3589=DIRECTION('ref_axis',(-1.,0.,0.));
#3590=DIRECTION('center_axis',(0.,0.,1.));
#3591=DIRECTION('ref_axis',(-1.,0.,0.));
#3592=DIRECTION('center_axis',(0.,0.,1.));
#3593=DIRECTION('ref_axis',(-1.,0.,0.));
#3594=DIRECTION('center_axis',(0.,0.,1.));
#3595=DIRECTION('ref_axis',(-1.,0.,0.));
#3596=DIRECTION('center_axis',(0.,0.,1.));
#3597=DIRECTION('ref_axis',(-1.,0.,0.));
#3598=DIRECTION('center_axis',(0.,0.,1.));
#3599=DIRECTION('ref_axis',(-1.,0.,0.));
#3600=DIRECTION('center_axis',(0.,0.,1.));
#3601=DIRECTION('ref_axis',(-1.,0.,0.));
#3602=DIRECTION('center_axis',(0.,0.,1.));
#3603=DIRECTION('ref_axis',(-1.,0.,0.));
#3604=DIRECTION('center_axis',(0.,0.,1.));
#3605=DIRECTION('ref_axis',(-1.,0.,0.));
#3606=DIRECTION('center_axis',(0.,0.,1.));
#3607=DIRECTION('ref_axis',(-1.,0.,0.));
#3608=DIRECTION('center_axis',(0.,0.,1.));
#3609=DIRECTION('ref_axis',(-1.,0.,0.));
#3610=DIRECTION('center_axis',(0.,0.,1.));
#3611=DIRECTION('ref_axis',(-1.,0.,0.));
#3612=DIRECTION('center_axis',(0.,0.,1.));
#3613=DIRECTION('ref_axis',(-1.,0.,0.));
#3614=DIRECTION('center_axis',(0.,0.,1.));
#3615=DIRECTION('ref_axis',(-1.,0.,0.));
#3616=DIRECTION('center_axis',(0.,0.,1.));
#3617=DIRECTION('ref_axis',(-1.,0.,0.));
#3618=DIRECTION('center_axis',(0.,0.,1.));
#3619=DIRECTION('ref_axis',(-1.,0.,0.));
#3620=DIRECTION('center_axis',(0.,0.,1.));
#3621=DIRECTION('ref_axis',(-1.,0.,0.));
#3622=DIRECTION('center_axis',(0.,0.,-1.));
#3623=DIRECTION('ref_axis',(-1.,0.,0.));
#3624=DIRECTION('center_axis',(0.,0.,-1.));
#3625=DIRECTION('ref_axis',(-1.,0.,0.));
#3626=DIRECTION('center_axis',(0.,0.,-1.));
#3627=DIRECTION('ref_axis',(-1.,0.,0.));
#3628=DIRECTION('center_axis',(0.,0.,-1.));
#3629=DIRECTION('ref_axis',(-1.,0.,0.));
#3630=DIRECTION('center_axis',(0.,0.,-1.));
#3631=DIRECTION('ref_axis',(-1.,0.,0.));
#3632=DIRECTION('center_axis',(0.,0.,-1.));
#3633=DIRECTION('ref_axis',(-1.,0.,0.));
#3634=DIRECTION('center_axis',(0.,0.,-1.));
#3635=DIRECTION('ref_axis',(-1.,0.,0.));
#3636=DIRECTION('center_axis',(0.,0.,-1.));
#3637=DIRECTION('ref_axis',(-1.,0.,0.));
#3638=DIRECTION('center_axis',(0.,0.,-1.));
#3639=DIRECTION('ref_axis',(-1.,0.,0.));
#3640=DIRECTION('center_axis',(0.,0.,-1.));
#3641=DIRECTION('ref_axis',(-1.,0.,0.));
#3642=DIRECTION('center_axis',(0.,0.,-1.));
#3643=DIRECTION('ref_axis',(-1.,0.,0.));
#3644=DIRECTION('center_axis',(0.,0.,-1.));
#3645=DIRECTION('ref_axis',(-1.,0.,0.));
#3646=DIRECTION('center_axis',(0.,0.,-1.));
#3647=DIRECTION('ref_axis',(-1.,0.,0.));
#3648=DIRECTION('center_axis',(0.,0.,-1.));
#3649=DIRECTION('ref_axis',(-1.,0.,0.));
#3650=DIRECTION('center_axis',(0.,0.,-1.));
#3651=DIRECTION('ref_axis',(-1.,0.,0.));
#3652=DIRECTION('center_axis',(0.,0.,-1.));
#3653=DIRECTION('ref_axis',(-1.,0.,0.));
#3654=DIRECTION('center_axis',(0.,0.,-1.));
#3655=DIRECTION('ref_axis',(-1.,0.,0.));
#3656=DIRECTION('center_axis',(0.,0.,-1.));
#3657=DIRECTION('ref_axis',(-1.,0.,0.));
#3658=DIRECTION('center_axis',(0.,0.,-1.));
#3659=DIRECTION('ref_axis',(-1.,0.,0.));
#3660=DIRECTION('center_axis',(0.,0.,-1.));
#3661=DIRECTION('ref_axis',(-1.,0.,0.));
#3662=DIRECTION('center_axis',(0.,0.,-1.));
#3663=DIRECTION('ref_axis',(-1.,0.,0.));
#3664=DIRECTION('center_axis',(0.,0.,-1.));
#3665=DIRECTION('ref_axis',(-1.,0.,0.));
#3666=DIRECTION('center_axis',(0.,0.,-1.));
#3667=DIRECTION('ref_axis',(-1.,0.,0.));
#3668=DIRECTION('center_axis',(0.,0.,-1.));
#3669=DIRECTION('ref_axis',(-1.,0.,0.));
#3670=DIRECTION('center_axis',(0.,0.,-1.));
#3671=DIRECTION('ref_axis',(-1.,0.,0.));
#3672=DIRECTION('center_axis',(0.,0.,-1.));
#3673=DIRECTION('ref_axis',(-1.,0.,0.));
#3674=DIRECTION('center_axis',(0.,0.,-1.));
#3675=DIRECTION('ref_axis',(-1.,0.,0.));
#3676=DIRECTION('center_axis',(0.,0.,-1.));
#3677=DIRECTION('ref_axis',(-1.,0.,0.));
#3678=DIRECTION('center_axis',(0.,0.,-1.));
#3679=DIRECTION('ref_axis',(-1.,0.,0.));
#3680=DIRECTION('center_axis',(0.,0.,-1.));
#3681=DIRECTION('ref_axis',(-1.,0.,0.));
#3682=DIRECTION('center_axis',(0.,0.,-1.));
#3683=DIRECTION('ref_axis',(-1.,0.,0.));
#3684=DIRECTION('',(0.,0.,1.));
#3685=DIRECTION('center_axis',(0.,0.,-1.));
#3686=DIRECTION('ref_axis',(-1.,0.,0.));
#3687=DIRECTION('center_axis',(0.,0.,1.));
#3688=DIRECTION('ref_axis',(-1.,0.,0.));
#3689=DIRECTION('center_axis',(0.,0.,1.));
#3690=DIRECTION('ref_axis',(-1.,0.,0.));
#3691=DIRECTION('center_axis',(0.,0.,1.));
#3692=DIRECTION('ref_axis',(1.,0.,0.));
#3693=DIRECTION('center_axis',(0.,0.,-1.));
#3694=DIRECTION('ref_axis',(-1.,0.,0.));
#3695=DIRECTION('center_axis',(0.,0.,-1.));
#3696=DIRECTION('ref_axis',(-1.,0.,0.));
#3697=DIRECTION('center_axis',(0.327992151709768,-0.944680447779457,0.));
#3698=DIRECTION('ref_axis',(0.,0.,1.));
#3699=DIRECTION('',(0.,0.,-1.));
#3700=DIRECTION('',(-0.81811736159728,-0.284049568732109,0.499999825156178));
#3701=DIRECTION('',(0.81811736159728,0.284049568732109,0.499999825156178));
#3702=DIRECTION('',(0.,0.,-1.));
#3703=DIRECTION('center_axis',(0.,0.,1.));
#3704=DIRECTION('ref_axis',(0.681059041084838,0.732228504332221,0.));
#3705=DIRECTION('center_axis',(0.,0.,-1.));
#3706=DIRECTION('ref_axis',(1.,0.,0.));
#3707=DIRECTION('center_axis',(0.,0.,1.));
#3708=DIRECTION('ref_axis',(0.00924263033752601,0.999957285979978,0.));
#3709=DIRECTION('center_axis',(0.,0.,1.));
#3710=DIRECTION('ref_axis',(1.,0.,0.));
#3711=DIRECTION('center_axis',(0.,0.,-1.));
#3712=DIRECTION('ref_axis',(-1.,0.,0.));
#3713=DIRECTION('center_axis',(0.,0.,1.));
#3714=DIRECTION('ref_axis',(-0.998465482129997,0.055377621788169,0.));
#3715=DIRECTION('center_axis',(0.,0.,1.));
#3716=DIRECTION('ref_axis',(-1.,0.,0.));
#3717=DIRECTION('center_axis',(0.,0.,1.));
#3718=DIRECTION('ref_axis',(-1.,0.,0.));
#3719=DIRECTION('',(0.707106781186548,-8.65956056235494E-17,0.707106781186547));
#3720=DIRECTION('center_axis',(0.,0.,-1.));
#3721=DIRECTION('ref_axis',(-1.,0.,0.));
#3722=DIRECTION('center_axis',(0.,0.,1.));
#3723=DIRECTION('ref_axis',(-1.,0.,0.));
#3724=DIRECTION('center_axis',(0.,0.,-1.));
#3725=DIRECTION('ref_axis',(-1.,0.,0.));
#3726=DIRECTION('',(0.,0.,-1.));
#3727=DIRECTION('center_axis',(0.,0.,1.));
#3728=DIRECTION('ref_axis',(1.,0.,0.));
#3729=DIRECTION('center_axis',(0.,0.,1.));
#3730=DIRECTION('ref_axis',(-1.,0.,0.));
#3731=DIRECTION('center_axis',(0.,0.,-1.));
#3732=DIRECTION('ref_axis',(-1.,0.,0.));
#3733=DIRECTION('',(0.,0.,-1.));
#3734=DIRECTION('center_axis',(0.,0.,1.));
#3735=DIRECTION('ref_axis',(-1.,0.,0.));
#3736=DIRECTION('center_axis',(0.,0.,1.));
#3737=DIRECTION('ref_axis',(1.,0.,0.));
#3738=DIRECTION('center_axis',(0.,0.,1.));
#3739=DIRECTION('ref_axis',(1.,0.,0.));
#3740=DIRECTION('center_axis',(0.,0.,1.));
#3741=DIRECTION('ref_axis',(-1.,0.,0.));
#3742=DIRECTION('center_axis',(0.,0.,1.));
#3743=DIRECTION('ref_axis',(-1.,0.,0.));
#3744=DIRECTION('center_axis',(0.,0.,1.));
#3745=DIRECTION('ref_axis',(-1.,0.,0.));
#3746=DIRECTION('',(0.,0.,-1.));
#3747=DIRECTION('center_axis',(0.,0.,1.));
#3748=DIRECTION('ref_axis',(-1.,0.,0.));
#3749=DIRECTION('',(0.,0.,-1.));
#3750=DIRECTION('center_axis',(0.,0.,-1.));
#3751=DIRECTION('ref_axis',(-1.,0.,0.));
#3752=DIRECTION('center_axis',(0.,0.,1.));
#3753=DIRECTION('ref_axis',(1.,0.,0.));
#3754=DIRECTION('axis',(0.,0.,1.));
#3755=DIRECTION('refdir',(1.,0.,0.));
#3756=DIRECTION('center_axis',(1.,0.,0.));
#3757=DIRECTION('ref_axis',(0.,-1.,0.));
#3758=DIRECTION('',(0.,1.,0.));
#3759=DIRECTION('',(0.,0.,-1.));
#3760=DIRECTION('',(0.,-1.,0.));
#3761=DIRECTION('',(0.,0.,-1.));
#3762=DIRECTION('center_axis',(0.,1.,0.));
#3763=DIRECTION('ref_axis',(1.,0.,0.));
#3764=DIRECTION('',(-1.,0.,0.));
#3765=DIRECTION('',(1.,0.,0.));
#3766=DIRECTION('',(0.,0.,-1.));
#3767=DIRECTION('center_axis',(-1.,0.,0.));
#3768=DIRECTION('ref_axis',(0.,1.,0.));
#3769=DIRECTION('',(0.,-1.,0.));
#3770=DIRECTION('',(0.,1.,0.));
#3771=DIRECTION('',(0.,0.,-1.));
#3772=DIRECTION('center_axis',(0.,-1.,0.));
#3773=DIRECTION('ref_axis',(-1.,0.,0.));
#3774=DIRECTION('',(1.,0.,0.));
#3775=DIRECTION('',(-1.,0.,0.));
#3776=DIRECTION('center_axis',(0.,0.,1.));
#3777=DIRECTION('ref_axis',(1.,0.,0.));
#3778=DIRECTION('center_axis',(0.,0.,-1.));
#3779=DIRECTION('ref_axis',(-1.,0.,0.));
#3780=DIRECTION('axis',(0.,0.,1.));
#3781=DIRECTION('refdir',(1.,0.,0.));
#3782=DIRECTION('center_axis',(0.,-1.,0.));
#3783=DIRECTION('ref_axis',(0.,0.,-1.));
#3784=DIRECTION('center_axis',(-1.,0.,-1.22464679914735E-16));
#3785=DIRECTION('ref_axis',(-1.22464679914735E-16,0.,1.));
#3786=DIRECTION('center_axis',(0.,1.,0.));
#3787=DIRECTION('ref_axis',(0.,0.,-1.));
#3788=DIRECTION('',(0.,0.,1.));
#3789=DIRECTION('',(1.,0.,0.));
#3790=DIRECTION('',(0.,0.,1.));
#3791=DIRECTION('',(1.,0.,0.));
#3792=DIRECTION('',(0.,0.,1.));
#3793=DIRECTION('',(1.,0.,0.));
#3794=DIRECTION('',(0.,-1.,0.));
#3795=DIRECTION('',(1.,0.,0.));
#3796=CARTESIAN_POINT('',(0.,0.,0.));
#3797=CARTESIAN_POINT('',(0.,0.,0.));
#3798=CARTESIAN_POINT('Origin',(0.,0.,0.47));
#3799=CARTESIAN_POINT('',(0.933824487010515,2.18742580424536E-5,0.76827070625));
#3800=CARTESIAN_POINT('',(0.933856399512603,-1.97462951392309E-5,0.8057735));
#3801=CARTESIAN_POINT('',(0.9338125,1.14359048912879E-16,0.47));
#3802=CARTESIAN_POINT('',(-0.317189662766905,-0.878347005243774,0.91));
#3803=CARTESIAN_POINT('Ctrl Pts',(0.933856399512603,-1.97462951392405E-5,
0.8057735));
#3804=CARTESIAN_POINT('Ctrl Pts',(0.933731368967706,0.133684797159693,0.809192231481481));
#3805=CARTESIAN_POINT('Ctrl Pts',(0.87094979935342,0.423066204643398,0.816588606481481));
#3806=CARTESIAN_POINT('Ctrl Pts',(0.582474765148321,0.780138816559299,0.827962625));
#3807=CARTESIAN_POINT('Ctrl Pts',(0.13729971298412,0.963868286697782,0.839895555555555));
#3808=CARTESIAN_POINT('Ctrl Pts',(-0.341469293990913,0.91175178463564,0.851828486111111));
#3809=CARTESIAN_POINT('Ctrl Pts',(-0.736688261127656,0.636542242304597,
0.863761416666666));
#3810=CARTESIAN_POINT('Ctrl Pts',(-0.951643448701455,0.205578316504962,
0.875694347222222));
#3811=CARTESIAN_POINT('Ctrl Pts',(-0.933756248658244,-0.275685915370463,
0.887627277777778));
#3812=CARTESIAN_POINT('Ctrl Pts',(-0.697643539408951,-0.67223772197674,
0.899062495370369));
#3813=CARTESIAN_POINT('Ctrl Pts',(-0.445154670142431,-0.832006977073989,
0.906520069444445));
#3814=CARTESIAN_POINT('Ctrl Pts',(-0.317189662766905,-0.878347005243774,
0.91));
#3815=CARTESIAN_POINT('',(0.878384378094276,-0.317082038696404,0.909999999999999));
#3816=CARTESIAN_POINT('Origin',(0.,0.,0.91));
#3817=CARTESIAN_POINT('Ctrl Pts',(0.878384378094276,-0.317082038696404,
0.909999999999999));
#3818=CARTESIAN_POINT('Ctrl Pts',(0.832412631461069,-0.444107521116074,
0.906545818995098));
#3819=CARTESIAN_POINT('Ctrl Pts',(0.758626276356657,-0.561140795984693,
0.903091637990196));
#3820=CARTESIAN_POINT('Ctrl Pts',(0.663580074123888,-0.657121191830615,
0.899637456985294));
#3821=CARTESIAN_POINT('Ctrl Pts',(0.556049997392994,-0.765708164140121,
0.895729585447304));
#3822=CARTESIAN_POINT('Ctrl Pts',(0.421308544124046,-0.847348667134117,
0.891821713909314));
#3823=CARTESIAN_POINT('Ctrl Pts',(0.275278750645361,-0.892394771431398,
0.887913842371324));
#3824=CARTESIAN_POINT('Ctrl Pts',(0.129248957166676,-0.937440875728679,
0.884005970833333));
#3825=CARTESIAN_POINT('Ctrl Pts',(-0.028069176521746,-0.945892581329245,
0.880098099295343));
#3826=CARTESIAN_POINT('Ctrl Pts',(-0.178084605325566,-0.916751148156075,
0.876190227757353));
#3827=CARTESIAN_POINT('Ctrl Pts',(-0.328100034129384,-0.887609714982904,
0.872282356219363));
#3828=CARTESIAN_POINT('Ctrl Pts',(-0.470812758048601,-0.820875143035997,
0.868374484681373));
#3829=CARTESIAN_POINT('Ctrl Pts',(-0.589357730354726,-0.72443375863594,
0.864466613143382));
#3830=CARTESIAN_POINT('Ctrl Pts',(-0.707902702660852,-0.627992374235883,
0.860558741605392));
#3831=CARTESIAN_POINT('Ctrl Pts',(-0.802279923353886,-0.501844177382677,
0.856650870067402));
#3832=CARTESIAN_POINT('Ctrl Pts',(-0.861336381178033,-0.360896716633874,
0.852742998529412));
#3833=CARTESIAN_POINT('Ctrl Pts',(-0.920392839002179,-0.21994925588507,
0.848835126991421));
#3834=CARTESIAN_POINT('Ctrl Pts',(-0.944128533957437,-0.0642025312406696,
0.844927255453432));
#3835=CARTESIAN_POINT('Ctrl Pts',(-0.929738505454163,0.0879381224326567,
0.841019383915441));
#3836=CARTESIAN_POINT('Ctrl Pts',(-0.915348476950888,0.240078776105982,
0.837111512377451));
#3837=CARTESIAN_POINT('Ctrl Pts',(-0.862832724989081,0.388613358808234,
0.833203640839461));
#3838=CARTESIAN_POINT('Ctrl Pts',(-0.778397288090418,0.515988822047081,
0.82929576930147));
#3839=CARTESIAN_POINT('Ctrl Pts',(-0.693961851191755,0.643364285285929,
0.82538789776348));
#3840=CARTESIAN_POINT('Ctrl Pts',(-0.577606729356236,0.749580629061371,
0.82148002622549));
#3841=CARTESIAN_POINT('Ctrl Pts',(-0.443082167524812,0.822085758625082,
0.8175721546875));
#3842=CARTESIAN_POINT('Ctrl Pts',(-0.308557605693386,0.894590888188794,
0.81366428314951));
#3843=CARTESIAN_POINT('Ctrl Pts',(-0.155863603866054,0.933384803540773,
0.80975641161152));
#3844=CARTESIAN_POINT('Ctrl Pts',(-0.00304474573602484,0.933883039843564,
0.80584854007353));
#3845=CARTESIAN_POINT('Ctrl Pts',(0.149774112394004,0.934381276146354,0.801940668535539));
#3846=CARTESIAN_POINT('Ctrl Pts',(0.302717826826729,0.896583833399956,0.798032796997548));
#3847=CARTESIAN_POINT('Ctrl Pts',(0.437712301429625,0.82495741894858,0.794124925459558));
#3848=CARTESIAN_POINT('Ctrl Pts',(0.57270677603252,0.753331004497204,0.790217053921568));
#3849=CARTESIAN_POINT('Ctrl Pts',(0.689752010805585,0.64787561834085,0.786309182383578));
#3850=CARTESIAN_POINT('Ctrl Pts',(0.775016210957565,0.521053427558977,0.782401310845588));
#3851=CARTESIAN_POINT('Ctrl Pts',(0.860280411109545,0.394231236777105,0.778493439307598));
#3852=CARTESIAN_POINT('Ctrl Pts',(0.913763576640439,0.246042241369715,0.774585567769608));
#3853=CARTESIAN_POINT('Ctrl Pts',(0.92914533742729,0.0939986538062938,0.770677696231617));
#3854=CARTESIAN_POINT('Ctrl Pts',(0.932303385975685,0.06278239465033,0.769875366237745));
#3855=CARTESIAN_POINT('Ctrl Pts',(0.93385535706878,0.0314036539900017,0.769073036243872));
#3856=CARTESIAN_POINT('Ctrl Pts',(0.933824487010515,2.18742580424536E-5,
0.76827070625));
#3857=CARTESIAN_POINT('Origin',(0.,0.,0.47));
#3858=CARTESIAN_POINT('',(0.9338125,0.,0.61827070625));
#3859=CARTESIAN_POINT('',(0.93373857024936,9.99719198517153E-6,0.6557735));
#3860=CARTESIAN_POINT('',(0.9338125,1.14359048912879E-16,0.47));
#3861=CARTESIAN_POINT('',(0.9338125,0.,0.5057735));
#3862=CARTESIAN_POINT('',(0.9338125,0.,0.47));
#3863=CARTESIAN_POINT('',(0.9338125,1.14359048912879E-16,0.47));
#3864=CARTESIAN_POINT('',(0.9338125,1.14359048912879E-16,0.47));
#3865=CARTESIAN_POINT('Origin',(0.,0.,0.47));
#3866=CARTESIAN_POINT('Ctrl Pts',(0.9338125,0.,0.5057735));
#3867=CARTESIAN_POINT('Ctrl Pts',(0.9338125,0.155587302368272,0.509751143518518));
#3868=CARTESIAN_POINT('Ctrl Pts',(0.85452376357246,0.466604017950593,0.517706430555556));
#3869=CARTESIAN_POINT('Ctrl Pts',(0.526272036026714,0.819107174000007,0.529639361111111));
#3870=CARTESIAN_POINT('Ctrl Pts',(0.0693289923944861,0.971119671949293,
0.541572291666667));
#3871=CARTESIAN_POINT('Ctrl Pts',(-0.404616787463718,0.885544302191882,
0.553505222222222));
#3872=CARTESIAN_POINT('Ctrl Pts',(-0.779539141166045,0.583272170657505,
0.565438152777777));
#3873=CARTESIAN_POINT('Ctrl Pts',(-0.963728068422826,0.138288938297547,
0.577371083333334));
#3874=CARTESIAN_POINT('Ctrl Pts',(-0.912100917819076,-0.340535624037379,
0.589304013888888));
#3875=CARTESIAN_POINT('Ctrl Pts',(-0.637297115983872,-0.736033743279395,
0.601236944444444));
#3876=CARTESIAN_POINT('Ctrl Pts',(-0.206554061261939,-0.951435150135485,
0.613169874999999));
#3877=CARTESIAN_POINT('Ctrl Pts',(0.274729461276081,-0.934032579063258,
0.625102805555556));
#3878=CARTESIAN_POINT('Ctrl Pts',(0.688790619768403,-0.688084903644759,
0.637035736111111));
#3879=CARTESIAN_POINT('Ctrl Pts',(0.899143107089883,-0.333121316567862,
0.647259300925926));
#3880=CARTESIAN_POINT('Ctrl Pts',(0.93370537129465,-0.0887331615788841,
0.653505222222222));
#3881=CARTESIAN_POINT('Ctrl Pts',(0.933738570249359,9.99719198524485E-6,
0.6557735));
#3882=CARTESIAN_POINT('Origin',(0.,0.,0.571397103125));
#3883=CARTESIAN_POINT('',(-1.01492142990887,1.16153640558614E-5,0.927647103125));
#3884=CARTESIAN_POINT('',(-1.01508230130121,3.63476414269646E-6,0.946397103125));
#3885=CARTESIAN_POINT('',(-1.015,-1.24301650113456E-16,0.571397103125));
#3886=CARTESIAN_POINT('',(-0.558043364041799,-0.847828168822499,0.97));
#3887=CARTESIAN_POINT('Ctrl Pts',(-1.01508230130121,3.63476414274276E-6,
0.946397103125));
#3888=CARTESIAN_POINT('Ctrl Pts',(-1.01508257757325,-0.00220202267725794,
0.946448992340686));
#3889=CARTESIAN_POINT('Ctrl Pts',(-1.01454445506748,-0.170519864048063,
0.950408753094362));
#3890=CARTESIAN_POINT('Ctrl Pts',(-0.92855665040382,-0.504432650218123,
0.958276385386029));
#3891=CARTESIAN_POINT('Ctrl Pts',(-0.696826510648595,-0.756480633021319,
0.96609212846201));
#3892=CARTESIAN_POINT('Ctrl Pts',(-0.558043364041799,-0.847828168822499,
0.97));
#3893=CARTESIAN_POINT('',(0.204936339745141,-0.994181423944237,0.97));
#3894=CARTESIAN_POINT('Origin',(0.,0.,0.97));
#3895=CARTESIAN_POINT('Ctrl Pts',(-1.01492142990887,1.16153640558683E-5,
0.927647103125));
#3896=CARTESIAN_POINT('Ctrl Pts',(-1.01488391438818,-0.0971404746040112,
0.929931695717593));
#3897=CARTESIAN_POINT('Ctrl Pts',(-0.976941682765559,-0.363470930639965,
0.936193931828703));
#3898=CARTESIAN_POINT('Ctrl Pts',(-0.747127862473079,-0.749443739599826,
0.946433811458333));
#3899=CARTESIAN_POINT('Ctrl Pts',(-0.300330463028509,-1.01361501315161,
0.958266851157408));
#3900=CARTESIAN_POINT('Ctrl Pts',(0.0435184727996486,-1.0274242880297,0.966122247337963));
#3901=CARTESIAN_POINT('Ctrl Pts',(0.204936339745141,-0.994181423944237,
0.97));
#3902=CARTESIAN_POINT('Origin',(0.,0.,0.571397103125));
#3903=CARTESIAN_POINT('',(-1.01504570907402,-2.18738464564106E-5,0.777647103125));
#3904=CARTESIAN_POINT('',(-1.01501967402377,2.32449962629318E-5,0.796397103125));
#3905=CARTESIAN_POINT('',(-1.015,-1.24301650113456E-16,0.571397103125));
#3906=CARTESIAN_POINT('Ctrl Pts',(-1.01501967402377,2.32449962629735E-5,
0.796397103125));
#3907=CARTESIAN_POINT('Ctrl Pts',(-1.01488852406525,-0.134208902347447,
0.799554533884804));
#3908=CARTESIAN_POINT('Ctrl Pts',(-0.954915034261219,-0.434690499435056,
0.806619836182598));
#3909=CARTESIAN_POINT('Ctrl Pts',(-0.666866597092387,-0.819707039320447,
0.817593010018382));
#3910=CARTESIAN_POINT('Ctrl Pts',(-0.201505248498302,-1.03731686096916,
0.829316624632353));
#3911=CARTESIAN_POINT('Ctrl Pts',(0.311481798774298,-1.00975732031862,0.841040239246324));
#3912=CARTESIAN_POINT('Ctrl Pts',(0.750850221454385,-0.743541852420392,
0.852763853860294));
#3913=CARTESIAN_POINT('Ctrl Pts',(1.01275552052373,-0.301590893584241,0.864487468474264));
#3914=CARTESIAN_POINT('Ctrl Pts',(1.03529635530834,0.21164165511887,0.876211083088235));
#3915=CARTESIAN_POINT('Ctrl Pts',(0.813145457778621,0.674851362978439,0.887934697702206));
#3916=CARTESIAN_POINT('Ctrl Pts',(0.398807600656699,0.978563085756897,0.899658312316176));
#3917=CARTESIAN_POINT('Ctrl Pts',(-0.109787590160867,1.05098594765784,0.911381926930147));
#3918=CARTESIAN_POINT('Ctrl Pts',(-0.592435929717857,0.875020564813517,
0.923105541544117));
#3919=CARTESIAN_POINT('Ctrl Pts',(-0.93354294555266,0.49391453648319,0.934777266942402));
#3920=CARTESIAN_POINT('Ctrl Pts',(-1.01506177102211,0.163910064850217,0.942541120802696));
#3921=CARTESIAN_POINT('Ctrl Pts',(-1.01508230130121,3.63476414274276E-6,
0.946397103125));
#3922=CARTESIAN_POINT('Ctrl Pts',(-1.01504570907402,-2.18738464564626E-5,
0.777647103125));
#3923=CARTESIAN_POINT('Ctrl Pts',(-1.01506886560084,-0.0244747052015875,
0.778222329976852));
#3924=CARTESIAN_POINT('Ctrl Pts',(-1.00821748958442,-0.218003782273968,
0.782775200347222));
#3925=CARTESIAN_POINT('Ctrl Pts',(-0.889718492832594,-0.572959627012116,
0.791305714236111));
#3926=CARTESIAN_POINT('Ctrl Pts',(-0.506253603146567,-0.929294902583416,
0.803238644791668));
#3927=CARTESIAN_POINT('Ctrl Pts',(0.00108479047165547,-1.05824408804056,
0.815171575347221));
#3928=CARTESIAN_POINT('Ctrl Pts',(0.508157773349654,-0.928255040543804,
0.827104505902779));
#3929=CARTESIAN_POINT('Ctrl Pts',(0.890891269165552,-0.571134337676347,
0.839037436458332));
#3930=CARTESIAN_POINT('Ctrl Pts',(1.05563562876015,-0.0742646829738894,
0.85097036701389));
#3931=CARTESIAN_POINT('Ctrl Pts',(0.962079816101839,0.440776581826463,0.862903297569444));
#3932=CARTESIAN_POINT('Ctrl Pts',(0.63311626972818,0.847965623514023,0.874836228125001));
#3933=CARTESIAN_POINT('Ctrl Pts',(0.149236820752434,1.04766889605595,0.886769158680555));
#3934=CARTESIAN_POINT('Ctrl Pts',(-0.371157307704467,0.991021282543524,
0.898702089236111));
#3935=CARTESIAN_POINT('Ctrl Pts',(-0.800737391119279,0.691884479956272,
0.910635019791666));
#3936=CARTESIAN_POINT('Ctrl Pts',(-0.989649451206994,0.313134453193848,
0.92028335775463));
#3937=CARTESIAN_POINT('Ctrl Pts',(-1.01494923166541,0.072008450339967,0.925954052199074));
#3938=CARTESIAN_POINT('Ctrl Pts',(-1.01492142990887,1.16153640558683E-5,
0.927647103125));
#3939=CARTESIAN_POINT('Origin',(0.,0.,0.571397103125));
#3940=CARTESIAN_POINT('',(-1.0149723610262,2.59483521830306E-5,0.627647103125));
#3941=CARTESIAN_POINT('',(-1.01493274715862,1.42773220320796E-5,0.646397103125));
#3942=CARTESIAN_POINT('',(-1.015,-1.24301650113456E-16,0.571397103125));
#3943=CARTESIAN_POINT('',(1.015,0.,0.552647103125));
#3944=CARTESIAN_POINT('Ctrl Pts',(1.015,0.,0.552647103125));
#3945=CARTESIAN_POINT('Ctrl Pts',(1.015,0.1691143692163,0.556624746643518));
#3946=CARTESIAN_POINT('Ctrl Pts',(0.928817744489443,0.50717149130029,0.564580033680556));
#3947=CARTESIAN_POINT('Ctrl Pts',(0.572027164518696,0.890321966786701,0.576512964236111));
#3948=CARTESIAN_POINT('Ctrl Pts',(0.0753565916930901,1.05555073103919,0.588445894791667));
#3949=CARTESIAN_POINT('Ctrl Pts',(-0.439794968771219,0.962535269901357,
0.600378825347222));
#3950=CARTESIAN_POINT('Ctrl Pts',(-0.847313811159666,0.633983003244621,
0.612311755902778));
#3951=CARTESIAN_POINT('Ctrl Pts',(-0.999810080461968,0.265566270232379,
0.621401181828704));
#3952=CARTESIAN_POINT('Ctrl Pts',(-1.01501814387341,0.0482481762125142,
0.626512964236111));
#3953=CARTESIAN_POINT('Ctrl Pts',(-1.0149723610262,2.59483521830237E-5,
0.627647103125));
#3954=CARTESIAN_POINT('',(1.015,0.,0.571397103125));
#3955=CARTESIAN_POINT('',(1.015,0.,0.552647103125));
#3956=CARTESIAN_POINT('Ctrl Pts',(1.015,0.,0.571397103125));
#3957=CARTESIAN_POINT('Ctrl Pts',(1.015,0.166147928301953,0.57530497466299));
#3958=CARTESIAN_POINT('Ctrl Pts',(0.931869051254625,0.498286888176928,0.583120717738971));
#3959=CARTESIAN_POINT('Ctrl Pts',(0.586698969320959,0.878874474193866,0.594844332352941));
#3960=CARTESIAN_POINT('Ctrl Pts',(0.102941388955392,1.05167482821561,0.606567946966912));
#3961=CARTESIAN_POINT('Ctrl Pts',(-0.405184378274767,0.975944127124766,
0.618291561580882));
#3962=CARTESIAN_POINT('Ctrl Pts',(-0.81752635991873,0.669533739228731,0.630015176194853));
#3963=CARTESIAN_POINT('Ctrl Pts',(-0.992635658943683,0.298227667730888,
0.639383690042892));
#3964=CARTESIAN_POINT('Ctrl Pts',(-1.01496619617067,0.066043737058457,0.644844332352941));
#3965=CARTESIAN_POINT('Ctrl Pts',(-1.01493274715862,1.42773220321024E-5,
0.646397103125));
#3966=CARTESIAN_POINT('Origin',(-2.7,0.,0.));
#3967=CARTESIAN_POINT('',(-2.7,-0.0499999999999998,0.));
#3968=CARTESIAN_POINT('',(-2.7,-0.0499999999999998,0.1));
#3969=CARTESIAN_POINT('',(-2.7,-0.0499999999999998,0.));
#3970=CARTESIAN_POINT('',(-2.7,0.0499999999999998,0.));
#3971=CARTESIAN_POINT('Origin',(-2.7,0.,0.));
#3972=CARTESIAN_POINT('',(-2.7,0.0499999999999998,0.1));
#3973=CARTESIAN_POINT('',(-2.7,0.0499999999999998,0.));
#3974=CARTESIAN_POINT('',(-2.65,6.12323399573674E-18,0.1));
#3975=CARTESIAN_POINT('Origin',(-2.7,0.,0.1));
#3976=CARTESIAN_POINT('',(-2.65,-6.12323399573674E-18,0.4));
#3977=CARTESIAN_POINT('',(-2.65,6.12323399573674E-18,0.));
#3978=CARTESIAN_POINT('Origin',(-2.7,0.,0.4));
#3979=CARTESIAN_POINT('Origin',(-2.7,0.,0.1));
#3980=CARTESIAN_POINT('Origin',(-1.52875,0.,0.1));
#3981=CARTESIAN_POINT('',(-2.7,0.15,0.1));
#3982=CARTESIAN_POINT('',(-2.7,0.15,0.1));
#3983=CARTESIAN_POINT('',(-0.699088692513332,0.15,0.1));
#3984=CARTESIAN_POINT('',(-0.3575,0.15,0.1));
#3985=CARTESIAN_POINT('',(-0.699088692513332,-0.15,0.1));
#3986=CARTESIAN_POINT('Origin',(0.,0.,0.1));
#3987=CARTESIAN_POINT('',(-2.7,-0.15,0.1));
#3988=CARTESIAN_POINT('',(-2.7,-0.15,0.1));
#3989=CARTESIAN_POINT('',(-2.7,0.15,0.1));
#3990=CARTESIAN_POINT('Origin',(-2.7,0.15,0.));
#3991=CARTESIAN_POINT('',(-2.7,0.15,0.));
#3992=CARTESIAN_POINT('',(-2.7,0.075,0.));
#3993=CARTESIAN_POINT('',(-2.7,0.15,0.));
#3994=CARTESIAN_POINT('Origin',(2.7,0.,0.));
#3995=CARTESIAN_POINT('',(2.7,-0.0499999999999998,0.1));
#3996=CARTESIAN_POINT('',(2.7,-0.0499999999999998,0.));
#3997=CARTESIAN_POINT('',(2.7,-0.0499999999999998,0.));
#3998=CARTESIAN_POINT('',(2.7,0.0499999999999998,0.1));
#3999=CARTESIAN_POINT('Origin',(2.7,0.,0.1));
#4000=CARTESIAN_POINT('',(2.7,0.0499999999999998,0.));
#4001=CARTESIAN_POINT('',(2.7,0.0499999999999998,0.));
#4002=CARTESIAN_POINT('',(2.75,6.12323399573674E-18,0.));
#4003=CARTESIAN_POINT('Origin',(2.7,0.,0.));
#4004=CARTESIAN_POINT('',(2.75,-6.12323399573674E-18,0.4));
#4005=CARTESIAN_POINT('',(2.75,6.12323399573674E-18,0.));
#4006=CARTESIAN_POINT('Origin',(2.7,0.,0.4));
#4007=CARTESIAN_POINT('Origin',(2.7,0.,0.));
#4008=CARTESIAN_POINT('Origin',(0.,0.,0.));
#4009=CARTESIAN_POINT('',(-3.025,-1.25,0.));
#4010=CARTESIAN_POINT('',(3.025,-1.25,0.));
#4011=CARTESIAN_POINT('',(-1.875,-1.25,0.));
#4012=CARTESIAN_POINT('',(-3.025,1.25,0.));
#4013=CARTESIAN_POINT('',(-3.025,1.35,0.));
#4014=CARTESIAN_POINT('',(3.025,1.25,0.));
#4015=CARTESIAN_POINT('',(1.875,1.25,0.));
#4016=CARTESIAN_POINT('',(3.025,-1.35,0.));
#4017=CARTESIAN_POINT('',(-2.7,-0.15,0.));
#4018=CARTESIAN_POINT('',(-2.7,0.075,0.));
#4019=CARTESIAN_POINT('',(-0.699088692513332,-0.15,0.));
#4020=CARTESIAN_POINT('',(-1.35,-0.15,0.));
#4021=CARTESIAN_POINT('',(0.699088692513332,-0.15,0.));
#4022=CARTESIAN_POINT('Origin',(0.,0.,0.));
#4023=CARTESIAN_POINT('',(2.7,-0.15,0.));
#4024=CARTESIAN_POINT('',(0.17875,-0.15,0.));
#4025=CARTESIAN_POINT('',(2.7,-0.075,0.));
#4026=CARTESIAN_POINT('',(2.7,0.15,0.));
#4027=CARTESIAN_POINT('',(2.7,-0.075,0.));
#4028=CARTESIAN_POINT('',(0.699088692513332,0.15,0.));
#4029=CARTESIAN_POINT('',(1.35,0.15,0.));
#4030=CARTESIAN_POINT('',(-0.699088692513332,0.15,0.));
#4031=CARTESIAN_POINT('Origin',(0.,0.,0.));
#4032=CARTESIAN_POINT('',(-0.17875,0.15,0.));
#4033=CARTESIAN_POINT('Origin',(2.7,-0.15,0.));
#4034=CARTESIAN_POINT('',(2.7,0.15,0.1));
#4035=CARTESIAN_POINT('',(2.7,-0.15,0.1));
#4036=CARTESIAN_POINT('',(2.7,0.15,0.));
#4037=CARTESIAN_POINT('Origin',(2.7,0.15,0.));
#4038=CARTESIAN_POINT('',(0.699088692513332,0.15,0.1));
#4039=CARTESIAN_POINT('',(0.699088692513332,0.15,0.));
#4040=CARTESIAN_POINT('',(2.7,0.15,0.1));
#4041=CARTESIAN_POINT('Origin',(1.52875,0.,0.1));
#4042=CARTESIAN_POINT('',(2.7,-0.15,0.1));
#4043=CARTESIAN_POINT('',(2.7,-0.15,0.1));
#4044=CARTESIAN_POINT('',(0.699088692513332,-0.15,0.1));
#4045=CARTESIAN_POINT('',(0.3575,-0.15,0.1));
#4046=CARTESIAN_POINT('',(0.715,8.75622461390358E-17,0.1));
#4047=CARTESIAN_POINT('Origin',(0.,0.,0.1));
#4048=CARTESIAN_POINT('Origin',(0.,0.,0.1));
#4049=CARTESIAN_POINT('Origin',(2.7,-0.15,0.));
#4050=CARTESIAN_POINT('',(2.7,-0.15,0.));
#4051=CARTESIAN_POINT('Origin',(0.3575,-0.15,0.));
#4052=CARTESIAN_POINT('',(0.699088692513332,-0.15,0.));
#4053=CARTESIAN_POINT('Origin',(-2.7,0.15,0.));
#4054=CARTESIAN_POINT('',(-2.7,-0.15,0.));
#4055=CARTESIAN_POINT('Origin',(-0.3575,0.15,0.));
#4056=CARTESIAN_POINT('',(-0.699088692513332,0.15,0.));
#4057=CARTESIAN_POINT('Origin',(-2.7,-0.15,0.));
#4058=CARTESIAN_POINT('',(-0.699088692513332,-0.15,0.));
#4059=CARTESIAN_POINT('Origin',(0.,0.,0.));
#4060=CARTESIAN_POINT('',(0.715,-8.75622461390358E-17,0.41));
#4061=CARTESIAN_POINT('',(0.715,8.75622461390358E-17,0.));
#4062=CARTESIAN_POINT('Origin',(0.,0.,0.41));
#4063=CARTESIAN_POINT('Origin',(-2.7,0.,1.2));
#4064=CARTESIAN_POINT('',(-2.4855,2.62686738417107E-17,1.2));
#4065=CARTESIAN_POINT('Origin',(-2.7,0.,1.2));
#4066=CARTESIAN_POINT('',(-2.50950002792727,-2.33295181036535E-17,0.4));
#4067=CARTESIAN_POINT('',(-2.4855,-2.62686738417107E-17,1.2));
#4068=CARTESIAN_POINT('Origin',(-2.7,0.,0.4));
#4069=CARTESIAN_POINT('Origin',(-2.7,-5.39152595486187E-18,0.4));
#4070=CARTESIAN_POINT('Origin',(2.7,0.,1.2));
#4071=CARTESIAN_POINT('',(2.9145,2.62686738417107E-17,1.2));
#4072=CARTESIAN_POINT('Origin',(2.7,0.,1.2));
#4073=CARTESIAN_POINT('',(2.89049997207273,-2.33295181036535E-17,0.4));
#4074=CARTESIAN_POINT('',(2.9145,-2.62686738417107E-17,1.2));
#4075=CARTESIAN_POINT('Origin',(2.7,0.,0.4));
#4076=CARTESIAN_POINT('Origin',(2.7,-5.39152595486187E-18,0.4));
#4077=CARTESIAN_POINT('Ctrl Pts',(0.9338125,0.,0.61827070625));
#4078=CARTESIAN_POINT('Ctrl Pts',(0.9338125,0.152858140194549,0.62217857778799));
#4079=CARTESIAN_POINT('Ctrl Pts',(0.857331003374099,0.458430073660805,0.629994320863971));
#4080=CARTESIAN_POINT('Ctrl Pts',(0.539770277132047,0.808575339835625,0.641717935477941));
#4081=CARTESIAN_POINT('Ctrl Pts',(0.0947073455900559,0.967553793618802,
0.653441550091912));
#4082=CARTESIAN_POINT('Ctrl Pts',(-0.372774617968183,0.897880615971128,
0.665165164705882));
#4083=CARTESIAN_POINT('Ctrl Pts',(-0.752134319183851,0.615979285579832,
0.676888779319853));
#4084=CARTESIAN_POINT('Ctrl Pts',(-0.953735782868556,0.188498575498773,
0.688612393933824));
#4085=CARTESIAN_POINT('Ctrl Pts',(-0.929918012650944,-0.28353719016315,
0.700336008547794));
#4086=CARTESIAN_POINT('Ctrl Pts',(-0.68631651350353,-0.688557331857938,
0.712059623161766));
#4087=CARTESIAN_POINT('Ctrl Pts',(-0.280503363855347,-0.930838055091102,
0.723783237775735));
#4088=CARTESIAN_POINT('Ctrl Pts',(0.191606155193599,-0.953115142375511,
0.735506852389707));
#4089=CARTESIAN_POINT('Ctrl Pts',(0.618429875429752,-0.750124033045477,
0.747230467003675));
#4090=CARTESIAN_POINT('Ctrl Pts',(0.899087810299762,-0.36984129319603,0.758954081617648));
#4091=CARTESIAN_POINT('Ctrl Pts',(0.967246742171333,0.0978532459623227,
0.770677696231617));
#4092=CARTESIAN_POINT('Ctrl Pts',(0.806797245578651,0.542420232184496,0.782401310845589));
#4093=CARTESIAN_POINT('Ctrl Pts',(0.455661541259454,0.858786390653558,0.794124925459558));
#4094=CARTESIAN_POINT('Ctrl Pts',(-0.00316960203872173,0.972178718892752,
0.80584854007353));
#4095=CARTESIAN_POINT('Ctrl Pts',(-0.461251607520717,0.855796972836815,
0.8175721546875));
#4096=CARTESIAN_POINT('Ctrl Pts',(-0.810316973027273,0.537147941510486,
0.829295769301471));
#4097=CARTESIAN_POINT('Ctrl Pts',(-0.967864228912696,0.0915441934037303,
0.841019383915442));
#4098=CARTESIAN_POINT('Ctrl Pts',(-0.89665714404692,-0.375695980529471,
0.852742998529411));
#4099=CARTESIAN_POINT('Ctrl Pts',(-0.613525481967818,-0.754140571089089,
0.864466613143383));
#4100=CARTESIAN_POINT('Ctrl Pts',(-0.185387310210168,-0.954344286929812,
0.876190227757353));
#4101=CARTESIAN_POINT('Ctrl Pts',(0.286567090855098,-0.928989170128113,
0.887913842371324));
#4102=CARTESIAN_POINT('Ctrl Pts',(0.690791450661943,-0.684067661146125,
0.899637456985294));
#4103=CARTESIAN_POINT('Ctrl Pts',(0.931747551240459,-0.277467336271069,
0.911361071599264));
#4104=CARTESIAN_POINT('Ctrl Pts',(0.952485396838787,0.194712929133685,0.923084686213235));
#4105=CARTESIAN_POINT('Ctrl Pts',(0.748103835262954,0.620871564917539,0.934808300827205));
#4106=CARTESIAN_POINT('Ctrl Pts',(0.366907904027817,0.900290090165875,0.946531915441177));
#4107=CARTESIAN_POINT('Ctrl Pts',(-0.101005935011916,0.966920015021907,
0.958255530055147));
#4108=CARTESIAN_POINT('Ctrl Pts',(-0.545048351349415,0.805029695743765,
0.969979144669118));
#4109=CARTESIAN_POINT('Ctrl Pts',(-0.860266174200626,0.452848688174174,
0.981702759283088));
#4110=CARTESIAN_POINT('Ctrl Pts',(-0.972165685702866,-0.00631757923405169,
0.993426373897059));
#4111=CARTESIAN_POINT('Ctrl Pts',(-0.854283553798243,-0.464084250425429,
1.00514998851103));
#4112=CARTESIAN_POINT('Ctrl Pts',(-0.641088971403981,-0.695971498643567,
1.01296573158701));
#4113=CARTESIAN_POINT('Ctrl Pts',(-0.513406767373677,-0.780012356550305,
1.016873603125));
#4114=CARTESIAN_POINT('Ctrl Pts',(0.960875,0.,0.602646171875));
#4115=CARTESIAN_POINT('Ctrl Pts',(0.960875,0.157288069563684,0.60655404341299));
#4116=CARTESIAN_POINT('Ctrl Pts',(0.882177019334274,0.471715678499513,0.614369786488971));
#4117=CARTESIAN_POINT('Ctrl Pts',(0.555413174528351,0.832008384621705,0.626093401102942));
#4118=CARTESIAN_POINT('Ctrl Pts',(0.0974520267118341,0.995594138484403,
0.637817015716911));
#4119=CARTESIAN_POINT('Ctrl Pts',(-0.38357787140371,0.923901786355674,0.649540630330883));
#4120=CARTESIAN_POINT('Ctrl Pts',(-0.773931666095478,0.633830770129465,
0.661264244944853));
#4121=CARTESIAN_POINT('Ctrl Pts',(-0.981375672700702,0.193961388107767,
0.672987859558824));
#4122=CARTESIAN_POINT('Ctrl Pts',(-0.956867647847909,-0.291754284289423,
0.684711474172794));
#4123=CARTESIAN_POINT('Ctrl Pts',(-0.706206417147666,-0.708512175890767,
0.696435088786765));
#4124=CARTESIAN_POINT('Ctrl Pts',(-0.288632535701232,-0.957814353722684,
0.708158703400735));
#4125=CARTESIAN_POINT('Ctrl Pts',(0.19715902750461,-0.98073704563825,0.719882318014706));
#4126=CARTESIAN_POINT('Ctrl Pts',(0.636352379683891,-0.77186312054355,0.731605932628677));
#4127=CARTESIAN_POINT('Ctrl Pts',(0.925143965969383,-0.380559536951728,
0.743329547242647));
#4128=CARTESIAN_POINT('Ctrl Pts',(0.995278188484175,0.100689097344538,0.755053161856618));
#4129=CARTESIAN_POINT('Ctrl Pts',(0.830178760024508,0.558139927019908,0.766776776470588));
#4130=CARTESIAN_POINT('Ctrl Pts',(0.468866912209547,0.883674584693649,0.778500391084559));
#4131=CARTESIAN_POINT('Ctrl Pts',(-0.00326145918903072,1.00035309713253,
0.790224005698529));
#4132=CARTESIAN_POINT('Ctrl Pts',(-0.474618982265143,0.880598531583776,
0.8019476203125));
#4133=CARTESIAN_POINT('Ctrl Pts',(-0.833800491487939,0.552714841896942,
0.813671234926471));
#4134=CARTESIAN_POINT('Ctrl Pts',(-0.995913570397148,0.0941972042961615,
0.825394849540441));
#4135=CARTESIAN_POINT('Ctrl Pts',(-0.922642857410974,-0.386583896972095,
0.837118464154412));
#4136=CARTESIAN_POINT('Ctrl Pts',(-0.631305853676008,-0.775996060499542,
0.848842078768382));
#4137=CARTESIAN_POINT('Ctrl Pts',(-0.190759956306212,-0.982001811609593,
0.860565693382353));
#4138=CARTESIAN_POINT('Ctrl Pts',(0.294871993494831,-0.955911886858283,
0.872289307996323));
#4139=CARTESIAN_POINT('Ctrl Pts',(0.710811040926091,-0.70389239157088,0.884012922610294));
#4140=CARTESIAN_POINT('Ctrl Pts',(0.958750207668215,-0.285508522042126,
0.895736537224265));
#4141=CARTESIAN_POINT('Ctrl Pts',(0.980089049661972,0.200355837795414,0.907460151838235));
#4142=CARTESIAN_POINT('Ctrl Pts',(0.769784376101509,0.638864830937839,0.919183766452206));
#4143=CARTESIAN_POINT('Ctrl Pts',(0.377541136237445,0.926381088696216,0.930907381066176));
#4144=CARTESIAN_POINT('Ctrl Pts',(-0.1039331533949,0.994941992567218,0.942630995680147));
#4145=CARTESIAN_POINT('Ctrl Pts',(-0.560844210805562,0.828359985433682,
0.954354610294117));
#4146=CARTESIAN_POINT('Ctrl Pts',(-0.885197253340501,0.465972540793103,
0.966078224908089));
#4147=CARTESIAN_POINT('Ctrl Pts',(-1.00033968623224,-0.00650066683249509,
0.977801839522058));
#4148=CARTESIAN_POINT('Ctrl Pts',(-0.879041252666769,-0.477533717022994,
0.98952545413603));
#4149=CARTESIAN_POINT('Ctrl Pts',(-0.659668151152185,-0.716141210102818,
0.99734119721201));
#4150=CARTESIAN_POINT('Ctrl Pts',(-0.528285632929718,-0.802617627307703,
1.00124906875));
#4151=CARTESIAN_POINT('Ctrl Pts',(0.9879375,0.,0.5870216375));
#4152=CARTESIAN_POINT('Ctrl Pts',(0.9879375,0.161717998932818,0.59092950903799));
#4153=CARTESIAN_POINT('Ctrl Pts',(0.90702303529445,0.48500128333822,0.598745252113971));
#4154=CARTESIAN_POINT('Ctrl Pts',(0.571056071924655,0.855441429407785,0.610468866727941));
#4155=CARTESIAN_POINT('Ctrl Pts',(0.100196707833613,1.02363448335,0.622192481341911));
#4156=CARTESIAN_POINT('Ctrl Pts',(-0.394381124839239,0.94992295674022,0.633916095955883));
#4157=CARTESIAN_POINT('Ctrl Pts',(-0.795729013007104,0.651682254679098,
0.645639710569852));
#4158=CARTESIAN_POINT('Ctrl Pts',(-1.00901556253285,0.19942420071676,0.657363325183824));
#4159=CARTESIAN_POINT('Ctrl Pts',(-0.983817283044875,-0.299971378415696,
0.669086939797794));
#4160=CARTESIAN_POINT('Ctrl Pts',(-0.7260963207918,-0.728467019923595,0.680810554411765));
#4161=CARTESIAN_POINT('Ctrl Pts',(-0.296761707547117,-0.984790652354264,
0.692534169025735));
#4162=CARTESIAN_POINT('Ctrl Pts',(0.202711899815623,-1.00835894890099,0.704257783639707));
#4163=CARTESIAN_POINT('Ctrl Pts',(0.654274883938029,-0.793602208041621,
0.715981398253675));
#4164=CARTESIAN_POINT('Ctrl Pts',(0.951200121639004,-0.391277780707426,
0.727705012867648));
#4165=CARTESIAN_POINT('Ctrl Pts',(1.02330963479702,0.103524948726754,0.739428627481617));
#4166=CARTESIAN_POINT('Ctrl Pts',(0.853560274470365,0.57385962185532,0.751152242095588));
#4167=CARTESIAN_POINT('Ctrl Pts',(0.482072283159641,0.908562778733739,0.762875856709558));
#4168=CARTESIAN_POINT('Ctrl Pts',(-0.00335331633933947,1.02852747537231,
0.77459947132353));
#4169=CARTESIAN_POINT('Ctrl Pts',(-0.487986357009569,0.905400090330738,
0.786323085937499));
#4170=CARTESIAN_POINT('Ctrl Pts',(-0.857284009948605,0.568281742283398,
0.798046700551471));
#4171=CARTESIAN_POINT('Ctrl Pts',(-1.0239629118816,0.0968502151885933,0.80977031516544));
#4172=CARTESIAN_POINT('Ctrl Pts',(-0.948628570775026,-0.397471813414721,
0.821493929779412));
#4173=CARTESIAN_POINT('Ctrl Pts',(-0.649086225384198,-0.797851549909994,
0.833217544393382));
#4174=CARTESIAN_POINT('Ctrl Pts',(-0.196132602402257,-1.00965933628937,
0.844941159007353));
#4175=CARTESIAN_POINT('Ctrl Pts',(0.303176896134565,-0.982834603588453,
0.856664773621323));
#4176=CARTESIAN_POINT('Ctrl Pts',(0.730830631190238,-0.723717121995636,
0.868388388235294));
#4177=CARTESIAN_POINT('Ctrl Pts',(0.985752864095973,-0.293549707813184,
0.880112002849264));
#4178=CARTESIAN_POINT('Ctrl Pts',(1.00769270248516,0.205998746457142,0.891835617463236));
#4179=CARTESIAN_POINT('Ctrl Pts',(0.791464916940064,0.656858096958139,0.903559232077205));
#4180=CARTESIAN_POINT('Ctrl Pts',(0.388174368447072,0.952472087226557,0.915282846691177));
#4181=CARTESIAN_POINT('Ctrl Pts',(-0.106860371777884,1.02296397011253,0.927006461305147));
#4182=CARTESIAN_POINT('Ctrl Pts',(-0.576640070261709,0.8516902751236,0.938730075919117));
#4183=CARTESIAN_POINT('Ctrl Pts',(-0.910128332480377,0.479096393412031,
0.950453690533088));
#4184=CARTESIAN_POINT('Ctrl Pts',(-1.02851368676161,-0.00668375443093839,
0.962177305147058));
#4185=CARTESIAN_POINT('Ctrl Pts',(-0.903798951535295,-0.490983183620559,
0.973900919761029));
#4186=CARTESIAN_POINT('Ctrl Pts',(-0.67824733090039,-0.736310921562068,
0.98171666283701));
#4187=CARTESIAN_POINT('Ctrl Pts',(-0.543164498485758,-0.825222898065101,
0.985624534375));
#4188=CARTESIAN_POINT('Ctrl Pts',(1.015,0.,0.571397103125));
#4189=CARTESIAN_POINT('Ctrl Pts',(1.015,0.166147928301953,0.57530497466299));
#4190=CARTESIAN_POINT('Ctrl Pts',(0.931869051254625,0.498286888176928,0.583120717738971));
#4191=CARTESIAN_POINT('Ctrl Pts',(0.586698969320959,0.878874474193866,0.594844332352941));
#4192=CARTESIAN_POINT('Ctrl Pts',(0.102941388955392,1.05167482821561,0.606567946966912));
#4193=CARTESIAN_POINT('Ctrl Pts',(-0.405184378274767,0.975944127124766,
0.618291561580882));
#4194=CARTESIAN_POINT('Ctrl Pts',(-0.81752635991873,0.669533739228731,0.630015176194853));
#4195=CARTESIAN_POINT('Ctrl Pts',(-1.03665545236499,0.204887013325753,0.641738790808823));
#4196=CARTESIAN_POINT('Ctrl Pts',(-1.01076691824184,-0.308188472541969,
0.653462405422794));
#4197=CARTESIAN_POINT('Ctrl Pts',(-0.745986224435936,-0.748421863956423,
0.665186020036765));
#4198=CARTESIAN_POINT('Ctrl Pts',(-0.304890879393002,-1.01176695098585,
0.676909634650735));
#4199=CARTESIAN_POINT('Ctrl Pts',(0.208264772126635,-1.03598085216373,0.688633249264706));
#4200=CARTESIAN_POINT('Ctrl Pts',(0.672197388192167,-0.815341295539693,
0.700356863878676));
#4201=CARTESIAN_POINT('Ctrl Pts',(0.977256277308624,-0.401996024463124,
0.712080478492647));
#4202=CARTESIAN_POINT('Ctrl Pts',(1.05134108110986,0.106360800108969,0.723804093106617));
#4203=CARTESIAN_POINT('Ctrl Pts',(0.876941788916224,0.589579316690732,0.735527707720588));
#4204=CARTESIAN_POINT('Ctrl Pts',(0.495277654109734,0.93345097277383,0.747251322334558));
#4205=CARTESIAN_POINT('Ctrl Pts',(-0.0034451734896484,1.05670185361209,
0.758974936948529));
#4206=CARTESIAN_POINT('Ctrl Pts',(-0.501353731753995,0.930201649077698,
0.7706985515625));
#4207=CARTESIAN_POINT('Ctrl Pts',(-0.880767528409271,0.583848642669854,
0.782422166176471));
#4208=CARTESIAN_POINT('Ctrl Pts',(-1.05201225336605,0.0995032260810241,
0.794145780790441));
#4209=CARTESIAN_POINT('Ctrl Pts',(-0.97461428413908,-0.408359729857346,
0.805869395404412));
#4210=CARTESIAN_POINT('Ctrl Pts',(-0.666866597092387,-0.819707039320447,
0.817593010018382));
#4211=CARTESIAN_POINT('Ctrl Pts',(-0.201505248498302,-1.03731686096916,
0.829316624632353));
#4212=CARTESIAN_POINT('Ctrl Pts',(0.311481798774298,-1.00975732031862,0.841040239246324));
#4213=CARTESIAN_POINT('Ctrl Pts',(0.750850221454385,-0.743541852420392,
0.852763853860294));
#4214=CARTESIAN_POINT('Ctrl Pts',(1.01275552052373,-0.301590893584241,0.864487468474264));
#4215=CARTESIAN_POINT('Ctrl Pts',(1.03529635530834,0.21164165511887,0.876211083088235));
#4216=CARTESIAN_POINT('Ctrl Pts',(0.813145457778621,0.674851362978439,0.887934697702206));
#4217=CARTESIAN_POINT('Ctrl Pts',(0.398807600656699,0.978563085756897,0.899658312316176));
#4218=CARTESIAN_POINT('Ctrl Pts',(-0.109787590160867,1.05098594765784,0.911381926930147));
#4219=CARTESIAN_POINT('Ctrl Pts',(-0.592435929717857,0.875020564813517,
0.923105541544117));
#4220=CARTESIAN_POINT('Ctrl Pts',(-0.935059411620251,0.49222024603096,0.934829156158089));
#4221=CARTESIAN_POINT('Ctrl Pts',(-1.05668768729098,-0.006866842029382,
0.946552770772058));
#4222=CARTESIAN_POINT('Ctrl Pts',(-0.92855665040382,-0.504432650218123,
0.958276385386029));
#4223=CARTESIAN_POINT('Ctrl Pts',(-0.696826510648595,-0.756480633021319,
0.96609212846201));
#4224=CARTESIAN_POINT('Ctrl Pts',(-0.558043364041799,-0.847828168822499,
0.97));
#4225=CARTESIAN_POINT('',(-0.883208752771222,-0.455637557916983,0.97));
#4226=CARTESIAN_POINT('Ctrl Pts',(-0.558043364041799,-0.847828168822499,
0.97));
#4227=CARTESIAN_POINT('Ctrl Pts',(-0.594206834637631,-0.82185556398502,
0.97));
#4228=CARTESIAN_POINT('Ctrl Pts',(-0.628506857410208,-0.793548836634612,
0.97));
#4229=CARTESIAN_POINT('Ctrl Pts',(-0.660782219786823,-0.763158393439179,
0.97));
#4230=CARTESIAN_POINT('Ctrl Pts',(-0.693125758779593,-0.732703755222283,
0.97));
#4231=CARTESIAN_POINT('Ctrl Pts',(-0.723436800108667,-0.700155664197405,
0.97));
#4232=CARTESIAN_POINT('Ctrl Pts',(-0.751516362257862,-0.665728896966273,
0.97));
#4233=CARTESIAN_POINT('Ctrl Pts',(-0.776787853897236,-0.634744946588786,
0.97));
#4234=CARTESIAN_POINT('Ctrl Pts',(-0.800251765400225,-0.602238345428397,
0.97));
#4235=CARTESIAN_POINT('Ctrl Pts',(-0.821730298507549,-0.568349155952864,
0.97));
#4236=CARTESIAN_POINT('Ctrl Pts',(-0.826185952198841,-0.56131895089058,
0.97));
#4237=CARTESIAN_POINT('Ctrl Pts',(-0.830554678108481,-0.554231200144305,
0.97));
#4238=CARTESIAN_POINT('Ctrl Pts',(-0.834829528749286,-0.547096607213777,
0.97));
#4239=CARTESIAN_POINT('Ctrl Pts',(-0.84895153478894,-0.523527417803118,
0.97));
#4240=CARTESIAN_POINT('Ctrl Pts',(-0.862067723884296,-0.499418986340734,
0.97));
#4241=CARTESIAN_POINT('Ctrl Pts',(-0.874134512664382,-0.47482385190581,
0.97));
#4242=CARTESIAN_POINT('Ctrl Pts',(-0.877249088321505,-0.468475567503824,
0.97));
#4243=CARTESIAN_POINT('Ctrl Pts',(-0.880293716547068,-0.46209483632535,
0.97));
#4244=CARTESIAN_POINT('Ctrl Pts',(-0.883268262635515,-0.455682911726659,
0.97));
#4245=CARTESIAN_POINT('Ctrl Pts',(-1.01493274715862,1.42773220321024E-5,
0.646397103125));
#4246=CARTESIAN_POINT('Ctrl Pts',(-1.01488201475476,-0.100133171353283,
0.648752203890931));
#4247=CARTESIAN_POINT('Ctrl Pts',(-0.975697211851346,-0.366496559730206,
0.655015176194853));
#4248=CARTESIAN_POINT('Ctrl Pts',(-0.745986224435936,-0.748421863956423,
0.665186020036765));
#4249=CARTESIAN_POINT('Ctrl Pts',(-0.304890879393002,-1.01176695098585,
0.676909634650735));
#4250=CARTESIAN_POINT('Ctrl Pts',(0.208264772126635,-1.03598085216373,0.688633249264706));
#4251=CARTESIAN_POINT('Ctrl Pts',(0.672197388192167,-0.815341295539693,
0.700356863878676));
#4252=CARTESIAN_POINT('Ctrl Pts',(0.977256277308624,-0.401996024463124,
0.712080478492647));
#4253=CARTESIAN_POINT('Ctrl Pts',(1.05134108110986,0.106360800108969,0.723804093106617));
#4254=CARTESIAN_POINT('Ctrl Pts',(0.876941788916224,0.589579316690732,0.735527707720588));
#4255=CARTESIAN_POINT('Ctrl Pts',(0.495277654109734,0.93345097277383,0.747251322334558));
#4256=CARTESIAN_POINT('Ctrl Pts',(-0.0034451734896484,1.05670185361209,
0.758974936948529));
#4257=CARTESIAN_POINT('Ctrl Pts',(-0.501353731753995,0.930201649077698,
0.7706985515625));
#4258=CARTESIAN_POINT('Ctrl Pts',(-0.880767528409271,0.583848642669854,
0.782422166176471));
#4259=CARTESIAN_POINT('Ctrl Pts',(-1.00589223152668,0.229948243856106,0.790988350030637));
#4260=CARTESIAN_POINT('Ctrl Pts',(-1.01505084502463,0.0319268035453948,
0.795646662346813));
#4261=CARTESIAN_POINT('Ctrl Pts',(-1.01501967402377,2.32449962629735E-5,
0.796397103125));
#4262=CARTESIAN_POINT('',(1.015,0.,0.571397103125));
#4263=CARTESIAN_POINT('Ctrl Pts',(0.933824487010515,2.18742580424536E-5,
0.76827070625));
#4264=CARTESIAN_POINT('Ctrl Pts',(0.93370499970586,-0.121446126976164,0.765165164705882));
#4265=CARTESIAN_POINT('Ctrl Pts',(0.909871449715234,-0.242959659459745,
0.762059623161765));
#4266=CARTESIAN_POINT('Ctrl Pts',(0.863671309800022,-0.355272659977879,
0.758954081617647));
#4267=CARTESIAN_POINT('Ctrl Pts',(0.805535165343092,-0.49660220647918,0.755046210079657));
#4268=CARTESIAN_POINT('Ctrl Pts',(0.711982520386422,-0.623363119762328,
0.751138338541666));
#4269=CARTESIAN_POINT('Ctrl Pts',(0.594068911202062,-0.720575427958909,
0.747230467003676));
#4270=CARTESIAN_POINT('Ctrl Pts',(0.476155302017701,-0.817787736155489,
0.743322595465686));
#4271=CARTESIAN_POINT('Ctrl Pts',(0.33388072860565,-0.8854514392655,0.739414723927696));
#4272=CARTESIAN_POINT('Ctrl Pts',(0.184058522058133,-0.915570442939771,
0.735506852389706));
#4273=CARTESIAN_POINT('Ctrl Pts',(0.0342363155106169,-0.945689446614041,
0.731598980851716));
#4274=CARTESIAN_POINT('Ctrl Pts',(-0.123133524172365,-0.938263750852572,
0.727691109313725));
#4275=CARTESIAN_POINT('Ctrl Pts',(-0.26945396895522,-0.894170782432976,
0.723783237775735));
#4276=CARTESIAN_POINT('Ctrl Pts',(-0.415774413738075,-0.850077814013381,
0.719875366237745));
#4277=CARTESIAN_POINT('Ctrl Pts',(-0.551045463620802,-0.769317572935659,
0.715967494699755));
#4278=CARTESIAN_POINT('Ctrl Pts',(-0.659281238420068,-0.661434095447667,
0.712059623161765));
#4279=CARTESIAN_POINT('Ctrl Pts',(-0.767517013219335,-0.553550617959675,
0.708151751623775));
#4280=CARTESIAN_POINT('Ctrl Pts',(-0.848717512935139,-0.418543904061413,
0.704243880085785));
#4281=CARTESIAN_POINT('Ctrl Pts',(-0.893287391162644,-0.272367919501961,
0.700336008547794));
#4282=CARTESIAN_POINT('Ctrl Pts',(-0.937857269390148,-0.126191934942509,
0.696428137009804));
#4283=CARTESIAN_POINT('Ctrl Pts',(-0.945796526129352,0.0311533202781322,
0.692520265471814));
#4284=CARTESIAN_POINT('Ctrl Pts',(-0.916165910551504,0.181072732901963,
0.688612393933823));
#4285=CARTESIAN_POINT('Ctrl Pts',(-0.886535294973655,0.330992145525793,
0.684704522395833));
#4286=CARTESIAN_POINT('Ctrl Pts',(-0.819334807078753,0.473485715552812,
0.680796650857843));
#4287=CARTESIAN_POINT('Ctrl Pts',(-0.722507946262024,0.591716055631538,
0.676888779319853));
#4288=CARTESIAN_POINT('Ctrl Pts',(-0.625681085445295,0.709946395710264,
0.672980907781863));
#4289=CARTESIAN_POINT('Ctrl Pts',(-0.499227851706739,0.803913505840696,
0.669073036243872));
#4290=CARTESIAN_POINT('Ctrl Pts',(-0.358087574244421,0.862509257180525,
0.665165164705882));
#4291=CARTESIAN_POINT('Ctrl Pts',(-0.216947296782103,0.921105008520353,
0.661257293167892));
#4292=CARTESIAN_POINT('Ctrl Pts',(-0.0611199755960236,0.944329401069578,
0.657349421629902));
#4293=CARTESIAN_POINT('Ctrl Pts',(0.0909708402540146,0.929445188380327,
0.653441550091912));
#4294=CARTESIAN_POINT('Ctrl Pts',(0.243061656104053,0.914560975691077,0.649533678553921));
#4295=CARTESIAN_POINT('Ctrl Pts',(0.39141596661805,0.861568157763351,0.645625807015931));
#4296=CARTESIAN_POINT('Ctrl Pts',(0.518519909582057,0.776714204437018,0.641717935477941));
#4297=CARTESIAN_POINT('Ctrl Pts',(0.645623852546064,0.691860251110685,0.637810063939951));
#4298=CARTESIAN_POINT('Ctrl Pts',(0.751477427960081,0.575145162385745,0.633902192401961));
#4299=CARTESIAN_POINT('Ctrl Pts',(0.823524589823565,0.440394634656711,0.629994320863971));
#4300=CARTESIAN_POINT('Ctrl Pts',(0.895571751687049,0.305644106927677,0.626086449325981));
#4301=CARTESIAN_POINT('Ctrl Pts',(0.9338125,0.152858140194549,0.62217857778799));
#4302=CARTESIAN_POINT('Ctrl Pts',(0.9338125,0.,0.61827070625));
#4303=CARTESIAN_POINT('Ctrl Pts',(-0.883268262635518,-0.455682911726653,
0.969999999999999));
#4304=CARTESIAN_POINT('Ctrl Pts',(-0.900478504524032,-0.421009465030353,
0.969410354443437));
#4305=CARTESIAN_POINT('Ctrl Pts',(-0.915643387504866,-0.385291245546878,
0.968819868599727));
#4306=CARTESIAN_POINT('Ctrl Pts',(-0.928704209205481,-0.348721043755223,
0.968227527209437));
#4307=CARTESIAN_POINT('Ctrl Pts',(-0.932333683953113,-0.338558541964666,
0.968062921324194));
#4308=CARTESIAN_POINT('Ctrl Pts',(-0.93580049690725,-0.328330211685393,
0.967898172148114));
#4309=CARTESIAN_POINT('Ctrl Pts',(-0.939102965745883,-0.318040135215926,
0.967733257894227));
#4310=CARTESIAN_POINT('Ctrl Pts',(-0.941694912346695,-0.309963956444723,
0.967603824745672));
#4311=CARTESIAN_POINT('Ctrl Pts',(-0.94418538813238,-0.301850087637562,
0.967474295944126));
#4312=CARTESIAN_POINT('Ctrl Pts',(-0.946570015853599,-0.293713727774273,
0.967344869707712));
#4313=CARTESIAN_POINT('Ctrl Pts',(-0.958960416089488,-0.251437629802112,
0.966672377789612));
#4314=CARTESIAN_POINT('Ctrl Pts',(-0.968526767716422,-0.208465672335676,
0.966001206422021));
#4315=CARTESIAN_POINT('Ctrl Pts',(-0.975223884626854,-0.165091300699358,
0.965329851913996));
#4316=CARTESIAN_POINT('Ctrl Pts',(-0.981882416131008,-0.121966830292784,
0.964662365411682));
#4317=CARTESIAN_POINT('Ctrl Pts',(-0.985704871585121,-0.0784434364075188,
0.963994697873181));
#4318=CARTESIAN_POINT('Ctrl Pts',(-0.986596847644947,-0.0348007801399796,
0.963325371448619));
#4319=CARTESIAN_POINT('Ctrl Pts',(-0.98679004251876,-0.0253481301752399,
0.963180400703375));
#4320=CARTESIAN_POINT('Ctrl Pts',(-0.986845568835013,-0.0158898887845758,
0.963035352136315));
#4321=CARTESIAN_POINT('Ctrl Pts',(-0.98676214153486,-0.00642892264273462,
0.962890210731327));
#4322=CARTESIAN_POINT('Ctrl Pts',(-0.986547197381083,0.0179465438720327,
0.962516264835723));
#4323=CARTESIAN_POINT('Ctrl Pts',(-0.985410209993463,0.0423402085610723,
0.962141702685288));
#4324=CARTESIAN_POINT('Ctrl Pts',(-0.983358722243906,0.0667022420977781,
0.961766267471244));
#4325=CARTESIAN_POINT('Ctrl Pts',(-0.982585088862279,0.0758893709960002,
0.961624687676637));
#4326=CARTESIAN_POINT('Ctrl Pts',(-0.981681936357482,0.0850643121520948,
0.961483101801626));
#4327=CARTESIAN_POINT('Ctrl Pts',(-0.980651131183377,0.0942173973605166,
0.961341604791682));
#4328=CARTESIAN_POINT('Ctrl Pts',(-0.975747401421851,0.137760306800497,
0.960668477496376));
#4329=CARTESIAN_POINT('Ctrl Pts',(-0.967954883157467,0.180858985911586,
0.959996587660747));
#4330=CARTESIAN_POINT('Ctrl Pts',(-0.957378928397122,0.223234466081273,
0.959324426213735));
#4331=CARTESIAN_POINT('Ctrl Pts',(-0.947273285845365,0.263725510649619,
0.958682155754519));
#4332=CARTESIAN_POINT('Ctrl Pts',(-0.934625652024525,0.303557131157445,
0.958039637303878));
#4333=CARTESIAN_POINT('Ctrl Pts',(-0.919485006021508,0.342475893957407,
0.95739555429551));
#4334=CARTESIAN_POINT('Ctrl Pts',(-0.911914683019999,0.361935275357389,
0.957073512791325));
#4335=CARTESIAN_POINT('Ctrl Pts',(-0.903720476553383,0.381166202051611,
0.956751080147709));
#4336=CARTESIAN_POINT('Ctrl Pts',(-0.894904874449625,0.400134981228341,
0.956428091793873));
#4337=CARTESIAN_POINT('Ctrl Pts',(-0.890197352546446,0.4102642886086,0.956255616365393));
#4338=CARTESIAN_POINT('Ctrl Pts',(-0.885312596731661,0.420318815843373,
0.956082982473457));
#4339=CARTESIAN_POINT('Ctrl Pts',(-0.8802507173101,0.430293217883854,0.955910165058481));
#4340=CARTESIAN_POINT('Ctrl Pts',(-0.876499540673284,0.437684888207154,
0.955782096292811));
#4341=CARTESIAN_POINT('Ctrl Pts',(-0.872652327977535,0.445029913710472,
0.955653971697718));
#4342=CARTESIAN_POINT('Ctrl Pts',(-0.868714363110224,0.45231727838795,0.955525939549395));
#4343=CARTESIAN_POINT('Ctrl Pts',(-0.868015054781626,0.453611376985629,
0.955503203453297));
#4344=CARTESIAN_POINT('Ctrl Pts',(-0.867312842495217,0.454903740625526,
0.955480468830153));
#4345=CARTESIAN_POINT('Ctrl Pts',(-0.866607729778136,0.456194358932851,
0.955457735621827));
#4346=CARTESIAN_POINT('Ctrl Pts',(-0.845724823558152,0.494417837852923,
0.954784459639071));
#4347=CARTESIAN_POINT('Ctrl Pts',(-0.822301988718383,0.531112313946803,
0.954112424638668));
#4348=CARTESIAN_POINT('Ctrl Pts',(-0.796573043950703,0.566085320509518,
0.953440120449358));
#4349=CARTESIAN_POINT('Ctrl Pts',(-0.770777422836662,0.601148959327847,
0.952766073989333));
#4350=CARTESIAN_POINT('Ctrl Pts',(-0.742662918736364,0.634483058592202,
0.952091756943393));
#4351=CARTESIAN_POINT('Ctrl Pts',(-0.712422601664649,0.665863177509949,
0.951415647369035));
#4352=CARTESIAN_POINT('Ctrl Pts',(-0.699359145770661,0.67941901419175,0.951123576105921));
#4353=CARTESIAN_POINT('Ctrl Pts',(-0.685898517984838,0.692609749712363,
0.950831170332475));
#4354=CARTESIAN_POINT('Ctrl Pts',(-0.672054406331182,0.705414911192388,
0.950538307357482));
#4355=CARTESIAN_POINT('Ctrl Pts',(-0.664410422534016,0.712485241837082,
0.950376603963892));
#4356=CARTESIAN_POINT('Ctrl Pts',(-0.656649509766029,0.719437996110236,
0.950214761184987));
#4357=CARTESIAN_POINT('Ctrl Pts',(-0.648773853905266,0.726269507463099,
0.950052758368037));
#4358=CARTESIAN_POINT('Ctrl Pts',(-0.642471959860799,0.731735904353775,
0.949923127946726));
#4359=CARTESIAN_POINT('Ctrl Pts',(-0.636097042110447,0.737124133566965,
0.949793405657903));
#4360=CARTESIAN_POINT('Ctrl Pts',(-0.629660583819696,0.742424183576469,
0.949663785409537));
#4361=CARTESIAN_POINT('Ctrl Pts',(-0.602510029546305,0.764781089957966,
0.949117015520071));
#4362=CARTESIAN_POINT('Ctrl Pts',(-0.574219728067994,0.785610652229502,
0.948571110048119));
#4363=CARTESIAN_POINT('Ctrl Pts',(-0.544897898033684,0.804804294864642,
0.948025260512326));
#4364=CARTESIAN_POINT('Ctrl Pts',(-0.508608184764853,0.828559012322542,
0.94734969820538));
#4365=CARTESIAN_POINT('Ctrl Pts',(-0.470738644371643,0.849809692800336,
0.946674221578062));
#4366=CARTESIAN_POINT('Ctrl Pts',(-0.43157398482762,0.868470143565635,0.945997297964795));
#4367=CARTESIAN_POINT('Ctrl Pts',(-0.405617555543496,0.880837381691501,
0.945548665955656));
#4368=CARTESIAN_POINT('Ctrl Pts',(-0.379091622405543,0.892065976951194,
0.945099398373429));
#4369=CARTESIAN_POINT('Ctrl Pts',(-0.352074915435068,0.902118929539305,
0.944649049049333));
#4370=CARTESIAN_POINT('Ctrl Pts',(-0.341444946364677,0.906074355165178,
0.944471855011909));
#4371=CARTESIAN_POINT('Ctrl Pts',(-0.330738979817485,0.909847670645504,
0.944294493509961));
#4372=CARTESIAN_POINT('Ctrl Pts',(-0.319961759972518,0.913436187904639,
0.944116937366714));
#4373=CARTESIAN_POINT('Ctrl Pts',(-0.311996503680532,0.916088398779837,
0.943985708700367));
#4374=CARTESIAN_POINT('Ctrl Pts',(-0.303995806109773,0.918638412255842,
0.943854431421111));
#4375=CARTESIAN_POINT('Ctrl Pts',(-0.295971083334001,0.921082721374607,
0.943723247457574));
#4376=CARTESIAN_POINT('Ctrl Pts',(-0.25454619074499,0.933700632987064,0.943046055017319));
#4377=CARTESIAN_POINT('Ctrl Pts',(-0.2124098121732,0.943530161101235,0.942370148894884));
#4378=CARTESIAN_POINT('Ctrl Pts',(-0.169842178809078,0.950489899406396,
0.941693992483893));
#4379=CARTESIAN_POINT('Ctrl Pts',(-0.146743028540785,0.954266572625781,
0.941327079002733));
#4380=CARTESIAN_POINT('Ctrl Pts',(-0.123516540437463,0.957197359520787,
0.940960091820469));
#4381=CARTESIAN_POINT('Ctrl Pts',(-0.100206094062624,0.959262968927363,
0.940592785402826));
#4382=CARTESIAN_POINT('Ctrl Pts',(-0.0610986102015626,0.962728401773734,
0.939976562548528));
#4383=CARTESIAN_POINT('Ctrl Pts',(-0.0217543592040743,0.963760562799439,
0.939359441170427));
#4384=CARTESIAN_POINT('Ctrl Pts',(0.0176056772348024,0.962382461975754,
0.938740261850673));
#4385=CARTESIAN_POINT('Ctrl Pts',(0.0301175545477007,0.961944387471999,
0.938543435414919));
#4386=CARTESIAN_POINT('Ctrl Pts',(0.042630980249503,0.961262490743226,0.938346401025284));
#4387=CARTESIAN_POINT('Ctrl Pts',(0.0551386654202426,0.960336774053005,
0.938149121439088));
#4388=CARTESIAN_POINT('Ctrl Pts',(0.0633107473192497,0.959731943302591,
0.938020225890999));
#4389=CARTESIAN_POINT('Ctrl Pts',(0.0714702594071321,0.959023771110187,
0.937891385189178));
#4390=CARTESIAN_POINT('Ctrl Pts',(0.0796152079668472,0.958212945567751,
0.93776258916844));
#4391=CARTESIAN_POINT('Ctrl Pts',(0.122469230489206,0.953946849127426,0.937084938777765));
#4392=CARTESIAN_POINT('Ctrl Pts',(0.164920461880793,0.946843240598574,0.936408521478624));
#4393=CARTESIAN_POINT('Ctrl Pts',(0.206683228443439,0.936970455425804,0.93573179678581));
#4394=CARTESIAN_POINT('Ctrl Pts',(0.248141987195329,0.927169538188362,0.935059998241556));
#4395=CARTESIAN_POINT('Ctrl Pts',(0.288923386285913,0.914639345657925,0.934387896762623));
#4396=CARTESIAN_POINT('Ctrl Pts',(0.328736573600447,0.899397458645229,0.933713985260927));
#4397=CARTESIAN_POINT('Ctrl Pts',(0.339631251967805,0.89522659296188,0.933529572769633));
#4398=CARTESIAN_POINT('Ctrl Pts',(0.35045330932123,0.890852397578787,0.933345024740995));
#4399=CARTESIAN_POINT('Ctrl Pts',(0.361196465793629,0.886274621703287,0.933160310293326));
#4400=CARTESIAN_POINT('Ctrl Pts',(0.376030922684839,0.879953498199482,0.932905251315252));
#4401=CARTESIAN_POINT('Ctrl Pts',(0.390714968342918,0.87324423512037,0.932649875028105));
#4402=CARTESIAN_POINT('Ctrl Pts',(0.405235327229957,0.866154814229002,0.932394100126318));
#4403=CARTESIAN_POINT('Ctrl Pts',(0.412882526944797,0.862421144982903,0.932259395345862));
#4404=CARTESIAN_POINT('Ctrl Pts',(0.42048442079371,0.858581820462035,0.932124577023722));
#4405=CARTESIAN_POINT('Ctrl Pts',(0.428025971826468,0.854645151905512,0.931989869064303));
#4406=CARTESIAN_POINT('Ctrl Pts',(0.465974490229947,0.834836131384838,0.931312028729482));
#4407=CARTESIAN_POINT('Ctrl Pts',(0.50248087080368,0.812526204855674,0.93063550869848));
#4408=CARTESIAN_POINT('Ctrl Pts',(0.537331194832038,0.787922010109678,0.929958768030082));
#4409=CARTESIAN_POINT('Ctrl Pts',(0.573513006806927,0.762377789993709,0.929256171876318));
#4410=CARTESIAN_POINT('Ctrl Pts',(0.607911058011157,0.734360101584912,0.928553337903796));
#4411=CARTESIAN_POINT('Ctrl Pts',(0.640252772721577,0.704051564153207,0.927848541718341));
#4412=CARTESIAN_POINT('Ctrl Pts',(0.656908194182516,0.688443193684616,0.92748558392164));
#4413=CARTESIAN_POINT('Ctrl Pts',(0.673017611955972,0.672226549834081,0.927122105732109));
#4414=CARTESIAN_POINT('Ctrl Pts',(0.688538832472763,0.655422591241359,0.926757871637064));
#4415=CARTESIAN_POINT('Ctrl Pts',(0.694568484627836,0.648894623609384,0.926616374717169));
#4416=CARTESIAN_POINT('Ctrl Pts',(0.700510322872439,0.642276853092691,0.92647473957369));
#4417=CARTESIAN_POINT('Ctrl Pts',(0.706358606082259,0.635573982006244,0.926333027661244));
#4418=CARTESIAN_POINT('Ctrl Pts',(0.714688706039414,0.626026635520651,0.926131177929718));
#4419=CARTESIAN_POINT('Ctrl Pts',(0.72281717923985,0.61632034456164,0.925929460649407));
#4420=CARTESIAN_POINT('Ctrl Pts',(0.730738455363671,0.60646006013067,0.925727835183825));
#4421=CARTESIAN_POINT('Ctrl Pts',(0.757407630910113,0.573262674719926,0.925049007069238));
#4422=CARTESIAN_POINT('Ctrl Pts',(0.781731341579186,0.538322434005134,0.924371219692209));
#4423=CARTESIAN_POINT('Ctrl Pts',(0.803617811162445,0.501924385281777,0.923692922239576));
#4424=CARTESIAN_POINT('Ctrl Pts',(0.825515775999093,0.465507219505698,0.923014268530257));
#4425=CARTESIAN_POINT('Ctrl Pts',(0.844974418314105,0.4276296261289,0.922335104209387));
#4426=CARTESIAN_POINT('Ctrl Pts',(0.861856810600006,0.388551044431859,0.921653876018956));
#4427=CARTESIAN_POINT('Ctrl Pts',(0.869842700371472,0.370065675736899,0.921331634173969));
#4428=CARTESIAN_POINT('Ctrl Pts',(0.877251437680148,0.351311300619205,0.921008930521576));
#4429=CARTESIAN_POINT('Ctrl Pts',(0.884064538824079,0.332314414062968,0.920685600658081));
#4430=CARTESIAN_POINT('Ctrl Pts',(0.887550226041619,0.32259531504429,0.920520180132476));
#4431=CARTESIAN_POINT('Ctrl Pts',(0.890880666071268,0.312809987278088,0.920354550286361));
#4432=CARTESIAN_POINT('Ctrl Pts',(0.894046162026827,0.302985184308829,0.92018907771034));
#4433=CARTESIAN_POINT('Ctrl Pts',(0.906135454160372,0.265463445245699,0.919557124190357));
#4434=CARTESIAN_POINT('Ctrl Pts',(0.915847656939597,0.227299218200152,0.918926301354067));
#4435=CARTESIAN_POINT('Ctrl Pts',(0.923093431649457,0.1887042182755,0.918295360074324));
#4436=CARTESIAN_POINT('Ctrl Pts',(0.930909642157328,0.147070762083183,0.917614746881387));
#4437=CARTESIAN_POINT('Ctrl Pts',(0.935856629118518,0.104935151619904,0.916933995861578));
#4438=CARTESIAN_POINT('Ctrl Pts',(0.93795825852405,0.0625906773756549,0.916251539033485));
#4439=CARTESIAN_POINT('Ctrl Pts',(0.939375686071857,0.0340317772512106,
0.915791261352852));
#4440=CARTESIAN_POINT('Ctrl Pts',(0.939497748230471,0.00537764794681065,
0.915330207747328));
#4441=CARTESIAN_POINT('Ctrl Pts',(0.938318438330962,-0.0232805223186275,
0.91486789718365));
#4442=CARTESIAN_POINT('Ctrl Pts',(0.937832136111769,-0.0350980537443298,
0.914677258019876));
#4443=CARTESIAN_POINT('Ctrl Pts',(0.937123782132679,-0.0469218786328683,
0.914486313634458));
#4444=CARTESIAN_POINT('Ctrl Pts',(0.936195564325497,-0.0587130341445853,
0.914295555360604));
#4445=CARTESIAN_POINT('Ctrl Pts',(0.93287493099049,-0.100895056238455,0.913613131172891));
#4446=CARTESIAN_POINT('Ctrl Pts',(0.926744493236258,-0.142725384605834,
0.912932020753189));
#4447=CARTESIAN_POINT('Ctrl Pts',(0.917838575680825,-0.1839160350821,0.912250650986311));
#4448=CARTESIAN_POINT('Ctrl Pts',(0.9117959614778,-0.211863656205975,0.91178834549053));
#4449=CARTESIAN_POINT('Ctrl Pts',(0.904474548457187,-0.239516939816183,
0.911325920603109));
#4450=CARTESIAN_POINT('Ctrl Pts',(0.895871570332082,-0.26678363874,0.910862884964823));
#4451=CARTESIAN_POINT('Ctrl Pts',(0.890532672821039,-0.283705001191673,
0.910575531006599));
#4452=CARTESIAN_POINT('Ctrl Pts',(0.884699984199097,-0.300477422232721,
0.91028794183088));
#4453=CARTESIAN_POINT('Ctrl Pts',(0.878384378094277,-0.3170820386964,0.91));
#4454=CARTESIAN_POINT('Origin',(0.95582109764367,0.,0.562022103125));
#4455=CARTESIAN_POINT('',(0.9238125,0.,0.5));
#4456=CARTESIAN_POINT('Origin',(0.,0.,0.571397103125));
#4457=CARTESIAN_POINT('Ctrl Pts',(-1.0149723610262,2.59483521830237E-5,
0.627647103125));
#4458=CARTESIAN_POINT('Ctrl Pts',(-1.01485757461045,-0.12087646449625,0.63049060775463));
#4459=CARTESIAN_POINT('Ctrl Pts',(-0.963011892274992,-0.410999785920445,
0.637311755902778));
#4460=CARTESIAN_POINT('Ctrl Pts',(-0.692704983841649,-0.80002596819874,
0.648110547569444));
#4461=CARTESIAN_POINT('Ctrl Pts',(-0.224512278622173,-1.03415479808582,
0.660043478125));
#4462=CARTESIAN_POINT('Ctrl Pts',(0.298614982338769,-1.01523921317096,0.671976408680555));
#4463=CARTESIAN_POINT('Ctrl Pts',(0.748675434377812,-0.747908361902878,
0.683909339236112));
#4464=CARTESIAN_POINT('Ctrl Pts',(1.0155448283808,-0.29757417007768,0.695842269791667));
#4465=CARTESIAN_POINT('Ctrl Pts',(1.033923999303,0.22557239763754,0.707775200347222));
#4466=CARTESIAN_POINT('Ctrl Pts',(0.799315699052828,0.693524433521167,0.719708130902778));
#4467=CARTESIAN_POINT('Ctrl Pts',(0.369125508927737,0.991780260604757,0.731641061458332));
#4468=CARTESIAN_POINT('Ctrl Pts',(-0.151384786958403,1.04736067185651,0.743573992013889));
#4469=CARTESIAN_POINT('Ctrl Pts',(-0.634853236617205,0.846665869688993,
0.755506922569444));
#4470=CARTESIAN_POINT('Ctrl Pts',(-0.947164131998375,0.458464222820462,
0.766864626273148));
#4471=CARTESIAN_POINT('Ctrl Pts',(-1.01490874023721,0.14461449123638,0.774244686458333));
#4472=CARTESIAN_POINT('Ctrl Pts',(-1.01504570907402,-2.18738464564626E-5,
0.777647103125));
#4473=CARTESIAN_POINT('Ctrl Pts',(1.015,0.,0.552647103125));
#4474=CARTESIAN_POINT('Ctrl Pts',(1.015,0.1691143692163,0.556624746643518));
#4475=CARTESIAN_POINT('Ctrl Pts',(0.928817744489443,0.50717149130029,0.564580033680556));
#4476=CARTESIAN_POINT('Ctrl Pts',(0.572027164518696,0.890321966786701,0.576512964236111));
#4477=CARTESIAN_POINT('Ctrl Pts',(0.0753565916930901,1.05555073103919,0.588445894791667));
#4478=CARTESIAN_POINT('Ctrl Pts',(-0.439794968771219,0.962535269901357,
0.600378825347222));
#4479=CARTESIAN_POINT('Ctrl Pts',(-0.847313811159666,0.633983003244621,
0.612311755902778));
#4480=CARTESIAN_POINT('Ctrl Pts',(-1.0475164869277,0.150312051265121,0.624244686458333));
#4481=CARTESIAN_POINT('Ctrl Pts',(-0.991400770054334,-0.370142462644203,
0.636177617013889));
#4482=CARTESIAN_POINT('Ctrl Pts',(-0.692704983841649,-0.80002596819874,
0.648110547569444));
#4483=CARTESIAN_POINT('Ctrl Pts',(-0.224512278622173,-1.03415479808582,
0.660043478125));
#4484=CARTESIAN_POINT('Ctrl Pts',(0.298614982338769,-1.01523921317096,0.671976408680555));
#4485=CARTESIAN_POINT('Ctrl Pts',(0.748675434377812,-0.747908361902878,
0.683909339236112));
#4486=CARTESIAN_POINT('Ctrl Pts',(1.0155448283808,-0.29757417007768,0.695842269791667));
#4487=CARTESIAN_POINT('Ctrl Pts',(1.033923999303,0.22557239763754,0.707775200347222));
#4488=CARTESIAN_POINT('Ctrl Pts',(0.799315699052828,0.693524433521167,0.719708130902778));
#4489=CARTESIAN_POINT('Ctrl Pts',(0.369125508927737,0.991780260604757,0.731641061458332));
#4490=CARTESIAN_POINT('Ctrl Pts',(-0.151384786958403,1.04736067185651,0.743573992013889));
#4491=CARTESIAN_POINT('Ctrl Pts',(-0.634853236617205,0.846665869688993,
0.755506922569444));
#4492=CARTESIAN_POINT('Ctrl Pts',(-0.962981555822396,0.438803205326314,
0.767439853125));
#4493=CARTESIAN_POINT('Ctrl Pts',(-1.05548110896107,-0.0764287613785805,
0.779372783680555));
#4494=CARTESIAN_POINT('Ctrl Pts',(-0.889718492832594,-0.572959627012116,
0.791305714236111));
#4495=CARTESIAN_POINT('Ctrl Pts',(-0.506253603146567,-0.929294902583416,
0.803238644791668));
#4496=CARTESIAN_POINT('Ctrl Pts',(0.00108479047165547,-1.05824408804056,
0.815171575347221));
#4497=CARTESIAN_POINT('Ctrl Pts',(0.508157773349654,-0.928255040543804,
0.827104505902779));
#4498=CARTESIAN_POINT('Ctrl Pts',(0.890891269165552,-0.571134337676347,
0.839037436458332));
#4499=CARTESIAN_POINT('Ctrl Pts',(1.05563562876015,-0.0742646829738894,
0.85097036701389));
#4500=CARTESIAN_POINT('Ctrl Pts',(0.962079816101839,0.440776581826463,0.862903297569444));
#4501=CARTESIAN_POINT('Ctrl Pts',(0.63311626972818,0.847965623514023,0.874836228125001));
#4502=CARTESIAN_POINT('Ctrl Pts',(0.149236820752434,1.04766889605595,0.886769158680555));
#4503=CARTESIAN_POINT('Ctrl Pts',(-0.371157307704467,0.991021282543524,
0.898702089236111));
#4504=CARTESIAN_POINT('Ctrl Pts',(-0.800737391119279,0.691884479956272,
0.910635019791666));
#4505=CARTESIAN_POINT('Ctrl Pts',(-1.03438120653983,0.223451700692095,0.922567950347223));
#4506=CARTESIAN_POINT('Ctrl Pts',(-1.01493885805568,-0.299654592438012,
0.934500880902777));
#4507=CARTESIAN_POINT('Ctrl Pts',(-0.747127862473079,-0.749443739599826,
0.946433811458333));
#4508=CARTESIAN_POINT('Ctrl Pts',(-0.296558737754258,-1.01584506522985,
0.958366742013889));
#4509=CARTESIAN_POINT('Ctrl Pts',(0.226685900965919,-1.03370151705871,0.970299672569444));
#4510=CARTESIAN_POINT('Ctrl Pts',(0.538347269717995,-0.876930377545794,
0.978254959606481));
#4511=CARTESIAN_POINT('Ctrl Pts',(0.665969434380605,-0.765969785612185,
0.982232603125));
#4512=CARTESIAN_POINT('Ctrl Pts',(0.9879375,0.,0.53702256875));
#4513=CARTESIAN_POINT('Ctrl Pts',(0.9879375,0.164605346933624,0.541000212268518));
#4514=CARTESIAN_POINT('Ctrl Pts',(0.904053084183782,0.493649000183725,0.548955499305556));
#4515=CARTESIAN_POINT('Ctrl Pts',(0.556775455021368,0.86658370252447,0.560888429861111));
#4516=CARTESIAN_POINT('Ctrl Pts',(0.0733473919268888,1.02740704467589,0.572821360416667));
#4517=CARTESIAN_POINT('Ctrl Pts',(-0.428068908335385,0.936871613998199,
0.584754290972222));
#4518=CARTESIAN_POINT('Ctrl Pts',(-0.824722254495125,0.617079392382249,
0.596687221527778));
#4519=CARTESIAN_POINT('Ctrl Pts',(-1.01958701409274,0.146304346942596,0.608620152083333));
#4520=CARTESIAN_POINT('Ctrl Pts',(-0.964967485975913,-0.360273516441929,
0.620553082638889));
#4521=CARTESIAN_POINT('Ctrl Pts',(-0.674235694555724,-0.778695226558958,
0.632486013194445));
#4522=CARTESIAN_POINT('Ctrl Pts',(-0.218526206168762,-1.00658158210238,
0.64441894375));
#4523=CARTESIAN_POINT('Ctrl Pts',(0.290653141984539,-0.988170335135058,
0.656351874305556));
#4524=CARTESIAN_POINT('Ctrl Pts',(0.728713829508009,-0.727967209150172,
0.668284804861112));
#4525=CARTESIAN_POINT('Ctrl Pts',(0.988467801860548,-0.289640080444451,
0.680217735416666));
#4526=CARTESIAN_POINT('Ctrl Pts',(1.00635693700631,0.219558059695604,0.692150665972222));
#4527=CARTESIAN_POINT('Ctrl Pts',(0.778003895007885,0.675033295607701,0.704083596527778));
#4528=CARTESIAN_POINT('Ctrl Pts',(0.359283677316548,0.96533685833617,0.716016527083333));
#4529=CARTESIAN_POINT('Ctrl Pts',(-0.147348480754401,1.01943535345049,0.727949457638889));
#4530=CARTESIAN_POINT('Ctrl Pts',(-0.617926423103951,0.824091588803811,
0.739882388194444));
#4531=CARTESIAN_POINT('Ctrl Pts',(-0.937306000793387,0.4271035878444,0.75181531875));
#4532=CARTESIAN_POINT('Ctrl Pts',(-1.02733927890072,-0.0743909748221202,
0.763748249305555));
#4533=CARTESIAN_POINT('Ctrl Pts',(-0.865996318731823,-0.557683055676139,
0.775681179861112));
#4534=CARTESIAN_POINT('Ctrl Pts',(-0.49275558527942,-0.904517520020694,
0.787614110416666));
#4535=CARTESIAN_POINT('Ctrl Pts',(0.00105586717890751,-1.03002858988037,
0.799547040972223));
#4536=CARTESIAN_POINT('Ctrl Pts',(0.494608985427215,-0.903505383366743,
0.811479971527778));
#4537=CARTESIAN_POINT('Ctrl Pts',(0.867137825843588,-0.555906433229681,
0.823412902083333));
#4538=CARTESIAN_POINT('Ctrl Pts',(1.02748967880614,-0.0722845962911498,
0.835345832638889));
#4539=CARTESIAN_POINT('Ctrl Pts',(0.936428303763656,0.4290243490721,0.847278763194445));
#4540=CARTESIAN_POINT('Ctrl Pts',(0.616235768201561,0.825356687862449,0.859211693749999));
#4541=CARTESIAN_POINT('Ctrl Pts',(0.145257784829663,1.01973535960323,0.871144624305556));
#4542=CARTESIAN_POINT('Ctrl Pts',(-0.361261303133282,0.964598116574229,
0.883077554861111));
#4543=CARTESIAN_POINT('Ctrl Pts',(-0.779387681122072,0.673437067405713,
0.895010485416666));
#4544=CARTESIAN_POINT('Ctrl Pts',(-1.00680195392704,0.217493905963051,0.906943415972222));
#4545=CARTESIAN_POINT('Ctrl Pts',(-0.987877988256534,-0.291665033415495,
0.918876346527778));
#4546=CARTESIAN_POINT('Ctrl Pts',(-0.727207519834481,-0.729461649744733,
0.930809277083333));
#4547=CARTESIAN_POINT('Ctrl Pts',(-0.288651722147879,-0.988760033626125,
0.942742207638889));
#4548=CARTESIAN_POINT('Ctrl Pts',(0.220641874172923,-1.00614038670856,0.954675138194444));
#4549=CARTESIAN_POINT('Ctrl Pts',(0.523993552489676,-0.853549167356303,
0.962630425231481));
#4550=CARTESIAN_POINT('Ctrl Pts',(0.648212983328462,-0.745547069037673,
0.96660806875));
#4551=CARTESIAN_POINT('Ctrl Pts',(0.960875,0.,0.521398034375));
#4552=CARTESIAN_POINT('Ctrl Pts',(0.960875,0.160096324650948,0.525375677893518));
#4553=CARTESIAN_POINT('Ctrl Pts',(0.879288423878121,0.480126509067159,0.533330964930556));
#4554=CARTESIAN_POINT('Ctrl Pts',(0.541523745524041,0.842845438262237,0.54526389548611));
#4555=CARTESIAN_POINT('Ctrl Pts',(0.0713381921606876,0.999263358312593,
0.557196826041667));
#4556=CARTESIAN_POINT('Ctrl Pts',(-0.416342847899551,0.91120795809504,0.569129756597222));
#4557=CARTESIAN_POINT('Ctrl Pts',(-0.802130697830586,0.600175781519877,
0.581062687152777));
#4558=CARTESIAN_POINT('Ctrl Pts',(-0.991657541257782,0.142296642620072,
0.592995617708333));
#4559=CARTESIAN_POINT('Ctrl Pts',(-0.938534201897496,-0.350404570239654,
0.604928548263889));
#4560=CARTESIAN_POINT('Ctrl Pts',(-0.655766405269797,-0.757364484919177,
0.616861478819444));
#4561=CARTESIAN_POINT('Ctrl Pts',(-0.212540133715351,-0.979008366118931,
0.628794409375));
#4562=CARTESIAN_POINT('Ctrl Pts',(0.28269130163031,-0.961101457099158,0.640727339930555));
#4563=CARTESIAN_POINT('Ctrl Pts',(0.708752224638206,-0.708026056397466,
0.652660270486111));
#4564=CARTESIAN_POINT('Ctrl Pts',(0.961390775340296,-0.281705990811223,
0.664593201041667));
#4565=CARTESIAN_POINT('Ctrl Pts',(0.978789874709624,0.213543721753667,0.676526131597222));
#4566=CARTESIAN_POINT('Ctrl Pts',(0.756692090962941,0.656542157694236,0.688459062152778));
#4567=CARTESIAN_POINT('Ctrl Pts',(0.349441845705359,0.938893456067583,0.700391992708333));
#4568=CARTESIAN_POINT('Ctrl Pts',(-0.1433121745504,0.991510035044458,0.712324923263889));
#4569=CARTESIAN_POINT('Ctrl Pts',(-0.600999609590696,0.801517307918632,
0.724257853819444));
#4570=CARTESIAN_POINT('Ctrl Pts',(-0.91163044576438,0.415403970362484,0.736190784375));
#4571=CARTESIAN_POINT('Ctrl Pts',(-0.999197448840364,-0.0723531882656585,
0.748123714930555));
#4572=CARTESIAN_POINT('Ctrl Pts',(-0.842274144631053,-0.542406484340164,
0.760056645486111));
#4573=CARTESIAN_POINT('Ctrl Pts',(-0.479257567412273,-0.879740137457971,
0.771989576041667));
#4574=CARTESIAN_POINT('Ctrl Pts',(0.00102694388615991,-1.00181309172017,
0.783922506597222));
#4575=CARTESIAN_POINT('Ctrl Pts',(0.481060197504776,-0.878755726189683,
0.795855437152778));
#4576=CARTESIAN_POINT('Ctrl Pts',(0.843384382521625,-0.540678528783015,
0.807788367708333));
#4577=CARTESIAN_POINT('Ctrl Pts',(0.999343728852127,-0.0703045096084099,
0.819721298263889));
#4578=CARTESIAN_POINT('Ctrl Pts',(0.910776791425473,0.417272116317737,0.831654228819444));
#4579=CARTESIAN_POINT('Ctrl Pts',(0.59935526667494,0.802747752210874,0.843587159375));
#4580=CARTESIAN_POINT('Ctrl Pts',(0.141278748906892,0.991801823150506,0.855520089930556));
#4581=CARTESIAN_POINT('Ctrl Pts',(-0.351365298562098,0.938174950604935,
0.867453020486111));
#4582=CARTESIAN_POINT('Ctrl Pts',(-0.758037971124863,0.654989654855155,
0.879385951041667));
#4583=CARTESIAN_POINT('Ctrl Pts',(-0.979222701314248,0.211536111234007,
0.891318881597223));
#4584=CARTESIAN_POINT('Ctrl Pts',(-0.960817118457388,-0.28367547439298,
0.903251812152777));
#4585=CARTESIAN_POINT('Ctrl Pts',(-0.707287177195882,-0.709479559889637,
0.915184742708334));
#4586=CARTESIAN_POINT('Ctrl Pts',(-0.280744706541501,-0.961675002022398,
0.927117673263888));
#4587=CARTESIAN_POINT('Ctrl Pts',(0.214597847379928,-0.978579256358414,
0.939050603819444));
#4588=CARTESIAN_POINT('Ctrl Pts',(0.509639835261358,-0.830167957166812,
0.947005890856481));
#4589=CARTESIAN_POINT('Ctrl Pts',(0.630456532276319,-0.725124352463161,
0.950983534375));
#4590=CARTESIAN_POINT('Ctrl Pts',(0.9338125,0.,0.5057735));
#4591=CARTESIAN_POINT('Ctrl Pts',(0.9338125,0.155587302368272,0.509751143518518));
#4592=CARTESIAN_POINT('Ctrl Pts',(0.85452376357246,0.466604017950593,0.517706430555556));
#4593=CARTESIAN_POINT('Ctrl Pts',(0.526272036026714,0.819107174000007,0.529639361111111));
#4594=CARTESIAN_POINT('Ctrl Pts',(0.0693289923944861,0.971119671949293,
0.541572291666667));
#4595=CARTESIAN_POINT('Ctrl Pts',(-0.404616787463718,0.885544302191882,
0.553505222222222));
#4596=CARTESIAN_POINT('Ctrl Pts',(-0.779539141166045,0.583272170657505,
0.565438152777777));
#4597=CARTESIAN_POINT('Ctrl Pts',(-0.963728068422826,0.138288938297547,
0.577371083333334));
#4598=CARTESIAN_POINT('Ctrl Pts',(-0.912100917819076,-0.340535624037379,
0.589304013888888));
#4599=CARTESIAN_POINT('Ctrl Pts',(-0.637297115983872,-0.736033743279395,
0.601236944444444));
#4600=CARTESIAN_POINT('Ctrl Pts',(-0.206554061261939,-0.951435150135485,
0.613169874999999));
#4601=CARTESIAN_POINT('Ctrl Pts',(0.274729461276081,-0.934032579063258,
0.625102805555556));
#4602=CARTESIAN_POINT('Ctrl Pts',(0.688790619768403,-0.688084903644759,
0.637035736111111));
#4603=CARTESIAN_POINT('Ctrl Pts',(0.934313748820045,-0.273771901177994,
0.648968666666667));
#4604=CARTESIAN_POINT('Ctrl Pts',(0.951222812412937,0.20752938381173,0.660901597222221));
#4605=CARTESIAN_POINT('Ctrl Pts',(0.735380286917999,0.638051019780771,0.672834527777779));
#4606=CARTESIAN_POINT('Ctrl Pts',(0.33960001409417,0.912450053798996,0.684767458333332));
#4607=CARTESIAN_POINT('Ctrl Pts',(-0.139275868346398,0.963584716638431,
0.696700388888889));
#4608=CARTESIAN_POINT('Ctrl Pts',(-0.584072796077442,0.778943027033451,
0.708633319444444));
#4609=CARTESIAN_POINT('Ctrl Pts',(-0.88595489073537,0.403704352880569,0.72056625));
#4610=CARTESIAN_POINT('Ctrl Pts',(-0.971055618780011,-0.0703154017091977,
0.732499180555556));
#4611=CARTESIAN_POINT('Ctrl Pts',(-0.818551970530281,-0.527129913004188,
0.744432111111111));
#4612=CARTESIAN_POINT('Ctrl Pts',(-0.465759549545127,-0.854962754895247,
0.756365041666666));
#4613=CARTESIAN_POINT('Ctrl Pts',(0.000998020593411984,-0.973597593559976,
0.768297972222222));
#4614=CARTESIAN_POINT('Ctrl Pts',(0.467511409582338,-0.854006069012621,
0.780230902777778));
#4615=CARTESIAN_POINT('Ctrl Pts',(0.819630939199662,-0.525450624336349,
0.792163833333333));
#4616=CARTESIAN_POINT('Ctrl Pts',(0.971197778898115,-0.0683244229256699,
0.804096763888889));
#4617=CARTESIAN_POINT('Ctrl Pts',(0.885125279087289,0.405519883563373,0.816029694444444));
#4618=CARTESIAN_POINT('Ctrl Pts',(0.582474765148321,0.780138816559299,0.827962625));
#4619=CARTESIAN_POINT('Ctrl Pts',(0.13729971298412,0.963868286697782,0.839895555555555));
#4620=CARTESIAN_POINT('Ctrl Pts',(-0.341469293990913,0.91175178463564,0.851828486111111));
#4621=CARTESIAN_POINT('Ctrl Pts',(-0.736688261127656,0.636542242304597,
0.863761416666666));
#4622=CARTESIAN_POINT('Ctrl Pts',(-0.951643448701455,0.205578316504962,
0.875694347222222));
#4623=CARTESIAN_POINT('Ctrl Pts',(-0.933756248658244,-0.275685915370463,
0.887627277777778));
#4624=CARTESIAN_POINT('Ctrl Pts',(-0.687366834557283,-0.689497470034545,
0.899560208333332));
#4625=CARTESIAN_POINT('Ctrl Pts',(-0.272837690935121,-0.934589970418671,
0.91149313888889));
#4626=CARTESIAN_POINT('Ctrl Pts',(0.208553820586933,-0.951018126008265,
0.923426069444444));
#4627=CARTESIAN_POINT('Ctrl Pts',(0.495286118033039,-0.806786746977321,
0.931381356481481));
#4628=CARTESIAN_POINT('Ctrl Pts',(0.612700081224176,-0.704701635888649,
0.935359));
#4629=CARTESIAN_POINT('',(0.652067732517612,-0.749980637993802,0.97));
#4630=CARTESIAN_POINT('Ctrl Pts',(0.652067732517611,-0.749980637993803,
0.97));
#4631=CARTESIAN_POINT('Ctrl Pts',(0.621678137820746,-0.778706332593138,
0.97));
#4632=CARTESIAN_POINT('Ctrl Pts',(0.589458009767893,-0.805461829991507,
0.97));
#4633=CARTESIAN_POINT('Ctrl Pts',(0.555633476700242,-0.830142090857479,
0.97));
#4634=CARTESIAN_POINT('Ctrl Pts',(0.544246717339272,-0.838450503892619,
0.97));
#4635=CARTESIAN_POINT('Ctrl Pts',(0.532677889479585,-0.84652347090648,0.97));
#4636=CARTESIAN_POINT('Ctrl Pts',(0.520934952278857,-0.854356131097963,
0.97));
#4637=CARTESIAN_POINT('Ctrl Pts',(0.510352552045675,-0.861414701166075,
0.97));
#4638=CARTESIAN_POINT('Ctrl Pts',(0.499624556583945,-0.868280456218993,
0.97));
#4639=CARTESIAN_POINT('Ctrl Pts',(0.488782381644515,-0.874934374523647,
0.97));
#4640=CARTESIAN_POINT('Ctrl Pts',(0.450846030312877,-0.898216177662552,
0.97));
#4641=CARTESIAN_POINT('Ctrl Pts',(0.411463549392851,-0.918944142981419,
0.97));
#4642=CARTESIAN_POINT('Ctrl Pts',(0.370910555704818,-0.937004902979179,
0.97));
#4643=CARTESIAN_POINT('Ctrl Pts',(0.330443293605037,-0.955027481390358,
0.97));
#4644=CARTESIAN_POINT('Ctrl Pts',(0.288809467525491,-0.970394707619503,
0.97));
#4645=CARTESIAN_POINT('Ctrl Pts',(0.246255961886332,-0.982950560328625,
0.97));
#4646=CARTESIAN_POINT('Ctrl Pts',(0.236644269525377,-0.985786589740465,
0.97));
#4647=CARTESIAN_POINT('Ctrl Pts',(0.226985581699436,-0.988478990695566,
0.97));
#4648=CARTESIAN_POINT('Ctrl Pts',(0.217282633025701,-0.991025609193532,
0.97));
#4649=CARTESIAN_POINT('Ctrl Pts',(0.213175052452187,-0.992103677420226,
0.97));
#4650=CARTESIAN_POINT('Ctrl Pts',(0.209059539501868,-0.99315561808353,0.97));
#4651=CARTESIAN_POINT('Ctrl Pts',(0.204936339745141,-0.994181423944236,
0.97));
#4652=CARTESIAN_POINT('Ctrl Pts',(-0.317189662766908,-0.878347005243773,
0.91));
#4653=CARTESIAN_POINT('Ctrl Pts',(-0.29925486157712,-0.88609654122188,0.911179755368202));
#4654=CARTESIAN_POINT('Ctrl Pts',(-0.281078242646639,-0.893276680377211,
0.912357150877149));
#4655=CARTESIAN_POINT('Ctrl Pts',(-0.262684004349007,-0.899870809299577,
0.913532802292415));
#4656=CARTESIAN_POINT('Ctrl Pts',(-0.225381205980711,-0.913243445753745,
0.915916977542591));
#4657=CARTESIAN_POINT('Ctrl Pts',(-0.187184124666702,-0.924208633602583,
0.918293979987885));
#4658=CARTESIAN_POINT('Ctrl Pts',(-0.148328163759237,-0.932750718578648,
0.920668945264099));
#4659=CARTESIAN_POINT('Ctrl Pts',(-0.140970006596489,-0.934368334056004,
0.921118692673513));
#4660=CARTESIAN_POINT('Ctrl Pts',(-0.133587005717497,-0.935899167784014,
0.921568438899407));
#4661=CARTESIAN_POINT('Ctrl Pts',(-0.126184401890426,-0.937342234578468,
0.922017995531168));
#4662=CARTESIAN_POINT('Ctrl Pts',(-0.0845376698933882,-0.945460866541814,
0.924547181882053));
#4663=CARTESIAN_POINT('Ctrl Pts',(-0.0424697462609882,-0.950767836575552,
0.927058413767352));
#4664=CARTESIAN_POINT('Ctrl Pts',(-0.000279708112709991,-0.953295089720403,
0.929557482328959));
#4665=CARTESIAN_POINT('Ctrl Pts',(0.0422996095978117,-0.955845661355614,
0.932079609327069));
#4666=CARTESIAN_POINT('Ctrl Pts',(0.0850044506605715,-0.955565228918566,
0.934589347508566));
#4667=CARTESIAN_POINT('Ctrl Pts',(0.127544213184217,-0.952437032663469,
0.937092649800303));
#4668=CARTESIAN_POINT('Ctrl Pts',(0.154052922227672,-0.950487693047126,
0.938652585920365));
#4669=CARTESIAN_POINT('Ctrl Pts',(0.180497799581162,-0.947431523505095,
0.940210022871393));
#4670=CARTESIAN_POINT('Ctrl Pts',(0.20680873869097,-0.943254200272504,0.941766401146207));
#4671=CARTESIAN_POINT('Ctrl Pts',(0.216842053068459,-0.941661235571622,
0.942359904572913));
#4672=CARTESIAN_POINT('Ctrl Pts',(0.226855879831039,-0.939905150899877,
0.942953254049759));
#4673=CARTESIAN_POINT('Ctrl Pts',(0.236846867557558,-0.937987311573341,
0.94354652945624));
#4674=CARTESIAN_POINT('Ctrl Pts',(0.244878113431968,-0.936445658275326,
0.944023433321114));
#4675=CARTESIAN_POINT('Ctrl Pts',(0.25289285211435,-0.934799714130454,0.944500186443732));
#4676=CARTESIAN_POINT('Ctrl Pts',(0.260877957091055,-0.933053044976829,
0.944976148955192));
#4677=CARTESIAN_POINT('Ctrl Pts',(0.303003835419337,-0.923838391887103,
0.947487116425887));
#4678=CARTESIAN_POINT('Ctrl Pts',(0.344392577778103,-0.911808410187445,
0.9499812945824));
#4679=CARTESIAN_POINT('Ctrl Pts',(0.384799415956601,-0.897139000545375,
0.952464373546822));
#4680=CARTESIAN_POINT('Ctrl Pts',(0.425623634559937,-0.882318063966168,
0.954973101351882));
#4681=CARTESIAN_POINT('Ctrl Pts',(0.465446653568067,-0.864802576365628,
0.957470499483489));
#4682=CARTESIAN_POINT('Ctrl Pts',(0.504009958317205,-0.844720998365479,
0.959962436218873));
#4683=CARTESIAN_POINT('Ctrl Pts',(0.533833462325058,-0.829190612008101,
0.961889612473566));
#4684=CARTESIAN_POINT('Ctrl Pts',(0.562903578179023,-0.812124347028712,
0.963813522304447));
#4685=CARTESIAN_POINT('Ctrl Pts',(0.591091857766983,-0.793562084292611,
0.965736880049308));
#4686=CARTESIAN_POINT('Ctrl Pts',(0.599183849736175,-0.788233427021355,
0.966289017166323));
#4687=CARTESIAN_POINT('Ctrl Pts',(0.607196309933641,-0.78278580206866,0.966840647201786));
#4688=CARTESIAN_POINT('Ctrl Pts',(0.615122640755337,-0.777223336862309,
0.967391567941817));
#4689=CARTESIAN_POINT('Ctrl Pts',(0.627653504219612,-0.768429546444834,
0.968262527371627));
#4690=CARTESIAN_POINT('Ctrl Pts',(0.639972207307416,-0.759346743106729,
0.96913192457399));
#4691=CARTESIAN_POINT('Ctrl Pts',(0.652067732517611,-0.749980637993803,
0.97));
#4692=CARTESIAN_POINT('Ctrl Pts',(0.933738570249359,9.99719198524485E-6,
0.6557735));
#4693=CARTESIAN_POINT('Ctrl Pts',(0.933763588858793,0.0668865132934004,
0.65748286574074));
#4694=CARTESIAN_POINT('Ctrl Pts',(0.910194265250926,0.289365329740911,0.663169874999999));
#4695=CARTESIAN_POINT('Ctrl Pts',(0.735380286917999,0.638051019780771,0.672834527777779));
#4696=CARTESIAN_POINT('Ctrl Pts',(0.33960001409417,0.912450053798996,0.684767458333332));
#4697=CARTESIAN_POINT('Ctrl Pts',(-0.139275868346398,0.963584716638431,
0.696700388888889));
#4698=CARTESIAN_POINT('Ctrl Pts',(-0.584072796077442,0.778943027033451,
0.708633319444444));
#4699=CARTESIAN_POINT('Ctrl Pts',(-0.88595489073537,0.403704352880569,0.72056625));
#4700=CARTESIAN_POINT('Ctrl Pts',(-0.971055618780011,-0.0703154017091977,
0.732499180555556));
#4701=CARTESIAN_POINT('Ctrl Pts',(-0.818551970530281,-0.527129913004188,
0.744432111111111));
#4702=CARTESIAN_POINT('Ctrl Pts',(-0.465759549545127,-0.854962754895247,
0.756365041666666));
#4703=CARTESIAN_POINT('Ctrl Pts',(0.000998020593411984,-0.973597593559976,
0.768297972222222));
#4704=CARTESIAN_POINT('Ctrl Pts',(0.467511409582338,-0.854006069012621,
0.780230902777778));
#4705=CARTESIAN_POINT('Ctrl Pts',(0.819630939199662,-0.525450624336349,
0.792163833333333));
#4706=CARTESIAN_POINT('Ctrl Pts',(0.92777455406551,-0.19928904460824,0.800678032407407));
#4707=CARTESIAN_POINT('Ctrl Pts',(0.933876840157596,-0.0218784617714041,
0.805214587962963));
#4708=CARTESIAN_POINT('Ctrl Pts',(0.933856399512603,-1.97462951392405E-5,
0.8057735));
#4709=CARTESIAN_POINT('Origin',(0.,0.,0.47));
#4710=CARTESIAN_POINT('Origin',(0.,0.,0.94));
#4711=CARTESIAN_POINT('Origin',(0.,0.,0.97));
#4712=CARTESIAN_POINT('Origin',(0.,0.,0.44));
#4713=CARTESIAN_POINT('',(0.775,9.49101269339199E-17,0.47));
#4714=CARTESIAN_POINT('',(0.745,-9.12361865364778E-17,0.44));
#4715=CARTESIAN_POINT('Origin',(0.,0.,0.47));
#4716=CARTESIAN_POINT('Origin',(-8.87908733519026E-17,-1.98152381522907E-17,
0.47));
#4717=CARTESIAN_POINT('Origin',(-7.39255249150933E-17,0.,0.97));
#4718=CARTESIAN_POINT('',(1.2,1.46957615897682E-16,0.97));
#4719=CARTESIAN_POINT('Origin',(0.,0.,0.97));
#4720=CARTESIAN_POINT('Origin',(-3.05186180257392,4.30906430264369E-17,
0.8725));
#4721=CARTESIAN_POINT('',(-3.0365,4.12093647913084E-17,0.829615384615385));
#4722=CARTESIAN_POINT('',(-3.0365,4.12093647913084E-17,0.915384615384615));
#4723=CARTESIAN_POINT('',(-3.0365,4.12093647913084E-17,0.3));
#4724=CARTESIAN_POINT('',(-3.0915,4.79449221866189E-17,0.855));
#4725=CARTESIAN_POINT('',(-3.0265,3.99847179921611E-17,0.825));
#4726=CARTESIAN_POINT('',(-3.0915,4.79449221866189E-17,0.89));
#4727=CARTESIAN_POINT('',(-3.0915,4.79449221866189E-17,0.855));
#4728=CARTESIAN_POINT('',(-3.0915,4.79449221866189E-17,0.89));
#4729=CARTESIAN_POINT('Ctrl Pts',(-3.0915,4.79449221866189E-17,0.855));
#4730=CARTESIAN_POINT('Ctrl Pts',(-3.0915,-0.102494460323367,0.875833333333333));
#4731=CARTESIAN_POINT('Ctrl Pts',(-3.00695610055749,-0.306806163698424,
0.917499999999999));
#4732=CARTESIAN_POINT('Ctrl Pts',(-2.7,-0.43424461733913,0.98));
#4733=CARTESIAN_POINT('Ctrl Pts',(-2.39304389944251,-0.306806163698424,
1.0425));
#4734=CARTESIAN_POINT('Ctrl Pts',(-2.3085,-0.102494460323367,1.08416666666667));
#4735=CARTESIAN_POINT('Ctrl Pts',(-2.3085,-9.58898443732378E-17,1.105));
#4736=CARTESIAN_POINT('Ctrl Pts',(-3.07316666666667,4.56997363881821E-17,
0.846538461538461));
#4737=CARTESIAN_POINT('Ctrl Pts',(-3.07316666666667,-0.0976948048803825,
0.867371794871795));
#4738=CARTESIAN_POINT('Ctrl Pts',(-2.99258182594646,-0.292438910396241,
0.909038461538461));
#4739=CARTESIAN_POINT('Ctrl Pts',(-2.7,-0.413909620358583,0.971538461538462));
#4740=CARTESIAN_POINT('Ctrl Pts',(-2.40741817405354,-0.292438910396241,
1.03403846153846));
#4741=CARTESIAN_POINT('Ctrl Pts',(-2.32683333333333,-0.0976948048803826,
1.07570512820513));
#4742=CARTESIAN_POINT('Ctrl Pts',(-2.32683333333333,-9.13994727763642E-17,
1.09653846153846));
#4743=CARTESIAN_POINT('Ctrl Pts',(-3.05483333333333,4.34545505897453E-17,
0.838076923076923));
#4744=CARTESIAN_POINT('Ctrl Pts',(-3.05483333333333,-0.0928951494373982,
0.858910256410256));
#4745=CARTESIAN_POINT('Ctrl Pts',(-2.97820755133542,-0.278071657094059,
0.900576923076922));
#4746=CARTESIAN_POINT('Ctrl Pts',(-2.7,-0.393574623378036,0.963076923076923));
#4747=CARTESIAN_POINT('Ctrl Pts',(-2.42179244866458,-0.278071657094059,
1.02557692307692));
#4748=CARTESIAN_POINT('Ctrl Pts',(-2.34516666666667,-0.0928951494373983,
1.06724358974359));
#4749=CARTESIAN_POINT('Ctrl Pts',(-2.34516666666667,-8.69091011794905E-17,
1.08807692307692));
#4750=CARTESIAN_POINT('Ctrl Pts',(-3.0365,4.12093647913084E-17,0.829615384615384));
#4751=CARTESIAN_POINT('Ctrl Pts',(-3.0365,-0.0880954939944137,0.850448717948718));
#4752=CARTESIAN_POINT('Ctrl Pts',(-2.96383327672438,-0.263704403791876,
0.892115384615384));
#4753=CARTESIAN_POINT('Ctrl Pts',(-2.7,-0.373239626397489,0.954615384615385));
#4754=CARTESIAN_POINT('Ctrl Pts',(-2.43616672327561,-0.263704403791876,
1.01711538461538));
#4755=CARTESIAN_POINT('Ctrl Pts',(-2.3635,-0.0880954939944139,1.05878205128205));
#4756=CARTESIAN_POINT('Ctrl Pts',(-2.3635,-8.24187295826169E-17,1.07961538461538));
#4757=CARTESIAN_POINT('',(-2.3635,-8.24187295826169E-17,1.07961538461538));
#4758=CARTESIAN_POINT('Ctrl Pts',(-2.3635,-9.71445146547012E-17,1.07961538461538));
#4759=CARTESIAN_POINT('Ctrl Pts',(-2.3635,-0.0880954939944139,1.05878205128205));
#4760=CARTESIAN_POINT('Ctrl Pts',(-2.39983336163781,-0.175899948893145,
1.03794871794872));
#4761=CARTESIAN_POINT('Ctrl Pts',(-2.46197225524411,-0.23805804677678,1.01711538461538));
#4762=CARTESIAN_POINT('Ctrl Pts',(-2.52411114885041,-0.300216144660414,
0.996282051282051));
#4763=CARTESIAN_POINT('Ctrl Pts',(-2.61205557442521,-0.336727885528952,
0.975448717948718));
#4764=CARTESIAN_POINT('Ctrl Pts',(-2.7,-0.336727885528952,0.954615384615385));
#4765=CARTESIAN_POINT('Ctrl Pts',(-2.7879444255748,-0.336727885528952,0.933782051282051));
#4766=CARTESIAN_POINT('Ctrl Pts',(-2.87588885114959,-0.300216144660414,
0.912948717948718));
#4767=CARTESIAN_POINT('Ctrl Pts',(-2.93802774475589,-0.238058046776779,
0.892115384615384));
#4768=CARTESIAN_POINT('Ctrl Pts',(-3.00016663836219,-0.175899948893145,
0.871282051282051));
#4769=CARTESIAN_POINT('Ctrl Pts',(-3.0365,-0.0880954939944137,0.850448717948718));
#4770=CARTESIAN_POINT('Ctrl Pts',(-3.0365,4.12093647913084E-17,0.829615384615384));
#4771=CARTESIAN_POINT('',(-2.3085,-9.58898443732378E-17,1.105));
#4772=CARTESIAN_POINT('',(-2.3735,-7.99694359843223E-17,1.075));
#4773=CARTESIAN_POINT('Ctrl Pts',(-3.0915,4.79449221866189E-17,0.855));
#4774=CARTESIAN_POINT('Ctrl Pts',(-3.0915,-0.102494460323367,0.875833333333333));
#4775=CARTESIAN_POINT('Ctrl Pts',(-3.00695610055749,-0.306806163698424,
0.917499999999999));
#4776=CARTESIAN_POINT('Ctrl Pts',(-2.7,-0.43424461733913,0.98));
#4777=CARTESIAN_POINT('Ctrl Pts',(-2.39304389944251,-0.306806163698424,
1.0425));
#4778=CARTESIAN_POINT('Ctrl Pts',(-2.3085,-0.102494460323367,1.08416666666667));
#4779=CARTESIAN_POINT('Ctrl Pts',(-2.3085,-9.58898443732378E-17,1.105));
#4780=CARTESIAN_POINT('Origin',(-2.7,0.,0.89));
#4781=CARTESIAN_POINT('',(-2.3085,-9.58898443732378E-17,1.14));
#4782=CARTESIAN_POINT('',(-2.3085,-9.58898443732379E-17,1.105));
#4783=CARTESIAN_POINT('Ctrl Pts',(-3.0915,4.79449221866189E-17,0.89));
#4784=CARTESIAN_POINT('Ctrl Pts',(-3.0915,-0.102494460323367,0.910833333333333));
#4785=CARTESIAN_POINT('Ctrl Pts',(-3.00695560002201,-0.30680618175042,0.952499999999999));
#4786=CARTESIAN_POINT('Ctrl Pts',(-2.7,-0.434244592529719,1.015));
#4787=CARTESIAN_POINT('Ctrl Pts',(-2.39304439997799,-0.30680618175042,1.0775));
#4788=CARTESIAN_POINT('Ctrl Pts',(-2.3085,-0.102494460323367,1.11916666666667));
#4789=CARTESIAN_POINT('Ctrl Pts',(-2.3085,-9.58898443732378E-17,1.14));
#4790=CARTESIAN_POINT('Ctrl Pts',(-3.0365,4.12093647913084E-17,0.915384615384615));
#4791=CARTESIAN_POINT('Ctrl Pts',(-3.0365,-0.0880954939944137,0.936217948717949));
#4792=CARTESIAN_POINT('Ctrl Pts',(-2.96383284650679,-0.263704419307832,
0.977884615384616));
#4793=CARTESIAN_POINT('Ctrl Pts',(-2.7,-0.373239605073436,1.04038461538462));
#4794=CARTESIAN_POINT('Ctrl Pts',(-2.43616715349321,-0.263704419307832,
1.10288461538462));
#4795=CARTESIAN_POINT('Ctrl Pts',(-2.3635,-0.0880954939944138,1.14455128205128));
#4796=CARTESIAN_POINT('Ctrl Pts',(-2.3635,-8.24187295826168E-17,1.16538461538462));
#4797=CARTESIAN_POINT('Ctrl Pts',(-3.05483333333333,4.34545505897452E-17,
0.906923076923077));
#4798=CARTESIAN_POINT('Ctrl Pts',(-3.05483333333333,-0.0928951494373981,
0.92775641025641));
#4799=CARTESIAN_POINT('Ctrl Pts',(-2.97820709767853,-0.278071673455361,
0.969423076923077));
#4800=CARTESIAN_POINT('Ctrl Pts',(-2.7,-0.393574600892197,1.03192307692308));
#4801=CARTESIAN_POINT('Ctrl Pts',(-2.42179290232147,-0.278071673455361,
1.09442307692308));
#4802=CARTESIAN_POINT('Ctrl Pts',(-2.34516666666667,-0.0928951494373982,
1.13608974358974));
#4803=CARTESIAN_POINT('Ctrl Pts',(-2.34516666666667,-8.69091011794905E-17,
1.15692307692308));
#4804=CARTESIAN_POINT('Ctrl Pts',(-3.07316666666667,4.56997363881821E-17,
0.898461538461539));
#4805=CARTESIAN_POINT('Ctrl Pts',(-3.07316666666667,-0.0976948048803827,
0.919294871794872));
#4806=CARTESIAN_POINT('Ctrl Pts',(-2.99258134885027,-0.29243892760289,0.960961538461538));
#4807=CARTESIAN_POINT('Ctrl Pts',(-2.7,-0.413909596710958,1.02346153846154));
#4808=CARTESIAN_POINT('Ctrl Pts',(-2.40741865114973,-0.292438927602891,
1.08596153846154));
#4809=CARTESIAN_POINT('Ctrl Pts',(-2.32683333333333,-0.0976948048803828,
1.12762820512821));
#4810=CARTESIAN_POINT('Ctrl Pts',(-2.32683333333333,-9.13994727763642E-17,
1.14846153846154));
#4811=CARTESIAN_POINT('Ctrl Pts',(-3.0915,4.79449221866189E-17,0.89));
#4812=CARTESIAN_POINT('Ctrl Pts',(-3.0915,-0.102494460323367,0.910833333333333));
#4813=CARTESIAN_POINT('Ctrl Pts',(-3.00695560002201,-0.30680618175042,0.952499999999999));
#4814=CARTESIAN_POINT('Ctrl Pts',(-2.7,-0.434244592529719,1.015));
#4815=CARTESIAN_POINT('Ctrl Pts',(-2.39304439997799,-0.30680618175042,1.0775));
#4816=CARTESIAN_POINT('Ctrl Pts',(-2.3085,-0.102494460323367,1.11916666666667));
#4817=CARTESIAN_POINT('Ctrl Pts',(-2.3085,-9.58898443732378E-17,1.14));
#4818=CARTESIAN_POINT('',(-2.3635,-8.24187295826169E-17,1.16538461538462));
#4819=CARTESIAN_POINT('Ctrl Pts',(-3.0365,4.12093647913084E-17,0.915384615384615));
#4820=CARTESIAN_POINT('Ctrl Pts',(-3.0365,-0.0880954939944137,0.936217948717949));
#4821=CARTESIAN_POINT('Ctrl Pts',(-2.96383284650679,-0.263704419307832,
0.977884615384616));
#4822=CARTESIAN_POINT('Ctrl Pts',(-2.7,-0.373239605073436,1.04038461538462));
#4823=CARTESIAN_POINT('Ctrl Pts',(-2.43616715349321,-0.263704419307832,
1.10288461538462));
#4824=CARTESIAN_POINT('Ctrl Pts',(-2.3635,-0.0880954939944138,1.14455128205128));
#4825=CARTESIAN_POINT('Ctrl Pts',(-2.3635,-8.24187295826168E-17,1.16538461538462));
#4826=CARTESIAN_POINT('',(-2.3085,-9.58898443732379E-17,1.14));
#4827=CARTESIAN_POINT('Origin',(-2.34813819742608,-8.61812860528738E-17,
1.1225));
#4828=CARTESIAN_POINT('',(-2.3635,-8.24187295826169E-17,0.3));
#4829=CARTESIAN_POINT('Origin',(-2.34813819742608,0.,0.8725));
#4830=CARTESIAN_POINT('',(-2.3635,0.,0.829615384615385));
#4831=CARTESIAN_POINT('',(-2.3635,0.,0.915384615384615));
#4832=CARTESIAN_POINT('',(-2.3635,0.,0.3));
#4833=CARTESIAN_POINT('',(-2.3085,0.,0.855));
#4834=CARTESIAN_POINT('',(-2.3735,0.,0.825));
#4835=CARTESIAN_POINT('',(-2.3085,0.,0.89));
#4836=CARTESIAN_POINT('',(-2.3085,0.,0.855));
#4837=CARTESIAN_POINT('',(-2.3085,0.,0.89));
#4838=CARTESIAN_POINT('Ctrl Pts',(-2.3085,0.,0.855));
#4839=CARTESIAN_POINT('Ctrl Pts',(-2.3085,0.102494460323367,0.875833333333333));
#4840=CARTESIAN_POINT('Ctrl Pts',(-2.39304566446436,0.306806227072276,0.9175));
#4841=CARTESIAN_POINT('Ctrl Pts',(-2.7,0.434244530124901,0.98));
#4842=CARTESIAN_POINT('Ctrl Pts',(-3.00695433553564,0.306806227072276,1.0425));
#4843=CARTESIAN_POINT('Ctrl Pts',(-3.0915,0.102494460323367,1.08416666666667));
#4844=CARTESIAN_POINT('Ctrl Pts',(-3.0915,4.79449221866189E-17,1.105));
#4845=CARTESIAN_POINT('Ctrl Pts',(-2.32683333333333,0.,0.846538461538461));
#4846=CARTESIAN_POINT('Ctrl Pts',(-2.32683333333333,0.0976948048803825,
0.867371794871795));
#4847=CARTESIAN_POINT('Ctrl Pts',(-2.40741985642218,0.292438970802395,0.909038461538461));
#4848=CARTESIAN_POINT('Ctrl Pts',(-2.7,0.41390953722846,0.971538461538462));
#4849=CARTESIAN_POINT('Ctrl Pts',(-2.99258014357782,0.292438970802395,1.03403846153846));
#4850=CARTESIAN_POINT('Ctrl Pts',(-3.07316666666667,0.0976948048803826,
1.07570512820513));
#4851=CARTESIAN_POINT('Ctrl Pts',(-3.07316666666667,4.56997363881821E-17,
1.09653846153846));
#4852=CARTESIAN_POINT('Ctrl Pts',(-2.34516666666667,0.,0.838076923076923));
#4853=CARTESIAN_POINT('Ctrl Pts',(-2.34516666666667,0.0928951494373983,
0.858910256410256));
#4854=CARTESIAN_POINT('Ctrl Pts',(-2.42179404838,0.278071714532514,0.900576923076923));
#4855=CARTESIAN_POINT('Ctrl Pts',(-2.7,0.393574544332019,0.963076923076923));
#4856=CARTESIAN_POINT('Ctrl Pts',(-2.97820595162,0.278071714532514,1.02557692307692));
#4857=CARTESIAN_POINT('Ctrl Pts',(-3.05483333333333,0.0928951494373983,
1.06724358974359));
#4858=CARTESIAN_POINT('Ctrl Pts',(-3.05483333333333,4.34545505897453E-17,
1.08807692307692));
#4859=CARTESIAN_POINT('Ctrl Pts',(-2.3635,0.,0.829615384615384));
#4860=CARTESIAN_POINT('Ctrl Pts',(-2.3635,0.0880954939944138,0.850448717948718));
#4861=CARTESIAN_POINT('Ctrl Pts',(-2.43616824033782,0.263704458262633,0.892115384615384));
#4862=CARTESIAN_POINT('Ctrl Pts',(-2.7,0.373239551435579,0.954615384615385));
#4863=CARTESIAN_POINT('Ctrl Pts',(-2.96383175966218,0.263704458262633,1.01711538461538));
#4864=CARTESIAN_POINT('Ctrl Pts',(-3.0365,0.0880954939944138,1.05878205128205));
#4865=CARTESIAN_POINT('Ctrl Pts',(-3.0365,4.12093647913084E-17,1.07961538461538));
#4866=CARTESIAN_POINT('',(-3.0365,4.12093647913085E-17,1.07961538461538));
#4867=CARTESIAN_POINT('Ctrl Pts',(-3.0365,4.85722573273506E-17,1.07961538461538));
#4868=CARTESIAN_POINT('Ctrl Pts',(-3.0365,0.0880954939944138,1.05878205128205));
#4869=CARTESIAN_POINT('Ctrl Pts',(-3.00016587983109,0.175899976128523,1.03794871794872));
#4870=CARTESIAN_POINT('Ctrl Pts',(-2.93802685980294,0.238058066057736,1.01711538461538));
#4871=CARTESIAN_POINT('Ctrl Pts',(-2.87588783977479,0.300216155986948,0.996282051282051));
#4872=CARTESIAN_POINT('Ctrl Pts',(-2.78794391988739,0.336727853711263,0.975448717948718));
#4873=CARTESIAN_POINT('Ctrl Pts',(-2.7,0.336727853711263,0.954615384615385));
#4874=CARTESIAN_POINT('Ctrl Pts',(-2.61205608011261,0.336727853711263,0.933782051282051));
#4875=CARTESIAN_POINT('Ctrl Pts',(-2.52411216022521,0.300216155986948,0.912948717948718));
#4876=CARTESIAN_POINT('Ctrl Pts',(-2.46197314019706,0.238058066057736,0.892115384615384));
#4877=CARTESIAN_POINT('Ctrl Pts',(-2.39983412016891,0.175899976128523,0.871282051282051));
#4878=CARTESIAN_POINT('Ctrl Pts',(-2.3635,0.0880954939944138,0.850448717948718));
#4879=CARTESIAN_POINT('Ctrl Pts',(-2.3635,6.63629236517176E-32,0.829615384615384));
#4880=CARTESIAN_POINT('',(-3.0915,4.79449221866189E-17,1.105));
#4881=CARTESIAN_POINT('',(-3.0265,3.99847179921611E-17,1.075));
#4882=CARTESIAN_POINT('Ctrl Pts',(-2.3085,0.,0.855));
#4883=CARTESIAN_POINT('Ctrl Pts',(-2.3085,0.102494460323367,0.875833333333333));
#4884=CARTESIAN_POINT('Ctrl Pts',(-2.39304566446436,0.306806227072276,0.9175));
#4885=CARTESIAN_POINT('Ctrl Pts',(-2.7,0.434244530124901,0.98));
#4886=CARTESIAN_POINT('Ctrl Pts',(-3.00695433553564,0.306806227072276,1.0425));
#4887=CARTESIAN_POINT('Ctrl Pts',(-3.0915,0.102494460323367,1.08416666666667));
#4888=CARTESIAN_POINT('Ctrl Pts',(-3.0915,4.79449221866189E-17,1.105));
#4889=CARTESIAN_POINT('Origin',(-2.7,0.,0.89));
#4890=CARTESIAN_POINT('',(-3.0915,4.79449221866189E-17,1.14));
#4891=CARTESIAN_POINT('',(-3.0915,4.79449221866189E-17,1.105));
#4892=CARTESIAN_POINT('Ctrl Pts',(-2.3085,0.,0.89));
#4893=CARTESIAN_POINT('Ctrl Pts',(-2.3085,0.102494460323367,0.910833333333333));
#4894=CARTESIAN_POINT('Ctrl Pts',(-2.39304614761493,0.306806244283094,0.9525));
#4895=CARTESIAN_POINT('Ctrl Pts',(-2.7,0.434244506381861,1.015));
#4896=CARTESIAN_POINT('Ctrl Pts',(-3.00695385238507,0.306806244283094,1.0775));
#4897=CARTESIAN_POINT('Ctrl Pts',(-3.0915,0.102494460323367,1.11916666666667));
#4898=CARTESIAN_POINT('Ctrl Pts',(-3.0915,4.79449221866189E-17,1.14));
#4899=CARTESIAN_POINT('Ctrl Pts',(-2.3635,0.,0.915384615384616));
#4900=CARTESIAN_POINT('Ctrl Pts',(-2.3635,0.0880954939944137,0.936217948717949));
#4901=CARTESIAN_POINT('Ctrl Pts',(-2.43616865561283,0.263704473055583,0.977884615384615));
#4902=CARTESIAN_POINT('Ctrl Pts',(-2.7,0.373239531028088,1.04038461538462));
#4903=CARTESIAN_POINT('Ctrl Pts',(-2.96383134438717,0.263704473055584,1.10288461538462));
#4904=CARTESIAN_POINT('Ctrl Pts',(-3.0365,0.0880954939944138,1.14455128205128));
#4905=CARTESIAN_POINT('Ctrl Pts',(-3.0365,4.12093647913084E-17,1.16538461538462));
#4906=CARTESIAN_POINT('Ctrl Pts',(-2.34516666666667,0.,0.906923076923077));
#4907=CARTESIAN_POINT('Ctrl Pts',(-2.34516666666667,0.092895149437398,0.92775641025641));
#4908=CARTESIAN_POINT('Ctrl Pts',(-2.42179448628019,0.27807173013142,0.969423076923077));
#4909=CARTESIAN_POINT('Ctrl Pts',(-2.7,0.393574522812678,1.03192307692308));
#4910=CARTESIAN_POINT('Ctrl Pts',(-2.9782055137198,0.27807173013142,1.09442307692308));
#4911=CARTESIAN_POINT('Ctrl Pts',(-3.05483333333333,0.0928951494373981,
1.13608974358974));
#4912=CARTESIAN_POINT('Ctrl Pts',(-3.05483333333333,4.34545505897452E-17,
1.15692307692308));
#4913=CARTESIAN_POINT('Ctrl Pts',(-2.32683333333333,0.,0.898461538461539));
#4914=CARTESIAN_POINT('Ctrl Pts',(-2.32683333333333,0.0976948048803828,
0.919294871794872));
#4915=CARTESIAN_POINT('Ctrl Pts',(-2.40742031694756,0.292438987207257,0.960961538461539));
#4916=CARTESIAN_POINT('Ctrl Pts',(-2.7,0.41390951459727,1.02346153846154));
#4917=CARTESIAN_POINT('Ctrl Pts',(-2.99257968305244,0.292438987207257,1.08596153846154));
#4918=CARTESIAN_POINT('Ctrl Pts',(-3.07316666666667,0.0976948048803828,
1.12762820512821));
#4919=CARTESIAN_POINT('Ctrl Pts',(-3.07316666666667,4.56997363881821E-17,
1.14846153846154));
#4920=CARTESIAN_POINT('Ctrl Pts',(-2.3085,0.,0.89));
#4921=CARTESIAN_POINT('Ctrl Pts',(-2.3085,0.102494460323367,0.910833333333333));
#4922=CARTESIAN_POINT('Ctrl Pts',(-2.39304614761493,0.306806244283094,0.9525));
#4923=CARTESIAN_POINT('Ctrl Pts',(-2.7,0.434244506381861,1.015));
#4924=CARTESIAN_POINT('Ctrl Pts',(-3.00695385238507,0.306806244283094,1.0775));
#4925=CARTESIAN_POINT('Ctrl Pts',(-3.0915,0.102494460323367,1.11916666666667));
#4926=CARTESIAN_POINT('Ctrl Pts',(-3.0915,4.79449221866189E-17,1.14));
#4927=CARTESIAN_POINT('',(-3.0365,4.12093647913085E-17,1.16538461538462));
#4928=CARTESIAN_POINT('Ctrl Pts',(-2.3635,0.,0.915384615384616));
#4929=CARTESIAN_POINT('Ctrl Pts',(-2.3635,0.0880954939944137,0.936217948717949));
#4930=CARTESIAN_POINT('Ctrl Pts',(-2.43616865561283,0.263704473055583,0.977884615384615));
#4931=CARTESIAN_POINT('Ctrl Pts',(-2.7,0.373239531028088,1.04038461538462));
#4932=CARTESIAN_POINT('Ctrl Pts',(-2.96383134438717,0.263704473055584,1.10288461538462));
#4933=CARTESIAN_POINT('Ctrl Pts',(-3.0365,0.0880954939944138,1.14455128205128));
#4934=CARTESIAN_POINT('Ctrl Pts',(-3.0365,4.12093647913084E-17,1.16538461538462));
#4935=CARTESIAN_POINT('',(-3.0915,4.79449221866189E-17,1.14));
#4936=CARTESIAN_POINT('Origin',(-3.05186180257392,4.30906430264369E-17,
1.1225));
#4937=CARTESIAN_POINT('',(-3.0365,4.12093647913085E-17,0.3));
#4938=CARTESIAN_POINT('Origin',(-2.7,0.,0.3));
#4939=CARTESIAN_POINT('',(-2.3635,4.12093647913084E-17,1.2));
#4940=CARTESIAN_POINT('Origin',(-2.7,0.,1.2));
#4941=CARTESIAN_POINT('',(-2.3635,4.12093647913084E-17,0.3));
#4942=CARTESIAN_POINT('',(-2.3635,4.12093647913084E-17,0.3));
#4943=CARTESIAN_POINT('',(-2.3635,-4.12093647913084E-17,0.6));
#4944=CARTESIAN_POINT('',(-2.3635,4.12093647913084E-17,0.3));
#4945=CARTESIAN_POINT('Origin',(-2.7,0.,0.6));
#4946=CARTESIAN_POINT('Origin',(-2.7,6.87359475374663E-18,1.2));
#4947=CARTESIAN_POINT('Origin',(-2.7,0.,0.3));
#4948=CARTESIAN_POINT('',(-2.2,6.12323399573677E-17,0.6));
#4949=CARTESIAN_POINT('Origin',(-2.7,0.,0.6));
#4950=CARTESIAN_POINT('',(-2.2,6.12323399573677E-17,0.3));
#4951=CARTESIAN_POINT('',(-2.2,6.12323399573677E-17,0.3));
#4952=CARTESIAN_POINT('Origin',(-2.7,0.,0.3));
#4953=CARTESIAN_POINT('Origin',(-2.7,0.,0.6));
#4954=CARTESIAN_POINT('Origin',(2.34813819742608,4.3090643026437E-17,0.8725));
#4955=CARTESIAN_POINT('',(2.3635,4.12093647913084E-17,0.829615384615385));
#4956=CARTESIAN_POINT('',(2.3635,4.12093647913084E-17,0.915384615384615));
#4957=CARTESIAN_POINT('',(2.3635,4.12093647913085E-17,0.3));
#4958=CARTESIAN_POINT('',(2.3085,4.79449221866188E-17,0.855));
#4959=CARTESIAN_POINT('',(2.3735,3.9984717992161E-17,0.825));
#4960=CARTESIAN_POINT('',(2.3085,4.79449221866188E-17,0.89));
#4961=CARTESIAN_POINT('',(2.3085,4.79449221866188E-17,0.855));
#4962=CARTESIAN_POINT('',(2.3085,4.79449221866188E-17,0.89));
#4963=CARTESIAN_POINT('Ctrl Pts',(2.3085,4.79449221866188E-17,0.855));
#4964=CARTESIAN_POINT('Ctrl Pts',(2.3085,-0.102494460323367,0.875833333333333));
#4965=CARTESIAN_POINT('Ctrl Pts',(2.39304566446436,-0.306806227072275,0.9175));
#4966=CARTESIAN_POINT('Ctrl Pts',(2.7,-0.4342445301249,0.98));
#4967=CARTESIAN_POINT('Ctrl Pts',(3.00695433553564,-0.306806227072276,1.0425));
#4968=CARTESIAN_POINT('Ctrl Pts',(3.0915,-0.102494460323367,1.08416666666667));
#4969=CARTESIAN_POINT('Ctrl Pts',(3.0915,-9.58898443732377E-17,1.105));
#4970=CARTESIAN_POINT('Ctrl Pts',(2.32683333333333,4.5699736388182E-17,
0.846538461538461));
#4971=CARTESIAN_POINT('Ctrl Pts',(2.32683333333333,-0.0976948048803823,
0.867371794871795));
#4972=CARTESIAN_POINT('Ctrl Pts',(2.40741985642218,-0.292438970802395,0.909038461538461));
#4973=CARTESIAN_POINT('Ctrl Pts',(2.7,-0.41390953722846,0.971538461538461));
#4974=CARTESIAN_POINT('Ctrl Pts',(2.99258014357782,-0.292438970802395,1.03403846153846));
#4975=CARTESIAN_POINT('Ctrl Pts',(3.07316666666667,-0.0976948048803824,
1.07570512820513));
#4976=CARTESIAN_POINT('Ctrl Pts',(3.07316666666667,-9.13994727763641E-17,
1.09653846153846));
#4977=CARTESIAN_POINT('Ctrl Pts',(2.34516666666667,4.34545505897452E-17,
0.838076923076923));
#4978=CARTESIAN_POINT('Ctrl Pts',(2.34516666666667,-0.0928951494373983,
0.858910256410256));
#4979=CARTESIAN_POINT('Ctrl Pts',(2.42179404838,-0.278071714532514,0.900576923076923));
#4980=CARTESIAN_POINT('Ctrl Pts',(2.7,-0.393574544332019,0.963076923076923));
#4981=CARTESIAN_POINT('Ctrl Pts',(2.97820595162,-0.278071714532514,1.02557692307692));
#4982=CARTESIAN_POINT('Ctrl Pts',(3.05483333333333,-0.0928951494373984,
1.06724358974359));
#4983=CARTESIAN_POINT('Ctrl Pts',(3.05483333333333,-8.69091011794905E-17,
1.08807692307692));
#4984=CARTESIAN_POINT('Ctrl Pts',(2.3635,4.12093647913084E-17,0.829615384615385));
#4985=CARTESIAN_POINT('Ctrl Pts',(2.3635,-0.0880954939944137,0.850448717948718));
#4986=CARTESIAN_POINT('Ctrl Pts',(2.43616824033782,-0.263704458262633,0.892115384615385));
#4987=CARTESIAN_POINT('Ctrl Pts',(2.7,-0.373239551435579,0.954615384615385));
#4988=CARTESIAN_POINT('Ctrl Pts',(2.96383175966218,-0.263704458262633,1.01711538461538));
#4989=CARTESIAN_POINT('Ctrl Pts',(3.0365,-0.0880954939944139,1.05878205128205));
#4990=CARTESIAN_POINT('Ctrl Pts',(3.0365,-8.24187295826169E-17,1.07961538461538));
#4991=CARTESIAN_POINT('',(3.0365,-8.24187295826169E-17,1.07961538461538));
#4992=CARTESIAN_POINT('Ctrl Pts',(3.0365,-9.71445146547012E-17,1.07961538461538));
#4993=CARTESIAN_POINT('Ctrl Pts',(3.0365,-0.0880954939944139,1.05878205128205));
#4994=CARTESIAN_POINT('Ctrl Pts',(3.00016587983109,-0.175899976128523,1.03794871794872));
#4995=CARTESIAN_POINT('Ctrl Pts',(2.93802685980294,-0.238058066057736,1.01711538461538));
#4996=CARTESIAN_POINT('Ctrl Pts',(2.87588783977479,-0.300216155986948,0.996282051282051));
#4997=CARTESIAN_POINT('Ctrl Pts',(2.78794391988739,-0.336727853711263,0.975448717948718));
#4998=CARTESIAN_POINT('Ctrl Pts',(2.7,-0.336727853711263,0.954615384615385));
#4999=CARTESIAN_POINT('Ctrl Pts',(2.61205608011261,-0.336727853711263,0.933782051282051));
#5000=CARTESIAN_POINT('Ctrl Pts',(2.52411216022521,-0.300216155986948,0.912948717948718));
#5001=CARTESIAN_POINT('Ctrl Pts',(2.46197314019706,-0.238058066057736,0.892115384615385));
#5002=CARTESIAN_POINT('Ctrl Pts',(2.39983412016891,-0.175899976128523,0.871282051282051));
#5003=CARTESIAN_POINT('Ctrl Pts',(2.3635,-0.0880954939944137,0.850448717948718));
#5004=CARTESIAN_POINT('Ctrl Pts',(2.3635,4.12093647913084E-17,0.829615384615385));
#5005=CARTESIAN_POINT('',(3.0915,-9.58898443732377E-17,1.105));
#5006=CARTESIAN_POINT('',(3.0265,-7.99694359843221E-17,1.075));
#5007=CARTESIAN_POINT('Ctrl Pts',(2.3085,4.79449221866188E-17,0.855));
#5008=CARTESIAN_POINT('Ctrl Pts',(2.3085,-0.102494460323367,0.875833333333333));
#5009=CARTESIAN_POINT('Ctrl Pts',(2.39304566446436,-0.306806227072275,0.9175));
#5010=CARTESIAN_POINT('Ctrl Pts',(2.7,-0.4342445301249,0.98));
#5011=CARTESIAN_POINT('Ctrl Pts',(3.00695433553564,-0.306806227072276,1.0425));
#5012=CARTESIAN_POINT('Ctrl Pts',(3.0915,-0.102494460323367,1.08416666666667));
#5013=CARTESIAN_POINT('Ctrl Pts',(3.0915,-9.58898443732377E-17,1.105));
#5014=CARTESIAN_POINT('Origin',(2.7,0.,0.89));
#5015=CARTESIAN_POINT('',(3.0915,-9.58898443732377E-17,1.14));
#5016=CARTESIAN_POINT('',(3.0915,-9.58898443732377E-17,1.105));
#5017=CARTESIAN_POINT('Ctrl Pts',(2.3085,4.79449221866188E-17,0.89));
#5018=CARTESIAN_POINT('Ctrl Pts',(2.3085,-0.102494460323367,0.910833333333333));
#5019=CARTESIAN_POINT('Ctrl Pts',(2.39304614761493,-0.306806244283093,0.9525));
#5020=CARTESIAN_POINT('Ctrl Pts',(2.7,-0.434244506381861,1.015));
#5021=CARTESIAN_POINT('Ctrl Pts',(3.00695385238507,-0.306806244283094,1.0775));
#5022=CARTESIAN_POINT('Ctrl Pts',(3.0915,-0.102494460323367,1.11916666666667));
#5023=CARTESIAN_POINT('Ctrl Pts',(3.0915,-9.58898443732377E-17,1.14));
#5024=CARTESIAN_POINT('Ctrl Pts',(2.3635,4.12093647913084E-17,0.915384615384615));
#5025=CARTESIAN_POINT('Ctrl Pts',(2.3635,-0.0880954939944137,0.936217948717949));
#5026=CARTESIAN_POINT('Ctrl Pts',(2.43616865561283,-0.263704473055584,0.977884615384615));
#5027=CARTESIAN_POINT('Ctrl Pts',(2.7,-0.373239531028088,1.04038461538461));
#5028=CARTESIAN_POINT('Ctrl Pts',(2.96383134438717,-0.263704473055584,1.10288461538462));
#5029=CARTESIAN_POINT('Ctrl Pts',(3.0365,-0.0880954939944139,1.14455128205128));
#5030=CARTESIAN_POINT('Ctrl Pts',(3.0365,-8.24187295826169E-17,1.16538461538462));
#5031=CARTESIAN_POINT('Ctrl Pts',(2.34516666666667,4.34545505897452E-17,
0.906923076923077));
#5032=CARTESIAN_POINT('Ctrl Pts',(2.34516666666667,-0.0928951494373979,
0.92775641025641));
#5033=CARTESIAN_POINT('Ctrl Pts',(2.42179448628019,-0.278071730131421,0.969423076923077));
#5034=CARTESIAN_POINT('Ctrl Pts',(2.7,-0.393574522812678,1.03192307692308));
#5035=CARTESIAN_POINT('Ctrl Pts',(2.9782055137198,-0.278071730131421,1.09442307692308));
#5036=CARTESIAN_POINT('Ctrl Pts',(3.05483333333333,-0.0928951494373981,
1.13608974358974));
#5037=CARTESIAN_POINT('Ctrl Pts',(3.05483333333333,-8.69091011794905E-17,
1.15692307692308));
#5038=CARTESIAN_POINT('Ctrl Pts',(2.32683333333333,4.5699736388182E-17,
0.898461538461538));
#5039=CARTESIAN_POINT('Ctrl Pts',(2.32683333333333,-0.0976948048803826,
0.919294871794872));
#5040=CARTESIAN_POINT('Ctrl Pts',(2.40742031694756,-0.292438987207257,0.960961538461538));
#5041=CARTESIAN_POINT('Ctrl Pts',(2.7,-0.41390951459727,1.02346153846154));
#5042=CARTESIAN_POINT('Ctrl Pts',(2.99257968305244,-0.292438987207257,1.08596153846154));
#5043=CARTESIAN_POINT('Ctrl Pts',(3.07316666666667,-0.0976948048803828,
1.12762820512821));
#5044=CARTESIAN_POINT('Ctrl Pts',(3.07316666666667,-9.13994727763641E-17,
1.14846153846154));
#5045=CARTESIAN_POINT('Ctrl Pts',(2.3085,4.79449221866188E-17,0.89));
#5046=CARTESIAN_POINT('Ctrl Pts',(2.3085,-0.102494460323367,0.910833333333333));
#5047=CARTESIAN_POINT('Ctrl Pts',(2.39304614761493,-0.306806244283093,0.9525));
#5048=CARTESIAN_POINT('Ctrl Pts',(2.7,-0.434244506381861,1.015));
#5049=CARTESIAN_POINT('Ctrl Pts',(3.00695385238507,-0.306806244283094,1.0775));
#5050=CARTESIAN_POINT('Ctrl Pts',(3.0915,-0.102494460323367,1.11916666666667));
#5051=CARTESIAN_POINT('Ctrl Pts',(3.0915,-9.58898443732377E-17,1.14));
#5052=CARTESIAN_POINT('',(3.0365,-8.24187295826169E-17,1.16538461538462));
#5053=CARTESIAN_POINT('Ctrl Pts',(2.3635,4.12093647913084E-17,0.915384615384615));
#5054=CARTESIAN_POINT('Ctrl Pts',(2.3635,-0.0880954939944137,0.936217948717949));
#5055=CARTESIAN_POINT('Ctrl Pts',(2.43616865561283,-0.263704473055584,0.977884615384615));
#5056=CARTESIAN_POINT('Ctrl Pts',(2.7,-0.373239531028088,1.04038461538461));
#5057=CARTESIAN_POINT('Ctrl Pts',(2.96383134438717,-0.263704473055584,1.10288461538462));
#5058=CARTESIAN_POINT('Ctrl Pts',(3.0365,-0.0880954939944139,1.14455128205128));
#5059=CARTESIAN_POINT('Ctrl Pts',(3.0365,-8.24187295826169E-17,1.16538461538462));
#5060=CARTESIAN_POINT('',(3.0915,-9.58898443732377E-17,1.14));
#5061=CARTESIAN_POINT('Origin',(3.05186180257392,-8.61812860528739E-17,
1.1225));
#5062=CARTESIAN_POINT('',(3.0365,-8.24187295826169E-17,0.3));
#5063=CARTESIAN_POINT('Origin',(3.05186180257392,0.,0.8725));
#5064=CARTESIAN_POINT('',(3.0365,0.,0.829615384615385));
#5065=CARTESIAN_POINT('',(3.0365,0.,0.915384615384615));
#5066=CARTESIAN_POINT('',(3.0365,0.,0.3));
#5067=CARTESIAN_POINT('',(3.0915,0.,0.855));
#5068=CARTESIAN_POINT('',(3.0265,0.,0.825));
#5069=CARTESIAN_POINT('',(3.0915,0.,0.89));
#5070=CARTESIAN_POINT('',(3.0915,0.,0.855));
#5071=CARTESIAN_POINT('',(3.0915,0.,0.89));
#5072=CARTESIAN_POINT('Ctrl Pts',(3.0915,0.,0.855));
#5073=CARTESIAN_POINT('Ctrl Pts',(3.0915,0.102494460323367,0.875833333333333));
#5074=CARTESIAN_POINT('Ctrl Pts',(3.00695610055749,0.306806163698423,0.9175));
#5075=CARTESIAN_POINT('Ctrl Pts',(2.7,0.434244617339129,0.98));
#5076=CARTESIAN_POINT('Ctrl Pts',(2.39304389944251,0.306806163698423,1.0425));
#5077=CARTESIAN_POINT('Ctrl Pts',(2.3085,0.102494460323367,1.08416666666667));
#5078=CARTESIAN_POINT('Ctrl Pts',(2.3085,4.79449221866188E-17,1.105));
#5079=CARTESIAN_POINT('Ctrl Pts',(3.07316666666667,0.,0.846538461538461));
#5080=CARTESIAN_POINT('Ctrl Pts',(3.07316666666667,0.0976948048803824,0.867371794871795));
#5081=CARTESIAN_POINT('Ctrl Pts',(2.99258182594646,0.292438910396241,0.909038461538461));
#5082=CARTESIAN_POINT('Ctrl Pts',(2.7,0.413909620358582,0.971538461538461));
#5083=CARTESIAN_POINT('Ctrl Pts',(2.40741817405354,0.292438910396241,1.03403846153846));
#5084=CARTESIAN_POINT('Ctrl Pts',(2.32683333333333,0.0976948048803825,1.07570512820513));
#5085=CARTESIAN_POINT('Ctrl Pts',(2.32683333333333,4.5699736388182E-17,
1.09653846153846));
#5086=CARTESIAN_POINT('Ctrl Pts',(3.05483333333333,0.,0.838076923076923));
#5087=CARTESIAN_POINT('Ctrl Pts',(3.05483333333333,0.0928951494373982,0.858910256410256));
#5088=CARTESIAN_POINT('Ctrl Pts',(2.97820755133542,0.278071657094059,0.900576923076923));
#5089=CARTESIAN_POINT('Ctrl Pts',(2.7,0.393574623378036,0.963076923076923));
#5090=CARTESIAN_POINT('Ctrl Pts',(2.42179244866458,0.278071657094059,1.02557692307692));
#5091=CARTESIAN_POINT('Ctrl Pts',(2.34516666666667,0.0928951494373983,1.06724358974359));
#5092=CARTESIAN_POINT('Ctrl Pts',(2.34516666666667,4.34545505897452E-17,
1.08807692307692));
#5093=CARTESIAN_POINT('Ctrl Pts',(3.0365,0.,0.829615384615385));
#5094=CARTESIAN_POINT('Ctrl Pts',(3.0365,0.0880954939944138,0.850448717948718));
#5095=CARTESIAN_POINT('Ctrl Pts',(2.96383327672438,0.263704403791876,0.892115384615385));
#5096=CARTESIAN_POINT('Ctrl Pts',(2.7,0.373239626397489,0.954615384615385));
#5097=CARTESIAN_POINT('Ctrl Pts',(2.43616672327562,0.263704403791876,1.01711538461538));
#5098=CARTESIAN_POINT('Ctrl Pts',(2.3635,0.0880954939944138,1.05878205128205));
#5099=CARTESIAN_POINT('Ctrl Pts',(2.3635,4.12093647913084E-17,1.07961538461538));
#5100=CARTESIAN_POINT('',(2.3635,4.12093647913084E-17,1.07961538461538));
#5101=CARTESIAN_POINT('Ctrl Pts',(2.3635,4.85722573273506E-17,1.07961538461538));
#5102=CARTESIAN_POINT('Ctrl Pts',(2.3635,0.0880954939944138,1.05878205128205));
#5103=CARTESIAN_POINT('Ctrl Pts',(2.39983336163781,0.175899948893145,1.03794871794872));
#5104=CARTESIAN_POINT('Ctrl Pts',(2.46197225524411,0.238058046776779,1.01711538461538));
#5105=CARTESIAN_POINT('Ctrl Pts',(2.52411114885041,0.300216144660414,0.996282051282051));
#5106=CARTESIAN_POINT('Ctrl Pts',(2.61205557442521,0.336727885528952,0.975448717948718));
#5107=CARTESIAN_POINT('Ctrl Pts',(2.7,0.336727885528952,0.954615384615385));
#5108=CARTESIAN_POINT('Ctrl Pts',(2.7879444255748,0.336727885528952,0.933782051282051));
#5109=CARTESIAN_POINT('Ctrl Pts',(2.87588885114959,0.300216144660414,0.912948717948718));
#5110=CARTESIAN_POINT('Ctrl Pts',(2.93802774475589,0.238058046776779,0.892115384615385));
#5111=CARTESIAN_POINT('Ctrl Pts',(3.00016663836219,0.175899948893145,0.871282051282051));
#5112=CARTESIAN_POINT('Ctrl Pts',(3.0365,0.0880954939944138,0.850448717948718));
#5113=CARTESIAN_POINT('Ctrl Pts',(3.0365,0.,0.829615384615385));
#5114=CARTESIAN_POINT('',(2.3085,4.79449221866188E-17,1.105));
#5115=CARTESIAN_POINT('',(2.3735,3.9984717992161E-17,1.075));
#5116=CARTESIAN_POINT('Ctrl Pts',(3.0915,0.,0.855));
#5117=CARTESIAN_POINT('Ctrl Pts',(3.0915,0.102494460323367,0.875833333333333));
#5118=CARTESIAN_POINT('Ctrl Pts',(3.00695610055749,0.306806163698423,0.9175));
#5119=CARTESIAN_POINT('Ctrl Pts',(2.7,0.434244617339129,0.98));
#5120=CARTESIAN_POINT('Ctrl Pts',(2.39304389944251,0.306806163698423,1.0425));
#5121=CARTESIAN_POINT('Ctrl Pts',(2.3085,0.102494460323367,1.08416666666667));
#5122=CARTESIAN_POINT('Ctrl Pts',(2.3085,4.79449221866188E-17,1.105));
#5123=CARTESIAN_POINT('Origin',(2.7,0.,0.89));
#5124=CARTESIAN_POINT('',(2.3085,4.79449221866188E-17,1.14));
#5125=CARTESIAN_POINT('',(2.3085,4.79449221866188E-17,1.105));
#5126=CARTESIAN_POINT('Ctrl Pts',(3.0915,0.,0.89));
#5127=CARTESIAN_POINT('Ctrl Pts',(3.0915,0.102494460323367,0.910833333333333));
#5128=CARTESIAN_POINT('Ctrl Pts',(3.00695560002201,0.30680618175042,0.952499999999999));
#5129=CARTESIAN_POINT('Ctrl Pts',(2.7,0.434244592529718,1.015));
#5130=CARTESIAN_POINT('Ctrl Pts',(2.39304439997799,0.30680618175042,1.0775));
#5131=CARTESIAN_POINT('Ctrl Pts',(2.3085,0.102494460323367,1.11916666666667));
#5132=CARTESIAN_POINT('Ctrl Pts',(2.3085,4.79449221866188E-17,1.14));
#5133=CARTESIAN_POINT('Ctrl Pts',(3.0365,0.,0.915384615384615));
#5134=CARTESIAN_POINT('Ctrl Pts',(3.0365,0.0880954939944138,0.936217948717949));
#5135=CARTESIAN_POINT('Ctrl Pts',(2.96383284650679,0.263704419307832,0.977884615384616));
#5136=CARTESIAN_POINT('Ctrl Pts',(2.7,0.373239605073436,1.04038461538462));
#5137=CARTESIAN_POINT('Ctrl Pts',(2.43616715349321,0.263704419307832,1.10288461538462));
#5138=CARTESIAN_POINT('Ctrl Pts',(2.3635,0.0880954939944138,1.14455128205128));
#5139=CARTESIAN_POINT('Ctrl Pts',(2.3635,4.12093647913084E-17,1.16538461538462));
#5140=CARTESIAN_POINT('Ctrl Pts',(3.05483333333333,0.,0.906923076923077));
#5141=CARTESIAN_POINT('Ctrl Pts',(3.05483333333333,0.0928951494373982,0.92775641025641));
#5142=CARTESIAN_POINT('Ctrl Pts',(2.97820709767853,0.278071673455361,0.969423076923077));
#5143=CARTESIAN_POINT('Ctrl Pts',(2.7,0.393574600892197,1.03192307692308));
#5144=CARTESIAN_POINT('Ctrl Pts',(2.42179290232147,0.278071673455361,1.09442307692308));
#5145=CARTESIAN_POINT('Ctrl Pts',(2.34516666666667,0.0928951494373982,1.13608974358974));
#5146=CARTESIAN_POINT('Ctrl Pts',(2.34516666666667,4.34545505897452E-17,
1.15692307692308));
#5147=CARTESIAN_POINT('Ctrl Pts',(3.07316666666667,0.,0.898461538461538));
#5148=CARTESIAN_POINT('Ctrl Pts',(3.07316666666667,0.0976948048803826,0.919294871794872));
#5149=CARTESIAN_POINT('Ctrl Pts',(2.99258134885027,0.292438927602891,0.960961538461538));
#5150=CARTESIAN_POINT('Ctrl Pts',(2.7,0.413909596710958,1.02346153846154));
#5151=CARTESIAN_POINT('Ctrl Pts',(2.40741865114973,0.29243892760289,1.08596153846154));
#5152=CARTESIAN_POINT('Ctrl Pts',(2.32683333333333,0.0976948048803826,1.12762820512821));
#5153=CARTESIAN_POINT('Ctrl Pts',(2.32683333333333,4.5699736388182E-17,
1.14846153846154));
#5154=CARTESIAN_POINT('Ctrl Pts',(3.0915,0.,0.89));
#5155=CARTESIAN_POINT('Ctrl Pts',(3.0915,0.102494460323367,0.910833333333333));
#5156=CARTESIAN_POINT('Ctrl Pts',(3.00695560002201,0.30680618175042,0.952499999999999));
#5157=CARTESIAN_POINT('Ctrl Pts',(2.7,0.434244592529718,1.015));
#5158=CARTESIAN_POINT('Ctrl Pts',(2.39304439997799,0.30680618175042,1.0775));
#5159=CARTESIAN_POINT('Ctrl Pts',(2.3085,0.102494460323367,1.11916666666667));
#5160=CARTESIAN_POINT('Ctrl Pts',(2.3085,4.79449221866188E-17,1.14));
#5161=CARTESIAN_POINT('',(2.3635,4.12093647913084E-17,1.16538461538462));
#5162=CARTESIAN_POINT('Ctrl Pts',(3.0365,0.,0.915384615384615));
#5163=CARTESIAN_POINT('Ctrl Pts',(3.0365,0.0880954939944138,0.936217948717949));
#5164=CARTESIAN_POINT('Ctrl Pts',(2.96383284650679,0.263704419307832,0.977884615384616));
#5165=CARTESIAN_POINT('Ctrl Pts',(2.7,0.373239605073436,1.04038461538462));
#5166=CARTESIAN_POINT('Ctrl Pts',(2.43616715349321,0.263704419307832,1.10288461538462));
#5167=CARTESIAN_POINT('Ctrl Pts',(2.3635,0.0880954939944138,1.14455128205128));
#5168=CARTESIAN_POINT('Ctrl Pts',(2.3635,4.12093647913084E-17,1.16538461538462));
#5169=CARTESIAN_POINT('',(2.3085,4.79449221866188E-17,1.14));
#5170=CARTESIAN_POINT('Origin',(2.34813819742608,4.3090643026437E-17,1.1225));
#5171=CARTESIAN_POINT('',(2.3635,4.12093647913085E-17,0.3));
#5172=CARTESIAN_POINT('Origin',(2.7,0.,0.3));
#5173=CARTESIAN_POINT('',(3.0365,4.12093647913084E-17,1.2));
#5174=CARTESIAN_POINT('Origin',(2.7,0.,1.2));
#5175=CARTESIAN_POINT('',(3.0365,4.12093647913084E-17,0.3));
#5176=CARTESIAN_POINT('',(3.0365,4.12093647913084E-17,0.3));
#5177=CARTESIAN_POINT('',(3.0365,-4.12093647913084E-17,0.6));
#5178=CARTESIAN_POINT('',(3.0365,4.12093647913084E-17,0.3));
#5179=CARTESIAN_POINT('Origin',(2.7,0.,0.6));
#5180=CARTESIAN_POINT('Origin',(2.7,6.87359475374663E-18,1.2));
#5181=CARTESIAN_POINT('Origin',(2.7,0.,0.3));
#5182=CARTESIAN_POINT('',(3.2,6.12323399573677E-17,0.6));
#5183=CARTESIAN_POINT('Origin',(2.7,0.,0.6));
#5184=CARTESIAN_POINT('',(3.2,6.12323399573677E-17,0.3));
#5185=CARTESIAN_POINT('',(3.2,6.12323399573677E-17,0.3));
#5186=CARTESIAN_POINT('Origin',(2.7,0.,0.3));
#5187=CARTESIAN_POINT('Origin',(2.7,0.,0.6));
#5188=CARTESIAN_POINT('Origin',(0.,0.,0.3));
#5189=CARTESIAN_POINT('',(1.2,1.46957615897682E-16,0.3));
#5190=CARTESIAN_POINT('',(1.2,1.46957615897682E-16,0.3));
#5191=CARTESIAN_POINT('Origin',(0.,0.,0.3));
#5192=CARTESIAN_POINT('Origin',(3.025,1.35,0.));
#5193=CARTESIAN_POINT('',(3.025,-1.25,-0.025));
#5194=CARTESIAN_POINT('',(3.025,-1.25,-0.0125));
#5195=CARTESIAN_POINT('',(3.025,1.25,-0.025));
#5196=CARTESIAN_POINT('',(3.025,1.25,-0.0125));
#5197=CARTESIAN_POINT('',(3.025,0.675,-0.025));
#5198=CARTESIAN_POINT('Origin',(-3.025,-1.35,0.));
#5199=CARTESIAN_POINT('',(-3.025,-1.25,-0.025));
#5200=CARTESIAN_POINT('',(-3.025,-1.25,-0.0125));
#5201=CARTESIAN_POINT('',(-3.025,1.25,-0.025));
#5202=CARTESIAN_POINT('',(-3.025,-0.675,-0.025));
#5203=CARTESIAN_POINT('',(-3.025,1.25,-0.0125));
#5204=CARTESIAN_POINT('Origin',(3.75,1.25,-0.025));
#5205=CARTESIAN_POINT('',(-3.65,1.25,-0.025));
#5206=CARTESIAN_POINT('',(3.75,1.25,-0.025));
#5207=CARTESIAN_POINT('',(-3.65,1.25,0.3));
#5208=CARTESIAN_POINT('',(-3.65,1.25,-0.025));
#5209=CARTESIAN_POINT('',(3.65,1.25,0.3));
#5210=CARTESIAN_POINT('',(3.75,1.25,0.3));
#5211=CARTESIAN_POINT('',(3.65,1.25,-0.025));
#5212=CARTESIAN_POINT('',(3.65,1.25,-0.025));
#5213=CARTESIAN_POINT('',(3.75,1.25,-0.025));
#5214=CARTESIAN_POINT('Origin',(0.,0.,-0.025));
#5215=CARTESIAN_POINT('',(-3.65,-1.25,-0.025));
#5216=CARTESIAN_POINT('',(-3.75,-1.25,-0.025));
#5217=CARTESIAN_POINT('',(-3.75,-1.15,-0.025));
#5218=CARTESIAN_POINT('Origin',(-3.65,-1.15,-0.025));
#5219=CARTESIAN_POINT('',(-3.75,1.15,-0.025));
#5220=CARTESIAN_POINT('',(-3.75,1.25,-0.025));
#5221=CARTESIAN_POINT('Origin',(-3.65,1.15,-0.025));
#5222=CARTESIAN_POINT('Origin',(0.,0.,-0.025));
#5223=CARTESIAN_POINT('',(3.75,1.15,-0.025));
#5224=CARTESIAN_POINT('Origin',(3.65,1.15,-0.025));
#5225=CARTESIAN_POINT('',(3.75,-1.15,-0.025));
#5226=CARTESIAN_POINT('',(3.75,-1.25,-0.025));
#5227=CARTESIAN_POINT('',(3.65,-1.25,-0.025));
#5228=CARTESIAN_POINT('Origin',(3.65,-1.15,-0.025));
#5229=CARTESIAN_POINT('',(-3.75,-1.25,-0.025));
#5230=CARTESIAN_POINT('Origin',(3.65,-1.15,-0.025));
#5231=CARTESIAN_POINT('',(3.75,-1.15,0.3));
#5232=CARTESIAN_POINT('',(3.65,-1.25,0.3));
#5233=CARTESIAN_POINT('Origin',(3.65,-1.15,0.3));
#5234=CARTESIAN_POINT('',(3.65,-1.25,-0.025));
#5235=CARTESIAN_POINT('',(3.75,-1.15,-0.025));
#5236=CARTESIAN_POINT('Origin',(-3.75,-1.25,-0.025));
#5237=CARTESIAN_POINT('',(-3.65,-1.25,0.3));
#5238=CARTESIAN_POINT('',(-3.75,-1.25,0.3));
#5239=CARTESIAN_POINT('',(-3.65,-1.25,-0.025));
#5240=CARTESIAN_POINT('Origin',(0.,0.,0.3));
#5241=CARTESIAN_POINT('',(3.75,1.15,0.3));
#5242=CARTESIAN_POINT('',(3.75,-1.25,0.3));
#5243=CARTESIAN_POINT('Origin',(3.65,1.15,0.3));
#5244=CARTESIAN_POINT('',(-3.75,1.15,0.3));
#5245=CARTESIAN_POINT('Origin',(-3.65,1.15,0.3));
#5246=CARTESIAN_POINT('',(-3.75,-1.15,0.3));
#5247=CARTESIAN_POINT('',(-3.75,1.25,0.3));
#5248=CARTESIAN_POINT('Origin',(-3.65,-1.15,0.3));
#5249=CARTESIAN_POINT('Origin',(3.65,1.15,-0.025));
#5250=CARTESIAN_POINT('',(3.75,1.15,-0.025));
#5251=CARTESIAN_POINT('Origin',(-3.65,1.15,-0.025));
#5252=CARTESIAN_POINT('',(-3.75,1.15,-0.025));
#5253=CARTESIAN_POINT('Origin',(-3.65,-1.15,-0.025));
#5254=CARTESIAN_POINT('',(-3.75,-1.15,-0.025));
#5255=CARTESIAN_POINT('Origin',(-3.75,1.25,-0.025));
#5256=CARTESIAN_POINT('Origin',(3.75,-1.25,-0.025));
#5257=CARTESIAN_POINT('',(0.,0.,0.));
#5258=CARTESIAN_POINT('Origin',(0.,0.,0.47));
#5259=CARTESIAN_POINT('',(0.974920797466828,-8.17293413141184E-6,0.7213985));
#5260=CARTESIAN_POINT('',(0.975056993533074,-1.38604765491319E-5,0.70264570625));
#5261=CARTESIAN_POINT('',(0.975,1.19403062916867E-16,0.47));
#5262=CARTESIAN_POINT('',(-0.437228392495013,0.871467918397589,0.62));
#5263=CARTESIAN_POINT('Ctrl Pts',(0.974920797466828,-8.17293413141184E-6,
0.7213985));
#5264=CARTESIAN_POINT('Ctrl Pts',(0.974941956854271,-0.0722212058778066,
0.719630715625));
#5265=CARTESIAN_POINT('Ctrl Pts',(0.967025895898179,-0.144429671370607,
0.71786293125));
#5266=CARTESIAN_POINT('Ctrl Pts',(0.951123334753825,-0.21483419398359,0.716095146875));
#5267=CARTESIAN_POINT('Ctrl Pts',(0.91539799214166,-0.37299901215111,0.712123792708333));
#5268=CARTESIAN_POINT('Ctrl Pts',(0.839366142573135,-0.522059637678514,
0.708152438541667));
#5269=CARTESIAN_POINT('Ctrl Pts',(0.732300961912981,-0.643835893637886,
0.704181084375));
#5270=CARTESIAN_POINT('Ctrl Pts',(0.625235781252829,-0.765612149597257,
0.700209730208334));
#5271=CARTESIAN_POINT('Ctrl Pts',(0.48713726950105,-0.860104035988595,0.696238376041667));
#5272=CARTESIAN_POINT('Ctrl Pts',(0.334848655841015,-0.915786919711827,
0.692267021875));
#5273=CARTESIAN_POINT('Ctrl Pts',(0.182560042180981,-0.97146980343506,0.688295667708334));
#5274=CARTESIAN_POINT('Ctrl Pts',(0.0160813266126907,-0.988343684490187,
0.684324313541667));
#5275=CARTESIAN_POINT('Ctrl Pts',(-0.144283088092118,-0.964350437164831,
0.680352959375));
#5276=CARTESIAN_POINT('Ctrl Pts',(-0.304647502796927,-0.940357189839475,
0.676381605208334));
#5277=CARTESIAN_POINT('Ctrl Pts',(-0.458897616638255,-0.875496814133638,
0.672410251041667));
#5278=CARTESIAN_POINT('Ctrl Pts',(-0.588220053337572,-0.777680209163836,
0.668438896875));
#5279=CARTESIAN_POINT('Ctrl Pts',(-0.717542490036889,-0.679863604194034,
0.664467542708333));
#5280=CARTESIAN_POINT('Ctrl Pts',(-0.821937249594196,-0.549090769960268,
0.660496188541667));
#5281=CARTESIAN_POINT('Ctrl Pts',(-0.888672434755121,-0.401310952222171,
0.656524834375));
#5282=CARTESIAN_POINT('Ctrl Pts',(-0.955407619916047,-0.253531134484074,
0.652553480208334));
#5283=CARTESIAN_POINT('Ctrl Pts',(-0.984483230680591,-0.088744333241645,
0.648582126041667));
#5284=CARTESIAN_POINT('Ctrl Pts',(-0.972351865354689,0.0729503682378482,
0.644610771875));
#5285=CARTESIAN_POINT('Ctrl Pts',(-0.960220500028787,0.234645069717341,
0.640639417708334));
#5286=CARTESIAN_POINT('Ctrl Pts',(-0.906882158612439,0.393247671433899,
0.636668063541667));
#5287=CARTESIAN_POINT('Ctrl Pts',(-0.818844683699896,0.529416051219358,
0.632696709375));
#5288=CARTESIAN_POINT('Ctrl Pts',(-0.730807208787353,0.665584431004817,
0.628725355208334));
#5289=CARTESIAN_POINT('Ctrl Pts',(-0.608070600378615,0.779318588859176,
0.624754001041667));
#5290=CARTESIAN_POINT('Ctrl Pts',(-0.465599437272646,0.856743268038763,
0.620782646875));
#5291=CARTESIAN_POINT('Ctrl Pts',(-0.456240361761459,0.861829373908006,
0.620521764583334));
#5292=CARTESIAN_POINT('Ctrl Pts',(-0.446796125536249,0.866758793134089,
0.620260882291667));
#5293=CARTESIAN_POINT('Ctrl Pts',(-0.437272339610434,0.871530106321726,
0.62));
#5294=CARTESIAN_POINT('',(-0.92542396236341,0.306945418411166,0.62));
#5295=CARTESIAN_POINT('Origin',(0.,0.,0.62));
#5296=CARTESIAN_POINT('Ctrl Pts',(-0.92542396236341,0.306945418411167,0.62));
#5297=CARTESIAN_POINT('Ctrl Pts',(-0.97531281382783,0.156533208843278,0.623880196692709));
#5298=CARTESIAN_POINT('Ctrl Pts',(-1.00034114167784,-0.168930867119347,
0.631640590078125));
#5299=CARTESIAN_POINT('Ctrl Pts',(-0.804562602399794,-0.617951844619594,
0.64328118015625));
#5300=CARTESIAN_POINT('Ctrl Pts',(-0.421309661502572,-0.922858508273631,
0.654921770234376));
#5301=CARTESIAN_POINT('Ctrl Pts',(0.0601678834328035,-1.01270489712439,
0.6665623603125));
#5302=CARTESIAN_POINT('Ctrl Pts',(0.527608898928926,-0.866490137191324,
0.678202950390626));
#5303=CARTESIAN_POINT('Ctrl Pts',(0.872080904856175,-0.518323317056396,
0.68984354046875));
#5304=CARTESIAN_POINT('Ctrl Pts',(0.970913724426671,-0.190068884769362,
0.697991125755208));
#5305=CARTESIAN_POINT('Ctrl Pts',(0.975068318144072,-0.0158241048230555,
0.702258514348958));
#5306=CARTESIAN_POINT('Ctrl Pts',(0.975056993533074,-1.38604765491379E-5,
0.70264570625));
#5307=CARTESIAN_POINT('Origin',(0.,0.,0.47));
#5308=CARTESIAN_POINT('',(0.975081143099074,-6.1546791954685E-6,0.8713985));
#5309=CARTESIAN_POINT('',(0.975076041321533,2.18723029261676E-6,0.85264570625));
#5310=CARTESIAN_POINT('',(0.975,1.19403062916867E-16,0.47));
#5311=CARTESIAN_POINT('Ctrl Pts',(0.975081143099074,-6.1546791954685E-6,
0.8713985));
#5312=CARTESIAN_POINT('Ctrl Pts',(0.97508306830077,-0.00572973430237044,
0.871258319791667));
#5313=CARTESIAN_POINT('Ctrl Pts',(0.975033723539974,-0.0114532800603097,
0.871118139583334));
#5314=CARTESIAN_POINT('Ctrl Pts',(0.974932902560507,-0.0171759183744948,
0.870977959375));
#5315=CARTESIAN_POINT('Ctrl Pts',(0.972076609067612,-0.179300256635753,
0.867006605208333));
#5316=CARTESIAN_POINT('Ctrl Pts',(0.927905057153698,-0.340696272689671,
0.863035251041667));
#5317=CARTESIAN_POINT('Ctrl Pts',(0.847805253321498,-0.481679967731723,
0.859063896875));
#5318=CARTESIAN_POINT('Ctrl Pts',(0.767705449489298,-0.622663662773776,
0.855092542708333));
#5319=CARTESIAN_POINT('Ctrl Pts',(0.651677393738812,-0.743235036803963,
0.851121188541667));
#5320=CARTESIAN_POINT('Ctrl Pts',(0.513872607315745,-0.828688312105291,
0.847149834375));
#5321=CARTESIAN_POINT('Ctrl Pts',(0.376067820892678,-0.914141587406619,
0.843178480208333));
#5322=CARTESIAN_POINT('Ctrl Pts',(0.216486303797031,-0.964476763979089,
0.839207126041667));
#5323=CARTESIAN_POINT('Ctrl Pts',(0.0545912968090778,-0.973554875159338,
0.835235771875));
#5324=CARTESIAN_POINT('Ctrl Pts',(-0.107303710178875,-0.982632986339588,
0.831264417708333));
#5325=CARTESIAN_POINT('Ctrl Pts',(-0.271512207059134,-0.950454032127617,
0.827293063541667));
#5326=CARTESIAN_POINT('Ctrl Pts',(-0.418006491526351,-0.880942637063846,
0.823321709375));
#5327=CARTESIAN_POINT('Ctrl Pts',(-0.564500775993567,-0.811431242000076,
0.819350355208333));
#5328=CARTESIAN_POINT('Ctrl Pts',(-0.693280848047741,-0.704587406084507,
0.815379001041667));
#5329=CARTESIAN_POINT('Ctrl Pts',(-0.788640091797186,-0.573442354930243,
0.811407646875));
#5330=CARTESIAN_POINT('Ctrl Pts',(-0.883999335546632,-0.442297303775978,
0.807436292708334));
#5331=CARTESIAN_POINT('Ctrl Pts',(-0.945937750991348,-0.286851037383019,
0.803464938541667));
#5332=CARTESIAN_POINT('Ctrl Pts',(-0.966901020435289,-0.126062512156937,
0.799493584375));
#5333=CARTESIAN_POINT('Ctrl Pts',(-0.987864289879229,0.0347260130691451,
0.795522230208333));
#5334=CARTESIAN_POINT('Ctrl Pts',(-0.967852413322394,0.200856797128351,
0.791550876041667));
#5335=CARTESIAN_POINT('Ctrl Pts',(-0.909306140501138,0.352067720919776,
0.787579521875001));
#5336=CARTESIAN_POINT('Ctrl Pts',(-0.850759867679883,0.5032786447112,0.783608167708334));
#5337=CARTESIAN_POINT('Ctrl Pts',(-0.753679198594207,0.639569708234844,
0.779636813541667));
#5338=CARTESIAN_POINT('Ctrl Pts',(-0.629904556787105,0.744318202240862,
0.775665459375));
#5339=CARTESIAN_POINT('Ctrl Pts',(-0.506129914980002,0.84906669624688,0.771694105208333));
#5340=CARTESIAN_POINT('Ctrl Pts',(-0.355661300451473,0.922272620735272,
0.767722751041667));
#5341=CARTESIAN_POINT('Ctrl Pts',(-0.196850589844536,0.955007425939383,
0.763751396875));
#5342=CARTESIAN_POINT('Ctrl Pts',(-0.0380398792375995,0.987742231143494,
0.759780042708334));
#5343=CARTESIAN_POINT('Ctrl Pts',(0.129112927447745,0.980005917063325,0.755808688541667));
#5344=CARTESIAN_POINT('Ctrl Pts',(0.284221068071826,0.932742044357569,0.751837334375));
#5345=CARTESIAN_POINT('Ctrl Pts',(0.439329208695906,0.885478171651813,0.747865980208333));
#5346=CARTESIAN_POINT('Ctrl Pts',(0.582392683258723,0.79868674032047,0.743894626041667));
#5347=CARTESIAN_POINT('Ctrl Pts',(0.695962785682807,0.682953247456477,0.739923271875));
#5348=CARTESIAN_POINT('Ctrl Pts',(0.809532888106891,0.567219754592483,0.735951917708334));
#5349=CARTESIAN_POINT('Ctrl Pts',(0.893609618392243,0.422544200195839,0.731980563541667));
#5350=CARTESIAN_POINT('Ctrl Pts',(0.937938565707018,0.2665719175937,0.728009209375));
#5351=CARTESIAN_POINT('Ctrl Pts',(0.962535195748003,0.180028185693844,0.725805639583334));
#5352=CARTESIAN_POINT('Ctrl Pts',(0.974894421972374,0.0900064579279164,
0.723602069791667));
#5353=CARTESIAN_POINT('Ctrl Pts',(0.974920797466828,-8.17293413141184E-6,
0.7213985));
#5354=CARTESIAN_POINT('Ctrl Pts',(0.975056993533074,-1.38604765491379E-5,
0.70264570625));
#5355=CARTESIAN_POINT('Ctrl Pts',(0.974954829927961,0.142616342043721,0.706138711041667));
#5356=CARTESIAN_POINT('Ctrl Pts',(0.908035409201204,0.443779131259559,0.713511912526042));
#5357=CARTESIAN_POINT('Ctrl Pts',(0.609301138474019,0.811131304826136,0.724765310703126));
#5358=CARTESIAN_POINT('Ctrl Pts',(0.158272716418538,1.002063563288,0.73640590078125));
#5359=CARTESIAN_POINT('Ctrl Pts',(-0.329646135514055,0.959434864923784,
0.748046490859375));
#5360=CARTESIAN_POINT('Ctrl Pts',(-0.740730887959748,0.693180691630417,
0.7596870809375));
#5361=CARTESIAN_POINT('Ctrl Pts',(-0.97916593239606,0.265359847769237,0.771327671015625));
#5362=CARTESIAN_POINT('Ctrl Pts',(-0.989376698403721,-0.224311174529118,
0.78296826109375));
#5363=CARTESIAN_POINT('Ctrl Pts',(-0.768983290905044,-0.661699671505272,
0.794608851171876));
#5364=CARTESIAN_POINT('Ctrl Pts',(-0.369355047725822,-0.944859041182263,
0.806249441250001));
#5365=CARTESIAN_POINT('Ctrl Pts',(0.116362565694477,-1.00779040970869,0.817890031328125));
#5366=CARTESIAN_POINT('Ctrl Pts',(0.574958362640384,-0.835825723106226,
0.829530621406251));
#5367=CARTESIAN_POINT('Ctrl Pts',(0.897998918885507,-0.47079103253253,0.841115846380208));
#5368=CARTESIAN_POINT('Ctrl Pts',(0.975054903480194,-0.156168642332651,
0.848820874661458));
#5369=CARTESIAN_POINT('Ctrl Pts',(0.975076041321533,2.18723029259214E-6,
0.85264570625));
#5370=CARTESIAN_POINT('Origin',(0.,0.,0.468272103125));
#5371=CARTESIAN_POINT('',(-0.893744923662886,3.84179986132214E-5,0.993272103125));
#5372=CARTESIAN_POINT('',(-0.893758278829664,3.39549199298572E-5,1.030772103125));
#5373=CARTESIAN_POINT('',(-0.8938125,-1.09460461716289E-16,0.468272103125));
#5374=CARTESIAN_POINT('',(-0.844367192730876,-0.293163485100087,1.00125));
#5375=CARTESIAN_POINT('Ctrl Pts',(-0.893744923662886,3.84179986132396E-5,
0.993272103125));
#5376=CARTESIAN_POINT('Ctrl Pts',(-0.893646465860358,-0.0995200900940517,
0.995931402083334));
#5377=CARTESIAN_POINT('Ctrl Pts',(-0.877023392842231,-0.199107351186042,
0.998590701041667));
#5378=CARTESIAN_POINT('Ctrl Pts',(-0.844367192730876,-0.293163485100087,
1.00125));
#5379=CARTESIAN_POINT('',(-0.844367192730876,-0.293163485100087,1.03875));
#5380=CARTESIAN_POINT('',(-0.844367192730876,-0.293163485100087,1.03875));
#5381=CARTESIAN_POINT('Ctrl Pts',(-0.893758278829664,3.39549199298642E-5,
1.030772103125));
#5382=CARTESIAN_POINT('Ctrl Pts',(-0.893661622978323,-0.0995229504489701,
1.03343140208333));
#5383=CARTESIAN_POINT('Ctrl Pts',(-0.877023392842231,-0.199107351186042,
1.03609070104167));
#5384=CARTESIAN_POINT('Ctrl Pts',(-0.844367192730876,-0.293163485100087,
1.03875));
#5385=CARTESIAN_POINT('Origin',(0.,0.,0.468272103125));
#5386=CARTESIAN_POINT('',(-0.893799317200787,-2.3119109053487E-5,0.843272103125));
#5387=CARTESIAN_POINT('',(-0.893748752941864,8.55401858373961E-6,0.880772103125));
#5388=CARTESIAN_POINT('',(-0.8938125,-1.09460461716289E-16,0.468272103125));
#5389=CARTESIAN_POINT('Ctrl Pts',(-0.893799317200787,-2.31191090535182E-5,
0.843272103125));
#5390=CARTESIAN_POINT('Ctrl Pts',(-0.893837753794198,-0.0386506162049549,
0.844303797916666));
#5391=CARTESIAN_POINT('Ctrl Pts',(-0.881921006214773,-0.225945316384259,
0.849306846874999));
#5392=CARTESIAN_POINT('Ctrl Pts',(-0.753608539639583,-0.547969922883715,
0.858281250000001));
#5393=CARTESIAN_POINT('Ctrl Pts',(-0.399438576092131,-0.841811018543055,
0.8701953125));
#5394=CARTESIAN_POINT('Ctrl Pts',(0.0521663688856724,-0.9303093308864,0.882109375));
#5395=CARTESIAN_POINT('Ctrl Pts',(0.49104622965199,-0.79187791547046,0.8940234375));
#5396=CARTESIAN_POINT('Ctrl Pts',(0.810145696053472,-0.460283450084747,
0.9059375));
#5397=CARTESIAN_POINT('Ctrl Pts',(0.931625958345947,-0.0164133682410782,
0.917851562499999));
#5398=CARTESIAN_POINT('Ctrl Pts',(0.825856408838816,0.431462765866887,0.929765625000001));
#5399=CARTESIAN_POINT('Ctrl Pts',(0.518633250319882,0.774087577882017,0.941679687499999));
#5400=CARTESIAN_POINT('Ctrl Pts',(0.0849057020743935,0.927899203538108,
0.953593750000001));
#5401=CARTESIAN_POINT('Ctrl Pts',(-0.369544309980585,0.855348973685533,
0.965507812499999));
#5402=CARTESIAN_POINT('Ctrl Pts',(-0.733828063277658,0.574194084124831,
0.977421875));
#5403=CARTESIAN_POINT('Ctrl Pts',(-0.877791039121425,0.246930426956925,
0.986676638541667));
#5404=CARTESIAN_POINT('Ctrl Pts',(-0.89379350115441,0.0491589798923948,
0.991960047916667));
#5405=CARTESIAN_POINT('Ctrl Pts',(-0.893744923662886,3.84179986132396E-5,
0.993272103125));
#5406=CARTESIAN_POINT('Ctrl Pts',(-0.893748752941864,8.55401858378124E-6,
0.880772103125));
#5407=CARTESIAN_POINT('Ctrl Pts',(-0.893719579458385,-0.0830016885004461,
0.882988845078125));
#5408=CARTESIAN_POINT('Ctrl Pts',(-0.862147525192725,-0.31133524342159,
0.889085783723958));
#5409=CARTESIAN_POINT('Ctrl Pts',(-0.670143064281678,-0.644847080139857,
0.8990629190625));
#5410=CARTESIAN_POINT('Ctrl Pts',(-0.289929251475195,-0.883663176333528,
0.910703509140625));
#5411=CARTESIAN_POINT('Ctrl Pts',(0.15786142957118,-0.916514693562156,0.92234409921875));
#5412=CARTESIAN_POINT('Ctrl Pts',(0.568857562481607,-0.735744985849609,
0.933984689296875));
#5413=CARTESIAN_POINT('Ctrl Pts',(0.847264555265803,-0.383487106603027,
0.945625279375));
#5414=CARTESIAN_POINT('Ctrl Pts',(0.928190227760656,0.0581529683867524,
0.957265869453125));
#5415=CARTESIAN_POINT('Ctrl Pts',(0.792774434838516,0.48624092221512,0.96890645953125));
#5416=CARTESIAN_POINT('Ctrl Pts',(0.472575812771718,0.800991283793614,0.980547049609375));
#5417=CARTESIAN_POINT('Ctrl Pts',(0.0422346659772457,0.929055346732548,
0.9921876396875));
#5418=CARTESIAN_POINT('Ctrl Pts',(-0.397961831962762,0.840556795485695,
1.00382822976563));
#5419=CARTESIAN_POINT('Ctrl Pts',(-0.745378289236672,0.556177881252901,
1.01546881984375));
#5420=CARTESIAN_POINT('Ctrl Pts',(-0.879420555682965,0.236687897466584,
1.02445011096354));
#5421=CARTESIAN_POINT('Ctrl Pts',(-0.893802654024692,0.0457410386704753,
1.02955120539063));
#5422=CARTESIAN_POINT('Ctrl Pts',(-0.893758278829664,3.39549199298642E-5,
1.030772103125));
#5423=CARTESIAN_POINT('Origin',(0.,0.,0.468272103125));
#5424=CARTESIAN_POINT('',(-0.89385050536991,1.98046939149468E-5,0.693272103125));
#5425=CARTESIAN_POINT('',(-0.893745136347772,-5.22732815261273E-6,0.730772103125));
#5426=CARTESIAN_POINT('',(-0.8938125,-1.09460461716289E-16,0.468272103125));
#5427=CARTESIAN_POINT('Ctrl Pts',(-0.89385050536991,1.98046939149238E-5,
0.693272103125));
#5428=CARTESIAN_POINT('Ctrl Pts',(-0.89372962765479,-0.126338854641605,
0.696647547916667));
#5429=CARTESIAN_POINT('Ctrl Pts',(-0.834836801854995,-0.401473671219618,
0.703994346875));
#5430=CARTESIAN_POINT('Ctrl Pts',(-0.562091390614648,-0.743135365766409,
0.7153125));
#5431=CARTESIAN_POINT('Ctrl Pts',(-0.137873914067565,-0.921513872106636,
0.727226562500001));
#5432=CARTESIAN_POINT('Ctrl Pts',(0.31997456888284,-0.875107454227912,0.739140625));
#5433=CARTESIAN_POINT('Ctrl Pts',(0.699772033606341,-0.615236595135117,
0.7510546875));
#5434=CARTESIAN_POINT('Ctrl Pts',(0.908874241429318,-0.205291209429848,
0.762968750000001));
#5435=CARTESIAN_POINT('Ctrl Pts',(0.896275158489635,0.254730737408609,0.774882812499999));
#5436=CARTESIAN_POINT('Ctrl Pts',(0.665047981602937,0.652616334221379,0.786796875000001));
#5437=CARTESIAN_POINT('Ctrl Pts',(0.271595914348546,0.891309461042444,0.798710937499999));
#5438=CARTESIAN_POINT('Ctrl Pts',(-0.188106448806668,0.912585812515616,
0.810625000000001));
#5439=CARTESIAN_POINT('Ctrl Pts',(-0.601924075032147,0.711255442110138,
0.8225390625));
#5440=CARTESIAN_POINT('Ctrl Pts',(-0.845794618545582,0.368886811459246,
0.833421430208335));
#5441=CARTESIAN_POINT('Ctrl Pts',(-0.893689797900043,0.110040133015453,
0.84033244375));
#5442=CARTESIAN_POINT('Ctrl Pts',(-0.893799317200787,-2.31191090535182E-5,
0.843272103125));
#5443=CARTESIAN_POINT('Ctrl Pts',(-0.893745136347772,-5.22732815259191E-6,
0.730772103125));
#5444=CARTESIAN_POINT('Ctrl Pts',(-0.89375932886181,-0.0664438270940545,
0.732546288072917));
#5445=CARTESIAN_POINT('Ctrl Pts',(-0.870438794609907,-0.278175863146703,
0.738200669713542));
#5446=CARTESIAN_POINT('Ctrl Pts',(-0.70495064379699,-0.606600448858775,
0.747735248046875));
#5447=CARTESIAN_POINT('Ctrl Pts',(-0.33859913702096,-0.866181355637663,
0.759375838125));
#5448=CARTESIAN_POINT('Ctrl Pts',(0.106673144358764,-0.923872477515644,
0.771016428203125));
#5449=CARTESIAN_POINT('Ctrl Pts',(0.527082022058982,-0.766227158086034,
0.78265701828125));
#5450=CARTESIAN_POINT('Ctrl Pts',(0.824638481022213,-0.429989407667393,
0.794297608359375));
#5451=CARTESIAN_POINT('Ctrl Pts',(0.929987983525417,0.0064703880852101,
0.8059381984375));
#5452=CARTESIAN_POINT('Ctrl Pts',(0.818575638809361,0.44142206405732,0.817578788515626));
#5453=CARTESIAN_POINT('Ctrl Pts',(0.516369466506425,0.773486968103701,0.829219378593749));
#5454=CARTESIAN_POINT('Ctrl Pts',(0.0938077607805338,0.925267322699566,
0.840859968671876));
#5455=CARTESIAN_POINT('Ctrl Pts',(-0.350618681619269,0.861386125117652,
0.85250055875));
#5456=CARTESIAN_POINT('Ctrl Pts',(-0.713322830705589,0.596732816208077,
0.864141148828125));
#5457=CARTESIAN_POINT('Ctrl Pts',(-0.872356510623284,0.269877914763049,
0.873564996953125));
#5458=CARTESIAN_POINT('Ctrl Pts',(-0.893770644876238,0.0622998735641778,
0.879108648385417));
#5459=CARTESIAN_POINT('Ctrl Pts',(-0.893748752941864,8.55401858378124E-6,
0.880772103125));
#5460=CARTESIAN_POINT('Origin',(1.10865543901354,-0.459220118838108,1.3));
#5461=CARTESIAN_POINT('',(1.09199585735806,-0.360617591796129,1.3));
#5462=CARTESIAN_POINT('',(1.14304105071946,-0.365317883999899,1.25));
#5463=CARTESIAN_POINT('Ctrl Pts',(1.09199585735806,-0.360617591796129,1.3));
#5464=CARTESIAN_POINT('Ctrl Pts',(1.09484297038209,-0.360136552279909,1.29744733537758));
#5465=CARTESIAN_POINT('Ctrl Pts',(1.09769281233569,-0.359782027462068,1.29485005128565));
#5466=CARTESIAN_POINT('Ctrl Pts',(1.11411867053061,-0.358443219470306,1.27965212073124));
#5467=CARTESIAN_POINT('Ctrl Pts',(1.12745464866364,-0.360246204042951,1.26639055752304));
#5468=CARTESIAN_POINT('Ctrl Pts',(1.13909167846167,-0.363964487360194,1.25417392568986));
#5469=CARTESIAN_POINT('Ctrl Pts',(1.14040544038405,-0.364384262777426,1.25279472962345));
#5470=CARTESIAN_POINT('Ctrl Pts',(1.14172280622147,-0.364835162331782,1.25140262869536));
#5471=CARTESIAN_POINT('Ctrl Pts',(1.14304105071946,-0.365317883999899,1.25));
#5472=CARTESIAN_POINT('',(1.0271528203397,-0.517162531191297,1.3));
#5473=CARTESIAN_POINT('Origin',(1.10865543901354,-0.459220118838108,1.3));
#5474=CARTESIAN_POINT('',(1.06657083120337,-0.549933325073276,1.25));
#5475=CARTESIAN_POINT('Ctrl Pts',(1.06657083120337,-0.549933325073276,1.25));
#5476=CARTESIAN_POINT('Ctrl Pts',(1.06529735581464,-0.549342521214443,1.25140262869536));
#5477=CARTESIAN_POINT('Ctrl Pts',(1.06404700336517,-0.548729837030015,1.25279472962345));
#5478=CARTESIAN_POINT('Ctrl Pts',(1.05196336132584,-0.542498293774877,1.26639055752304));
#5479=CARTESIAN_POINT('Ctrl Pts',(1.04125849813652,-0.534343235820942,1.27965212073124));
#5480=CARTESIAN_POINT('Ctrl Pts',(1.03059034262977,-0.521781719894823,1.29485005128565));
#5481=CARTESIAN_POINT('Ctrl Pts',(1.02882588696187,-0.519515890421335,1.29744733537758));
#5482=CARTESIAN_POINT('Ctrl Pts',(1.02715282033971,-0.517162531191297,1.3));
#5483=CARTESIAN_POINT('',(1.06657083120337,-0.549933325073276,1.));
#5484=CARTESIAN_POINT('',(1.06657083120337,-0.549933325073276,1.3));
#5485=CARTESIAN_POINT('',(1.14304105071946,-0.365317883999899,1.));
#5486=CARTESIAN_POINT('Origin',(1.10865543901354,-0.459220118838108,1.));
#5487=CARTESIAN_POINT('',(1.14304105071946,-0.365317883999899,1.3));
#5488=CARTESIAN_POINT('Origin',(0.848528137423856,-0.848528137423858,1.3));
#5489=CARTESIAN_POINT('',(0.870870244400449,-0.751055934946194,1.3));
#5490=CARTESIAN_POINT('',(0.916231129826467,-0.774932588511359,1.25));
#5491=CARTESIAN_POINT('Ctrl Pts',(0.870870244400448,-0.751055934946195,
1.3));
#5492=CARTESIAN_POINT('Ctrl Pts',(0.873684719703272,-0.7517010553672,1.29744733537758));
#5493=CARTESIAN_POINT('Ctrl Pts',(0.876453301129237,-0.752464104444727,
1.29485005128565));
#5494=CARTESIAN_POINT('Ctrl Pts',(0.892141154957022,-0.75751311093675,1.27965212073124));
#5495=CARTESIAN_POINT('Ctrl Pts',(0.903772019875393,-0.764282309366747,
1.26639055752304));
#5496=CARTESIAN_POINT('Ctrl Pts',(0.913100308102667,-0.772170853725271,
1.25417392568986));
#5497=CARTESIAN_POINT('Ctrl Pts',(0.914153424755855,-0.773061430563268,
1.25279472962345));
#5498=CARTESIAN_POINT('Ctrl Pts',(0.915197960300769,-0.773982141513102,
1.25140262869536));
#5499=CARTESIAN_POINT('Ctrl Pts',(0.916231129826467,-0.774932588511359,
1.25));
#5500=CARTESIAN_POINT('',(0.751055934946193,-0.870870244400451,1.3));
#5501=CARTESIAN_POINT('Origin',(0.848528137423856,-0.848528137423858,1.3));
#5502=CARTESIAN_POINT('',(0.774932588511357,-0.916231129826469,1.25));
#5503=CARTESIAN_POINT('Ctrl Pts',(0.774932588511357,-0.916231129826469,
1.25));
#5504=CARTESIAN_POINT('Ctrl Pts',(0.773982141513101,-0.915197960300771,
1.25140262869536));
#5505=CARTESIAN_POINT('Ctrl Pts',(0.773061430563266,-0.914153424755856,
1.25279472962345));
#5506=CARTESIAN_POINT('Ctrl Pts',(0.764282309366745,-0.903772019875394,
1.26639055752304));
#5507=CARTESIAN_POINT('Ctrl Pts',(0.757513110936748,-0.892141154957023,
1.27965212073124));
#5508=CARTESIAN_POINT('Ctrl Pts',(0.752464104444725,-0.876453301129238,
1.29485005128565));
#5509=CARTESIAN_POINT('Ctrl Pts',(0.751701055367198,-0.873684719703273,
1.29744733537758));
#5510=CARTESIAN_POINT('Ctrl Pts',(0.751055934946193,-0.87087024440045,1.3));
#5511=CARTESIAN_POINT('',(0.774932588511357,-0.916231129826469,1.));
#5512=CARTESIAN_POINT('',(0.774932588511357,-0.916231129826469,1.3));
#5513=CARTESIAN_POINT('',(0.916231129826467,-0.774932588511359,1.));
#5514=CARTESIAN_POINT('Origin',(0.848528137423856,-0.848528137423858,1.));
#5515=CARTESIAN_POINT('',(0.916231129826467,-0.774932588511359,1.3));
#5516=CARTESIAN_POINT('Origin',(0.459220118838107,-1.10865543901354,1.3));
#5517=CARTESIAN_POINT('',(0.517162531191296,-1.02715282033971,1.3));
#5518=CARTESIAN_POINT('',(0.549933325073274,-1.06657083120337,1.25));
#5519=CARTESIAN_POINT('Ctrl Pts',(0.517162531191295,-1.02715282033971,1.3));
#5520=CARTESIAN_POINT('Ctrl Pts',(0.519515890421333,-1.02882588696187,1.29744733537758));
#5521=CARTESIAN_POINT('Ctrl Pts',(0.521781719894822,-1.03059034262977,1.29485005128565));
#5522=CARTESIAN_POINT('Ctrl Pts',(0.534343235820941,-1.04125849813652,1.27965212073124));
#5523=CARTESIAN_POINT('Ctrl Pts',(0.542498293774876,-1.05196336132584,1.26639055752304));
#5524=CARTESIAN_POINT('Ctrl Pts',(0.548097693109936,-1.06282120735689,1.25417392568986));
#5525=CARTESIAN_POINT('Ctrl Pts',(0.548729837030013,-1.06404700336517,1.25279472962345));
#5526=CARTESIAN_POINT('Ctrl Pts',(0.549342521214442,-1.06529735581464,1.25140262869536));
#5527=CARTESIAN_POINT('Ctrl Pts',(0.549933325073274,-1.06657083120337,1.25));
#5528=CARTESIAN_POINT('',(0.360617591796127,-1.09199585735806,1.3));
#5529=CARTESIAN_POINT('Origin',(0.459220118838107,-1.10865543901354,1.3));
#5530=CARTESIAN_POINT('',(0.365317883999898,-1.14304105071946,1.25));
#5531=CARTESIAN_POINT('Ctrl Pts',(0.365317883999897,-1.14304105071946,1.25));
#5532=CARTESIAN_POINT('Ctrl Pts',(0.36483516233178,-1.14172280622148,1.25140262869536));
#5533=CARTESIAN_POINT('Ctrl Pts',(0.364384262777424,-1.14040544038405,1.25279472962345));
#5534=CARTESIAN_POINT('Ctrl Pts',(0.360246204042949,-1.12745464866364,1.26639055752304));
#5535=CARTESIAN_POINT('Ctrl Pts',(0.358443219470304,-1.11411867053061,1.27965212073124));
#5536=CARTESIAN_POINT('Ctrl Pts',(0.359782027462067,-1.09769281233569,1.29485005128565));
#5537=CARTESIAN_POINT('Ctrl Pts',(0.360136552279908,-1.09484297038209,1.29744733537758));
#5538=CARTESIAN_POINT('Ctrl Pts',(0.360617591796128,-1.09199585735806,1.3));
#5539=CARTESIAN_POINT('',(0.365317883999898,-1.14304105071946,1.));
#5540=CARTESIAN_POINT('',(0.365317883999897,-1.14304105071946,1.3));
#5541=CARTESIAN_POINT('',(0.549933325073274,-1.06657083120337,1.));
#5542=CARTESIAN_POINT('Origin',(0.459220118838107,-1.10865543901354,1.));
#5543=CARTESIAN_POINT('',(0.549933325073274,-1.06657083120337,1.3));
#5544=CARTESIAN_POINT('Origin',(-1.33226762955019E-15,-1.2,1.3));
#5545=CARTESIAN_POINT('',(0.0847215106982867,-1.146875,1.3));
#5546=CARTESIAN_POINT('',(0.0999131567356801,-1.19583333333333,1.25));
#5547=CARTESIAN_POINT('Ctrl Pts',(0.084721510698286,-1.146875,1.3));
#5548=CARTESIAN_POINT('Ctrl Pts',(0.0862554762460201,-1.14932130359648,
1.29744733537758));
#5549=CARTESIAN_POINT('Ctrl Pts',(0.0876736017694894,-1.15181854347415,
1.29485005128565));
#5550=CARTESIAN_POINT('Ctrl Pts',(0.0951964028646155,-1.1664817180268,1.27965212073124));
#5551=CARTESIAN_POINT('Ctrl Pts',(0.0986341202064119,-1.17949252759469,
1.26639055752304));
#5552=CARTESIAN_POINT('Ctrl Pts',(0.0996521728591771,-1.19166666666667,
1.25417392568986));
#5553=CARTESIAN_POINT('Ctrl Pts',(0.0997671058647111,-1.19304106551483,
1.25279472962345));
#5554=CARTESIAN_POINT('Ctrl Pts',(0.0998546630755698,-1.19443070463797,
1.25140262869536));
#5555=CARTESIAN_POINT('Ctrl Pts',(0.0999131567356804,-1.19583333333333,
1.25));
#5556=CARTESIAN_POINT('',(-0.0847215106982893,-1.146875,1.3));
#5557=CARTESIAN_POINT('Origin',(-1.33226762955019E-15,-1.2,1.3));
#5558=CARTESIAN_POINT('',(-0.0999131567356827,-1.19583333333333,1.25));
#5559=CARTESIAN_POINT('Ctrl Pts',(-0.0999131567356831,-1.19583333333333,
1.25));
#5560=CARTESIAN_POINT('Ctrl Pts',(-0.0998546630755724,-1.19443070463797,
1.25140262869536));
#5561=CARTESIAN_POINT('Ctrl Pts',(-0.0997671058647138,-1.19304106551483,
1.25279472962345));
#5562=CARTESIAN_POINT('Ctrl Pts',(-0.0986341202064145,-1.17949252759469,
1.26639055752304));
#5563=CARTESIAN_POINT('Ctrl Pts',(-0.095196402864618,-1.1664817180268,1.27965212073124));
#5564=CARTESIAN_POINT('Ctrl Pts',(-0.0876736017694918,-1.15181854347415,
1.29485005128565));
#5565=CARTESIAN_POINT('Ctrl Pts',(-0.0862554762460225,-1.14932130359648,
1.29744733537758));
#5566=CARTESIAN_POINT('Ctrl Pts',(-0.0847215106982887,-1.146875,1.3));
#5567=CARTESIAN_POINT('',(-0.0999131567356827,-1.19583333333333,1.));
#5568=CARTESIAN_POINT('',(-0.0999131567356831,-1.19583333333333,1.3));
#5569=CARTESIAN_POINT('',(0.0999131567356801,-1.19583333333333,1.));
#5570=CARTESIAN_POINT('Origin',(-1.33226762955019E-15,-1.2,1.));
#5571=CARTESIAN_POINT('',(0.0999131567356804,-1.19583333333333,1.3));
#5572=CARTESIAN_POINT('Origin',(-0.459220118838108,-1.10865543901354,1.3));
#5573=CARTESIAN_POINT('',(-0.360617591796129,-1.09199585735806,1.3));
#5574=CARTESIAN_POINT('',(-0.365317883999899,-1.14304105071946,1.25));
#5575=CARTESIAN_POINT('Ctrl Pts',(-0.360617591796129,-1.09199585735806,
1.3));
#5576=CARTESIAN_POINT('Ctrl Pts',(-0.360136552279909,-1.09484297038209,
1.29744733537758));
#5577=CARTESIAN_POINT('Ctrl Pts',(-0.359782027462068,-1.09769281233569,
1.29485005128565));
#5578=CARTESIAN_POINT('Ctrl Pts',(-0.358443219470306,-1.11411867053061,
1.27965212073124));
#5579=CARTESIAN_POINT('Ctrl Pts',(-0.360246204042951,-1.12745464866364,
1.26639055752304));
#5580=CARTESIAN_POINT('Ctrl Pts',(-0.363964487360194,-1.13909167846167,
1.25417392568986));
#5581=CARTESIAN_POINT('Ctrl Pts',(-0.364384262777426,-1.14040544038405,
1.25279472962345));
#5582=CARTESIAN_POINT('Ctrl Pts',(-0.364835162331782,-1.14172280622147,
1.25140262869536));
#5583=CARTESIAN_POINT('Ctrl Pts',(-0.365317883999899,-1.14304105071946,
1.25));
#5584=CARTESIAN_POINT('',(-0.517162531191297,-1.0271528203397,1.3));
#5585=CARTESIAN_POINT('Origin',(-0.459220118838108,-1.10865543901354,1.3));
#5586=CARTESIAN_POINT('',(-0.549933325073276,-1.06657083120337,1.25));
#5587=CARTESIAN_POINT('Ctrl Pts',(-0.549933325073276,-1.06657083120337,
1.25));
#5588=CARTESIAN_POINT('Ctrl Pts',(-0.549342521214443,-1.06529735581464,
1.25140262869536));
#5589=CARTESIAN_POINT('Ctrl Pts',(-0.548729837030015,-1.06404700336517,
1.25279472962345));
#5590=CARTESIAN_POINT('Ctrl Pts',(-0.542498293774877,-1.05196336132584,
1.26639055752304));
#5591=CARTESIAN_POINT('Ctrl Pts',(-0.534343235820942,-1.04125849813652,
1.27965212073124));
#5592=CARTESIAN_POINT('Ctrl Pts',(-0.521781719894823,-1.03059034262977,
1.29485005128565));
#5593=CARTESIAN_POINT('Ctrl Pts',(-0.519515890421335,-1.02882588696187,
1.29744733537758));
#5594=CARTESIAN_POINT('Ctrl Pts',(-0.517162531191297,-1.02715282033971,
1.3));
#5595=CARTESIAN_POINT('',(-0.549933325073276,-1.06657083120337,1.));
#5596=CARTESIAN_POINT('',(-0.549933325073276,-1.06657083120337,1.3));
#5597=CARTESIAN_POINT('',(-0.365317883999899,-1.14304105071946,1.));
#5598=CARTESIAN_POINT('Origin',(-0.459220118838108,-1.10865543901354,1.));
#5599=CARTESIAN_POINT('',(-0.365317883999899,-1.14304105071946,1.3));
#5600=CARTESIAN_POINT('Origin',(-0.848528137423857,-0.848528137423856,1.3));
#5601=CARTESIAN_POINT('',(-0.751055934946194,-0.870870244400449,1.3));
#5602=CARTESIAN_POINT('',(-0.774932588511359,-0.916231129826467,1.25));
#5603=CARTESIAN_POINT('Ctrl Pts',(-0.751055934946194,-0.870870244400449,
1.3));
#5604=CARTESIAN_POINT('Ctrl Pts',(-0.751701055367199,-0.873684719703272,
1.29744733537758));
#5605=CARTESIAN_POINT('Ctrl Pts',(-0.752464104444727,-0.876453301129237,
1.29485005128565));
#5606=CARTESIAN_POINT('Ctrl Pts',(-0.757513110936749,-0.892141154957022,
1.27965212073124));
#5607=CARTESIAN_POINT('Ctrl Pts',(-0.764282309366746,-0.903772019875393,
1.26639055752304));
#5608=CARTESIAN_POINT('Ctrl Pts',(-0.772170853725271,-0.913100308102668,
1.25417392568986));
#5609=CARTESIAN_POINT('Ctrl Pts',(-0.773061430563267,-0.914153424755855,
1.25279472962345));
#5610=CARTESIAN_POINT('Ctrl Pts',(-0.773982141513102,-0.91519796030077,
1.25140262869536));
#5611=CARTESIAN_POINT('Ctrl Pts',(-0.774932588511359,-0.916231129826467,
1.25));
#5612=CARTESIAN_POINT('',(-0.87087024440045,-0.751055934946193,1.3));
#5613=CARTESIAN_POINT('Origin',(-0.848528137423857,-0.848528137423856,1.3));
#5614=CARTESIAN_POINT('',(-0.916231129826468,-0.774932588511358,1.25));
#5615=CARTESIAN_POINT('Ctrl Pts',(-0.916231129826468,-0.774932588511357,
1.25));
#5616=CARTESIAN_POINT('Ctrl Pts',(-0.91519796030077,-0.773982141513101,
1.25140262869536));
#5617=CARTESIAN_POINT('Ctrl Pts',(-0.914153424755856,-0.773061430563266,
1.25279472962345));
#5618=CARTESIAN_POINT('Ctrl Pts',(-0.903772019875394,-0.764282309366745,
1.26639055752304));
#5619=CARTESIAN_POINT('Ctrl Pts',(-0.892141154957023,-0.757513110936748,
1.27965212073124));
#5620=CARTESIAN_POINT('Ctrl Pts',(-0.876453301129238,-0.752464104444726,
1.29485005128565));
#5621=CARTESIAN_POINT('Ctrl Pts',(-0.873684719703273,-0.751701055367198,
1.29744733537758));
#5622=CARTESIAN_POINT('Ctrl Pts',(-0.87087024440045,-0.751055934946194,
1.3));
#5623=CARTESIAN_POINT('',(-0.916231129826468,-0.774932588511358,1.));
#5624=CARTESIAN_POINT('',(-0.916231129826468,-0.774932588511357,1.3));
#5625=CARTESIAN_POINT('',(-0.774932588511359,-0.916231129826467,1.));
#5626=CARTESIAN_POINT('Origin',(-0.848528137423857,-0.848528137423856,1.));
#5627=CARTESIAN_POINT('',(-0.774932588511359,-0.916231129826467,1.3));
#5628=CARTESIAN_POINT('Origin',(-1.10865543901354,-0.459220118838107,1.3));
#5629=CARTESIAN_POINT('',(-1.02715282033971,-0.517162531191296,1.3));
#5630=CARTESIAN_POINT('',(-1.06657083120337,-0.549933325073274,1.25));
#5631=CARTESIAN_POINT('Ctrl Pts',(-1.02715282033971,-0.517162531191295,
1.3));
#5632=CARTESIAN_POINT('Ctrl Pts',(-1.02882588696187,-0.519515890421333,
1.29744733537758));
#5633=CARTESIAN_POINT('Ctrl Pts',(-1.03059034262977,-0.521781719894822,
1.29485005128565));
#5634=CARTESIAN_POINT('Ctrl Pts',(-1.04125849813652,-0.534343235820941,
1.27965212073124));
#5635=CARTESIAN_POINT('Ctrl Pts',(-1.05196336132584,-0.542498293774876,
1.26639055752304));
#5636=CARTESIAN_POINT('Ctrl Pts',(-1.06282120735689,-0.548097693109936,
1.25417392568986));
#5637=CARTESIAN_POINT('Ctrl Pts',(-1.06404700336517,-0.548729837030014,
1.25279472962345));
#5638=CARTESIAN_POINT('Ctrl Pts',(-1.06529735581464,-0.549342521214442,
1.25140262869536));
#5639=CARTESIAN_POINT('Ctrl Pts',(-1.06657083120337,-0.549933325073274,
1.25));
#5640=CARTESIAN_POINT('',(-1.09199585735806,-0.360617591796127,1.3));
#5641=CARTESIAN_POINT('Origin',(-1.10865543901354,-0.459220118838107,1.3));
#5642=CARTESIAN_POINT('',(-1.14304105071946,-0.365317883999898,1.25));
#5643=CARTESIAN_POINT('Ctrl Pts',(-1.14304105071946,-0.365317883999897,
1.25));
#5644=CARTESIAN_POINT('Ctrl Pts',(-1.14172280622148,-0.36483516233178,1.25140262869536));
#5645=CARTESIAN_POINT('Ctrl Pts',(-1.14040544038405,-0.364384262777424,
1.25279472962345));
#5646=CARTESIAN_POINT('Ctrl Pts',(-1.12745464866364,-0.360246204042949,
1.26639055752304));
#5647=CARTESIAN_POINT('Ctrl Pts',(-1.11411867053061,-0.358443219470304,
1.27965212073124));
#5648=CARTESIAN_POINT('Ctrl Pts',(-1.09769281233569,-0.359782027462067,
1.29485005128565));
#5649=CARTESIAN_POINT('Ctrl Pts',(-1.09484297038209,-0.360136552279908,
1.29744733537758));
#5650=CARTESIAN_POINT('Ctrl Pts',(-1.09199585735806,-0.360617591796128,
1.3));
#5651=CARTESIAN_POINT('',(-1.14304105071946,-0.365317883999898,1.));
#5652=CARTESIAN_POINT('',(-1.14304105071946,-0.365317883999897,1.3));
#5653=CARTESIAN_POINT('',(-1.06657083120337,-0.549933325073274,1.));
#5654=CARTESIAN_POINT('Origin',(-1.10865543901354,-0.459220118838107,1.));
#5655=CARTESIAN_POINT('',(-1.06657083120337,-0.549933325073274,1.3));
#5656=CARTESIAN_POINT('Origin',(-1.2,7.21644966006352E-16,1.3));
#5657=CARTESIAN_POINT('',(-1.146875,-0.0847215106982873,1.3));
#5658=CARTESIAN_POINT('',(-1.19583333333333,-0.0999131567356807,1.25));
#5659=CARTESIAN_POINT('Ctrl Pts',(-1.146875,-0.0847215106982866,1.3));
#5660=CARTESIAN_POINT('Ctrl Pts',(-1.14932130359648,-0.0862554762460206,
1.29744733537758));
#5661=CARTESIAN_POINT('Ctrl Pts',(-1.15181854347415,-0.08767360176949,1.29485005128565));
#5662=CARTESIAN_POINT('Ctrl Pts',(-1.1664817180268,-0.0951964028646161,
1.27965212073124));
#5663=CARTESIAN_POINT('Ctrl Pts',(-1.17949252759469,-0.0986341202064125,
1.26639055752304));
#5664=CARTESIAN_POINT('Ctrl Pts',(-1.19166666666667,-0.0996521728591777,
1.25417392568986));
#5665=CARTESIAN_POINT('Ctrl Pts',(-1.19304106551483,-0.0997671058647118,
1.25279472962345));
#5666=CARTESIAN_POINT('Ctrl Pts',(-1.19443070463797,-0.0998546630755704,
1.25140262869536));
#5667=CARTESIAN_POINT('Ctrl Pts',(-1.19583333333333,-0.099913156735681,
1.25));
#5668=CARTESIAN_POINT('',(-1.146875,0.0847215106982887,1.3));
#5669=CARTESIAN_POINT('Origin',(-1.2,7.21644966006352E-16,1.3));
#5670=CARTESIAN_POINT('',(-1.19583333333333,0.0999131567356821,1.25));
#5671=CARTESIAN_POINT('Ctrl Pts',(-1.19583333333333,0.0999131567356825,
1.25));
#5672=CARTESIAN_POINT('Ctrl Pts',(-1.19443070463797,0.0998546630755719,
1.25140262869536));
#5673=CARTESIAN_POINT('Ctrl Pts',(-1.19304106551483,0.0997671058647132,
1.25279472962345));
#5674=CARTESIAN_POINT('Ctrl Pts',(-1.17949252759469,0.098634120206414,1.26639055752304));
#5675=CARTESIAN_POINT('Ctrl Pts',(-1.1664817180268,0.0951964028646175,1.27965212073124));
#5676=CARTESIAN_POINT('Ctrl Pts',(-1.15181854347415,0.0876736017694914,
1.29485005128565));
#5677=CARTESIAN_POINT('Ctrl Pts',(-1.14932130359648,0.0862554762460221,
1.29744733537758));
#5678=CARTESIAN_POINT('Ctrl Pts',(-1.146875,0.0847215106982881,1.3));
#5679=CARTESIAN_POINT('',(-1.19583333333333,0.0999131567356821,1.));
#5680=CARTESIAN_POINT('',(-1.19583333333333,0.0999131567356825,1.3));
#5681=CARTESIAN_POINT('',(-1.19583333333333,-0.0999131567356807,1.));
#5682=CARTESIAN_POINT('Origin',(-1.2,7.21644966006352E-16,1.));
#5683=CARTESIAN_POINT('',(-1.19583333333333,-0.099913156735681,1.3));
#5684=CARTESIAN_POINT('Origin',(-1.10865543901354,0.459220118838108,1.3));
#5685=CARTESIAN_POINT('',(-1.09199585735806,0.360617591796129,1.3));
#5686=CARTESIAN_POINT('',(-1.14304105071946,0.365317883999899,1.25));
#5687=CARTESIAN_POINT('Ctrl Pts',(-1.09199585735806,0.360617591796129,1.3));
#5688=CARTESIAN_POINT('Ctrl Pts',(-1.09484297038209,0.360136552279909,1.29744733537758));
#5689=CARTESIAN_POINT('Ctrl Pts',(-1.09769281233569,0.359782027462068,1.29485005128565));
#5690=CARTESIAN_POINT('Ctrl Pts',(-1.11411867053061,0.358443219470305,1.27965212073124));
#5691=CARTESIAN_POINT('Ctrl Pts',(-1.12745464866364,0.360246204042951,1.26639055752304));
#5692=CARTESIAN_POINT('Ctrl Pts',(-1.13909167846167,0.363964487360194,1.25417392568986));
#5693=CARTESIAN_POINT('Ctrl Pts',(-1.14040544038405,0.364384262777426,1.25279472962345));
#5694=CARTESIAN_POINT('Ctrl Pts',(-1.14172280622147,0.364835162331781,1.25140262869536));
#5695=CARTESIAN_POINT('Ctrl Pts',(-1.14304105071946,0.365317883999898,1.25));
#5696=CARTESIAN_POINT('',(-1.02715282033971,0.517162531191297,1.3));
#5697=CARTESIAN_POINT('Origin',(-1.10865543901354,0.459220118838108,1.3));
#5698=CARTESIAN_POINT('',(-1.06657083120337,0.549933325073275,1.25));
#5699=CARTESIAN_POINT('Ctrl Pts',(-1.06657083120337,0.549933325073276,1.25));
#5700=CARTESIAN_POINT('Ctrl Pts',(-1.06529735581464,0.549342521214443,1.25140262869536));
#5701=CARTESIAN_POINT('Ctrl Pts',(-1.06404700336517,0.548729837030015,1.25279472962345));
#5702=CARTESIAN_POINT('Ctrl Pts',(-1.05196336132584,0.542498293774877,1.26639055752304));
#5703=CARTESIAN_POINT('Ctrl Pts',(-1.04125849813652,0.534343235820942,1.27965212073124));
#5704=CARTESIAN_POINT('Ctrl Pts',(-1.03059034262977,0.521781719894823,1.29485005128565));
#5705=CARTESIAN_POINT('Ctrl Pts',(-1.02882588696187,0.519515890421335,1.29744733537758));
#5706=CARTESIAN_POINT('Ctrl Pts',(-1.02715282033971,0.517162531191297,1.3));
#5707=CARTESIAN_POINT('',(-1.06657083120337,0.549933325073275,1.));
#5708=CARTESIAN_POINT('',(-1.06657083120337,0.549933325073276,1.3));
#5709=CARTESIAN_POINT('',(-1.14304105071946,0.365317883999899,1.));
#5710=CARTESIAN_POINT('Origin',(-1.10865543901354,0.459220118838108,1.));
#5711=CARTESIAN_POINT('',(-1.14304105071946,0.365317883999899,1.3));
#5712=CARTESIAN_POINT('Origin',(-0.848528137423856,0.848528137423857,1.3));
#5713=CARTESIAN_POINT('',(-0.870870244400449,0.751055934946194,1.3));
#5714=CARTESIAN_POINT('',(-0.916231129826467,0.774932588511359,1.25));
#5715=CARTESIAN_POINT('Ctrl Pts',(-0.870870244400449,0.751055934946194,
1.3));
#5716=CARTESIAN_POINT('Ctrl Pts',(-0.873684719703272,0.751701055367199,
1.29744733537758));
#5717=CARTESIAN_POINT('Ctrl Pts',(-0.876453301129237,0.752464104444727,
1.29485005128565));
#5718=CARTESIAN_POINT('Ctrl Pts',(-0.892141154957022,0.757513110936749,
1.27965212073124));
#5719=CARTESIAN_POINT('Ctrl Pts',(-0.903772019875393,0.764282309366746,
1.26639055752304));
#5720=CARTESIAN_POINT('Ctrl Pts',(-0.913100308102668,0.772170853725271,
1.25417392568986));
#5721=CARTESIAN_POINT('Ctrl Pts',(-0.914153424755855,0.773061430563267,
1.25279472962345));
#5722=CARTESIAN_POINT('Ctrl Pts',(-0.91519796030077,0.773982141513102,1.25140262869536));
#5723=CARTESIAN_POINT('Ctrl Pts',(-0.916231129826467,0.774932588511359,
1.25));
#5724=CARTESIAN_POINT('',(-0.751055934946193,0.87087024440045,1.3));
#5725=CARTESIAN_POINT('Origin',(-0.848528137423856,0.848528137423857,1.3));
#5726=CARTESIAN_POINT('',(-0.774932588511358,0.916231129826468,1.25));
#5727=CARTESIAN_POINT('Ctrl Pts',(-0.774932588511357,0.916231129826468,
1.25));
#5728=CARTESIAN_POINT('Ctrl Pts',(-0.773982141513101,0.91519796030077,1.25140262869536));
#5729=CARTESIAN_POINT('Ctrl Pts',(-0.773061430563266,0.914153424755856,
1.25279472962345));
#5730=CARTESIAN_POINT('Ctrl Pts',(-0.764282309366745,0.903772019875394,
1.26639055752304));
#5731=CARTESIAN_POINT('Ctrl Pts',(-0.757513110936748,0.892141154957023,
1.27965212073124));
#5732=CARTESIAN_POINT('Ctrl Pts',(-0.752464104444726,0.876453301129238,
1.29485005128565));
#5733=CARTESIAN_POINT('Ctrl Pts',(-0.751701055367198,0.873684719703273,
1.29744733537758));
#5734=CARTESIAN_POINT('Ctrl Pts',(-0.751055934946194,0.87087024440045,1.3));
#5735=CARTESIAN_POINT('',(-0.774932588511358,0.916231129826468,1.));
#5736=CARTESIAN_POINT('',(-0.774932588511357,0.916231129826468,1.3));
#5737=CARTESIAN_POINT('',(-0.916231129826467,0.774932588511359,1.));
#5738=CARTESIAN_POINT('Origin',(-0.848528137423856,0.848528137423857,1.));
#5739=CARTESIAN_POINT('',(-0.916231129826467,0.774932588511359,1.3));
#5740=CARTESIAN_POINT('Origin',(-0.459220118838107,1.10865543901354,1.3));
#5741=CARTESIAN_POINT('',(-0.517162531191296,1.02715282033971,1.3));
#5742=CARTESIAN_POINT('',(-0.549933325073275,1.06657083120337,1.25));
#5743=CARTESIAN_POINT('Ctrl Pts',(-0.517162531191296,1.02715282033971,1.3));
#5744=CARTESIAN_POINT('Ctrl Pts',(-0.519515890421334,1.02882588696187,1.29744733537758));
#5745=CARTESIAN_POINT('Ctrl Pts',(-0.521781719894823,1.03059034262977,1.29485005128565));
#5746=CARTESIAN_POINT('Ctrl Pts',(-0.534343235820941,1.04125849813652,1.27965212073124));
#5747=CARTESIAN_POINT('Ctrl Pts',(-0.542498293774876,1.05196336132584,1.26639055752304));
#5748=CARTESIAN_POINT('Ctrl Pts',(-0.548097693109937,1.06282120735689,1.25417392568986));
#5749=CARTESIAN_POINT('Ctrl Pts',(-0.548729837030014,1.06404700336517,1.25279472962345));
#5750=CARTESIAN_POINT('Ctrl Pts',(-0.549342521214442,1.06529735581464,1.25140262869536));
#5751=CARTESIAN_POINT('Ctrl Pts',(-0.549933325073275,1.06657083120337,1.25));
#5752=CARTESIAN_POINT('',(-0.360617591796128,1.09199585735806,1.3));
#5753=CARTESIAN_POINT('Origin',(-0.459220118838107,1.10865543901354,1.3));
#5754=CARTESIAN_POINT('',(-0.365317883999898,1.14304105071946,1.25));
#5755=CARTESIAN_POINT('Ctrl Pts',(-0.365317883999898,1.14304105071946,1.25));
#5756=CARTESIAN_POINT('Ctrl Pts',(-0.36483516233178,1.14172280622147,1.25140262869536));
#5757=CARTESIAN_POINT('Ctrl Pts',(-0.364384262777425,1.14040544038405,1.25279472962345));
#5758=CARTESIAN_POINT('Ctrl Pts',(-0.36024620404295,1.12745464866364,1.26639055752304));
#5759=CARTESIAN_POINT('Ctrl Pts',(-0.358443219470305,1.11411867053061,1.27965212073124));
#5760=CARTESIAN_POINT('Ctrl Pts',(-0.359782027462067,1.09769281233569,1.29485005128565));
#5761=CARTESIAN_POINT('Ctrl Pts',(-0.360136552279909,1.09484297038209,1.29744733537758));
#5762=CARTESIAN_POINT('Ctrl Pts',(-0.360617591796128,1.09199585735806,1.3));
#5763=CARTESIAN_POINT('',(-0.365317883999898,1.14304105071946,1.));
#5764=CARTESIAN_POINT('',(-0.365317883999898,1.14304105071946,1.3));
#5765=CARTESIAN_POINT('',(-0.549933325073275,1.06657083120337,1.));
#5766=CARTESIAN_POINT('Origin',(-0.459220118838107,1.10865543901354,1.));
#5767=CARTESIAN_POINT('',(-0.549933325073275,1.06657083120337,1.3));
#5768=CARTESIAN_POINT('Origin',(3.33066907387547E-16,1.2,1.3));
#5769=CARTESIAN_POINT('',(-0.0847215106982877,1.146875,1.3));
#5770=CARTESIAN_POINT('',(-0.0999131567356811,1.19583333333333,1.25));
#5771=CARTESIAN_POINT('Ctrl Pts',(-0.0847215106982872,1.146875,1.3));
#5772=CARTESIAN_POINT('Ctrl Pts',(-0.0862554762460211,1.14932130359648,
1.29744733537758));
#5773=CARTESIAN_POINT('Ctrl Pts',(-0.0876736017694904,1.15181854347415,
1.29485005128565));
#5774=CARTESIAN_POINT('Ctrl Pts',(-0.0951964028646165,1.1664817180268,1.27965212073124));
#5775=CARTESIAN_POINT('Ctrl Pts',(-0.0986341202064129,1.17949252759469,
1.26639055752304));
#5776=CARTESIAN_POINT('Ctrl Pts',(-0.0996521728591781,1.19166666666667,
1.25417392568986));
#5777=CARTESIAN_POINT('Ctrl Pts',(-0.0997671058647121,1.19304106551483,
1.25279472962345));
#5778=CARTESIAN_POINT('Ctrl Pts',(-0.0998546630755708,1.19443070463797,
1.25140262869536));
#5779=CARTESIAN_POINT('Ctrl Pts',(-0.0999131567356814,1.19583333333333,
1.25));
#5780=CARTESIAN_POINT('',(0.0847215106982883,1.146875,1.3));
#5781=CARTESIAN_POINT('Origin',(3.33066907387547E-16,1.2,1.3));
#5782=CARTESIAN_POINT('',(0.0999131567356817,1.19583333333333,1.25));
#5783=CARTESIAN_POINT('Ctrl Pts',(0.0999131567356821,1.19583333333333,1.25));
#5784=CARTESIAN_POINT('Ctrl Pts',(0.0998546630755715,1.19443070463797,1.25140262869536));
#5785=CARTESIAN_POINT('Ctrl Pts',(0.0997671058647128,1.19304106551483,1.25279472962345));
#5786=CARTESIAN_POINT('Ctrl Pts',(0.0986341202064136,1.17949252759469,1.26639055752304));
#5787=CARTESIAN_POINT('Ctrl Pts',(0.0951964028646171,1.1664817180268,1.27965212073124));
#5788=CARTESIAN_POINT('Ctrl Pts',(0.087673601769491,1.15181854347415,1.29485005128565));
#5789=CARTESIAN_POINT('Ctrl Pts',(0.0862554762460218,1.14932130359648,1.29744733537758));
#5790=CARTESIAN_POINT('Ctrl Pts',(0.0847215106982878,1.146875,1.3));
#5791=CARTESIAN_POINT('',(0.0999131567356817,1.19583333333333,1.));
#5792=CARTESIAN_POINT('',(0.0999131567356821,1.19583333333333,1.3));
#5793=CARTESIAN_POINT('',(-0.0999131567356811,1.19583333333333,1.));
#5794=CARTESIAN_POINT('Origin',(3.33066907387547E-16,1.2,1.));
#5795=CARTESIAN_POINT('',(-0.0999131567356814,1.19583333333333,1.3));
#5796=CARTESIAN_POINT('Origin',(0.459220118838108,1.10865543901354,1.3));
#5797=CARTESIAN_POINT('',(0.360617591796128,1.09199585735806,1.3));
#5798=CARTESIAN_POINT('',(0.365317883999898,1.14304105071946,1.25));
#5799=CARTESIAN_POINT('Ctrl Pts',(0.360617591796129,1.09199585735806,1.3));
#5800=CARTESIAN_POINT('Ctrl Pts',(0.360136552279909,1.09484297038209,1.29744733537758));
#5801=CARTESIAN_POINT('Ctrl Pts',(0.359782027462068,1.09769281233569,1.29485005128565));
#5802=CARTESIAN_POINT('Ctrl Pts',(0.358443219470305,1.11411867053061,1.27965212073124));
#5803=CARTESIAN_POINT('Ctrl Pts',(0.36024620404295,1.12745464866364,1.26639055752304));
#5804=CARTESIAN_POINT('Ctrl Pts',(0.363964487360194,1.13909167846167,1.25417392568986));
#5805=CARTESIAN_POINT('Ctrl Pts',(0.364384262777425,1.14040544038405,1.25279472962345));
#5806=CARTESIAN_POINT('Ctrl Pts',(0.364835162331781,1.14172280622147,1.25140262869536));
#5807=CARTESIAN_POINT('Ctrl Pts',(0.365317883999898,1.14304105071946,1.25));
#5808=CARTESIAN_POINT('',(0.517162531191297,1.02715282033971,1.3));
#5809=CARTESIAN_POINT('Origin',(0.459220118838108,1.10865543901354,1.3));
#5810=CARTESIAN_POINT('',(0.549933325073275,1.06657083120337,1.25));
#5811=CARTESIAN_POINT('Ctrl Pts',(0.549933325073275,1.06657083120337,1.25));
#5812=CARTESIAN_POINT('Ctrl Pts',(0.549342521214442,1.06529735581464,1.25140262869536));
#5813=CARTESIAN_POINT('Ctrl Pts',(0.548729837030014,1.06404700336517,1.25279472962345));
#5814=CARTESIAN_POINT('Ctrl Pts',(0.542498293774877,1.05196336132584,1.26639055752304));
#5815=CARTESIAN_POINT('Ctrl Pts',(0.534343235820942,1.04125849813652,1.27965212073124));
#5816=CARTESIAN_POINT('Ctrl Pts',(0.521781719894823,1.03059034262977,1.29485005128565));
#5817=CARTESIAN_POINT('Ctrl Pts',(0.519515890421334,1.02882588696187,1.29744733537758));
#5818=CARTESIAN_POINT('Ctrl Pts',(0.517162531191296,1.02715282033971,1.3));
#5819=CARTESIAN_POINT('',(0.549933325073275,1.06657083120337,1.));
#5820=CARTESIAN_POINT('',(0.549933325073275,1.06657083120337,1.3));
#5821=CARTESIAN_POINT('',(0.365317883999898,1.14304105071946,1.));
#5822=CARTESIAN_POINT('Origin',(0.459220118838108,1.10865543901354,1.));
#5823=CARTESIAN_POINT('',(0.365317883999898,1.14304105071946,1.3));
#5824=CARTESIAN_POINT('Origin',(0.848528137423857,0.848528137423857,1.3));
#5825=CARTESIAN_POINT('',(0.751055934946194,0.87087024440045,1.3));
#5826=CARTESIAN_POINT('',(0.774932588511358,0.916231129826468,1.25));
#5827=CARTESIAN_POINT('Ctrl Pts',(0.751055934946194,0.870870244400449,1.3));
#5828=CARTESIAN_POINT('Ctrl Pts',(0.751701055367199,0.873684719703272,1.29744733537758));
#5829=CARTESIAN_POINT('Ctrl Pts',(0.752464104444726,0.876453301129238,1.29485005128565));
#5830=CARTESIAN_POINT('Ctrl Pts',(0.757513110936749,0.892141154957023,1.27965212073124));
#5831=CARTESIAN_POINT('Ctrl Pts',(0.764282309366746,0.903772019875393,1.26639055752304));
#5832=CARTESIAN_POINT('Ctrl Pts',(0.77217085372527,0.913100308102668,1.25417392568986));
#5833=CARTESIAN_POINT('Ctrl Pts',(0.773061430563267,0.914153424755855,1.25279472962345));
#5834=CARTESIAN_POINT('Ctrl Pts',(0.773982141513102,0.91519796030077,1.25140262869536));
#5835=CARTESIAN_POINT('Ctrl Pts',(0.774932588511358,0.916231129826468,1.25));
#5836=CARTESIAN_POINT('',(0.87087024440045,0.751055934946193,1.3));
#5837=CARTESIAN_POINT('Origin',(0.848528137423857,0.848528137423857,1.3));
#5838=CARTESIAN_POINT('',(0.916231129826468,0.774932588511358,1.25));
#5839=CARTESIAN_POINT('Ctrl Pts',(0.916231129826468,0.774932588511358,1.25));
#5840=CARTESIAN_POINT('Ctrl Pts',(0.91519796030077,0.773982141513101,1.25140262869536));
#5841=CARTESIAN_POINT('Ctrl Pts',(0.914153424755856,0.773061430563267,1.25279472962345));
#5842=CARTESIAN_POINT('Ctrl Pts',(0.903772019875394,0.764282309366746,1.26639055752304));
#5843=CARTESIAN_POINT('Ctrl Pts',(0.892141154957023,0.757513110936749,1.27965212073124));
#5844=CARTESIAN_POINT('Ctrl Pts',(0.876453301129238,0.752464104444726,1.29485005128565));
#5845=CARTESIAN_POINT('Ctrl Pts',(0.873684719703273,0.751701055367199,1.29744733537758));
#5846=CARTESIAN_POINT('Ctrl Pts',(0.870870244400449,0.751055934946194,1.3));
#5847=CARTESIAN_POINT('',(0.916231129826468,0.774932588511358,1.));
#5848=CARTESIAN_POINT('',(0.916231129826468,0.774932588511358,1.3));
#5849=CARTESIAN_POINT('',(0.774932588511358,0.916231129826468,1.));
#5850=CARTESIAN_POINT('Origin',(0.848528137423857,0.848528137423857,1.));
#5851=CARTESIAN_POINT('',(0.774932588511358,0.916231129826468,1.3));
#5852=CARTESIAN_POINT('Origin',(1.10865543901354,0.459220118838108,1.3));
#5853=CARTESIAN_POINT('',(1.02715282033971,0.517162531191297,1.3));
#5854=CARTESIAN_POINT('',(1.06657083120337,0.549933325073275,1.25));
#5855=CARTESIAN_POINT('Ctrl Pts',(1.02715282033971,0.517162531191296,1.3));
#5856=CARTESIAN_POINT('Ctrl Pts',(1.02882588696187,0.519515890421334,1.29744733537758));
#5857=CARTESIAN_POINT('Ctrl Pts',(1.03059034262977,0.521781719894823,1.29485005128565));
#5858=CARTESIAN_POINT('Ctrl Pts',(1.04125849813652,0.534343235820942,1.27965212073124));
#5859=CARTESIAN_POINT('Ctrl Pts',(1.05196336132584,0.542498293774876,1.26639055752304));
#5860=CARTESIAN_POINT('Ctrl Pts',(1.06282120735689,0.548097693109937,1.25417392568986));
#5861=CARTESIAN_POINT('Ctrl Pts',(1.06404700336517,0.548729837030014,1.25279472962345));
#5862=CARTESIAN_POINT('Ctrl Pts',(1.06529735581464,0.549342521214442,1.25140262869536));
#5863=CARTESIAN_POINT('Ctrl Pts',(1.06657083120337,0.549933325073275,1.25));
#5864=CARTESIAN_POINT('',(1.09199585735806,0.360617591796128,1.3));
#5865=CARTESIAN_POINT('Origin',(1.10865543901354,0.459220118838108,1.3));
#5866=CARTESIAN_POINT('',(1.14304105071946,0.365317883999898,1.25));
#5867=CARTESIAN_POINT('Ctrl Pts',(1.14304105071946,0.365317883999898,1.25));
#5868=CARTESIAN_POINT('Ctrl Pts',(1.14172280622147,0.364835162331781,1.25140262869536));
#5869=CARTESIAN_POINT('Ctrl Pts',(1.14040544038405,0.364384262777425,1.25279472962345));
#5870=CARTESIAN_POINT('Ctrl Pts',(1.12745464866364,0.36024620404295,1.26639055752304));
#5871=CARTESIAN_POINT('Ctrl Pts',(1.11411867053061,0.358443219470305,1.27965212073124));
#5872=CARTESIAN_POINT('Ctrl Pts',(1.09769281233569,0.359782027462067,1.29485005128565));
#5873=CARTESIAN_POINT('Ctrl Pts',(1.09484297038209,0.360136552279909,1.29744733537758));
#5874=CARTESIAN_POINT('Ctrl Pts',(1.09199585735806,0.360617591796129,1.3));
#5875=CARTESIAN_POINT('',(1.14304105071946,0.365317883999898,1.));
#5876=CARTESIAN_POINT('',(1.14304105071946,0.365317883999898,1.3));
#5877=CARTESIAN_POINT('',(1.06657083120337,0.549933325073275,1.));
#5878=CARTESIAN_POINT('Origin',(1.10865543901354,0.459220118838108,1.));
#5879=CARTESIAN_POINT('',(1.06657083120337,0.549933325073275,1.3));
#5880=CARTESIAN_POINT('Origin',(-7.39255249150933E-17,0.,1.));
#5881=CARTESIAN_POINT('Origin',(0.,0.,1.));
#5882=CARTESIAN_POINT('Origin',(0.,0.,1.));
#5883=CARTESIAN_POINT('Origin',(0.,0.,1.));
#5884=CARTESIAN_POINT('Origin',(0.,0.,1.));
#5885=CARTESIAN_POINT('Origin',(0.,0.,1.));
#5886=CARTESIAN_POINT('Origin',(0.,0.,1.));
#5887=CARTESIAN_POINT('Origin',(0.,0.,1.));
#5888=CARTESIAN_POINT('Origin',(0.,0.,1.));
#5889=CARTESIAN_POINT('Origin',(0.,0.,1.));
#5890=CARTESIAN_POINT('Origin',(0.,0.,1.));
#5891=CARTESIAN_POINT('Origin',(0.,0.,1.));
#5892=CARTESIAN_POINT('Origin',(0.,0.,1.));
#5893=CARTESIAN_POINT('Origin',(0.,0.,1.));
#5894=CARTESIAN_POINT('Origin',(0.,0.,1.));
#5895=CARTESIAN_POINT('',(1.19583333333333,0.0999131567356814,1.));
#5896=CARTESIAN_POINT('Origin',(0.,0.,1.));
#5897=CARTESIAN_POINT('',(1.19583333333333,-0.0999131567356814,1.));
#5898=CARTESIAN_POINT('Origin',(1.2,0.,1.));
#5899=CARTESIAN_POINT('Origin',(0.,0.,1.));
#5900=CARTESIAN_POINT('',(-0.930510241062766,-0.323072269434122,1.));
#5901=CARTESIAN_POINT('',(-0.921063436584971,-0.319792347917024,1.));
#5902=CARTESIAN_POINT('',(-0.449520564331049,-0.156073111790656,1.));
#5903=CARTESIAN_POINT('',(0.968969702236442,-0.107808870254567,1.));
#5904=CARTESIAN_POINT('Origin',(0.,0.,1.));
#5905=CARTESIAN_POINT('',(0.924379441099872,-0.340217061406226,1.));
#5906=CARTESIAN_POINT('Ctrl Pts',(0.968969702236443,-0.10780887025456,1.));
#5907=CARTESIAN_POINT('Ctrl Pts',(0.965962282085171,-0.151255853840893,
1.));
#5908=CARTESIAN_POINT('Ctrl Pts',(0.96007143341989,-0.194452428033239,1.));
#5909=CARTESIAN_POINT('Ctrl Pts',(0.951357964489495,-0.237109336866452,
1.));
#5910=CARTESIAN_POINT('Ctrl Pts',(0.944251116937792,-0.271901008303644,
1.));
#5911=CARTESIAN_POINT('Ctrl Pts',(0.935265568702854,-0.306334134339999,
1.));
#5912=CARTESIAN_POINT('Ctrl Pts',(0.92440888441226,-0.340248152570007,1.));
#5913=CARTESIAN_POINT('Origin',(0.,0.,1.));
#5914=CARTESIAN_POINT('Origin',(0.,0.,1.));
#5915=CARTESIAN_POINT('',(1.19583333333333,0.0999131567356814,1.25));
#5916=CARTESIAN_POINT('Origin',(0.,0.,1.25));
#5917=CARTESIAN_POINT('',(1.19583333333333,0.0999131567356818,1.3));
#5918=CARTESIAN_POINT('Origin',(0.,0.,1.));
#5919=CARTESIAN_POINT('Origin',(0.,0.,1.25));
#5920=CARTESIAN_POINT('Origin',(0.,0.,1.));
#5921=CARTESIAN_POINT('Origin',(0.,0.,1.25));
#5922=CARTESIAN_POINT('Origin',(0.,0.,1.));
#5923=CARTESIAN_POINT('Origin',(0.,0.,1.25));
#5924=CARTESIAN_POINT('Origin',(0.,0.,1.));
#5925=CARTESIAN_POINT('Origin',(0.,0.,1.25));
#5926=CARTESIAN_POINT('Origin',(0.,0.,1.));
#5927=CARTESIAN_POINT('Origin',(0.,0.,1.25));
#5928=CARTESIAN_POINT('Origin',(0.,0.,1.));
#5929=CARTESIAN_POINT('Origin',(0.,0.,1.25));
#5930=CARTESIAN_POINT('Origin',(0.,0.,1.));
#5931=CARTESIAN_POINT('Origin',(0.,0.,1.25));
#5932=CARTESIAN_POINT('Origin',(0.,0.,1.));
#5933=CARTESIAN_POINT('Origin',(0.,0.,1.25));
#5934=CARTESIAN_POINT('Origin',(0.,0.,1.));
#5935=CARTESIAN_POINT('Origin',(0.,0.,1.25));
#5936=CARTESIAN_POINT('Origin',(0.,0.,1.));
#5937=CARTESIAN_POINT('Origin',(0.,0.,1.25));
#5938=CARTESIAN_POINT('Origin',(0.,0.,1.));
#5939=CARTESIAN_POINT('Origin',(0.,0.,1.25));
#5940=CARTESIAN_POINT('Origin',(0.,0.,1.));
#5941=CARTESIAN_POINT('Origin',(0.,0.,1.25));
#5942=CARTESIAN_POINT('Origin',(0.,0.,1.));
#5943=CARTESIAN_POINT('Origin',(0.,0.,1.25));
#5944=CARTESIAN_POINT('Origin',(0.,0.,1.));
#5945=CARTESIAN_POINT('Origin',(0.,0.,1.25));
#5946=CARTESIAN_POINT('Origin',(0.,0.,1.275));
#5947=CARTESIAN_POINT('',(1.146875,0.0847215106982872,1.3));
#5948=CARTESIAN_POINT('Origin',(0.,0.,1.3));
#5949=CARTESIAN_POINT('Ctrl Pts',(1.146875,0.0847215106982872,1.3));
#5950=CARTESIAN_POINT('Ctrl Pts',(1.14932130359648,0.0862554762460212,1.29744733537758));
#5951=CARTESIAN_POINT('Ctrl Pts',(1.15181854347415,0.0876736017694907,1.29485005128565));
#5952=CARTESIAN_POINT('Ctrl Pts',(1.1664817180268,0.0951964028646168,1.27965212073124));
#5953=CARTESIAN_POINT('Ctrl Pts',(1.17949252759469,0.0986341202064132,1.26639055752304));
#5954=CARTESIAN_POINT('Ctrl Pts',(1.19166666666667,0.0996521728591784,1.25417392568986));
#5955=CARTESIAN_POINT('Ctrl Pts',(1.19304106551483,0.0997671058647125,1.25279472962345));
#5956=CARTESIAN_POINT('Ctrl Pts',(1.19443070463797,0.0998546630755711,1.25140262869536));
#5957=CARTESIAN_POINT('Ctrl Pts',(1.19583333333333,0.0999131567356817,1.25));
#5958=CARTESIAN_POINT('Origin',(0.,0.,1.275));
#5959=CARTESIAN_POINT('Origin',(0.,0.,1.3));
#5960=CARTESIAN_POINT('Origin',(0.,0.,1.275));
#5961=CARTESIAN_POINT('Origin',(0.,0.,1.3));
#5962=CARTESIAN_POINT('Origin',(0.,0.,1.275));
#5963=CARTESIAN_POINT('Origin',(0.,0.,1.3));
#5964=CARTESIAN_POINT('Origin',(0.,0.,1.275));
#5965=CARTESIAN_POINT('Origin',(0.,0.,1.3));
#5966=CARTESIAN_POINT('Origin',(0.,0.,1.275));
#5967=CARTESIAN_POINT('Origin',(0.,0.,1.3));
#5968=CARTESIAN_POINT('Origin',(0.,0.,1.275));
#5969=CARTESIAN_POINT('Origin',(0.,0.,1.3));
#5970=CARTESIAN_POINT('Origin',(0.,0.,1.275));
#5971=CARTESIAN_POINT('Origin',(0.,0.,1.3));
#5972=CARTESIAN_POINT('Origin',(0.,0.,1.275));
#5973=CARTESIAN_POINT('Origin',(0.,0.,1.3));
#5974=CARTESIAN_POINT('Origin',(0.,0.,1.275));
#5975=CARTESIAN_POINT('Origin',(0.,0.,1.3));
#5976=CARTESIAN_POINT('Origin',(0.,0.,1.275));
#5977=CARTESIAN_POINT('Origin',(0.,0.,1.3));
#5978=CARTESIAN_POINT('Origin',(0.,0.,1.275));
#5979=CARTESIAN_POINT('Origin',(0.,0.,1.3));
#5980=CARTESIAN_POINT('Origin',(0.,0.,1.275));
#5981=CARTESIAN_POINT('Origin',(0.,0.,1.3));
#5982=CARTESIAN_POINT('Origin',(0.,0.,1.275));
#5983=CARTESIAN_POINT('Origin',(0.,0.,1.3));
#5984=CARTESIAN_POINT('Origin',(0.,0.,1.275));
#5985=CARTESIAN_POINT('Origin',(0.,0.,1.3));
#5986=CARTESIAN_POINT('Origin',(1.2,0.,1.3));
#5987=CARTESIAN_POINT('',(1.19583333333333,-0.0999131567356814,1.25));
#5988=CARTESIAN_POINT('',(1.146875,-0.0847215106982872,1.3));
#5989=CARTESIAN_POINT('Ctrl Pts',(1.19583333333333,-0.0999131567356817,
1.25));
#5990=CARTESIAN_POINT('Ctrl Pts',(1.19443070463797,-0.0998546630755711,
1.25140262869536));
#5991=CARTESIAN_POINT('Ctrl Pts',(1.19304106551483,-0.0997671058647125,
1.25279472962345));
#5992=CARTESIAN_POINT('Ctrl Pts',(1.17949252759469,-0.0986341202064132,
1.26639055752304));
#5993=CARTESIAN_POINT('Ctrl Pts',(1.1664817180268,-0.0951964028646168,1.27965212073124));
#5994=CARTESIAN_POINT('Ctrl Pts',(1.15181854347415,-0.0876736017694906,
1.29485005128565));
#5995=CARTESIAN_POINT('Ctrl Pts',(1.14932130359648,-0.0862554762460211,
1.29744733537758));
#5996=CARTESIAN_POINT('Ctrl Pts',(1.146875,-0.0847215106982872,1.3));
#5997=CARTESIAN_POINT('',(1.19583333333333,-0.0999131567356818,1.3));
#5998=CARTESIAN_POINT('Origin',(1.2,0.,1.3));
#5999=CARTESIAN_POINT('Origin',(0.,0.,1.));
#6000=CARTESIAN_POINT('Origin',(0.,0.,1.25));
#6001=CARTESIAN_POINT('Origin',(-7.39255249150933E-17,0.,1.3));
#6002=CARTESIAN_POINT('Origin',(0.,0.,1.3));
#6003=CARTESIAN_POINT('Origin',(0.,0.,1.275));
#6004=CARTESIAN_POINT('Origin',(-0.899041128662097,-0.312146223581311,1.02));
#6005=CARTESIAN_POINT('',(-0.930510241062765,-0.323072269434122,1.091397103125));
#6006=CARTESIAN_POINT('',(-0.930510241062766,-0.323072269434122,0.948602896875));
#6007=CARTESIAN_POINT('',(-0.930510241062766,-0.323072269434122,1.091397103125));
#6008=CARTESIAN_POINT('',(-0.921063436584971,-0.319792347917024,0.954376396875));
#6009=CARTESIAN_POINT('',(-0.844367192730876,-0.293163485100087,1.00125));
#6010=CARTESIAN_POINT('',(-0.921063436584971,-0.319792347917024,0.47));
#6011=CARTESIAN_POINT('Ctrl Pts',(0.972447311166963,0.070506928766919,0.573126396875));
#6012=CARTESIAN_POINT('Ctrl Pts',(0.960718364104532,0.232275186626886,0.577097751041667));
#6013=CARTESIAN_POINT('Ctrl Pts',(0.854967080424721,0.549681177865711,0.585040459375));
#6014=CARTESIAN_POINT('Ctrl Pts',(0.487546433172445,0.891844536547287,0.596954521875));
#6015=CARTESIAN_POINT('Ctrl Pts',(0.00128316143972694,1.01639834822798,
0.608868584375001));
#6016=CARTESIAN_POINT('Ctrl Pts',(-0.485333991969878,0.893052746713537,
0.620782646875));
#6017=CARTESIAN_POINT('Ctrl Pts',(-0.853543817196092,0.551850273150457,
0.632696709375));
#6018=CARTESIAN_POINT('Ctrl Pts',(-1.01355884144513,0.0760424680007836,
0.644610771875));
#6019=CARTESIAN_POINT('Ctrl Pts',(-0.926332009151504,-0.418317935726502,
0.656524834375));
#6020=CARTESIAN_POINT('Ctrl Pts',(-0.613147730479583,-0.810636438427801,
0.668438896875));
#6021=CARTESIAN_POINT('Ctrl Pts',(-0.150397388955599,-1.00521756554531,
0.680352959375));
#6022=CARTESIAN_POINT('Ctrl Pts',(0.34903875774927,-0.954595922379934,0.692267021875));
#6023=CARTESIAN_POINT('Ctrl Pts',(0.76333429300461,-0.671120263205918,0.704181084375));
#6024=CARTESIAN_POINT('Ctrl Pts',(0.991429841710186,-0.223938386623706,
0.716095146875));
#6025=CARTESIAN_POINT('Ctrl Pts',(0.977686348677596,0.277868645799195,0.728009209375));
#6026=CARTESIAN_POINT('Ctrl Pts',(0.725456157821538,0.711895308989128,0.739923271875));
#6027=CARTESIAN_POINT('Ctrl Pts',(0.29626573413309,0.972269602983157,0.751837334375));
#6028=CARTESIAN_POINT('Ctrl Pts',(-0.205192685922945,0.995478545223664,
0.763751396875001));
#6029=CARTESIAN_POINT('Ctrl Pts',(-0.656598529508531,0.775860771758489,
0.775665459374999));
#6030=CARTESIAN_POINT('Ctrl Pts',(-0.94784053676556,0.366987581187555,0.787579521875001));
#6031=CARTESIAN_POINT('Ctrl Pts',(-1.00787616643606,-0.131404770990061,
0.799493584374999));
#6032=CARTESIAN_POINT('Ctrl Pts',(-0.822060920101917,-0.597743570168936,
0.811407646875));
#6033=CARTESIAN_POINT('Ctrl Pts',(-0.435720703939392,-0.918275077915647,
0.823321709375));
#6034=CARTESIAN_POINT('Ctrl Pts',(0.0569047867013834,-1.01481194055156,
0.835235771875));
#6035=CARTESIAN_POINT('Ctrl Pts',(0.535649337988326,-0.86380641083415,0.847149834375));
#6036=CARTESIAN_POINT('Ctrl Pts',(0.883733505239785,-0.502092288743589,
0.859063896875));
#6037=CARTESIAN_POINT('Ctrl Pts',(1.01624816098153,-0.0179042405818347,
0.870977959375));
#6038=CARTESIAN_POINT('Ctrl Pts',(0.900871266197155,0.470653740823959,0.882892021875));
#6039=CARTESIAN_POINT('Ctrl Pts',(0.565742165232513,0.844400126911369,0.894806084375));
#6040=CARTESIAN_POINT('Ctrl Pts',(0.0926179254849683,1.01218289456643,0.906720146875));
#6041=CARTESIAN_POINT('Ctrl Pts',(-0.403111057667094,0.933042723550403,
0.918634209375));
#6042=CARTESIAN_POINT('Ctrl Pts',(-0.800483727510766,0.626349745636485,
0.930548271874999));
#6043=CARTESIAN_POINT('Ctrl Pts',(-1.00264760280979,0.166780965609358,0.942462334375));
#6044=CARTESIAN_POINT('Ctrl Pts',(-0.974261435494964,-0.166571884655048,
0.950405042708333));
#6045=CARTESIAN_POINT('Ctrl Pts',(-0.921063436584971,-0.319792347917024,
0.954376396875));
#6046=CARTESIAN_POINT('Ctrl Pts',(0.94545566464547,0.0685499095261449,0.58875093125));
#6047=CARTESIAN_POINT('Ctrl Pts',(0.934052271049579,0.225828061254486,0.592722285416667));
#6048=CARTESIAN_POINT('Ctrl Pts',(0.831236263384727,0.534424001582643,0.60066499375));
#6049=CARTESIAN_POINT('Ctrl Pts',(0.474013894354261,0.867090133705942,0.61257905625));
#6050=CARTESIAN_POINT('Ctrl Pts',(0.0012475454843807,0.988186778690623,
0.62449311875));
#6051=CARTESIAN_POINT('Ctrl Pts',(-0.47186286257738,0.868264808295142,0.63640718125));
#6052=CARTESIAN_POINT('Ctrl Pts',(-0.829852504834174,0.53653289056878,0.648321243749999));
#6053=CARTESIAN_POINT('Ctrl Pts',(-0.985426086422972,0.0739318020620441,
0.660235306250001));
#6054=CARTESIAN_POINT('Ctrl Pts',(-0.90062035787185,-0.406706931484862,
0.672149368749999));
#6055=CARTESIAN_POINT('Ctrl Pts',(-0.596128950524605,-0.788136080874003,
0.684063431250001));
#6056=CARTESIAN_POINT('Ctrl Pts',(-0.146222897326254,-0.977316334399087,
0.69597749375));
#6057=CARTESIAN_POINT('Ctrl Pts',(0.339350694793794,-0.92809976632926,0.70789155625));
#6058=CARTESIAN_POINT('Ctrl Pts',(0.742146873205187,-0.652492373848984,
0.71980561875));
#6059=CARTESIAN_POINT('Ctrl Pts',(0.963911308283229,-0.21772266089242,0.73171968125));
#6060=CARTESIAN_POINT('Ctrl Pts',(0.950549285281609,0.270156009669,0.74363374375));
#6061=CARTESIAN_POINT('Ctrl Pts',(0.705320099082005,0.692135650733212,0.75554780625));
#6062=CARTESIAN_POINT('Ctrl Pts',(0.288042460871576,0.945282889002919,0.76746186875));
#6063=CARTESIAN_POINT('Ctrl Pts',(-0.199497273550852,0.967847634320981,
0.77937593125));
#6064=CARTESIAN_POINT('Ctrl Pts',(-0.638373711349737,0.754325661875704,
0.79128999375));
#6065=CARTESIAN_POINT('Ctrl Pts',(-0.921531885969438,0.356801323325105,
0.80320405625));
#6066=CARTESIAN_POINT('Ctrl Pts',(-0.979901142072807,-0.127757446256811,
0.81511811875));
#6067=CARTESIAN_POINT('Ctrl Pts',(-0.799243459947805,-0.581152354407196,
0.827032181250001));
#6068=CARTESIAN_POINT('Ctrl Pts',(-0.423626661323638,-0.892787058124782,
0.838946243749999));
#6069=CARTESIAN_POINT('Ctrl Pts',(0.0553253140961463,-0.986644403996507,
0.850860306250001));
#6070=CARTESIAN_POINT('Ctrl Pts',(0.520781635209547,-0.839830245712919,
0.862774368749999));
#6071=CARTESIAN_POINT('Ctrl Pts',(0.859204235511014,-0.488156009190643,
0.87468843125));
#6072=CARTESIAN_POINT('Ctrl Pts',(0.988040760103,-0.0174072831349154,0.88660249375));
#6073=CARTESIAN_POINT('Ctrl Pts',(0.875866313744375,0.457590082504935,0.89851655625));
#6074=CARTESIAN_POINT('Ctrl Pts',(0.550039193594969,0.820962610568252,0.91043061875));
#6075=CARTESIAN_POINT('Ctrl Pts',(0.0900471843481101,0.984088330890321,
0.922344681250001));
#6076=CARTESIAN_POINT('Ctrl Pts',(-0.391922141771591,0.90714480692878,0.934258743749999));
#6077=CARTESIAN_POINT('Ctrl Pts',(-0.778265172766397,0.6089645251326,0.94617280625));
#6078=CARTESIAN_POINT('Ctrl Pts',(-0.974817704603594,0.162151724704945,
0.95808686875));
#6079=CARTESIAN_POINT('Ctrl Pts',(-0.947219435394366,-0.161948447087379,
0.966029577083333));
#6080=CARTESIAN_POINT('Ctrl Pts',(-0.89549802196694,-0.310916060311379,
0.97000093125));
#6081=CARTESIAN_POINT('Ctrl Pts',(0.918464018123977,0.0665928902853708,
0.604375465625));
#6082=CARTESIAN_POINT('Ctrl Pts',(0.907386177994626,0.219380935882086,0.608346819791667));
#6083=CARTESIAN_POINT('Ctrl Pts',(0.807505446344733,0.519166825299576,0.616289528125));
#6084=CARTESIAN_POINT('Ctrl Pts',(0.460481355536077,0.842335730864597,0.628203590625));
#6085=CARTESIAN_POINT('Ctrl Pts',(0.00121192952903466,0.95997520915327,
0.640117653125));
#6086=CARTESIAN_POINT('Ctrl Pts',(-0.458391733184883,0.843476869876747,
0.652031715625));
#6087=CARTESIAN_POINT('Ctrl Pts',(-0.806161192472257,0.521215507987105,
0.663945778125));
#6088=CARTESIAN_POINT('Ctrl Pts',(-0.95729333140081,0.0718211361233038,
0.675859840625001));
#6089=CARTESIAN_POINT('Ctrl Pts',(-0.874908706592195,-0.395095927243222,
0.687773903125));
#6090=CARTESIAN_POINT('Ctrl Pts',(-0.579110170569627,-0.765635723320207,
0.699687965625));
#6091=CARTESIAN_POINT('Ctrl Pts',(-0.142048405696909,-0.949415103252861,
0.711602028125));
#6092=CARTESIAN_POINT('Ctrl Pts',(0.329662631838317,-0.901603610278587,
0.723516090625));
#6093=CARTESIAN_POINT('Ctrl Pts',(0.720959453405764,-0.63386448449205,0.735430153125));
#6094=CARTESIAN_POINT('Ctrl Pts',(0.936392774856274,-0.211506935161134,
0.747344215625));
#6095=CARTESIAN_POINT('Ctrl Pts',(0.923412221885622,0.262443373538804,0.759258278125001));
#6096=CARTESIAN_POINT('Ctrl Pts',(0.685184040342471,0.672375992477295,0.771172340625));
#6097=CARTESIAN_POINT('Ctrl Pts',(0.279819187610061,0.918296175022682,0.783086403125));
#6098=CARTESIAN_POINT('Ctrl Pts',(-0.19380186117876,0.940216723418298,0.795000465625));
#6099=CARTESIAN_POINT('Ctrl Pts',(-0.620148893190942,0.732790551992921,
0.806914528125));
#6100=CARTESIAN_POINT('Ctrl Pts',(-0.895223235173317,0.346615065462656,
0.818828590625));
#6101=CARTESIAN_POINT('Ctrl Pts',(-0.951926117709549,-0.124110121523561,
0.830742653125));
#6102=CARTESIAN_POINT('Ctrl Pts',(-0.776425999793694,-0.564561138645455,
0.842656715625));
#6103=CARTESIAN_POINT('Ctrl Pts',(-0.411532618707885,-0.867299038333919,
0.854570778124999));
#6104=CARTESIAN_POINT('Ctrl Pts',(0.0537458414909091,-0.958476867441453,
0.866484840625001));
#6105=CARTESIAN_POINT('Ctrl Pts',(0.505913932430769,-0.815854080591689,
0.878398903125));
#6106=CARTESIAN_POINT('Ctrl Pts',(0.834674965782242,-0.474219729637695,
0.890312965625));
#6107=CARTESIAN_POINT('Ctrl Pts',(0.959833359224474,-0.0169103256879968,
0.902227028125));
#6108=CARTESIAN_POINT('Ctrl Pts',(0.850861361291595,0.444526424185911,0.914141090625));
#6109=CARTESIAN_POINT('Ctrl Pts',(0.534336221957426,0.797525094225135,0.926055153125));
#6110=CARTESIAN_POINT('Ctrl Pts',(0.0874764432112514,0.955993767214214,
0.937969215625));
#6111=CARTESIAN_POINT('Ctrl Pts',(-0.380733225876088,0.881246890307156,
0.949883278125));
#6112=CARTESIAN_POINT('Ctrl Pts',(-0.756046618022028,0.591579304628715,
0.961797340625));
#6113=CARTESIAN_POINT('Ctrl Pts',(-0.946987806397399,0.157522483800531,
0.973711403125));
#6114=CARTESIAN_POINT('Ctrl Pts',(-0.920177435293769,-0.15732500951971,
0.981654111458333));
#6115=CARTESIAN_POINT('Ctrl Pts',(-0.869932607348908,-0.302039772705733,
0.985625465625));
#6116=CARTESIAN_POINT('Ctrl Pts',(0.891472371602483,0.0646358710445967,
0.62));
#6117=CARTESIAN_POINT('Ctrl Pts',(0.880720084939673,0.212933810509686,0.623971354166667));
#6118=CARTESIAN_POINT('Ctrl Pts',(0.783774629304739,0.503909649016508,0.631914062500001));
#6119=CARTESIAN_POINT('Ctrl Pts',(0.446948816717893,0.817581328023253,0.643828125));
#6120=CARTESIAN_POINT('Ctrl Pts',(0.00117631357368811,0.931763639615916,
0.655742187500001));
#6121=CARTESIAN_POINT('Ctrl Pts',(-0.444920603792386,0.818688931458353,
0.66765625));
#6122=CARTESIAN_POINT('Ctrl Pts',(-0.78246988011034,0.505898125405427,0.679570312500001));
#6123=CARTESIAN_POINT('Ctrl Pts',(-0.929160576378645,0.0697104701845648,
0.691484375));
#6124=CARTESIAN_POINT('Ctrl Pts',(-0.849197055312541,-0.383484923001583,
0.7033984375));
#6125=CARTESIAN_POINT('Ctrl Pts',(-0.562091390614648,-0.743135365766409,
0.7153125));
#6126=CARTESIAN_POINT('Ctrl Pts',(-0.137873914067565,-0.921513872106636,
0.727226562500001));
#6127=CARTESIAN_POINT('Ctrl Pts',(0.31997456888284,-0.875107454227912,0.739140625));
#6128=CARTESIAN_POINT('Ctrl Pts',(0.699772033606341,-0.615236595135117,
0.7510546875));
#6129=CARTESIAN_POINT('Ctrl Pts',(0.908874241429318,-0.205291209429848,
0.762968750000001));
#6130=CARTESIAN_POINT('Ctrl Pts',(0.896275158489635,0.254730737408609,0.774882812499999));
#6131=CARTESIAN_POINT('Ctrl Pts',(0.665047981602937,0.652616334221379,0.786796875000001));
#6132=CARTESIAN_POINT('Ctrl Pts',(0.271595914348546,0.891309461042444,0.798710937499999));
#6133=CARTESIAN_POINT('Ctrl Pts',(-0.188106448806668,0.912585812515616,
0.810625000000001));
#6134=CARTESIAN_POINT('Ctrl Pts',(-0.601924075032147,0.711255442110138,
0.8225390625));
#6135=CARTESIAN_POINT('Ctrl Pts',(-0.868914584377196,0.336428807600206,
0.834453125000001));
#6136=CARTESIAN_POINT('Ctrl Pts',(-0.923951093346292,-0.120462796790312,
0.846367187499999));
#6137=CARTESIAN_POINT('Ctrl Pts',(-0.753608539639583,-0.547969922883715,
0.858281250000001));
#6138=CARTESIAN_POINT('Ctrl Pts',(-0.399438576092131,-0.841811018543055,
0.8701953125));
#6139=CARTESIAN_POINT('Ctrl Pts',(0.0521663688856724,-0.9303093308864,0.882109375));
#6140=CARTESIAN_POINT('Ctrl Pts',(0.49104622965199,-0.79187791547046,0.8940234375));
#6141=CARTESIAN_POINT('Ctrl Pts',(0.810145696053472,-0.460283450084747,
0.9059375));
#6142=CARTESIAN_POINT('Ctrl Pts',(0.931625958345947,-0.0164133682410782,
0.917851562499999));
#6143=CARTESIAN_POINT('Ctrl Pts',(0.825856408838816,0.431462765866887,0.929765625000001));
#6144=CARTESIAN_POINT('Ctrl Pts',(0.518633250319882,0.774087577882017,0.941679687499999));
#6145=CARTESIAN_POINT('Ctrl Pts',(0.0849057020743935,0.927899203538108,
0.953593750000001));
#6146=CARTESIAN_POINT('Ctrl Pts',(-0.369544309980585,0.855348973685533,
0.965507812499999));
#6147=CARTESIAN_POINT('Ctrl Pts',(-0.733828063277658,0.574194084124831,
0.977421875));
#6148=CARTESIAN_POINT('Ctrl Pts',(-0.919157908191205,0.152893242896118,
0.989335937500001));
#6149=CARTESIAN_POINT('Ctrl Pts',(-0.893135435193172,-0.152701571952041,
0.997278645833333));
#6150=CARTESIAN_POINT('Ctrl Pts',(-0.844367192730876,-0.293163485100087,
1.00125));
#6151=CARTESIAN_POINT('Ctrl Pts',(-0.92106343658497,-0.319792347917027,
0.954376396875));
#6152=CARTESIAN_POINT('Ctrl Pts',(-0.974261435494964,-0.16657188465505,
0.950405042708333));
#6153=CARTESIAN_POINT('Ctrl Pts',(-0.988454519152377,0.000104540477153997,
0.946433688541667));
#6154=CARTESIAN_POINT('Ctrl Pts',(-0.961857081764579,0.160037549714444,
0.942462334375));
#6155=CARTESIAN_POINT('Ctrl Pts',(-0.935259644376781,0.319970558951734,
0.938490980208334));
#6156=CARTESIAN_POINT('Ctrl Pts',(-0.867871685943774,0.473160152294109,
0.934519626041666));
#6157=CARTESIAN_POINT('Ctrl Pts',(-0.767948928419991,0.600870445284283,
0.930548271875));
#6158=CARTESIAN_POINT('Ctrl Pts',(-0.668026170896208,0.728580738274458,
0.926576917708333));
#6159=CARTESIAN_POINT('Ctrl Pts',(-0.535568614281651,0.830811730912431,
0.922605563541667));
#6160=CARTESIAN_POINT('Ctrl Pts',(-0.386718338782361,0.895117255734088,
0.918634209375));
#6161=CARTESIAN_POINT('Ctrl Pts',(-0.237868063283073,0.959422780555744,
0.914662855208333));
#6162=CARTESIAN_POINT('Ctrl Pts',(-0.0726250688990521,0.985802837561086,
0.910691501041667));
#6163=CARTESIAN_POINT('Ctrl Pts',(0.088850468250882,0.97102907145458,0.906720146875));
#6164=CARTESIAN_POINT('Ctrl Pts',(0.250326005400816,0.956255305348074,0.902748792708333));
#6165=CARTESIAN_POINT('Ctrl Pts',(0.408034085316664,0.900327716129722,0.898777438541667));
#6166=CARTESIAN_POINT('Ctrl Pts',(0.542742975435361,0.810072857172644,0.894806084375));
#6167=CARTESIAN_POINT('Ctrl Pts',(0.67745186555406,0.719817998215566,0.890834730208333));
#6168=CARTESIAN_POINT('Ctrl Pts',(0.789161565875607,0.595235869519762,0.886863376041667));
#6169=CARTESIAN_POINT('Ctrl Pts',(0.864245898500443,0.451518474937562,0.882892021875));
#6170=CARTESIAN_POINT('Ctrl Pts',(0.936679916661194,0.312873993389094,0.879060847916667));
#6171=CARTESIAN_POINT('Ctrl Pts',(0.975028526665624,0.156421271570697,0.875229673958334));
#6172=CARTESIAN_POINT('Ctrl Pts',(0.975081143099074,-6.1546791954685E-6,
0.8713985));
#6173=CARTESIAN_POINT('',(0.891472371602483,0.0646358710445975,0.62));
#6174=CARTESIAN_POINT('Ctrl Pts',(0.891472371602483,0.0646358710445967,
0.62));
#6175=CARTESIAN_POINT('Ctrl Pts',(0.880720084939673,0.212933810509686,0.623971354166667));
#6176=CARTESIAN_POINT('Ctrl Pts',(0.783774629304739,0.503909649016508,0.631914062500001));
#6177=CARTESIAN_POINT('Ctrl Pts',(0.446948816717893,0.817581328023253,0.643828125));
#6178=CARTESIAN_POINT('Ctrl Pts',(0.00117631357368811,0.931763639615916,
0.655742187500001));
#6179=CARTESIAN_POINT('Ctrl Pts',(-0.444920603792386,0.818688931458353,
0.66765625));
#6180=CARTESIAN_POINT('Ctrl Pts',(-0.78246988011034,0.505898125405427,0.679570312500001));
#6181=CARTESIAN_POINT('Ctrl Pts',(-0.887600751868339,0.193289421445279,
0.688108930208334));
#6182=CARTESIAN_POINT('Ctrl Pts',(-0.893871845420811,0.0223274750478637,
0.69267619375));
#6183=CARTESIAN_POINT('Ctrl Pts',(-0.89385050536991,1.98046939149238E-5,
0.693272103125));
#6184=CARTESIAN_POINT('Ctrl Pts',(-0.437272339610436,0.871530106321725,
0.62));
#6185=CARTESIAN_POINT('Ctrl Pts',(-0.403064733783285,0.8868901423894,0.62));
#6186=CARTESIAN_POINT('Ctrl Pts',(-0.36793092308726,0.900262627554705,0.62));
#6187=CARTESIAN_POINT('Ctrl Pts',(-0.332053486324996,0.911588520567982,
0.62));
#6188=CARTESIAN_POINT('Ctrl Pts',(-0.323206068628607,0.914381498977702,
0.62));
#6189=CARTESIAN_POINT('Ctrl Pts',(-0.314313421616851,0.917049881137105,
0.62));
#6190=CARTESIAN_POINT('Ctrl Pts',(-0.305378284381602,0.919592506205377,
0.62));
#6191=CARTESIAN_POINT('Ctrl Pts',(-0.29670777326351,0.922059828009525,0.62));
#6192=CARTESIAN_POINT('Ctrl Pts',(-0.288004190693896,0.924406685999364,
0.62));
#6193=CARTESIAN_POINT('Ctrl Pts',(-0.279277347142571,0.926630888846256,
0.62));
#6194=CARTESIAN_POINT('Ctrl Pts',(-0.237561743444929,0.93726290762354,0.62));
#6195=CARTESIAN_POINT('Ctrl Pts',(-0.195264630683993,0.945110935496583,
0.620000000000001));
#6196=CARTESIAN_POINT('Ctrl Pts',(-0.152670031274991,0.95012796679944,0.620000000000001));
#6197=CARTESIAN_POINT('Ctrl Pts',(-0.110566966027412,0.955087102446309,
0.620000000000001));
#6198=CARTESIAN_POINT('Ctrl Pts',(-0.0681721144683598,0.957280276196016,
0.62));
#6199=CARTESIAN_POINT('Ctrl Pts',(-0.0257575972644511,0.956611873966611,
0.62));
#6200=CARTESIAN_POINT('Ctrl Pts',(-0.0167717139677803,0.956470267157796,
0.62));
#6201=CARTESIAN_POINT('Ctrl Pts',(-0.00778497442297848,0.956200037324331,
0.620000000000001));
#6202=CARTESIAN_POINT('Ctrl Pts',(0.00119997352848087,0.955799975799968,
0.620000000000001));
#6203=CARTESIAN_POINT('Ctrl Pts',(0.0180678709680351,0.955048920056636,
0.620000000000001));
#6204=CARTESIAN_POINT('Ctrl Pts',(0.0349294868441108,0.953840343628934,
0.62));
#6205=CARTESIAN_POINT('Ctrl Pts',(0.0517669959499712,0.952177103989031,
0.62));
#6206=CARTESIAN_POINT('Ctrl Pts',(0.0626502773043986,0.951102033748706,
0.62));
#6207=CARTESIAN_POINT('Ctrl Pts',(0.0735274620793905,0.949836270909946,
0.620000000000001));
#6208=CARTESIAN_POINT('Ctrl Pts',(0.0843664094167834,0.948384518149764,
0.620000000000001));
#6209=CARTESIAN_POINT('Ctrl Pts',(0.126469450691201,0.942745298354743,0.620000000000001));
#6210=CARTESIAN_POINT('Ctrl Pts',(0.168072857399761,0.934298413479118,0.62));
#6211=CARTESIAN_POINT('Ctrl Pts',(0.208906970956076,0.923151238908287,0.62));
#6212=CARTESIAN_POINT('Ctrl Pts',(0.250912786998672,0.911684205008524,0.62));
#6213=CARTESIAN_POINT('Ctrl Pts',(0.292105855477063,0.897359494070875,0.62));
#6214=CARTESIAN_POINT('Ctrl Pts',(0.332173888448366,0.880239874263929,0.62));
#6215=CARTESIAN_POINT('Ctrl Pts',(0.352759358580714,0.871444448182858,0.62));
#6216=CARTESIAN_POINT('Ctrl Pts',(0.373047447906867,0.861910453939521,0.62));
#6217=CARTESIAN_POINT('Ctrl Pts',(0.392992173382755,0.851641359021874,0.62));
#6218=CARTESIAN_POINT('Ctrl Pts',(0.400377204975415,0.847838970741998,0.62));
#6219=CARTESIAN_POINT('Ctrl Pts',(0.407715130387219,0.843935765631653,0.62));
#6220=CARTESIAN_POINT('Ctrl Pts',(0.415003502845371,0.839931809342441,0.62));
#6221=CARTESIAN_POINT('Ctrl Pts',(0.422071620848081,0.836048852524258,0.62));
#6222=CARTESIAN_POINT('Ctrl Pts',(0.429084703646037,0.832075764813635,0.62));
#6223=CARTESIAN_POINT('Ctrl Pts',(0.436040161457107,0.828013632126312,0.62));
#6224=CARTESIAN_POINT('Ctrl Pts',(0.440244655717124,0.825558119630774,0.62));
#6225=CARTESIAN_POINT('Ctrl Pts',(0.444428185139027,0.823070017623421,0.62));
#6226=CARTESIAN_POINT('Ctrl Pts',(0.44859034116246,0.820549461819876,0.62));
#6227=CARTESIAN_POINT('Ctrl Pts',(0.484430603829263,0.798844993857408,0.62));
#6228=CARTESIAN_POINT('Ctrl Pts',(0.518688468693021,0.774737820318184,0.62));
#6229=CARTESIAN_POINT('Ctrl Pts',(0.551176680010206,0.748454884345986,0.62));
#6230=CARTESIAN_POINT('Ctrl Pts',(0.583563461488738,0.722254005029016,0.62));
#6231=CARTESIAN_POINT('Ctrl Pts',(0.614192404150186,0.693890011130864,0.62));
#6232=CARTESIAN_POINT('Ctrl Pts',(0.642841803974084,0.663551175206271,0.62));
#6233=CARTESIAN_POINT('Ctrl Pts',(0.657335337748881,0.648202967360244,0.62));
#6234=CARTESIAN_POINT('Ctrl Pts',(0.671321603604566,0.632348847157557,0.62));
#6235=CARTESIAN_POINT('Ctrl Pts',(0.684767371945044,0.616010730790684,0.62));
#6236=CARTESIAN_POINT('Ctrl Pts',(0.690290343805585,0.609299700623905,0.62));
#6237=CARTESIAN_POINT('Ctrl Pts',(0.695722126414501,0.602506719480967,0.62));
#6238=CARTESIAN_POINT('Ctrl Pts',(0.701051449769092,0.595645225603647,0.62));
#6239=CARTESIAN_POINT('Ctrl Pts',(0.726042048082053,0.563469876895033,0.62));
#6240=CARTESIAN_POINT('Ctrl Pts',(0.748834767424853,0.529728416724047,0.62));
#6241=CARTESIAN_POINT('Ctrl Pts',(0.769232128866369,0.494605755338326,0.62));
#6242=CARTESIAN_POINT('Ctrl Pts',(0.788110553215105,0.462098584849742,0.62));
#6243=CARTESIAN_POINT('Ctrl Pts',(0.804936915693879,0.428407275122877,0.62));
#6244=CARTESIAN_POINT('Ctrl Pts',(0.819642530860198,0.393738314259142,0.62));
#6245=CARTESIAN_POINT('Ctrl Pts',(0.824016315693329,0.383426975801607,0.62));
#6246=CARTESIAN_POINT('Ctrl Pts',(0.828202265694232,0.373029097854709,0.62));
#6247=CARTESIAN_POINT('Ctrl Pts',(0.832197970877005,0.362550015641893,0.62));
#6248=CARTESIAN_POINT('Ctrl Pts',(0.835526405680043,0.353820907675816,0.62));
#6249=CARTESIAN_POINT('Ctrl Pts',(0.838723336860837,0.34503361441001,0.62));
#6250=CARTESIAN_POINT('Ctrl Pts',(0.841781886097086,0.336207696148991,0.62));
#6251=CARTESIAN_POINT('Ctrl Pts',(0.855206909601919,0.297467708346389,0.62));
#6252=CARTESIAN_POINT('Ctrl Pts',(0.865995962308172,0.257919641804639,0.62));
#6253=CARTESIAN_POINT('Ctrl Pts',(0.87407739776123,0.217836843383158,0.62));
#6254=CARTESIAN_POINT('Ctrl Pts',(0.882033127950769,0.178377525625156,0.62));
#6255=CARTESIAN_POINT('Ctrl Pts',(0.887364936928914,0.138398865104928,0.62));
#6256=CARTESIAN_POINT('Ctrl Pts',(0.889954791094713,0.0981577799334381,
0.62));
#6257=CARTESIAN_POINT('Ctrl Pts',(0.890672754586484,0.0870020822868676,
0.62));
#6258=CARTESIAN_POINT('Ctrl Pts',(0.891179690105152,0.0758262478432118,
0.62));
#6259=CARTESIAN_POINT('Ctrl Pts',(0.891472371602483,0.0646358710445967,
0.62));
#6260=CARTESIAN_POINT('Origin',(0.,0.,0.468272103125));
#6261=CARTESIAN_POINT('',(0.064637820928341,-0.891542234108133,0.62));
#6262=CARTESIAN_POINT('Ctrl Pts',(0.064637820928341,-0.891542234108133,
0.62));
#6263=CARTESIAN_POINT('Ctrl Pts',(0.205621893233664,-0.881286549023827,
0.623776449088542));
#6264=CARTESIAN_POINT('Ctrl Pts',(0.486489796019156,-0.791493497528107,
0.631433094869792));
#6265=CARTESIAN_POINT('Ctrl Pts',(0.799463398740267,-0.475162933155354,
0.642969937343751));
#6266=CARTESIAN_POINT('Ctrl Pts',(0.928909529725614,-0.0452322034341395,
0.654610527421875));
#6267=CARTESIAN_POINT('Ctrl Pts',(0.841846570516022,0.39523909124849,0.6662511175));
#6268=CARTESIAN_POINT('Ctrl Pts',(0.558565101366471,0.743589025020422,0.677891707578125));
#6269=CARTESIAN_POINT('Ctrl Pts',(0.14509346907061,0.918622501191129,0.689532297656251));
#6270=CARTESIAN_POINT('Ctrl Pts',(-0.30219675538375,0.8795434617484,0.701172887734375));
#6271=CARTESIAN_POINT('Ctrl Pts',(-0.67905079671233,0.635460068654269,0.7128134778125));
#6272=CARTESIAN_POINT('Ctrl Pts',(-0.864316847383022,0.303039646462789,
0.722679882942709));
#6273=CARTESIAN_POINT('Ctrl Pts',(-0.893728289399946,0.0788594206775671,
0.728666091380209));
#6274=CARTESIAN_POINT('Ctrl Pts',(-0.893745136347772,-5.22732815259191E-6,
0.730772103125));
#6275=CARTESIAN_POINT('Origin',(0.,0.,0.62));
#6276=CARTESIAN_POINT('Origin',(0.,0.,0.55841920625));
#6277=CARTESIAN_POINT('Ctrl Pts',(0.924408884412259,-0.34024815257001,1.));
#6278=CARTESIAN_POINT('Ctrl Pts',(0.971379058133997,-0.212278616385959,
1.00330432419271));
#6279=CARTESIAN_POINT('Ctrl Pts',(1.01550235314915,0.0874243483823375,1.01048884507813));
#6280=CARTESIAN_POINT('Ctrl Pts',(0.873653946790784,0.535847628425305,1.02155356265625));
#6281=CARTESIAN_POINT('Ctrl Pts',(0.520788393069176,0.882709085559568,1.03319415273438));
#6282=CARTESIAN_POINT('Ctrl Pts',(0.0465434819803786,1.02383835147926,1.0448347428125));
#6283=CARTESIAN_POINT('Ctrl Pts',(-0.438562231433686,0.926311103898648,
1.05647533289063));
#6284=CARTESIAN_POINT('Ctrl Pts',(-0.821422406710716,0.612919614610566,
1.06811592296875));
#6285=CARTESIAN_POINT('Ctrl Pts',(-1.01287788203871,0.156585143924412,1.07975651304687));
#6286=CARTESIAN_POINT('Ctrl Pts',(-0.983020242826277,-0.171833370209641,
1.08751690643229));
#6287=CARTESIAN_POINT('Ctrl Pts',(-0.930510241062765,-0.323072269434122,
1.091397103125));
#6288=CARTESIAN_POINT('Ctrl Pts',(-0.848364620881995,0.281386309531929,
0.573126396875));
#6289=CARTESIAN_POINT('Ctrl Pts',(-0.894099266061013,0.143498808953059,
0.577006593567709));
#6290=CARTESIAN_POINT('Ctrl Pts',(-0.917043504303513,-0.154864123761139,
0.584766986953125));
#6291=CARTESIAN_POINT('Ctrl Pts',(-0.737567293392272,-0.566495469865693,
0.59640757703125));
#6292=CARTESIAN_POINT('Ctrl Pts',(-0.386227530073609,-0.846012790180845,
0.608048167109375));
#6293=CARTESIAN_POINT('Ctrl Pts',(0.0551577500623418,-0.928377739344608,
0.6196887571875));
#6294=CARTESIAN_POINT('Ctrl Pts',(0.483675311768113,-0.794338169998278,
0.631329347265625));
#6295=CARTESIAN_POINT('Ctrl Pts',(0.799463398740267,-0.475162933155354,
0.642969937343751));
#6296=CARTESIAN_POINT('Ctrl Pts',(0.928909529725614,-0.0452322034341395,
0.654610527421875));
#6297=CARTESIAN_POINT('Ctrl Pts',(0.841846570516022,0.39523909124849,0.6662511175));
#6298=CARTESIAN_POINT('Ctrl Pts',(0.558565101366471,0.743589025020422,0.677891707578125));
#6299=CARTESIAN_POINT('Ctrl Pts',(0.14509346907061,0.918622501191129,0.689532297656251));
#6300=CARTESIAN_POINT('Ctrl Pts',(-0.30219675538375,0.8795434617484,0.701172887734375));
#6301=CARTESIAN_POINT('Ctrl Pts',(-0.67905079671233,0.635460068654269,0.7128134778125));
#6302=CARTESIAN_POINT('Ctrl Pts',(-0.897631538410004,0.243263537368452,
0.724454067890626));
#6303=CARTESIAN_POINT('Ctrl Pts',(-0.906992061786642,-0.205632955573136,
0.73609465796875));
#6304=CARTESIAN_POINT('Ctrl Pts',(-0.70495064379699,-0.606600448858775,
0.747735248046875));
#6305=CARTESIAN_POINT('Ctrl Pts',(-0.33859913702096,-0.866181355637663,
0.759375838125));
#6306=CARTESIAN_POINT('Ctrl Pts',(0.106673144358764,-0.923872477515644,
0.771016428203125));
#6307=CARTESIAN_POINT('Ctrl Pts',(0.527082022058982,-0.766227158086034,
0.78265701828125));
#6308=CARTESIAN_POINT('Ctrl Pts',(0.824638481022213,-0.429989407667393,
0.794297608359375));
#6309=CARTESIAN_POINT('Ctrl Pts',(0.929987983525417,0.0064703880852101,
0.8059381984375));
#6310=CARTESIAN_POINT('Ctrl Pts',(0.818575638809361,0.44142206405732,0.817578788515626));
#6311=CARTESIAN_POINT('Ctrl Pts',(0.516369466506425,0.773486968103701,0.829219378593749));
#6312=CARTESIAN_POINT('Ctrl Pts',(0.0938077607805338,0.925267322699566,
0.840859968671876));
#6313=CARTESIAN_POINT('Ctrl Pts',(-0.350618681619269,0.861386125117652,
0.85250055875));
#6314=CARTESIAN_POINT('Ctrl Pts',(-0.713322830705589,0.596732816208077,
0.864141148828125));
#6315=CARTESIAN_POINT('Ctrl Pts',(-0.909765499558302,0.192992871306584,
0.875781738906251));
#6316=CARTESIAN_POINT('Ctrl Pts',(-0.894159793212164,-0.255729919180572,
0.887422328984375));
#6317=CARTESIAN_POINT('Ctrl Pts',(-0.670143064281678,-0.644847080139857,
0.8990629190625));
#6318=CARTESIAN_POINT('Ctrl Pts',(-0.289929251475195,-0.883663176333528,
0.910703509140625));
#6319=CARTESIAN_POINT('Ctrl Pts',(0.15786142957118,-0.916514693562156,0.92234409921875));
#6320=CARTESIAN_POINT('Ctrl Pts',(0.568857562481607,-0.735744985849609,
0.933984689296875));
#6321=CARTESIAN_POINT('Ctrl Pts',(0.847264555265803,-0.383487106603027,
0.945625279375));
#6322=CARTESIAN_POINT('Ctrl Pts',(0.928190227760656,0.0581529683867524,
0.957265869453125));
#6323=CARTESIAN_POINT('Ctrl Pts',(0.792774434838516,0.48624092221512,0.96890645953125));
#6324=CARTESIAN_POINT('Ctrl Pts',(0.472575812771718,0.800991283793614,0.980547049609375));
#6325=CARTESIAN_POINT('Ctrl Pts',(0.0422346659772457,0.929055346732548,
0.9921876396875));
#6326=CARTESIAN_POINT('Ctrl Pts',(-0.397961831962762,0.840556795485695,
1.00382822976563));
#6327=CARTESIAN_POINT('Ctrl Pts',(-0.745378289236672,0.556177881252901,
1.01546881984375));
#6328=CARTESIAN_POINT('Ctrl Pts',(-0.919109555268754,0.142089095384709,
1.02710940992188));
#6329=CARTESIAN_POINT('Ctrl Pts',(-0.892016021107779,-0.155925699706096,
1.03486980330729));
#6330=CARTESIAN_POINT('Ctrl Pts',(-0.844367192730876,-0.293163485100087,
1.03875));
#6331=CARTESIAN_POINT('Ctrl Pts',(-0.877214910648837,0.290955398537525,
0.59067543125));
#6332=CARTESIAN_POINT('Ctrl Pts',(-0.924504851432269,0.148378765186015,
0.594555627942709));
#6333=CARTESIAN_POINT('Ctrl Pts',(-0.948229353143427,-0.160130579639924,
0.602316021328125));
#6334=CARTESIAN_POINT('Ctrl Pts',(-0.762649704437171,-0.585760250662701,
0.613956611406251));
#6335=CARTESIAN_POINT('Ctrl Pts',(-0.399361948794383,-0.874783101368265,
0.625597201484375));
#6336=CARTESIAN_POINT('Ctrl Pts',(0.0570334966847446,-0.959949030902397,
0.6372377915625));
#6337=CARTESIAN_POINT('Ctrl Pts',(0.500123631929166,-0.821351185172682,
0.648878381640625));
#6338=CARTESIAN_POINT('Ctrl Pts',(0.826650707291232,-0.491321773317432,
0.660518971718751));
#6339=CARTESIAN_POINT('Ctrl Pts',(0.96049890585012,-0.0467704125293178,
0.672159561796875));
#6340=CARTESIAN_POINT('Ctrl Pts',(0.870475201296688,0.408679965642625,0.683800151875001));
#6341=CARTESIAN_POINT('Ctrl Pts',(0.577560194550949,0.768876216767031,0.695440741953125));
#6342=CARTESIAN_POINT('Ctrl Pts',(0.150027654823914,0.94986204689278,0.70708133203125));
#6343=CARTESIAN_POINT('Ctrl Pts',(-0.312473544095609,0.909454048669847,
0.718721922109375));
#6344=CARTESIAN_POINT('Ctrl Pts',(-0.702143240420307,0.65707012483138,0.7303625121875));
#6345=CARTESIAN_POINT('Ctrl Pts',(-0.92815724557594,0.25153618732348,0.742003102265625));
#6346=CARTESIAN_POINT('Ctrl Pts',(-0.937836091764655,-0.212625904368819,
0.75364369234375));
#6347=CARTESIAN_POINT('Ctrl Pts',(-0.728923862203624,-0.627229077506771,
0.765284282421875));
#6348=CARTESIAN_POINT('Ctrl Pts',(-0.350113859555831,-0.895637538139477,
0.776924872500001));
#6349=CARTESIAN_POINT('Ctrl Pts',(0.110300772208085,-0.955290558878145,
0.788565462578124));
#6350=CARTESIAN_POINT('Ctrl Pts',(0.545006471868647,-0.792284203599111,
0.800206052656251));
#6351=CARTESIAN_POINT('Ctrl Pts',(0.852681917234398,-0.444612034192035,
0.811846642734374));
#6352=CARTESIAN_POINT('Ctrl Pts',(0.96161403456995,0.00669042622278364,
0.8234872328125));
#6353=CARTESIAN_POINT('Ctrl Pts',(0.846412896274406,0.456433480309321,0.835127822890625));
#6354=CARTESIAN_POINT('Ctrl Pts',(0.533929615018951,0.799790897583302,0.84676841296875));
#6355=CARTESIAN_POINT('Ctrl Pts',(0.0969978762265119,0.956732838486777,
0.858409003046875));
#6356=CARTESIAN_POINT('Ctrl Pts',(-0.362542152157052,0.890679236474588,
0.870049593125));
#6357=CARTESIAN_POINT('Ctrl Pts',(-0.737580761619498,0.617025876806348,
0.881690183203125));
#6358=CARTESIAN_POINT('Ctrl Pts',(-0.940703845684578,0.199555969440427,
0.89333077328125));
#6359=CARTESIAN_POINT('Ctrl Pts',(-0.924567436926975,-0.264426512707468,
0.904971363359375));
#6360=CARTESIAN_POINT('Ctrl Pts',(-0.692932583214783,-0.666776359908734,
0.9166119534375));
#6361=CARTESIAN_POINT('Ctrl Pts',(-0.299788859845293,-0.913713862166,0.928252543515625));
#6362=CARTESIAN_POINT('Ctrl Pts',(0.163229814666496,-0.947682559163798,
0.93989313359375));
#6363=CARTESIAN_POINT('Ctrl Pts',(0.588202670834419,-0.760765425780489,
0.951533723671874));
#6364=CARTESIAN_POINT('Ctrl Pts',(0.876077435160747,-0.396528331891092,
0.96317431375));
#6365=CARTESIAN_POINT('Ctrl Pts',(0.959755142622153,0.0601305732366762,
0.974814903828125));
#6366=CARTESIAN_POINT('Ctrl Pts',(0.819734272155937,0.502776490951848,0.98645549390625));
#6367=CARTESIAN_POINT('Ctrl Pts',(0.488646672870872,0.828230551048932,0.998096083984375));
#6368=CARTESIAN_POINT('Ctrl Pts',(0.0436709379782894,0.960649681648119,
1.0097366740625));
#6369=CARTESIAN_POINT('Ctrl Pts',(-0.41149529845307,0.86914156495668,1.02137726414063));
#6370=CARTESIAN_POINT('Ctrl Pts',(-0.770726328394687,0.575091792372122,
1.03301785421875));
#6371=CARTESIAN_POINT('Ctrl Pts',(-0.950365664192073,0.14692111156461,1.04465844429687));
#6372=CARTESIAN_POINT('Ctrl Pts',(-0.922350761680611,-0.161228256540611,
1.05241883768229));
#6373=CARTESIAN_POINT('Ctrl Pts',(-0.873081542174839,-0.303133079878099,
1.056299034375));
#6374=CARTESIAN_POINT('Ctrl Pts',(-0.906065200415679,0.300524487543121,
0.608224465625));
#6375=CARTESIAN_POINT('Ctrl Pts',(-0.954910436803526,0.153258721418971,
0.612104662317709));
#6376=CARTESIAN_POINT('Ctrl Pts',(-0.97941520198334,-0.165397035518709,
0.619865055703125));
#6377=CARTESIAN_POINT('Ctrl Pts',(-0.787732115482071,-0.60502503145971,
0.63150564578125));
#6378=CARTESIAN_POINT('Ctrl Pts',(-0.412496367515158,-0.903553412555684,
0.643146235859376));
#6379=CARTESIAN_POINT('Ctrl Pts',(0.0589092433071475,-0.991520322460185,
0.6547868259375));
#6380=CARTESIAN_POINT('Ctrl Pts',(0.51657195209022,-0.848364200347086,0.666427416015625));
#6381=CARTESIAN_POINT('Ctrl Pts',(0.853838015842197,-0.507480613479511,
0.678068006093751));
#6382=CARTESIAN_POINT('Ctrl Pts',(0.992088281974626,-0.0483086216244946,
0.689708596171875));
#6383=CARTESIAN_POINT('Ctrl Pts',(0.899103832077352,0.422120840036758,0.70134918625));
#6384=CARTESIAN_POINT('Ctrl Pts',(0.596555287735428,0.794163408513641,0.712989776328125));
#6385=CARTESIAN_POINT('Ctrl Pts',(0.154961840577218,0.981101592594428,0.72463036640625));
#6386=CARTESIAN_POINT('Ctrl Pts',(-0.322750332807468,0.939364635591298,
0.736270956484375));
#6387=CARTESIAN_POINT('Ctrl Pts',(-0.725235684128283,0.67868018100849,0.747911546562501));
#6388=CARTESIAN_POINT('Ctrl Pts',(-0.958682952741877,0.259808837278509,
0.759552136640625));
#6389=CARTESIAN_POINT('Ctrl Pts',(-0.968680121742669,-0.219618853164503,
0.77119272671875));
#6390=CARTESIAN_POINT('Ctrl Pts',(-0.752897080610257,-0.647857706154765,
0.782833316796876));
#6391=CARTESIAN_POINT('Ctrl Pts',(-0.361628582090703,-0.925093720641293,
0.794473906875));
#6392=CARTESIAN_POINT('Ctrl Pts',(0.113928400057407,-0.986708640240643,
0.806114496953125));
#6393=CARTESIAN_POINT('Ctrl Pts',(0.562930921678312,-0.818341249112188,
0.81775508703125));
#6394=CARTESIAN_POINT('Ctrl Pts',(0.880725353446584,-0.459234660716677,
0.829395677109375));
#6395=CARTESIAN_POINT('Ctrl Pts',(0.993240085614482,0.00691046436035725,
0.8410362671875));
#6396=CARTESIAN_POINT('Ctrl Pts',(0.874250153739452,0.471444896561323,0.852676857265626));
#6397=CARTESIAN_POINT('Ctrl Pts',(0.551489763531475,0.826094827062901,0.864317447343749));
#6398=CARTESIAN_POINT('Ctrl Pts',(0.10018799167249,0.988198354273987,0.875958037421877));
#6399=CARTESIAN_POINT('Ctrl Pts',(-0.374465622694836,0.919972347831524,
0.887598627499999));
#6400=CARTESIAN_POINT('Ctrl Pts',(-0.761838692533407,0.637318937404618,
0.899239217578127));
#6401=CARTESIAN_POINT('Ctrl Pts',(-0.971642191810852,0.206119067574271,
0.910879807656249));
#6402=CARTESIAN_POINT('Ctrl Pts',(-0.954975080641786,-0.273123106234366,
0.922520397734376));
#6403=CARTESIAN_POINT('Ctrl Pts',(-0.715722102147886,-0.688705639677608,
0.9341609878125));
#6404=CARTESIAN_POINT('Ctrl Pts',(-0.309648468215391,-0.943764547998475,
0.945801577890625));
#6405=CARTESIAN_POINT('Ctrl Pts',(0.168598199761812,-0.978850424765438,
0.95744216796875));
#6406=CARTESIAN_POINT('Ctrl Pts',(0.607547779187229,-0.78578586571137,0.969082758046875));
#6407=CARTESIAN_POINT('Ctrl Pts',(0.904890315055693,-0.409569557179156,
0.980723348125001));
#6408=CARTESIAN_POINT('Ctrl Pts',(0.991320057483649,0.0621081780865997,
0.992363938203124));
#6409=CARTESIAN_POINT('Ctrl Pts',(0.846694109473361,0.519312059688577,1.00400452828125));
#6410=CARTESIAN_POINT('Ctrl Pts',(0.504717532970024,0.855469818304249,1.01564511835937));
#6411=CARTESIAN_POINT('Ctrl Pts',(0.0451072099793341,0.992244016563692,
1.0272857084375));
#6412=CARTESIAN_POINT('Ctrl Pts',(-0.425028764943378,0.897726334427663,
1.03892629851563));
#6413=CARTESIAN_POINT('Ctrl Pts',(-0.796074367552702,0.594005703491345,
1.05056688859375));
#6414=CARTESIAN_POINT('Ctrl Pts',(-0.981621773115391,0.151753127744511,
1.06220747867188));
#6415=CARTESIAN_POINT('Ctrl Pts',(-0.952685502253444,-0.166530813375126,
1.06996787205729));
#6416=CARTESIAN_POINT('Ctrl Pts',(-0.901795891618802,-0.31310267465611,
1.07384806875));
#6417=CARTESIAN_POINT('Ctrl Pts',(-0.934915490182522,0.310093576548717,
0.6257735));
#6418=CARTESIAN_POINT('Ctrl Pts',(-0.985316022174782,0.158138677651927,
0.629653696692709));
#6419=CARTESIAN_POINT('Ctrl Pts',(-1.01060105082325,-0.170663491397494,
0.637414090078126));
#6420=CARTESIAN_POINT('Ctrl Pts',(-0.812814526526971,-0.624289812256717,
0.64905468015625));
#6421=CARTESIAN_POINT('Ctrl Pts',(-0.425630786235932,-0.932323723743104,
0.660695270234376));
#6422=CARTESIAN_POINT('Ctrl Pts',(0.06078498992955,-1.02309161401797,0.6723358603125));
#6423=CARTESIAN_POINT('Ctrl Pts',(0.533020272251274,-0.875377215521492,
0.683976450390626));
#6424=CARTESIAN_POINT('Ctrl Pts',(0.881025324393161,-0.523639453641589,
0.69561704046875));
#6425=CARTESIAN_POINT('Ctrl Pts',(1.02367765809913,-0.049846830719673,0.707257630546875));
#6426=CARTESIAN_POINT('Ctrl Pts',(0.927732462858017,0.435561714430893,0.718898220625));
#6427=CARTESIAN_POINT('Ctrl Pts',(0.615550380919906,0.81945060026025,0.730538810703126));
#6428=CARTESIAN_POINT('Ctrl Pts',(0.159896026330523,1.01234113829608,0.74217940078125));
#6429=CARTESIAN_POINT('Ctrl Pts',(-0.333027121519328,0.969275222512746,
0.753819990859375));
#6430=CARTESIAN_POINT('Ctrl Pts',(-0.748328127836258,0.700290237185601,
0.7654605809375));
#6431=CARTESIAN_POINT('Ctrl Pts',(-0.989208659907814,0.268081487233537,
0.777101171015625));
#6432=CARTESIAN_POINT('Ctrl Pts',(-0.999524151720682,-0.226611801960186,
0.78874176109375));
#6433=CARTESIAN_POINT('Ctrl Pts',(-0.776870299016891,-0.668486334802762,
0.800382351171876));
#6434=CARTESIAN_POINT('Ctrl Pts',(-0.373143304625574,-0.954549903143106,
0.812022941250001));
#6435=CARTESIAN_POINT('Ctrl Pts',(0.117556027906728,-1.01812672160314,0.823663531328124));
#6436=CARTESIAN_POINT('Ctrl Pts',(0.580855371487978,-0.844398294625265,
0.835304121406251));
#6437=CARTESIAN_POINT('Ctrl Pts',(0.908768789658769,-0.473857287241319,
0.846944711484375));
#6438=CARTESIAN_POINT('Ctrl Pts',(1.02486613665902,0.00713050249793055,
0.8585853015625));
#6439=CARTESIAN_POINT('Ctrl Pts',(0.902087411204497,0.486456312813325,0.870225891640626));
#6440=CARTESIAN_POINT('Ctrl Pts',(0.569049912044002,0.852398756542502,0.88186648171875));
#6441=CARTESIAN_POINT('Ctrl Pts',(0.103378107118468,1.0196638700612,0.893507071796875));
#6442=CARTESIAN_POINT('Ctrl Pts',(-0.386389093232618,0.949265459188461,
0.905147661875));
#6443=CARTESIAN_POINT('Ctrl Pts',(-0.786096623447318,0.657611998002889,
0.916788251953125));
#6444=CARTESIAN_POINT('Ctrl Pts',(-1.00258053793713,0.212682165708115,0.92842884203125));
#6445=CARTESIAN_POINT('Ctrl Pts',(-0.985382724356598,-0.281819699761263,
0.940069432109375));
#6446=CARTESIAN_POINT('Ctrl Pts',(-0.738511621080991,-0.710634919446483,
0.951710022187499));
#6447=CARTESIAN_POINT('Ctrl Pts',(-0.319508076585489,-0.973815233830949,
0.963350612265626));
#6448=CARTESIAN_POINT('Ctrl Pts',(0.173966584857128,-1.01001829036708,0.974991202343749));
#6449=CARTESIAN_POINT('Ctrl Pts',(0.626892887540041,-0.810806305642251,
0.986631792421876));
#6450=CARTESIAN_POINT('Ctrl Pts',(0.933703194950637,-0.422610782467221,
0.998272382499999));
#6451=CARTESIAN_POINT('Ctrl Pts',(1.02288497234515,0.0640857829365236,1.00991297257813));
#6452=CARTESIAN_POINT('Ctrl Pts',(0.873653946790784,0.535847628425305,1.02155356265625));
#6453=CARTESIAN_POINT('Ctrl Pts',(0.520788393069176,0.882709085559568,1.03319415273438));
#6454=CARTESIAN_POINT('Ctrl Pts',(0.0465434819803786,1.02383835147926,1.0448347428125));
#6455=CARTESIAN_POINT('Ctrl Pts',(-0.438562231433686,0.926311103898648,
1.05647533289063));
#6456=CARTESIAN_POINT('Ctrl Pts',(-0.821422406710716,0.612919614610566,
1.06811592296875));
#6457=CARTESIAN_POINT('Ctrl Pts',(-1.01287788203871,0.156585143924412,1.07975651304687));
#6458=CARTESIAN_POINT('Ctrl Pts',(-0.983020242826277,-0.171833370209641,
1.08751690643229));
#6459=CARTESIAN_POINT('Ctrl Pts',(-0.930510241062765,-0.323072269434122,
1.091397103125));
#6460=CARTESIAN_POINT('Ctrl Pts',(0.975076041321533,2.18723029257869E-6,
0.85264570625));
#6461=CARTESIAN_POINT('Ctrl Pts',(0.975076347295473,0.00226278721918054,
0.852701071354167));
#6462=CARTESIAN_POINT('Ctrl Pts',(0.974528690327551,0.162954667918588,0.856636633151042));
#6463=CARTESIAN_POINT('Ctrl Pts',(0.89292916337501,0.481517670043647,0.864452391640626));
#6464=CARTESIAN_POINT('Ctrl Pts',(0.56327275557655,0.843744962059837,0.87609298171875));
#6465=CARTESIAN_POINT('Ctrl Pts',(0.102328583188331,1.00931195259865,0.887733571796875));
#6466=CARTESIAN_POINT('Ctrl Pts',(-0.382466361321627,0.939628246404822,
0.899374161875));
#6467=CARTESIAN_POINT('Ctrl Pts',(-0.778115947067141,0.650935734063773,
0.911014751953125));
#6468=CARTESIAN_POINT('Ctrl Pts',(-0.992402055318475,0.210522955903972,
0.92265534203125));
#6469=CARTESIAN_POINT('Ctrl Pts',(-0.975378838830135,-0.278958586058103,
0.934295932109375));
#6470=CARTESIAN_POINT('Ctrl Pts',(-0.731014041171539,-0.703420351736367,
0.945936522187499));
#6471=CARTESIAN_POINT('Ctrl Pts',(-0.316264339767362,-0.963928784756523,
0.957577112265626));
#6472=CARTESIAN_POINT('Ctrl Pts',(0.172200426635229,-0.999764297571474,
0.969217702343749));
#6473=CARTESIAN_POINT('Ctrl Pts',(0.62052849274268,-0.80257476954436,0.980858292421876));
#6474=CARTESIAN_POINT('Ctrl Pts',(0.888225252089211,-0.463868145168422,
0.991119058307291));
#6475=CARTESIAN_POINT('Ctrl Pts',(0.95760692967839,-0.209305400080328,0.9974996275));
#6476=CARTESIAN_POINT('Ctrl Pts',(0.968969702236442,-0.107808870254567,
1.));
#6477=CARTESIAN_POINT('Ctrl Pts',(0.0646378209283418,-0.891542234108133,
0.62));
#6478=CARTESIAN_POINT('Ctrl Pts',(0.0607753450597599,-0.892003497755693,
0.62));
#6479=CARTESIAN_POINT('Ctrl Pts',(0.0569110238156978,-0.89243893552286,
0.62));
#6480=CARTESIAN_POINT('Ctrl Pts',(0.0530451043398496,-0.892848502193094,
0.62));
#6481=CARTESIAN_POINT('Ctrl Pts',(0.0126698841142676,-0.897125969587607,
0.62));
#6482=CARTESIAN_POINT('Ctrl Pts',(-0.0278780955616867,-0.898585853874319,
0.62));
#6483=CARTESIAN_POINT('Ctrl Pts',(-0.0683178472166294,-0.897331579762639,
0.62));
#6484=CARTESIAN_POINT('Ctrl Pts',(-0.109195700546135,-0.896063717546031,
0.62));
#6485=CARTESIAN_POINT('Ctrl Pts',(-0.149964128384208,-0.892022546854312,
0.62));
#6486=CARTESIAN_POINT('Ctrl Pts',(-0.190342042808915,-0.885262028438613,
0.62));
#6487=CARTESIAN_POINT('Ctrl Pts',(-0.210079065679726,-0.881957437092322,
0.62));
#6488=CARTESIAN_POINT('Ctrl Pts',(-0.229722810323359,-0.878002310838044,
0.62));
#6489=CARTESIAN_POINT('Ctrl Pts',(-0.249239924496701,-0.873398449464173,
0.62));
#6490=CARTESIAN_POINT('Ctrl Pts',(-0.259641042794864,-0.870944946023413,
0.62));
#6491=CARTESIAN_POINT('Ctrl Pts',(-0.270006185587353,-0.86830714768419,
0.62));
#6492=CARTESIAN_POINT('Ctrl Pts',(-0.280330195349442,-0.865484988701394,
0.62));
#6493=CARTESIAN_POINT('Ctrl Pts',(-0.288881639988213,-0.863147376004454,
0.62));
#6494=CARTESIAN_POINT('Ctrl Pts',(-0.297397251001204,-0.860685279129539,
0.62));
#6495=CARTESIAN_POINT('Ctrl Pts',(-0.30586750384342,-0.858101475326296,
0.62));
#6496=CARTESIAN_POINT('Ctrl Pts',(-0.330919371648195,-0.850459541547209,
0.62));
#6497=CARTESIAN_POINT('Ctrl Pts',(-0.355593075122245,-0.841748527283895,
0.62));
#6498=CARTESIAN_POINT('Ctrl Pts',(-0.379817602992269,-0.831987159110048,
0.62));
#6499=CARTESIAN_POINT('Ctrl Pts',(-0.418174292061836,-0.816531181352846,
0.62));
#6500=CARTESIAN_POINT('Ctrl Pts',(-0.455405994345781,-0.798444485815173,
0.62));
#6501=CARTESIAN_POINT('Ctrl Pts',(-0.491300705121337,-0.777926303011882,
0.62));
#6502=CARTESIAN_POINT('Ctrl Pts',(-0.514939454717328,-0.764413889205721,
0.62));
#6503=CARTESIAN_POINT('Ctrl Pts',(-0.537998152403631,-0.749845816079594,
0.62));
#6504=CARTESIAN_POINT('Ctrl Pts',(-0.560411095239194,-0.734267763493072,
0.62));
#6505=CARTESIAN_POINT('Ctrl Pts',(-0.57093918005002,-0.726950247894085,
0.62));
#6506=CARTESIAN_POINT('Ctrl Pts',(-0.581324705880524,-0.719409764030742,
0.62));
#6507=CARTESIAN_POINT('Ctrl Pts',(-0.591560410108282,-0.711650456307665,
0.62));
#6508=CARTESIAN_POINT('Ctrl Pts',(-0.598678371420819,-0.706254593848572,
0.62));
#6509=CARTESIAN_POINT('Ctrl Pts',(-0.605724847635041,-0.700751947411236,
0.62));
#6510=CARTESIAN_POINT('Ctrl Pts',(-0.612683400475646,-0.695155509059358,
0.62));
#6511=CARTESIAN_POINT('Ctrl Pts',(-0.645508434577735,-0.668755870519765,
0.62));
#6512=CARTESIAN_POINT('Ctrl Pts',(-0.676451842995679,-0.640219100450369,
0.62));
#6513=CARTESIAN_POINT('Ctrl Pts',(-0.705298229438388,-0.609747156437833,
0.62));
#6514=CARTESIAN_POINT('Ctrl Pts',(-0.717704522570912,-0.596641741293783,
0.62));
#6515=CARTESIAN_POINT('Ctrl Pts',(-0.729722650302482,-0.583177777444979,
0.62));
#6516=CARTESIAN_POINT('Ctrl Pts',(-0.741333906250534,-0.569368825045859,
0.62));
#6517=CARTESIAN_POINT('Ctrl Pts',(-0.766018768798953,-0.540011786200539,
0.62));
#6518=CARTESIAN_POINT('Ctrl Pts',(-0.788866672751286,-0.509096951939353,
0.62));
#6519=CARTESIAN_POINT('Ctrl Pts',(-0.809789453758128,-0.476823262616444,
0.62));
#6520=CARTESIAN_POINT('Ctrl Pts',(-0.81773984639187,-0.464559668127135,
0.62));
#6521=CARTESIAN_POINT('Ctrl Pts',(-0.825411968259064,-0.452099639440514,
0.62));
#6522=CARTESIAN_POINT('Ctrl Pts',(-0.832799806444427,-0.439453365630997,
0.62));
#6523=CARTESIAN_POINT('Ctrl Pts',(-0.836954171324038,-0.432342051813066,
0.62));
#6524=CARTESIAN_POINT('Ctrl Pts',(-0.841018311369168,-0.425172150751618,
0.62));
#6525=CARTESIAN_POINT('Ctrl Pts',(-0.844984796197664,-0.417957633340067,
0.62));
#6526=CARTESIAN_POINT('Ctrl Pts',(-0.865426851771079,-0.380776206399328,
0.62));
#6527=CARTESIAN_POINT('Ctrl Pts',(-0.883325810560297,-0.34233257197845,
0.62));
#6528=CARTESIAN_POINT('Ctrl Pts',(-0.898593452597596,-0.30291014373117,
0.62));
#6529=CARTESIAN_POINT('Ctrl Pts',(-0.913924135246355,-0.263324938941455,
0.62));
#6530=CARTESIAN_POINT('Ctrl Pts',(-0.926602315170768,-0.222751811247364,
0.62));
#6531=CARTESIAN_POINT('Ctrl Pts',(-0.93649499446461,-0.181450154204491,
0.62));
#6532=CARTESIAN_POINT('Ctrl Pts',(-0.938278406460311,-0.174004459421032,
0.62));
#6533=CARTESIAN_POINT('Ctrl Pts',(-0.939971163587066,-0.166535039678506,
0.62));
#6534=CARTESIAN_POINT('Ctrl Pts',(-0.941572312869304,-0.159043360452177,
0.62));
#6535=CARTESIAN_POINT('Ctrl Pts',(-0.946546943266928,-0.13576737012324,
0.62));
#6536=CARTESIAN_POINT('Ctrl Pts',(-0.95063767229281,-0.112276541134019,
0.62));
#6537=CARTESIAN_POINT('Ctrl Pts',(-0.953844799758058,-0.0886191833007287,
0.62));
#6538=CARTESIAN_POINT('Ctrl Pts',(-0.954993323605224,-0.0801471035574401,
0.62));
#6539=CARTESIAN_POINT('Ctrl Pts',(-0.956027752937538,-0.0716585070193299,
0.62));
#6540=CARTESIAN_POINT('Ctrl Pts',(-0.956947692484525,-0.063163537359092,
0.62));
#6541=CARTESIAN_POINT('Ctrl Pts',(-0.961572030785869,-0.0204611514280861,
0.62));
#6542=CARTESIAN_POINT('Ctrl Pts',(-0.963315710106498,0.0224606883801514,
0.62));
#6543=CARTESIAN_POINT('Ctrl Pts',(-0.962233880200005,0.0653107023298966,
0.62));
#6544=CARTESIAN_POINT('Ctrl Pts',(-0.961204437179144,0.106085733173118,
0.62));
#6545=CARTESIAN_POINT('Ctrl Pts',(-0.957616147351536,0.146796741229405,
0.62));
#6546=CARTESIAN_POINT('Ctrl Pts',(-0.951473600700352,0.187197850582402,
0.62));
#6547=CARTESIAN_POINT('Ctrl Pts',(-0.949416766244061,0.200726179874549,
0.62));
#6548=CARTESIAN_POINT('Ctrl Pts',(-0.947073188301557,0.214219741598699,
0.62));
#6549=CARTESIAN_POINT('Ctrl Pts',(-0.944441985813898,0.227669151050139,
0.62));
#6550=CARTESIAN_POINT('Ctrl Pts',(-0.942742037635638,0.236358447751126,
0.62));
#6551=CARTESIAN_POINT('Ctrl Pts',(-0.940924010348852,0.245019170183515,
0.62));
#6552=CARTESIAN_POINT('Ctrl Pts',(-0.938988242660276,0.253649482350558,
0.62));
#6553=CARTESIAN_POINT('Ctrl Pts',(-0.934972320972678,0.27155383007106,0.62));
#6554=CARTESIAN_POINT('Ctrl Pts',(-0.930449930883605,0.289326410998316,
0.62));
#6555=CARTESIAN_POINT('Ctrl Pts',(-0.92542396236341,0.306945418411166,0.62));
#6556=CARTESIAN_POINT('Origin',(-1.18774966169562E-16,0.,0.62));
#6557=CARTESIAN_POINT('',(0.8838125,1.08235814917142E-16,0.62));
#6558=CARTESIAN_POINT('Origin',(0.,0.,0.62));
#6559=CARTESIAN_POINT('Origin',(0.,0.,0.47));
#6560=CARTESIAN_POINT('Origin',(0.,0.,0.165));
#6561=CARTESIAN_POINT('',(0.66,8.08266887437253E-17,0.15));
#6562=CARTESIAN_POINT('Origin',(0.,0.,0.15));
#6563=CARTESIAN_POINT('',(0.69,-8.45006291411674E-17,0.18));
#6564=CARTESIAN_POINT('',(0.675,-8.26636589424463E-17,0.165));
#6565=CARTESIAN_POINT('Origin',(0.,0.,0.18));
#6566=CARTESIAN_POINT('Origin',(0.,0.,0.15));
#6567=CARTESIAN_POINT('',(0.69,-8.45006291411674E-17,0.22));
#6568=CARTESIAN_POINT('Origin',(0.,0.,0.22));
#6569=CARTESIAN_POINT('',(0.69,8.45006291411674E-17,0.15));
#6570=CARTESIAN_POINT('Origin',(-3.38587003662363E-17,0.,0.15));
#6571=CARTESIAN_POINT('Origin',(0.,0.,0.22));
#6572=CARTESIAN_POINT('',(0.6,7.34788079488412E-17,0.43));
#6573=CARTESIAN_POINT('Origin',(0.,0.,0.43));
#6574=CARTESIAN_POINT('',(0.6,7.34788079488412E-17,0.22));
#6575=CARTESIAN_POINT('',(0.6,7.34788079488412E-17,0.22));
#6576=CARTESIAN_POINT('Origin',(0.,0.,0.22));
#6577=CARTESIAN_POINT('Origin',(-8.25670578261715E-17,0.,0.22));
#6578=CARTESIAN_POINT('Origin',(-8.25670578261715E-17,0.,0.43));
#6579=CARTESIAN_POINT('',(0.69,8.45006291411674E-17,0.43));
#6580=CARTESIAN_POINT('Origin',(0.,0.,0.43));
#6581=CARTESIAN_POINT('Origin',(0.,0.,0.15));
#6582=CARTESIAN_POINT('',(0.69,8.45006291411674E-17,0.47));
#6583=CARTESIAN_POINT('Origin',(0.,0.,0.47));
#6584=CARTESIAN_POINT('',(0.69,8.45006291411674E-17,0.15));
#6585=CARTESIAN_POINT('Origin',(0.,0.,0.47));
#6586=CARTESIAN_POINT('',(0.8838125,1.08235814917142E-16,0.47));
#6587=CARTESIAN_POINT('',(0.8838125,1.08235814917142E-16,0.47));
#6588=CARTESIAN_POINT('Origin',(0.,0.,0.47));
#6589=CARTESIAN_POINT('Origin',(-8.58629406875274E-17,-1.89781713611138E-17,
0.47));
#6590=CARTESIAN_POINT('',(0.,0.,0.));
#6591=CARTESIAN_POINT('Origin',(3.,1.2,0.));
#6592=CARTESIAN_POINT('',(3.,-1.2,0.));
#6593=CARTESIAN_POINT('',(3.,1.2,0.));
#6594=CARTESIAN_POINT('',(3.,-1.2,0.));
#6595=CARTESIAN_POINT('',(3.,-1.2,-0.017));
#6596=CARTESIAN_POINT('',(3.,-1.2,0.));
#6597=CARTESIAN_POINT('',(3.,1.2,-0.017));
#6598=CARTESIAN_POINT('',(3.,-1.2,-0.017));
#6599=CARTESIAN_POINT('',(3.,1.2,0.));
#6600=CARTESIAN_POINT('Origin',(-3.,1.2,0.));
#6601=CARTESIAN_POINT('',(-3.,1.2,0.));
#6602=CARTESIAN_POINT('',(3.,1.2,0.));
#6603=CARTESIAN_POINT('',(-3.,1.2,-0.017));
#6604=CARTESIAN_POINT('',(3.,1.2,-0.017));
#6605=CARTESIAN_POINT('',(-3.,1.2,0.));
#6606=CARTESIAN_POINT('Origin',(-3.,-1.2,0.));
#6607=CARTESIAN_POINT('',(-3.,-1.2,0.));
#6608=CARTESIAN_POINT('',(-3.,1.2,0.));
#6609=CARTESIAN_POINT('',(-3.,-1.2,-0.017));
#6610=CARTESIAN_POINT('',(-3.,1.2,-0.017));
#6611=CARTESIAN_POINT('',(-3.,-1.2,0.));
#6612=CARTESIAN_POINT('Origin',(3.,-1.2,0.));
#6613=CARTESIAN_POINT('',(-3.,-1.2,0.));
#6614=CARTESIAN_POINT('',(-3.,-1.2,-0.017));
#6615=CARTESIAN_POINT('Origin',(0.,0.,0.));
#6616=CARTESIAN_POINT('Origin',(0.,0.,-0.017));
#6617=CARTESIAN_POINT('',(0.,0.,0.));
#6618=CARTESIAN_POINT('Origin',(0.,0.75,0.));
#6619=CARTESIAN_POINT('',(-7.34788079488412E-16,0.75,6.));
#6620=CARTESIAN_POINT('Origin',(-8.26636589424463E-16,0.75,6.75));
#6621=CARTESIAN_POINT('Origin',(0.,0.75,0.));
#6622=CARTESIAN_POINT('',(0.,0.,0.));
#6623=CARTESIAN_POINT('',(0.,0.,0.));
#6624=CARTESIAN_POINT('',(0.,0.,0.));
#6625=CARTESIAN_POINT('',(0.,0.,0.25));
#6626=UNCERTAINTY_MEASURE_WITH_UNIT(LENGTH_MEASURE(0.001),#6638,
'DISTANCE_ACCURACY_VALUE',
'Maximum model space distance between geometric entities at asserted c
onnectivities');
#6627=UNCERTAINTY_MEASURE_WITH_UNIT(LENGTH_MEASURE(0.001),#6638,
'DISTANCE_ACCURACY_VALUE',
'Maximum model space distance between geometric entities at asserted c
onnectivities');
#6628=UNCERTAINTY_MEASURE_WITH_UNIT(LENGTH_MEASURE(0.001),#6638,
'DISTANCE_ACCURACY_VALUE',
'Maximum model space distance between geometric entities at asserted c
onnectivities');
#6629=UNCERTAINTY_MEASURE_WITH_UNIT(LENGTH_MEASURE(0.001),#6638,
'DISTANCE_ACCURACY_VALUE',
'Maximum model space distance between geometric entities at asserted c
onnectivities');
#6630=UNCERTAINTY_MEASURE_WITH_UNIT(LENGTH_MEASURE(0.01),#6639,
'DISTANCE_ACCURACY_VALUE',
'Maximum model space distance between geometric entities at asserted c
onnectivities');
#6631=UNCERTAINTY_MEASURE_WITH_UNIT(LENGTH_MEASURE(0.001),#6638,
'DISTANCE_ACCURACY_VALUE',
'Maximum model space distance between geometric entities at asserted c
onnectivities');
#6632=(
GEOMETRIC_REPRESENTATION_CONTEXT(3)
GLOBAL_UNCERTAINTY_ASSIGNED_CONTEXT((#6626))
GLOBAL_UNIT_ASSIGNED_CONTEXT((#6638,#6640,#6641))
REPRESENTATION_CONTEXT('','3D')
);
#6633=(
GEOMETRIC_REPRESENTATION_CONTEXT(3)
GLOBAL_UNCERTAINTY_ASSIGNED_CONTEXT((#6627))
GLOBAL_UNIT_ASSIGNED_CONTEXT((#6638,#6640,#6641))
REPRESENTATION_CONTEXT('','3D')
);
#6634=(
GEOMETRIC_REPRESENTATION_CONTEXT(3)
GLOBAL_UNCERTAINTY_ASSIGNED_CONTEXT((#6628))
GLOBAL_UNIT_ASSIGNED_CONTEXT((#6638,#6640,#6641))
REPRESENTATION_CONTEXT('','3D')
);
#6635=(
GEOMETRIC_REPRESENTATION_CONTEXT(3)
GLOBAL_UNCERTAINTY_ASSIGNED_CONTEXT((#6629))
GLOBAL_UNIT_ASSIGNED_CONTEXT((#6638,#6640,#6641))
REPRESENTATION_CONTEXT('','3D')
);
#6636=(
GEOMETRIC_REPRESENTATION_CONTEXT(3)
GLOBAL_UNCERTAINTY_ASSIGNED_CONTEXT((#6630))
GLOBAL_UNIT_ASSIGNED_CONTEXT((#6639,#6640,#6641))
REPRESENTATION_CONTEXT('','3D')
);
#6637=(
GEOMETRIC_REPRESENTATION_CONTEXT(3)
GLOBAL_UNCERTAINTY_ASSIGNED_CONTEXT((#6631))
GLOBAL_UNIT_ASSIGNED_CONTEXT((#6638,#6640,#6641))
REPRESENTATION_CONTEXT('','3D')
);
#6638=(
LENGTH_UNIT()
NAMED_UNIT(*)
SI_UNIT(.CENTI.,.METRE.)
);
#6639=(
LENGTH_UNIT()
NAMED_UNIT(*)
SI_UNIT(.MILLI.,.METRE.)
);
#6640=(
NAMED_UNIT(*)
PLANE_ANGLE_UNIT()
SI_UNIT($,.RADIAN.)
);
#6641=(
NAMED_UNIT(*)
SI_UNIT($,.STERADIAN.)
SOLID_ANGLE_UNIT()
);
#6642=SHAPE_DEFINITION_REPRESENTATION(#6647,#6656);
#6643=SHAPE_DEFINITION_REPRESENTATION(#6648,#6657);
#6644=SHAPE_DEFINITION_REPRESENTATION(#6649,#6658);
#6645=SHAPE_DEFINITION_REPRESENTATION(#6650,#6659);
#6646=SHAPE_DEFINITION_REPRESENTATION(#6651,#6660);
#6647=PRODUCT_DEFINITION_SHAPE('',$,#6662);
#6648=PRODUCT_DEFINITION_SHAPE('',$,#6663);
#6649=PRODUCT_DEFINITION_SHAPE('',$,#6664);
#6650=PRODUCT_DEFINITION_SHAPE('',$,#6665);
#6651=PRODUCT_DEFINITION_SHAPE('',$,#6666);
#6652=PRODUCT_DEFINITION_SHAPE($,$,#23);
#6653=PRODUCT_DEFINITION_SHAPE($,$,#24);
#6654=PRODUCT_DEFINITION_SHAPE($,$,#25);
#6655=PRODUCT_DEFINITION_SHAPE($,$,#26);
#6656=SHAPE_REPRESENTATION('',(#2768,#3049,#3050,#3051,#3052),#6632);
#6657=SHAPE_REPRESENTATION('',(#2769),#6633);
#6658=SHAPE_REPRESENTATION('',(#2875),#6634);
#6659=SHAPE_REPRESENTATION('',(#3038),#6635);
#6660=SHAPE_REPRESENTATION('',(#3045),#6636);
#6661=PRODUCT_DEFINITION_CONTEXT('part definition',#6678,'design');
#6662=PRODUCT_DEFINITION('ASS - 9300 - MFLEAF - V04 - B',
'ASS - 9300 - MFLEAF - V04 - B',#6667,#6661);
#6663=PRODUCT_DEFINITION('PRT - 9301 - MFLEAFCHIP - V04 - B',
'PRT - 9301 - MFLEAFCHIP - V04 - B',#6668,#6661);
#6664=PRODUCT_DEFINITION('PRT - 9302 - MFLEAFPLUG - V04',
'PRT - 9302 - MFLEAFPLUG - V04',#6669,#6661);
#6665=PRODUCT_DEFINITION('BUY - Cover glass - 24 x 60 x 0.17',
'BUY - Cover glass - 24 x 60 x 0.17',#6670,#6661);
#6666=PRODUCT_DEFINITION('ISO 3601-1 - O-ring - 12 x 1.5 - NBR70',
'ISO 3601-1 - O-ring - 12 x 1.5 - NBR70',#6671,#6661);
#6667=PRODUCT_DEFINITION_FORMATION('',$,#6680);
#6668=PRODUCT_DEFINITION_FORMATION('',$,#6681);
#6669=PRODUCT_DEFINITION_FORMATION('',$,#6682);
#6670=PRODUCT_DEFINITION_FORMATION('',$,#6683);
#6671=PRODUCT_DEFINITION_FORMATION('',$,#6684);
#6672=PRODUCT_RELATED_PRODUCT_CATEGORY('ASS - 9300 - MFLEAF - V04 - B',
'ASS - 9300 - MFLEAF - V04 - B',(#6680));
#6673=PRODUCT_RELATED_PRODUCT_CATEGORY(
'PRT - 9301 - MFLEAFCHIP - V04 - B','PRT - 9301 - MFLEAFCHIP - V04 - B',
(#6681));
#6674=PRODUCT_RELATED_PRODUCT_CATEGORY('PRT - 9302 - MFLEAFPLUG - V04',
'PRT - 9302 - MFLEAFPLUG - V04',(#6682));
#6675=PRODUCT_RELATED_PRODUCT_CATEGORY(
'BUY - Cover glass - 24 x 60 x 0.17',
'BUY - Cover glass - 24 x 60 x 0.17',(#6683));
#6676=PRODUCT_RELATED_PRODUCT_CATEGORY(
'ISO 3601-1 - O-ring - 12 x 1.5 - NBR70',
'ISO 3601-1 - O-ring - 12 x 1.5 - NBR70',(#6684));
#6677=APPLICATION_PROTOCOL_DEFINITION('international standard',
'automotive_design',2009,#6678);
#6678=APPLICATION_CONTEXT(
'Core Data for Automotive Mechanical Design Process');
#6679=PRODUCT_CONTEXT('part definition',#6678,'mechanical');
#6680=PRODUCT('ASS - 9300 - MFLEAF - V04 - B',
'ASS - 9300 - MFLEAF - V04 - B',$,(#6679));
#6681=PRODUCT('PRT - 9301 - MFLEAFCHIP - V04 - B',
'PRT - 9301 - MFLEAFCHIP - V04 - B',
'Leaf chamber chip B (luer inlet -> chamber -> luer outlet), print in 
black resin',(#6679));
#6682=PRODUCT('PRT - 9302 - MFLEAFPLUG - V04',
'PRT - 9302 - MFLEAFPLUG - V04',
'Leaf chamber screw plug, O-ring 12 x 1.5 on the stub, solid',(#6679));
#6683=PRODUCT('BUY - Cover glass - 24 x 60 x 0.17',
'BUY - Cover glass - 24 x 60 x 0.17','Cover glass 24 x 60 mm, 0.17 mm',
(#6679));
#6684=PRODUCT('ISO 3601-1 - O-ring - 12 x 1.5 - NBR70',
'ISO 3601-1 - O-ring - 12 x 1.5 - NBR70','O-ring',(#6679));
ENDSEC;
END-ISO-10303-21;
