ISO-10303-21;
HEADER;
/* Generated by software containing ST-Developer
 * from STEP Tools, Inc. (www.steptools.com) 
 */

FILE_DESCRIPTION(
/* description */ (''),
/* implementation_level */ '2;1');

FILE_NAME(
/* name */ 'ASS - 9300 - MFLEAF - V04 - A.stp',
/* time_stamp */ '2026-10-05T09:18:31+02:00',
/* author */ ('benir'),
/* organization */ (''),
/* preprocessor_version */ 'ST-DEVELOPER v20',
/* originating_system */ 'Autodesk Inventor 2025',
/* authorisation */ '');

FILE_SCHEMA (('AUTOMOTIVE_DESIGN { 1 0 10303 214 3 1 1 }'));
ENDSEC;

DATA;
#10=MECHANICAL_DESIGN_GEOMETRIC_PRESENTATION_REPRESENTATION('',(#48,#49,
#50,#51,#52),#6191);
#11=ITEM_DEFINED_TRANSFORMATION($,$,#2577,#2856);
#12=ITEM_DEFINED_TRANSFORMATION($,$,#2669,#2857);
#13=ITEM_DEFINED_TRANSFORMATION($,$,#2839,#2858);
#14=ITEM_DEFINED_TRANSFORMATION($,$,#2846,#2859);
#15=ITEM_DEFINED_TRANSFORMATION($,$,#2852,#2860);
#16=(
REPRESENTATION_RELATIONSHIP($,$,#6214,#6213)
REPRESENTATION_RELATIONSHIP_WITH_TRANSFORMATION(#11)
SHAPE_REPRESENTATION_RELATIONSHIP()
);
#17=(
REPRESENTATION_RELATIONSHIP($,$,#6215,#6213)
REPRESENTATION_RELATIONSHIP_WITH_TRANSFORMATION(#12)
SHAPE_REPRESENTATION_RELATIONSHIP()
);
#18=(
REPRESENTATION_RELATIONSHIP($,$,#6216,#6213)
REPRESENTATION_RELATIONSHIP_WITH_TRANSFORMATION(#13)
SHAPE_REPRESENTATION_RELATIONSHIP()
);
#19=(
REPRESENTATION_RELATIONSHIP($,$,#6217,#6213)
REPRESENTATION_RELATIONSHIP_WITH_TRANSFORMATION(#14)
SHAPE_REPRESENTATION_RELATIONSHIP()
);
#20=(
REPRESENTATION_RELATIONSHIP($,$,#6218,#6213)
REPRESENTATION_RELATIONSHIP_WITH_TRANSFORMATION(#15)
SHAPE_REPRESENTATION_RELATIONSHIP()
);
#21=CONTEXT_DEPENDENT_SHAPE_REPRESENTATION(#16,#6208);
#22=CONTEXT_DEPENDENT_SHAPE_REPRESENTATION(#17,#6209);
#23=CONTEXT_DEPENDENT_SHAPE_REPRESENTATION(#18,#6210);
#24=CONTEXT_DEPENDENT_SHAPE_REPRESENTATION(#19,#6211);
#25=CONTEXT_DEPENDENT_SHAPE_REPRESENTATION(#20,#6212);
#26=NEXT_ASSEMBLY_USAGE_OCCURRENCE(
'PRT - 9301 - MFLEAFCHIP - V04 - A:1',
'PRT - 9301 - MFLEAFCHIP - V04 - A:1',
'PRT - 9301 - MFLEAFCHIP - V04 - A:1',#6220,#6221,
'PRT - 9301 - MFLEAFCHIP - V04 - A:1');
#27=NEXT_ASSEMBLY_USAGE_OCCURRENCE('PRT - 9302 - MFLEAFPLUG - V04:1',
'PRT - 9302 - MFLEAFPLUG - V04:1','PRT - 9302 - MFLEAFPLUG - V04:1',#6220,
#6222,'PRT - 9302 - MFLEAFPLUG - V04:1');
#28=NEXT_ASSEMBLY_USAGE_OCCURRENCE(
'BUY - Cover glass - 24 x 60 x 0.17:1',
'BUY - Cover glass - 24 x 60 x 0.17:1',
'BUY - Cover glass - 24 x 60 x 0.17:1',#6220,#6223,
'BUY - Cover glass - 24 x 60 x 0.17:1');
#29=NEXT_ASSEMBLY_USAGE_OCCURRENCE('BUY - Cover glass - D12 x 0.17:1',
'BUY - Cover glass - D12 x 0.17:1','BUY - Cover glass - D12 x 0.17:1',#6220,
#6224,'BUY - Cover glass - D12 x 0.17:1');
#30=NEXT_ASSEMBLY_USAGE_OCCURRENCE(
'ISO 3601-1 - O-ring - 12 x 1.5 - NBR70:1',
'ISO 3601-1 - O-ring - 12 x 1.5 - NBR70:1',
'ISO 3601-1 - O-ring - 12 x 1.5 - NBR70:1',#6220,#6225,
'ISO 3601-1 - O-ring - 12 x 1.5 - NBR70:1');
#31=TOROIDAL_SURFACE('',#2853,6.75,0.75);
#32=DATE_TIME_ROLE('creation_date');
#33=APPLIED_DATE_AND_TIME_ASSIGNMENT(#34,#32,(#6225));
#34=DATE_AND_TIME(#35,#36);
#35=CALENDAR_DATE(2025,17,2);
#36=LOCAL_TIME(0,0,0.,#37);
#37=COORDINATED_UNIVERSAL_TIME_OFFSET(0,0,.BEHIND.);
#38=SHAPE_REPRESENTATION_RELATIONSHIP('SRR','None',#6214,#43);
#39=SHAPE_REPRESENTATION_RELATIONSHIP('SRR','None',#6215,#44);
#40=SHAPE_REPRESENTATION_RELATIONSHIP('SRR','None',#6216,#45);
#41=SHAPE_REPRESENTATION_RELATIONSHIP('SRR','None',#6217,#46);
#42=SHAPE_REPRESENTATION_RELATIONSHIP('SRR','None',#6218,#47);
#43=ADVANCED_BREP_SHAPE_REPRESENTATION('',(#53),#6186);
#44=ADVANCED_BREP_SHAPE_REPRESENTATION('',(#54),#6187);
#45=ADVANCED_BREP_SHAPE_REPRESENTATION('',(#55),#6188);
#46=ADVANCED_BREP_SHAPE_REPRESENTATION('',(#56),#6189);
#47=ADVANCED_BREP_SHAPE_REPRESENTATION('',(#57),#6190);
#48=STYLED_ITEM('',(#2549),#53);
#49=STYLED_ITEM('',(#2549),#54);
#50=STYLED_ITEM('',(#2550),#55);
#51=STYLED_ITEM('',(#2550),#56);
#52=STYLED_ITEM('',(#2551),#57);
#53=MANIFOLD_SOLID_BREP('Solid1',#2485);
#54=MANIFOLD_SOLID_BREP('Solid1',#2486);
#55=MANIFOLD_SOLID_BREP('Solid1',#2487);
#56=MANIFOLD_SOLID_BREP('Solid1',#2488);
#57=MANIFOLD_SOLID_BREP('Volumenk\X\F6rper2',#2489);
#58=B_SPLINE_SURFACE_WITH_KNOTS('',3,3,((#3829,#3830,#3831,#3832,#3833,
#3834,#3835,#3836,#3837,#3838,#3839,#3840,#3841,#3842,#3843,#3844,#3845,
#3846,#3847,#3848,#3849,#3850,#3851,#3852,#3853,#3854,#3855,#3856,#3857,
#3858,#3859,#3860,#3861,#3862,#3863,#3864,#3865),(#3866,#3867,#3868,#3869,
#3870,#3871,#3872,#3873,#3874,#3875,#3876,#3877,#3878,#3879,#3880,#3881,
#3882,#3883,#3884,#3885,#3886,#3887,#3888,#3889,#3890,#3891,#3892,#3893,
#3894,#3895,#3896,#3897,#3898,#3899,#3900,#3901,#3902),(#3903,#3904,#3905,
#3906,#3907,#3908,#3909,#3910,#3911,#3912,#3913,#3914,#3915,#3916,#3917,
#3918,#3919,#3920,#3921,#3922,#3923,#3924,#3925,#3926,#3927,#3928,#3929,
#3930,#3931,#3932,#3933,#3934,#3935,#3936,#3937,#3938,#3939),(#3940,#3941,
#3942,#3943,#3944,#3945,#3946,#3947,#3948,#3949,#3950,#3951,#3952,#3953,
#3954,#3955,#3956,#3957,#3958,#3959,#3960,#3961,#3962,#3963,#3964,#3965,
#3966,#3967,#3968,#3969,#3970,#3971,#3972,#3973,#3974,#3975,#3976)),
 .UNSPECIFIED.,.F.,.F.,.F.,(4,4),(4,1,1,1,1,1,1,1,1,1,1,1,1,1,1,1,1,1,1,
1,1,1,1,1,1,1,1,1,1,1,1,1,1,1,4),(0.0115470040378444,0.105294243070096),
(0.,0.491077620596906,0.982155241193812,1.47323286179072,1.96431048238762,
2.45538810298453,2.94646572358144,3.43754334417834,3.92862096477525,4.41969858537215,
4.91077620596906,5.40185382656597,5.89293144716287,6.38400906775978,6.87508668835668,
7.36616430895359,7.85724192955049,8.3483195501474,8.83939717074431,9.33047479134121,
9.82155241193812,10.312630032535,10.8037076531319,11.2947852737288,11.7858628943257,
12.2769405149226,12.7680181355196,13.2590957561165,13.7501733767134,14.2412509973103,
14.7323286179072,15.2234062385041,15.714483859101,16.2055614796979,16.6966391002948),
 .UNSPECIFIED.);
#59=B_SPLINE_SURFACE_WITH_KNOTS('',3,3,((#4225,#4226,#4227,#4228,#4229,
#4230,#4231,#4232,#4233,#4234,#4235,#4236,#4237,#4238,#4239,#4240,#4241,
#4242,#4243,#4244,#4245,#4246,#4247,#4248,#4249,#4250,#4251,#4252,#4253,
#4254,#4255,#4256,#4257,#4258,#4259,#4260,#4261,#4262,#4263),(#4264,#4265,
#4266,#4267,#4268,#4269,#4270,#4271,#4272,#4273,#4274,#4275,#4276,#4277,
#4278,#4279,#4280,#4281,#4282,#4283,#4284,#4285,#4286,#4287,#4288,#4289,
#4290,#4291,#4292,#4293,#4294,#4295,#4296,#4297,#4298,#4299,#4300,#4301,
#4302),(#4303,#4304,#4305,#4306,#4307,#4308,#4309,#4310,#4311,#4312,#4313,
#4314,#4315,#4316,#4317,#4318,#4319,#4320,#4321,#4322,#4323,#4324,#4325,
#4326,#4327,#4328,#4329,#4330,#4331,#4332,#4333,#4334,#4335,#4336,#4337,
#4338,#4339,#4340,#4341),(#4342,#4343,#4344,#4345,#4346,#4347,#4348,#4349,
#4350,#4351,#4352,#4353,#4354,#4355,#4356,#4357,#4358,#4359,#4360,#4361,
#4362,#4363,#4364,#4365,#4366,#4367,#4368,#4369,#4370,#4371,#4372,#4373,
#4374,#4375,#4376,#4377,#4378,#4379,#4380)),.UNSPECIFIED.,.F.,.F.,.F.,(4,
4),(4,1,1,1,1,1,1,1,1,1,1,1,1,1,1,1,1,1,1,1,1,1,1,1,1,1,1,1,1,1,1,1,1,1,
1,1,4),(0.,0.0937472390322513),(0.,0.499845426255074,0.999690852510147,
1.49953627876522,1.99938170502029,2.49922713127537,2.99907255753044,3.49891798378551,
3.99876341004059,4.49860883629566,4.99845426255074,5.49829968880581,5.99814511506088,
6.49799054131596,6.99783596757103,7.4976813938261,7.99752682008118,8.49737224633625,
8.99721767259132,9.4970630988464,9.99690852510147,10.4967539513565,10.9965993776116,
11.4964448038667,11.9962902301218,12.4961356563768,12.9959810826319,13.495826508887,
13.9956719351421,14.4955173613971,14.9953627876522,15.4952082139073,15.9950536401624,
16.4948990664174,16.9947444926725,17.4945899189276,17.9944353451826),
 .UNSPECIFIED.);
#60=B_SPLINE_SURFACE_WITH_KNOTS('',3,3,((#4485,#4486,#4487,#4488,#4489,
#4490,#4491),(#4492,#4493,#4494,#4495,#4496,#4497,#4498),(#4499,#4500,#4501,
#4502,#4503,#4504,#4505),(#4506,#4507,#4508,#4509,#4510,#4511,#4512)),
 .UNSPECIFIED.,.F.,.F.,.F.,(4,4),(4,1,1,1,4),(0.,0.0605753968061689),(0.,
0.785398163397448,1.5707963267949,2.35619449019234,3.14159265358979),
 .UNSPECIFIED.);
#61=B_SPLINE_SURFACE_WITH_KNOTS('',3,3,((#4546,#4547,#4548,#4549,#4550,
#4551,#4552),(#4553,#4554,#4555,#4556,#4557,#4558,#4559),(#4560,#4561,#4562,
#4563,#4564,#4565,#4566),(#4567,#4568,#4569,#4570,#4571,#4572,#4573)),
 .UNSPECIFIED.,.F.,.F.,.F.,(4,4),(4,1,1,1,4),(0.0110137085102128,0.0715891053163817),
(0.,0.785398163397448,1.5707963267949,2.35619449019234,3.14159265358979),
 .UNSPECIFIED.);
#62=B_SPLINE_SURFACE_WITH_KNOTS('',3,3,((#4594,#4595,#4596,#4597,#4598,
#4599,#4600),(#4601,#4602,#4603,#4604,#4605,#4606,#4607),(#4608,#4609,#4610,
#4611,#4612,#4613,#4614),(#4615,#4616,#4617,#4618,#4619,#4620,#4621)),
 .UNSPECIFIED.,.F.,.F.,.F.,(4,4),(4,1,1,1,4),(0.,0.0605753968061689),(0.,
0.785398163397448,1.5707963267949,2.35619449019234,3.14159265358979),
 .UNSPECIFIED.);
#63=B_SPLINE_SURFACE_WITH_KNOTS('',3,3,((#4655,#4656,#4657,#4658,#4659,
#4660,#4661),(#4662,#4663,#4664,#4665,#4666,#4667,#4668),(#4669,#4670,#4671,
#4672,#4673,#4674,#4675),(#4676,#4677,#4678,#4679,#4680,#4681,#4682)),
 .UNSPECIFIED.,.F.,.F.,.F.,(4,4),(4,1,1,1,4),(0.0110137085102128,0.0715891053163817),
(0.,0.785398163397448,1.5707963267949,2.35619449019234,3.14159265358979),
 .UNSPECIFIED.);
#64=B_SPLINE_SURFACE_WITH_KNOTS('',3,3,((#5553,#5554,#5555,#5556,#5557,
#5558,#5559,#5560,#5561,#5562,#5563,#5564,#5565,#5566,#5567,#5568,#5569,
#5570,#5571,#5572,#5573,#5574,#5575,#5576,#5577,#5578,#5579,#5580,#5581,
#5582,#5583,#5584,#5585,#5586,#5587),(#5588,#5589,#5590,#5591,#5592,#5593,
#5594,#5595,#5596,#5597,#5598,#5599,#5600,#5601,#5602,#5603,#5604,#5605,
#5606,#5607,#5608,#5609,#5610,#5611,#5612,#5613,#5614,#5615,#5616,#5617,
#5618,#5619,#5620,#5621,#5622),(#5623,#5624,#5625,#5626,#5627,#5628,#5629,
#5630,#5631,#5632,#5633,#5634,#5635,#5636,#5637,#5638,#5639,#5640,#5641,
#5642,#5643,#5644,#5645,#5646,#5647,#5648,#5649,#5650,#5651,#5652,#5653,
#5654,#5655,#5656,#5657),(#5658,#5659,#5660,#5661,#5662,#5663,#5664,#5665,
#5666,#5667,#5668,#5669,#5670,#5671,#5672,#5673,#5674,#5675,#5676,#5677,
#5678,#5679,#5680,#5681,#5682,#5683,#5684,#5685,#5686,#5687,#5688,#5689,
#5690,#5691,#5692)),.UNSPECIFIED.,.F.,.F.,.F.,(4,4),(4,1,1,1,1,1,1,1,1,
1,1,1,1,1,1,1,1,1,1,1,1,1,1,1,1,1,1,1,1,1,1,1,4),(0.0115470040378443,0.105294243070096),
(6.3555632822284,6.85461836522053,7.35367344821265,7.85272853120478,8.35178361419691,
8.85083869718904,9.34989378018117,9.8489488631733,10.3480039461654,10.8470590291576,
11.3461141121497,11.8451691951418,12.3442242781339,12.8432793611261,13.3423344441182,
13.8413895271103,14.3404446101025,14.8394996930946,15.3385547760867,15.8376098590788,
16.336664942071,16.8357200250631,17.3347751080552,17.8338301910474,18.3328852740395,
18.8319403570316,19.3309954400237,19.8300505230159,20.329105606008,20.8281606890001,
21.3272157719923,21.8262708549844,22.3253259379765),.UNSPECIFIED.);
#65=B_SPLINE_SURFACE_WITH_KNOTS('',3,3,((#5830,#5831,#5832,#5833,#5834,
#5835,#5836,#5837,#5838,#5839,#5840,#5841,#5842,#5843,#5844,#5845,#5846,
#5847,#5848,#5849,#5850,#5851,#5852,#5853,#5854,#5855,#5856,#5857,#5858,
#5859,#5860,#5861,#5862,#5863,#5864,#5865,#5866,#5867,#5868,#5869,#5870,
#5871,#5872),(#5873,#5874,#5875,#5876,#5877,#5878,#5879,#5880,#5881,#5882,
#5883,#5884,#5885,#5886,#5887,#5888,#5889,#5890,#5891,#5892,#5893,#5894,
#5895,#5896,#5897,#5898,#5899,#5900,#5901,#5902,#5903,#5904,#5905,#5906,
#5907,#5908,#5909,#5910,#5911,#5912,#5913,#5914,#5915),(#5916,#5917,#5918,
#5919,#5920,#5921,#5922,#5923,#5924,#5925,#5926,#5927,#5928,#5929,#5930,
#5931,#5932,#5933,#5934,#5935,#5936,#5937,#5938,#5939,#5940,#5941,#5942,
#5943,#5944,#5945,#5946,#5947,#5948,#5949,#5950,#5951,#5952,#5953,#5954,
#5955,#5956,#5957,#5958),(#5959,#5960,#5961,#5962,#5963,#5964,#5965,#5966,
#5967,#5968,#5969,#5970,#5971,#5972,#5973,#5974,#5975,#5976,#5977,#5978,
#5979,#5980,#5981,#5982,#5983,#5984,#5985,#5986,#5987,#5988,#5989,#5990,
#5991,#5992,#5993,#5994,#5995,#5996,#5997,#5998,#5999,#6000,#6001)),
 .UNSPECIFIED.,.F.,.F.,.F.,(4,4),(4,1,1,1,1,1,1,1,1,1,1,1,1,1,1,1,1,1,1,
1,1,1,1,1,1,1,1,1,1,1,1,1,1,1,1,1,1,1,1,1,4),(0.,0.105294243070096),(2.82133005910305,
3.30892995607489,3.79652985304673,4.28412975001856,4.7717296469904,5.25932954396223,
5.74692944093407,6.23452933790591,6.72212923487774,7.20972913184958,7.69732902882142,
8.18492892579325,8.67252882276509,9.16012871973693,9.64772861670876,10.1353285136806,
10.6229284106524,11.1105283076243,11.5981282045961,12.0857281015679,12.5733279985398,
13.0609278955116,13.5485277924835,14.0361276894553,14.5237275864271,15.011327483399,
15.4989273803708,15.9865272773426,16.4741271743145,16.9617270712863,17.4493269682581,
17.93692686523,18.4245267622018,18.9121266591737,19.3997265561455,19.8873264531173,
20.3749263500892,20.862526247061,21.3501261440328,21.8377260410047,22.3253259379765),
 .UNSPECIFIED.);
#66=CONICAL_SURFACE('',#2608,0.2145,0.0299910397345698);
#67=CONICAL_SURFACE('',#2619,0.9638125,0.785398163397448);
#68=CONICAL_SURFACE('',#2621,0.745,0.785398163397448);
#69=CONICAL_SURFACE('',#2771,1.175,0.785398163397448);
#70=CONICAL_SURFACE('',#2773,1.175,0.785398163397448);
#71=CONICAL_SURFACE('',#2775,1.175,0.785398163397448);
#72=CONICAL_SURFACE('',#2777,1.175,0.785398163397448);
#73=CONICAL_SURFACE('',#2779,1.175,0.785398163397448);
#74=CONICAL_SURFACE('',#2781,1.175,0.785398163397448);
#75=CONICAL_SURFACE('',#2783,1.175,0.785398163397448);
#76=CONICAL_SURFACE('',#2785,1.175,0.785398163397448);
#77=CONICAL_SURFACE('',#2787,1.175,0.785398163397448);
#78=CONICAL_SURFACE('',#2789,1.175,0.785398163397448);
#79=CONICAL_SURFACE('',#2791,1.175,0.785398163397448);
#80=CONICAL_SURFACE('',#2793,1.175,0.785398163397448);
#81=CONICAL_SURFACE('',#2795,1.175,0.785398163397448);
#82=CONICAL_SURFACE('',#2797,1.175,0.785398163397448);
#83=CONICAL_SURFACE('',#2799,1.175,0.785398163397448);
#84=CONICAL_SURFACE('',#2808,1.175,0.785398163397448);
#85=CONICAL_SURFACE('',#2822,0.685,0.785398163397449);
#86=FACE_BOUND('',#301,.T.);
#87=FACE_BOUND('',#309,.T.);
#88=FACE_BOUND('',#312,.T.);
#89=FACE_BOUND('',#321,.T.);
#90=FACE_BOUND('',#324,.T.);
#91=FACE_BOUND('',#337,.T.);
#92=FACE_BOUND('',#340,.T.);
#93=FACE_BOUND('',#343,.T.);
#94=FACE_BOUND('',#353,.T.);
#95=FACE_BOUND('',#354,.T.);
#96=FACE_BOUND('',#355,.T.);
#97=FACE_BOUND('',#382,.T.);
#98=FACE_BOUND('',#416,.T.);
#99=FACE_BOUND('',#420,.T.);
#100=FACE_BOUND('',#428,.T.);
#101=FACE_BOUND('',#433,.T.);
#102=FACE_BOUND('',#436,.T.);
#103=FACE_BOUND('',#438,.T.);
#104=FACE_BOUND('',#442,.T.);
#105=PLANE('',#2591);
#106=PLANE('',#2598);
#107=PLANE('',#2601);
#108=PLANE('',#2602);
#109=PLANE('',#2603);
#110=PLANE('',#2604);
#111=PLANE('',#2607);
#112=PLANE('',#2611);
#113=PLANE('',#2615);
#114=PLANE('',#2616);
#115=PLANE('',#2624);
#116=PLANE('',#2626);
#117=PLANE('',#2628);
#118=PLANE('',#2630);
#119=PLANE('',#2631);
#120=PLANE('',#2633);
#121=PLANE('',#2637);
#122=PLANE('',#2641);
#123=PLANE('',#2645);
#124=PLANE('',#2648);
#125=PLANE('',#2649);
#126=PLANE('',#2650);
#127=PLANE('',#2651);
#128=PLANE('',#2654);
#129=PLANE('',#2659);
#130=PLANE('',#2660);
#131=PLANE('',#2667);
#132=PLANE('',#2668);
#133=PLANE('',#2721);
#134=PLANE('',#2805);
#135=PLANE('',#2812);
#136=PLANE('',#2815);
#137=PLANE('',#2819);
#138=PLANE('',#2827);
#139=PLANE('',#2831);
#140=PLANE('',#2832);
#141=PLANE('',#2838);
#142=PLANE('',#2840);
#143=PLANE('',#2841);
#144=PLANE('',#2842);
#145=PLANE('',#2843);
#146=PLANE('',#2844);
#147=PLANE('',#2845);
#148=PLANE('',#2850);
#149=PLANE('',#2851);
#150=FACE_OUTER_BOUND('',#292,.T.);
#151=FACE_OUTER_BOUND('',#293,.T.);
#152=FACE_OUTER_BOUND('',#294,.T.);
#153=FACE_OUTER_BOUND('',#295,.T.);
#154=FACE_OUTER_BOUND('',#296,.T.);
#155=FACE_OUTER_BOUND('',#297,.T.);
#156=FACE_OUTER_BOUND('',#298,.T.);
#157=FACE_OUTER_BOUND('',#299,.T.);
#158=FACE_OUTER_BOUND('',#300,.T.);
#159=FACE_OUTER_BOUND('',#302,.T.);
#160=FACE_OUTER_BOUND('',#303,.T.);
#161=FACE_OUTER_BOUND('',#304,.T.);
#162=FACE_OUTER_BOUND('',#305,.T.);
#163=FACE_OUTER_BOUND('',#306,.T.);
#164=FACE_OUTER_BOUND('',#307,.T.);
#165=FACE_OUTER_BOUND('',#308,.T.);
#166=FACE_OUTER_BOUND('',#310,.T.);
#167=FACE_OUTER_BOUND('',#311,.T.);
#168=FACE_OUTER_BOUND('',#313,.T.);
#169=FACE_OUTER_BOUND('',#314,.T.);
#170=FACE_OUTER_BOUND('',#315,.T.);
#171=FACE_OUTER_BOUND('',#316,.T.);
#172=FACE_OUTER_BOUND('',#317,.T.);
#173=FACE_OUTER_BOUND('',#318,.T.);
#174=FACE_OUTER_BOUND('',#319,.T.);
#175=FACE_OUTER_BOUND('',#320,.T.);
#176=FACE_OUTER_BOUND('',#322,.T.);
#177=FACE_OUTER_BOUND('',#323,.T.);
#178=FACE_OUTER_BOUND('',#325,.T.);
#179=FACE_OUTER_BOUND('',#326,.T.);
#180=FACE_OUTER_BOUND('',#327,.T.);
#181=FACE_OUTER_BOUND('',#328,.T.);
#182=FACE_OUTER_BOUND('',#329,.T.);
#183=FACE_OUTER_BOUND('',#330,.T.);
#184=FACE_OUTER_BOUND('',#331,.T.);
#185=FACE_OUTER_BOUND('',#332,.T.);
#186=FACE_OUTER_BOUND('',#333,.T.);
#187=FACE_OUTER_BOUND('',#334,.T.);
#188=FACE_OUTER_BOUND('',#335,.T.);
#189=FACE_OUTER_BOUND('',#336,.T.);
#190=FACE_OUTER_BOUND('',#338,.T.);
#191=FACE_OUTER_BOUND('',#339,.T.);
#192=FACE_OUTER_BOUND('',#341,.T.);
#193=FACE_OUTER_BOUND('',#342,.T.);
#194=FACE_OUTER_BOUND('',#344,.T.);
#195=FACE_OUTER_BOUND('',#345,.T.);
#196=FACE_OUTER_BOUND('',#346,.T.);
#197=FACE_OUTER_BOUND('',#347,.T.);
#198=FACE_OUTER_BOUND('',#348,.T.);
#199=FACE_OUTER_BOUND('',#349,.T.);
#200=FACE_OUTER_BOUND('',#350,.T.);
#201=FACE_OUTER_BOUND('',#351,.T.);
#202=FACE_OUTER_BOUND('',#352,.T.);
#203=FACE_OUTER_BOUND('',#356,.T.);
#204=FACE_OUTER_BOUND('',#357,.T.);
#205=FACE_OUTER_BOUND('',#358,.T.);
#206=FACE_OUTER_BOUND('',#359,.T.);
#207=FACE_OUTER_BOUND('',#360,.T.);
#208=FACE_OUTER_BOUND('',#361,.T.);
#209=FACE_OUTER_BOUND('',#362,.T.);
#210=FACE_OUTER_BOUND('',#363,.T.);
#211=FACE_OUTER_BOUND('',#364,.T.);
#212=FACE_OUTER_BOUND('',#365,.T.);
#213=FACE_OUTER_BOUND('',#366,.T.);
#214=FACE_OUTER_BOUND('',#367,.T.);
#215=FACE_OUTER_BOUND('',#368,.T.);
#216=FACE_OUTER_BOUND('',#369,.T.);
#217=FACE_OUTER_BOUND('',#370,.T.);
#218=FACE_OUTER_BOUND('',#371,.T.);
#219=FACE_OUTER_BOUND('',#372,.T.);
#220=FACE_OUTER_BOUND('',#373,.T.);
#221=FACE_OUTER_BOUND('',#374,.T.);
#222=FACE_OUTER_BOUND('',#375,.T.);
#223=FACE_OUTER_BOUND('',#376,.T.);
#224=FACE_OUTER_BOUND('',#377,.T.);
#225=FACE_OUTER_BOUND('',#378,.T.);
#226=FACE_OUTER_BOUND('',#379,.T.);
#227=FACE_OUTER_BOUND('',#380,.T.);
#228=FACE_OUTER_BOUND('',#381,.T.);
#229=FACE_OUTER_BOUND('',#383,.T.);
#230=FACE_OUTER_BOUND('',#384,.T.);
#231=FACE_OUTER_BOUND('',#385,.T.);
#232=FACE_OUTER_BOUND('',#386,.T.);
#233=FACE_OUTER_BOUND('',#387,.T.);
#234=FACE_OUTER_BOUND('',#388,.T.);
#235=FACE_OUTER_BOUND('',#389,.T.);
#236=FACE_OUTER_BOUND('',#390,.T.);
#237=FACE_OUTER_BOUND('',#391,.T.);
#238=FACE_OUTER_BOUND('',#392,.T.);
#239=FACE_OUTER_BOUND('',#393,.T.);
#240=FACE_OUTER_BOUND('',#394,.T.);
#241=FACE_OUTER_BOUND('',#395,.T.);
#242=FACE_OUTER_BOUND('',#396,.T.);
#243=FACE_OUTER_BOUND('',#397,.T.);
#244=FACE_OUTER_BOUND('',#398,.T.);
#245=FACE_OUTER_BOUND('',#399,.T.);
#246=FACE_OUTER_BOUND('',#400,.T.);
#247=FACE_OUTER_BOUND('',#401,.T.);
#248=FACE_OUTER_BOUND('',#402,.T.);
#249=FACE_OUTER_BOUND('',#403,.T.);
#250=FACE_OUTER_BOUND('',#404,.T.);
#251=FACE_OUTER_BOUND('',#405,.T.);
#252=FACE_OUTER_BOUND('',#406,.T.);
#253=FACE_OUTER_BOUND('',#407,.T.);
#254=FACE_OUTER_BOUND('',#408,.T.);
#255=FACE_OUTER_BOUND('',#409,.T.);
#256=FACE_OUTER_BOUND('',#410,.T.);
#257=FACE_OUTER_BOUND('',#411,.T.);
#258=FACE_OUTER_BOUND('',#412,.T.);
#259=FACE_OUTER_BOUND('',#413,.T.);
#260=FACE_OUTER_BOUND('',#414,.T.);
#261=FACE_OUTER_BOUND('',#415,.T.);
#262=FACE_OUTER_BOUND('',#417,.T.);
#263=FACE_OUTER_BOUND('',#418,.T.);
#264=FACE_OUTER_BOUND('',#419,.T.);
#265=FACE_OUTER_BOUND('',#421,.T.);
#266=FACE_OUTER_BOUND('',#422,.T.);
#267=FACE_OUTER_BOUND('',#423,.T.);
#268=FACE_OUTER_BOUND('',#424,.T.);
#269=FACE_OUTER_BOUND('',#425,.T.);
#270=FACE_OUTER_BOUND('',#426,.T.);
#271=FACE_OUTER_BOUND('',#427,.T.);
#272=FACE_OUTER_BOUND('',#429,.T.);
#273=FACE_OUTER_BOUND('',#430,.T.);
#274=FACE_OUTER_BOUND('',#431,.T.);
#275=FACE_OUTER_BOUND('',#432,.T.);
#276=FACE_OUTER_BOUND('',#434,.T.);
#277=FACE_OUTER_BOUND('',#435,.T.);
#278=FACE_OUTER_BOUND('',#437,.T.);
#279=FACE_OUTER_BOUND('',#439,.T.);
#280=FACE_OUTER_BOUND('',#440,.T.);
#281=FACE_OUTER_BOUND('',#441,.T.);
#282=FACE_OUTER_BOUND('',#443,.T.);
#283=FACE_OUTER_BOUND('',#444,.T.);
#284=FACE_OUTER_BOUND('',#445,.T.);
#285=FACE_OUTER_BOUND('',#446,.T.);
#286=FACE_OUTER_BOUND('',#447,.T.);
#287=FACE_OUTER_BOUND('',#448,.T.);
#288=FACE_OUTER_BOUND('',#449,.T.);
#289=FACE_OUTER_BOUND('',#450,.T.);
#290=FACE_OUTER_BOUND('',#451,.T.);
#291=FACE_OUTER_BOUND('',#452,.T.);
#292=EDGE_LOOP('',(#1555,#1556,#1557,#1558));
#293=EDGE_LOOP('',(#1559,#1560,#1561,#1562,#1563,#1564));
#294=EDGE_LOOP('',(#1565,#1566,#1567,#1568));
#295=EDGE_LOOP('',(#1569,#1570,#1571,#1572));
#296=EDGE_LOOP('',(#1573,#1574,#1575,#1576));
#297=EDGE_LOOP('',(#1577,#1578,#1579,#1580,#1581,#1582,#1583,#1584));
#298=EDGE_LOOP('',(#1585,#1586,#1587,#1588,#1589));
#299=EDGE_LOOP('',(#1590,#1591,#1592,#1593,#1594,#1595,#1596,#1597));
#300=EDGE_LOOP('',(#1598,#1599,#1600,#1601));
#301=EDGE_LOOP('',(#1602,#1603,#1604,#1605,#1606,#1607,#1608,#1609,#1610));
#302=EDGE_LOOP('',(#1611,#1612,#1613,#1614));
#303=EDGE_LOOP('',(#1615,#1616,#1617,#1618));
#304=EDGE_LOOP('',(#1619,#1620,#1621,#1622));
#305=EDGE_LOOP('',(#1623,#1624,#1625,#1626,#1627));
#306=EDGE_LOOP('',(#1628,#1629,#1630,#1631));
#307=EDGE_LOOP('',(#1632,#1633,#1634,#1635));
#308=EDGE_LOOP('',(#1636));
#309=EDGE_LOOP('',(#1637));
#310=EDGE_LOOP('',(#1638,#1639,#1640,#1641));
#311=EDGE_LOOP('',(#1642));
#312=EDGE_LOOP('',(#1643));
#313=EDGE_LOOP('',(#1644,#1645,#1646,#1647,#1648,#1649,#1650,#1651,#1652));
#314=EDGE_LOOP('',(#1653,#1654,#1655,#1656));
#315=EDGE_LOOP('',(#1657,#1658,#1659,#1660));
#316=EDGE_LOOP('',(#1661,#1662,#1663,#1664,#1665,#1666,#1667,#1668,#1669,
#1670));
#317=EDGE_LOOP('',(#1671,#1672,#1673,#1674));
#318=EDGE_LOOP('',(#1675,#1676,#1677,#1678));
#319=EDGE_LOOP('',(#1679,#1680,#1681,#1682));
#320=EDGE_LOOP('',(#1683));
#321=EDGE_LOOP('',(#1684));
#322=EDGE_LOOP('',(#1685,#1686,#1687,#1688,#1689,#1690,#1691,#1692,#1693,
#1694,#1695,#1696));
#323=EDGE_LOOP('',(#1697));
#324=EDGE_LOOP('',(#1698,#1699,#1700,#1701));
#325=EDGE_LOOP('',(#1702,#1703,#1704,#1705));
#326=EDGE_LOOP('',(#1706,#1707,#1708,#1709));
#327=EDGE_LOOP('',(#1710,#1711,#1712,#1713));
#328=EDGE_LOOP('',(#1714,#1715,#1716,#1717));
#329=EDGE_LOOP('',(#1718,#1719,#1720,#1721));
#330=EDGE_LOOP('',(#1722,#1723,#1724,#1725));
#331=EDGE_LOOP('',(#1726,#1727,#1728,#1729));
#332=EDGE_LOOP('',(#1730,#1731,#1732,#1733));
#333=EDGE_LOOP('',(#1734,#1735,#1736,#1737));
#334=EDGE_LOOP('',(#1738,#1739,#1740,#1741));
#335=EDGE_LOOP('',(#1742,#1743,#1744,#1745,#1746,#1747,#1748,#1749,#1750,
#1751,#1752,#1753,#1754,#1755,#1756,#1757));
#336=EDGE_LOOP('',(#1758));
#337=EDGE_LOOP('',(#1759));
#338=EDGE_LOOP('',(#1760,#1761,#1762,#1763));
#339=EDGE_LOOP('',(#1764));
#340=EDGE_LOOP('',(#1765));
#341=EDGE_LOOP('',(#1766,#1767,#1768,#1769));
#342=EDGE_LOOP('',(#1770));
#343=EDGE_LOOP('',(#1771));
#344=EDGE_LOOP('',(#1772,#1773,#1774,#1775));
#345=EDGE_LOOP('',(#1776,#1777,#1778,#1779));
#346=EDGE_LOOP('',(#1780,#1781,#1782,#1783));
#347=EDGE_LOOP('',(#1784,#1785,#1786,#1787,#1788,#1789,#1790,#1791));
#348=EDGE_LOOP('',(#1792,#1793,#1794,#1795,#1796,#1797));
#349=EDGE_LOOP('',(#1798,#1799,#1800,#1801,#1802,#1803));
#350=EDGE_LOOP('',(#1804,#1805,#1806,#1807));
#351=EDGE_LOOP('',(#1808,#1809,#1810,#1811,#1812,#1813,#1814,#1815));
#352=EDGE_LOOP('',(#1816,#1817,#1818,#1819,#1820,#1821,#1822,#1823));
#353=EDGE_LOOP('',(#1824));
#354=EDGE_LOOP('',(#1825));
#355=EDGE_LOOP('',(#1826));
#356=EDGE_LOOP('',(#1827,#1828,#1829,#1830));
#357=EDGE_LOOP('',(#1831,#1832,#1833,#1834));
#358=EDGE_LOOP('',(#1835,#1836,#1837,#1838));
#359=EDGE_LOOP('',(#1839,#1840,#1841,#1842));
#360=EDGE_LOOP('',(#1843,#1844,#1845,#1846));
#361=EDGE_LOOP('',(#1847,#1848,#1849,#1850));
#362=EDGE_LOOP('',(#1851,#1852,#1853,#1854));
#363=EDGE_LOOP('',(#1855,#1856,#1857,#1858));
#364=EDGE_LOOP('',(#1859,#1860,#1861,#1862));
#365=EDGE_LOOP('',(#1863,#1864,#1865,#1866));
#366=EDGE_LOOP('',(#1867,#1868,#1869,#1870,#1871,#1872));
#367=EDGE_LOOP('',(#1873,#1874,#1875,#1876,#1877,#1878));
#368=EDGE_LOOP('',(#1879,#1880,#1881,#1882,#1883,#1884));
#369=EDGE_LOOP('',(#1885,#1886,#1887,#1888,#1889,#1890));
#370=EDGE_LOOP('',(#1891,#1892,#1893,#1894,#1895,#1896));
#371=EDGE_LOOP('',(#1897,#1898,#1899,#1900,#1901,#1902));
#372=EDGE_LOOP('',(#1903,#1904,#1905,#1906,#1907,#1908));
#373=EDGE_LOOP('',(#1909,#1910,#1911,#1912,#1913,#1914));
#374=EDGE_LOOP('',(#1915,#1916,#1917,#1918,#1919,#1920));
#375=EDGE_LOOP('',(#1921,#1922,#1923,#1924,#1925,#1926));
#376=EDGE_LOOP('',(#1927,#1928,#1929,#1930,#1931,#1932));
#377=EDGE_LOOP('',(#1933,#1934,#1935,#1936,#1937,#1938));
#378=EDGE_LOOP('',(#1939,#1940,#1941,#1942,#1943,#1944));
#379=EDGE_LOOP('',(#1945,#1946,#1947,#1948,#1949,#1950));
#380=EDGE_LOOP('',(#1951,#1952,#1953,#1954,#1955,#1956));
#381=EDGE_LOOP('',(#1957,#1958,#1959,#1960,#1961,#1962,#1963,#1964,#1965,
#1966,#1967,#1968,#1969,#1970,#1971,#1972,#1973,#1974,#1975,#1976,#1977,
#1978,#1979,#1980,#1981,#1982,#1983,#1984,#1985,#1986,#1987,#1988));
#382=EDGE_LOOP('',(#1989,#1990,#1991,#1992));
#383=EDGE_LOOP('',(#1993,#1994,#1995,#1996));
#384=EDGE_LOOP('',(#1997,#1998,#1999,#2000));
#385=EDGE_LOOP('',(#2001,#2002,#2003,#2004));
#386=EDGE_LOOP('',(#2005,#2006,#2007,#2008));
#387=EDGE_LOOP('',(#2009,#2010,#2011,#2012));
#388=EDGE_LOOP('',(#2013,#2014,#2015,#2016));
#389=EDGE_LOOP('',(#2017,#2018,#2019,#2020));
#390=EDGE_LOOP('',(#2021,#2022,#2023,#2024));
#391=EDGE_LOOP('',(#2025,#2026,#2027,#2028));
#392=EDGE_LOOP('',(#2029,#2030,#2031,#2032));
#393=EDGE_LOOP('',(#2033,#2034,#2035,#2036));
#394=EDGE_LOOP('',(#2037,#2038,#2039,#2040));
#395=EDGE_LOOP('',(#2041,#2042,#2043,#2044));
#396=EDGE_LOOP('',(#2045,#2046,#2047,#2048));
#397=EDGE_LOOP('',(#2049,#2050,#2051,#2052));
#398=EDGE_LOOP('',(#2053,#2054,#2055,#2056));
#399=EDGE_LOOP('',(#2057,#2058,#2059,#2060));
#400=EDGE_LOOP('',(#2061,#2062,#2063,#2064));
#401=EDGE_LOOP('',(#2065,#2066,#2067,#2068));
#402=EDGE_LOOP('',(#2069,#2070,#2071,#2072));
#403=EDGE_LOOP('',(#2073,#2074,#2075,#2076));
#404=EDGE_LOOP('',(#2077,#2078,#2079,#2080));
#405=EDGE_LOOP('',(#2081,#2082,#2083,#2084));
#406=EDGE_LOOP('',(#2085,#2086,#2087,#2088));
#407=EDGE_LOOP('',(#2089,#2090,#2091,#2092));
#408=EDGE_LOOP('',(#2093,#2094,#2095,#2096));
#409=EDGE_LOOP('',(#2097,#2098,#2099,#2100));
#410=EDGE_LOOP('',(#2101,#2102,#2103,#2104));
#411=EDGE_LOOP('',(#2105,#2106,#2107,#2108));
#412=EDGE_LOOP('',(#2109,#2110,#2111,#2112));
#413=EDGE_LOOP('',(#2113,#2114,#2115,#2116,#2117,#2118));
#414=EDGE_LOOP('',(#2119,#2120,#2121,#2122));
#415=EDGE_LOOP('',(#2123,#2124,#2125,#2126,#2127,#2128,#2129,#2130,#2131,
#2132,#2133,#2134,#2135,#2136,#2137,#2138,#2139,#2140,#2141,#2142,#2143,
#2144,#2145,#2146,#2147,#2148,#2149,#2150,#2151,#2152,#2153,#2154));
#416=EDGE_LOOP('',(#2155));
#417=EDGE_LOOP('',(#2156,#2157,#2158,#2159));
#418=EDGE_LOOP('',(#2160,#2161,#2162,#2163));
#419=EDGE_LOOP('',(#2164));
#420=EDGE_LOOP('',(#2165));
#421=EDGE_LOOP('',(#2166,#2167,#2168,#2169));
#422=EDGE_LOOP('',(#2170,#2171,#2172,#2173,#2174,#2175));
#423=EDGE_LOOP('',(#2176,#2177,#2178,#2179,#2180,#2181,#2182,#2183,#2184));
#424=EDGE_LOOP('',(#2185,#2186,#2187,#2188));
#425=EDGE_LOOP('',(#2189,#2190,#2191));
#426=EDGE_LOOP('',(#2192,#2193,#2194,#2195,#2196,#2197,#2198,#2199,#2200,
#2201,#2202));
#427=EDGE_LOOP('',(#2203,#2204,#2205,#2206));
#428=EDGE_LOOP('',(#2207));
#429=EDGE_LOOP('',(#2208,#2209,#2210,#2211,#2212));
#430=EDGE_LOOP('',(#2213,#2214,#2215,#2216));
#431=EDGE_LOOP('',(#2217,#2218,#2219,#2220));
#432=EDGE_LOOP('',(#2221));
#433=EDGE_LOOP('',(#2222));
#434=EDGE_LOOP('',(#2223,#2224,#2225,#2226));
#435=EDGE_LOOP('',(#2227));
#436=EDGE_LOOP('',(#2228));
#437=EDGE_LOOP('',(#2229));
#438=EDGE_LOOP('',(#2230));
#439=EDGE_LOOP('',(#2231,#2232,#2233,#2234));
#440=EDGE_LOOP('',(#2235,#2236,#2237,#2238));
#441=EDGE_LOOP('',(#2239));
#442=EDGE_LOOP('',(#2240));
#443=EDGE_LOOP('',(#2241,#2242,#2243,#2244));
#444=EDGE_LOOP('',(#2245,#2246,#2247,#2248));
#445=EDGE_LOOP('',(#2249,#2250,#2251,#2252));
#446=EDGE_LOOP('',(#2253,#2254,#2255,#2256));
#447=EDGE_LOOP('',(#2257,#2258,#2259,#2260));
#448=EDGE_LOOP('',(#2261,#2262,#2263,#2264));
#449=EDGE_LOOP('',(#2265,#2266,#2267,#2268));
#450=EDGE_LOOP('',(#2269));
#451=EDGE_LOOP('',(#2270));
#452=EDGE_LOOP('',(#2271,#2272,#2273,#2274));
#453=CIRCLE('',#2579,0.9338125);
#454=CIRCLE('',#2581,0.9338125);
#455=CIRCLE('',#2583,1.015);
#456=CIRCLE('',#2587,0.0499999999999998);
#457=CIRCLE('',#2588,0.0499999999999998);
#458=CIRCLE('',#2589,0.0499999999999998);
#459=CIRCLE('',#2590,0.0499999999999998);
#460=CIRCLE('',#2592,0.715);
#461=CIRCLE('',#2594,0.0499999999999998);
#462=CIRCLE('',#2595,0.0499999999999998);
#463=CIRCLE('',#2596,0.0499999999999998);
#464=CIRCLE('',#2597,0.0499999999999998);
#465=CIRCLE('',#2599,0.715);
#466=CIRCLE('',#2600,0.715);
#467=CIRCLE('',#2605,0.715);
#468=CIRCLE('',#2606,0.715);
#469=CIRCLE('',#2609,0.2145);
#470=CIRCLE('',#2610,0.190499972072735);
#471=CIRCLE('',#2613,0.8);
#472=CIRCLE('',#2614,0.8);
#473=CIRCLE('',#2620,0.9938125);
#474=CIRCLE('',#2622,0.715);
#475=CIRCLE('',#2623,0.775);
#476=CIRCLE('',#2627,1.2);
#477=CIRCLE('',#2635,0.3365);
#478=CIRCLE('',#2636,0.3365);
#479=CIRCLE('',#2639,0.5);
#480=CIRCLE('',#2640,0.5);
#481=CIRCLE('',#2643,0.95);
#482=CIRCLE('',#2644,0.95);
#483=CIRCLE('',#2647,1.2);
#484=CIRCLE('',#2652,0.1);
#485=CIRCLE('',#2653,0.1);
#486=CIRCLE('',#2655,0.1);
#487=CIRCLE('',#2656,0.1);
#488=CIRCLE('',#2658,0.1);
#489=CIRCLE('',#2661,0.1);
#490=CIRCLE('',#2662,0.1);
#491=CIRCLE('',#2663,0.1);
#492=CIRCLE('',#2671,0.985);
#493=CIRCLE('',#2677,0.1);
#494=CIRCLE('',#2678,0.1);
#495=CIRCLE('',#2680,0.1);
#496=CIRCLE('',#2681,0.1);
#497=CIRCLE('',#2683,0.1);
#498=CIRCLE('',#2684,0.1);
#499=CIRCLE('',#2686,0.1);
#500=CIRCLE('',#2687,0.1);
#501=CIRCLE('',#2689,0.1);
#502=CIRCLE('',#2690,0.1);
#503=CIRCLE('',#2692,0.1);
#504=CIRCLE('',#2693,0.1);
#505=CIRCLE('',#2695,0.1);
#506=CIRCLE('',#2696,0.1);
#507=CIRCLE('',#2698,0.1);
#508=CIRCLE('',#2699,0.1);
#509=CIRCLE('',#2701,0.1);
#510=CIRCLE('',#2702,0.1);
#511=CIRCLE('',#2704,0.1);
#512=CIRCLE('',#2705,0.1);
#513=CIRCLE('',#2707,0.1);
#514=CIRCLE('',#2708,0.1);
#515=CIRCLE('',#2710,0.1);
#516=CIRCLE('',#2711,0.1);
#517=CIRCLE('',#2713,0.1);
#518=CIRCLE('',#2714,0.1);
#519=CIRCLE('',#2716,0.1);
#520=CIRCLE('',#2717,0.1);
#521=CIRCLE('',#2719,0.1);
#522=CIRCLE('',#2720,0.1);
#523=CIRCLE('',#2722,1.2);
#524=CIRCLE('',#2723,1.2);
#525=CIRCLE('',#2724,1.2);
#526=CIRCLE('',#2725,1.2);
#527=CIRCLE('',#2726,1.2);
#528=CIRCLE('',#2727,1.2);
#529=CIRCLE('',#2728,1.2);
#530=CIRCLE('',#2729,1.2);
#531=CIRCLE('',#2730,1.2);
#532=CIRCLE('',#2731,1.2);
#533=CIRCLE('',#2732,1.2);
#534=CIRCLE('',#2733,1.2);
#535=CIRCLE('',#2734,1.2);
#536=CIRCLE('',#2735,1.2);
#537=CIRCLE('',#2736,1.2);
#538=CIRCLE('',#2737,0.1);
#539=CIRCLE('',#2738,1.2);
#540=CIRCLE('',#2739,0.985);
#541=CIRCLE('',#2740,0.995);
#542=CIRCLE('',#2742,1.2);
#543=CIRCLE('',#2744,1.2);
#544=CIRCLE('',#2746,1.2);
#545=CIRCLE('',#2748,1.2);
#546=CIRCLE('',#2750,1.2);
#547=CIRCLE('',#2752,1.2);
#548=CIRCLE('',#2754,1.2);
#549=CIRCLE('',#2756,1.2);
#550=CIRCLE('',#2758,1.2);
#551=CIRCLE('',#2760,1.2);
#552=CIRCLE('',#2762,1.2);
#553=CIRCLE('',#2764,1.2);
#554=CIRCLE('',#2766,1.2);
#555=CIRCLE('',#2768,1.2);
#556=CIRCLE('',#2770,1.2);
#557=CIRCLE('',#2772,1.15);
#558=CIRCLE('',#2774,1.15);
#559=CIRCLE('',#2776,1.15);
#560=CIRCLE('',#2778,1.15);
#561=CIRCLE('',#2780,1.15);
#562=CIRCLE('',#2782,1.15);
#563=CIRCLE('',#2784,1.15);
#564=CIRCLE('',#2786,1.15);
#565=CIRCLE('',#2788,1.15);
#566=CIRCLE('',#2790,1.15);
#567=CIRCLE('',#2792,1.15);
#568=CIRCLE('',#2794,1.15);
#569=CIRCLE('',#2796,1.15);
#570=CIRCLE('',#2798,1.15);
#571=CIRCLE('',#2800,1.15);
#572=CIRCLE('',#2802,0.1);
#573=CIRCLE('',#2804,1.2);
#574=CIRCLE('',#2806,1.15);
#575=CIRCLE('',#2807,0.5);
#576=CIRCLE('',#2810,0.61);
#577=CIRCLE('',#2811,0.61);
#578=CIRCLE('',#2813,0.5);
#579=CIRCLE('',#2817,0.9038125);
#580=CIRCLE('',#2820,0.8938125);
#581=CIRCLE('',#2823,0.67);
#582=CIRCLE('',#2824,0.7);
#583=CIRCLE('',#2826,0.7);
#584=CIRCLE('',#2829,0.6);
#585=CIRCLE('',#2830,0.6);
#586=CIRCLE('',#2833,0.7);
#587=CIRCLE('',#2835,0.7);
#588=CIRCLE('',#2837,0.8938125);
#589=CIRCLE('',#2848,0.6);
#590=CIRCLE('',#2849,0.6);
#591=CIRCLE('',#2854,0.75);
#592=CIRCLE('',#2855,6.);
#593=B_SPLINE_CURVE_WITH_KNOTS('',3,(#3583,#3584,#3585,#3586,#3587,#3588,
#3589,#3590,#3591,#3592,#3593,#3594),.UNSPECIFIED.,.F.,.F.,(4,1,1,1,1,1,
1,1,1,4),(12.5663706143592,12.9959810826319,13.495826508887,13.9956719351421,
14.4955173613971,14.9953627876522,15.4952082139073,15.9950536401624,16.4948990664174,
16.9322000371509),.UNSPECIFIED.);
#594=B_SPLINE_CURVE_WITH_KNOTS('',3,(#3597,#3598,#3599,#3600,#3601,#3602,
#3603,#3604,#3605,#3606,#3607,#3608,#3609,#3610,#3611,#3612,#3613,#3614,
#3615,#3616,#3617,#3618,#3619,#3620,#3621,#3622,#3623,#3624,#3625,#3626,
#3627,#3628,#3629,#3630,#3631,#3632,#3633,#3634,#3635,#3636),
 .UNSPECIFIED.,.F.,.F.,(4,3,3,3,3,3,3,3,3,3,3,3,3,4),(-12.2199280810925,
-11.7858628943257,-11.2947852737288,-10.8037076531319,-10.312630032535,
-9.82155241193812,-9.33047479134121,-8.83939717074431,-8.3483195501474,
-7.85724192955049,-7.36616430895359,-6.87508668835668,-6.38400906775978,
-6.28318530717959),.UNSPECIFIED.);
#595=B_SPLINE_CURVE_WITH_KNOTS('',3,(#3646,#3647,#3648,#3649,#3650,#3651,
#3652,#3653,#3654,#3655,#3656,#3657,#3658,#3659,#3660,#3661),
 .UNSPECIFIED.,.F.,.F.,(4,1,1,1,1,1,1,1,1,1,1,1,1,4),(0.,0.499845426255074,
0.999690852510147,1.49953627876522,1.99938170502029,2.49922713127537,2.99907255753044,
3.49891798378551,3.99876341004059,4.49860883629566,4.99845426255074,5.49829968880581,
5.99814511506088,6.28318530717959),.UNSPECIFIED.);
#596=B_SPLINE_CURVE_WITH_KNOTS('',3,(#3667,#3668,#3669,#3670,#3671,#3672),
 .UNSPECIFIED.,.F.,.F.,(4,1,1,4),(15.707963267949,15.714483859101,16.2055614796979,
16.6966391002948),.UNSPECIFIED.);
#597=B_SPLINE_CURVE_WITH_KNOTS('',3,(#3675,#3676,#3677,#3678,#3679,#3680,
#3681),.UNSPECIFIED.,.F.,.F.,(4,1,1,1,4),(15.707963267949,15.9950536401624,
16.4948990664174,16.9947444926725,17.4820372636922),.UNSPECIFIED.);
#598=B_SPLINE_CURVE_WITH_KNOTS('',3,(#3686,#3687,#3688,#3689,#3690,#3691,
#3692,#3693,#3694,#3695,#3696,#3697,#3698,#3699,#3700,#3701),
 .UNSPECIFIED.,.F.,.F.,(4,1,1,1,1,1,1,1,1,1,1,1,1,4),(9.42477796076938,
9.82155241193812,10.312630032535,10.8037076531319,11.2947852737288,11.7858628943257,
12.2769405149226,12.7680181355196,13.2590957561165,13.7501733767134,14.2412509973103,
14.7323286179072,15.2234062385041,15.707963267949),.UNSPECIFIED.);
#599=B_SPLINE_CURVE_WITH_KNOTS('',3,(#3702,#3703,#3704,#3705,#3706,#3707,
#3708,#3709,#3710,#3711,#3712,#3713,#3714,#3715,#3716,#3717,#3718),
 .UNSPECIFIED.,.F.,.F.,(4,1,1,1,1,1,1,1,1,1,1,1,1,1,4),(9.42477796076938,
9.4970630988464,9.99690852510147,10.4967539513565,10.9965993776116,11.4964448038667,
11.9962902301218,12.4961356563768,12.9959810826319,13.495826508887,13.9956719351421,
14.4955173613971,14.9953627876522,15.4952082139073,15.707963267949),
 .UNSPECIFIED.);
#600=B_SPLINE_CURVE_WITH_KNOTS('',3,(#3724,#3725,#3726,#3727,#3728,#3729,
#3730,#3731,#3732,#3733),.UNSPECIFIED.,.F.,.F.,(4,1,1,1,1,1,1,4),(0.,0.499845426255074,
0.999690852510147,1.49953627876522,1.99938170502029,2.49922713127537,2.99907255753044,
3.14159265358979),.UNSPECIFIED.);
#601=B_SPLINE_CURVE_WITH_KNOTS('',3,(#3736,#3737,#3738,#3739,#3740,#3741,
#3742,#3743,#3744,#3745),.UNSPECIFIED.,.F.,.F.,(4,1,1,1,1,1,1,4),(0.,0.491077620596906,
0.982155241193812,1.47323286179072,1.96431048238762,2.45538810298453,2.94646572358144,
3.14159265358979),.UNSPECIFIED.);
#602=B_SPLINE_CURVE_WITH_KNOTS('',3,(#3978,#3979,#3980,#3981,#3982,#3983,
#3984,#3985,#3986,#3987,#3988,#3989,#3990,#3991,#3992,#3993,#3994,#3995,
#3996),.UNSPECIFIED.,.F.,.F.,(4,3,3,3,3,3,4),(0.,0.133571668391899,0.267425282290928,
0.387893074930638,0.412883754970044,0.495440504659006,0.516749369245824),
 .UNSPECIFIED.);
#603=B_SPLINE_CURVE_WITH_KNOTS('',3,(#3997,#3998,#3999,#4000,#4001,#4002,
#4003,#4004,#4005,#4006,#4007,#4008,#4009,#4010,#4011,#4012,#4013),
 .UNSPECIFIED.,.F.,.F.,(4,1,1,1,1,1,1,1,1,1,1,1,1,1,4),(3.14159265358979,
3.43754334417834,3.92862096477525,4.41969858537215,4.91077620596906,5.40185382656597,
5.89293144716287,6.38400906775978,6.87508668835668,7.36616430895359,7.85724192955049,
8.3483195501474,8.83939717074431,9.33047479134121,9.42477796076938),
 .UNSPECIFIED.);
#604=B_SPLINE_CURVE_WITH_KNOTS('',3,(#4015,#4016,#4017,#4018,#4019,#4020,
#4021,#4022,#4023,#4024,#4025,#4026,#4027,#4028,#4029,#4030,#4031,#4032,
#4033,#4034,#4035,#4036,#4037,#4038,#4039,#4040,#4041,#4042,#4043,#4044,
#4045,#4046,#4047,#4048,#4049,#4050,#4051,#4052,#4053,#4054),
 .UNSPECIFIED.,.F.,.F.,(4,3,3,3,3,3,3,3,3,3,3,3,3,4),(-6.28318530717959,
-5.89293144716287,-5.40185382656596,-4.91077620596906,-4.41969858537215,
-3.92862096477525,-3.43754334417834,-2.94646572358143,-2.45538810298453,
-1.96431048238762,-1.47323286179072,-0.98215524119381,-0.491077620596904,
1.77635683940025E-15),.UNSPECIFIED.);
#605=B_SPLINE_CURVE_WITH_KNOTS('',3,(#4055,#4056,#4057,#4058,#4059,#4060,
#4061,#4062,#4063,#4064,#4065,#4066,#4067,#4068,#4069,#4070,#4071,#4072,
#4073,#4074,#4075,#4076,#4077,#4078,#4079,#4080,#4081,#4082,#4083,#4084,
#4085,#4086,#4087,#4088,#4089,#4090,#4091,#4092,#4093,#4094,#4095,#4096,
#4097,#4098,#4099,#4100,#4101,#4102,#4103,#4104,#4105,#4106,#4107,#4108,
#4109,#4110,#4111,#4112,#4113,#4114,#4115,#4116,#4117,#4118,#4119,#4120,
#4121,#4122,#4123,#4124,#4125,#4126,#4127,#4128,#4129,#4130,#4131,#4132,
#4133,#4134,#4135,#4136,#4137,#4138,#4139,#4140,#4141,#4142,#4143,#4144,
#4145,#4146,#4147,#4148,#4149,#4150,#4151,#4152,#4153,#4154,#4155,#4156,
#4157,#4158,#4159,#4160,#4161,#4162,#4163,#4164,#4165,#4166,#4167,#4168,
#4169,#4170,#4171,#4172,#4173,#4174,#4175,#4176,#4177,#4178,#4179,#4180,
#4181,#4182,#4183,#4184,#4185,#4186,#4187,#4188,#4189,#4190,#4191,#4192,
#4193,#4194,#4195,#4196,#4197,#4198,#4199,#4200,#4201,#4202,#4203,#4204,
#4205),.UNSPECIFIED.,.F.,.F.,(4,3,3,3,3,3,3,3,3,3,3,3,3,3,3,3,3,3,3,3,3,
3,3,3,3,3,3,3,3,3,3,3,3,3,3,3,3,3,3,3,3,3,3,3,3,3,3,3,3,3,4),(1.4112100919541,
1.52797834289912,1.56042708705891,1.58589453237401,1.71822195832304,1.84978712659247,
1.87828309573416,1.95170077102409,1.97938717953549,2.11109661132687,2.23694887957244,
2.29987501369522,2.33347752095034,2.35837912965716,2.362801147818,2.49376651877166,
2.6250712768312,2.68179335949874,2.71311228682562,2.73817287310638,2.84388455827682,
2.97471699473742,3.06142636868437,3.09554294270878,3.1207579095559,3.2509216433032,
3.32155449052524,3.44005378915979,3.47772267819846,3.50233420079881,3.63182586599152,
3.76037488908944,3.79555168506343,3.84412480186028,3.86970601817798,3.99842874865134,
4.13206945789547,4.20089210060895,4.22762818271829,4.26571016713959,4.39392373845001,
4.52220464730746,4.58288545625307,4.6139306861799,4.73249501154137,4.86039351433331,
4.94665366106894,4.98222404017716,5.10947454921592,5.19581329227213,5.2493940053366),
 .UNSPECIFIED.);
#606=B_SPLINE_CURVE_WITH_KNOTS('',3,(#4209,#4210,#4211,#4212,#4213,#4214,
#4215,#4216,#4217,#4218,#4219,#4220,#4221,#4222,#4223,#4224),
 .UNSPECIFIED.,.F.,.F.,(4,1,1,1,1,1,1,1,1,1,1,1,1,4),(3.14159265358979,
3.49891798378551,3.99876341004059,4.49860883629566,4.99845426255074,5.49829968880581,
5.99814511506088,6.49799054131596,6.99783596757103,7.4976813938261,7.99752682008118,
8.49737224633625,8.99721767259132,9.42477796076938),.UNSPECIFIED.);
#607=B_SPLINE_CURVE_WITH_KNOTS('',3,(#4382,#4383,#4384,#4385,#4386,#4387,
#4388,#4389,#4390,#4391,#4392,#4393,#4394,#4395,#4396,#4397,#4398,#4399,
#4400,#4401,#4402,#4403),.UNSPECIFIED.,.F.,.F.,(4,3,3,3,3,3,3,4),(1.62839366221016,
1.7540605196331,1.79636527059645,1.83448909665616,1.96788304076757,2.10099470303122,
2.13106109190194,2.14378918835027),.UNSPECIFIED.);
#608=B_SPLINE_CURVE_WITH_KNOTS('',3,(#4404,#4405,#4406,#4407,#4408,#4409,
#4410,#4411,#4412,#4413,#4414,#4415,#4416,#4417,#4418,#4419,#4420,#4421,
#4422,#4423,#4424,#4425,#4426,#4427,#4428,#4429,#4430,#4431,#4432,#4433,
#4434,#4435,#4436,#4437,#4438,#4439,#4440,#4441,#4442,#4443),
 .UNSPECIFIED.,.F.,.F.,(4,3,3,3,3,3,3,3,3,3,3,3,3,4),(0.165536528078105,
0.224524812225012,0.344150753458305,0.366804324078099,0.494252428861605,
0.6228763486913,0.703028577158184,0.733593523662304,0.758163123469815,0.887781277297616,
1.01873845909733,1.12001611006564,1.14909005197396,1.19505319774806),
 .UNSPECIFIED.);
#609=B_SPLINE_CURVE_WITH_KNOTS('',3,(#4444,#4445,#4446,#4447,#4448,#4449,
#4450,#4451,#4452,#4453,#4454,#4455,#4456,#4457,#4458,#4459,#4460),
 .UNSPECIFIED.,.F.,.F.,(4,1,1,1,1,1,1,1,1,1,1,1,1,1,4),(6.28318530717959,
6.49799054131596,6.99783596757103,7.4976813938261,7.99752682008118,8.49737224633625,
8.99721767259132,9.4970630988464,9.99690852510147,10.4967539513565,10.9965993776116,
11.4964448038667,11.9962902301218,12.4961356563768,12.5663706143592),
 .UNSPECIFIED.);
#610=B_SPLINE_CURVE_WITH_KNOTS('',3,(#4514,#4515,#4516,#4517,#4518,#4519,
#4520,#4521,#4522,#4523,#4524,#4525,#4526),.UNSPECIFIED.,.F.,.F.,(4,3,3,
3,4),(-3.14159265358979,-2.35619449019234,-1.5707963267949,-0.785398163397448,
0.),.UNSPECIFIED.);
#611=B_SPLINE_CURVE_WITH_KNOTS('',3,(#4529,#4530,#4531,#4532,#4533,#4534,
#4535),.UNSPECIFIED.,.F.,.F.,(4,1,1,1,4),(0.,0.785398163397448,1.5707963267949,
2.35619449019234,3.14159265358979),.UNSPECIFIED.);
#612=B_SPLINE_CURVE_WITH_KNOTS('',3,(#4539,#4540,#4541,#4542,#4543,#4544,
#4545),.UNSPECIFIED.,.F.,.F.,(4,1,1,1,4),(0.,0.785398163397448,1.5707963267949,
2.35619449019234,3.14159265358979),.UNSPECIFIED.);
#613=B_SPLINE_CURVE_WITH_KNOTS('',3,(#4575,#4576,#4577,#4578,#4579,#4580,
#4581),.UNSPECIFIED.,.F.,.F.,(4,1,1,1,4),(0.,0.785398163397448,1.5707963267949,
2.35619449019234,3.14159265358979),.UNSPECIFIED.);
#614=B_SPLINE_CURVE_WITH_KNOTS('',3,(#4623,#4624,#4625,#4626,#4627,#4628,
#4629,#4630,#4631,#4632,#4633,#4634,#4635),.UNSPECIFIED.,.F.,.F.,(4,3,3,
3,4),(-3.14159265358979,-2.35619449019234,-1.5707963267949,-0.785398163397448,
0.),.UNSPECIFIED.);
#615=B_SPLINE_CURVE_WITH_KNOTS('',3,(#4638,#4639,#4640,#4641,#4642,#4643,
#4644),.UNSPECIFIED.,.F.,.F.,(4,1,1,1,4),(0.,0.785398163397448,1.5707963267949,
2.35619449019234,3.14159265358979),.UNSPECIFIED.);
#616=B_SPLINE_CURVE_WITH_KNOTS('',3,(#4648,#4649,#4650,#4651,#4652,#4653,
#4654),.UNSPECIFIED.,.F.,.F.,(4,1,1,1,4),(0.,0.785398163397448,1.5707963267949,
2.35619449019234,3.14159265358979),.UNSPECIFIED.);
#617=B_SPLINE_CURVE_WITH_KNOTS('',3,(#4684,#4685,#4686,#4687,#4688,#4689,
#4690),.UNSPECIFIED.,.F.,.F.,(4,1,1,1,4),(0.,0.785398163397448,1.5707963267949,
2.35619449019234,3.14159265358979),.UNSPECIFIED.);
#618=B_SPLINE_CURVE_WITH_KNOTS('',3,(#4792,#4793,#4794,#4795,#4796,#4797,
#4798,#4799,#4800,#4801,#4802,#4803,#4804,#4805,#4806,#4807,#4808,#4809,
#4810,#4811,#4812,#4813,#4814,#4815,#4816,#4817,#4818,#4819,#4820,#4821,
#4822),.UNSPECIFIED.,.F.,.F.,(4,3,3,3,3,3,3,3,3,3,4),(-12.5663706143592,
-12.3442242781339,-11.8451691951418,-11.3461141121497,-10.8470590291576,
-10.3480039461654,-9.8489488631733,-9.34989378018117,-8.85083869718904,
-8.35178361419691,-8.31900017855885),.UNSPECIFIED.);
#619=B_SPLINE_CURVE_WITH_KNOTS('',3,(#4825,#4826,#4827,#4828,#4829,#4830,
#4831,#4832,#4833,#4834,#4835),.UNSPECIFIED.,.F.,.F.,(4,1,1,1,1,1,1,1,4),
(2.82133005910305,3.30892995607489,3.79652985304673,4.28412975001856,4.7717296469904,
5.25932954396223,5.74692944093407,6.23452933790591,6.28318530717959),
 .UNSPECIFIED.);
#620=B_SPLINE_CURVE_WITH_KNOTS('',3,(#4840,#4841,#4842,#4843,#4844,#4845,
#4846,#4847,#4848,#4849,#4850,#4851,#4852,#4853,#4854,#4855,#4856,#4857,
#4858,#4859,#4860,#4861,#4862,#4863,#4864,#4865,#4866,#4867,#4868,#4869,
#4870,#4871,#4872,#4873,#4874,#4875,#4876,#4877,#4878,#4879,#4880,#4881,
#4882),.UNSPECIFIED.,.F.,.F.,(4,3,3,3,3,3,3,3,3,3,3,3,3,3,4),(-18.8495559215388,
-18.8319403570316,-18.3328852740395,-17.8338301910474,-17.3347751080552,
-16.8357200250631,-16.336664942071,-15.8376098590788,-15.3385547760867,
-14.8394996930946,-14.3404446101025,-13.8413895271103,-13.3423344441182,
-12.8432793611261,-12.5663706143592),.UNSPECIFIED.);
#621=B_SPLINE_CURVE_WITH_KNOTS('',3,(#4883,#4884,#4885,#4886,#4887,#4888,
#4889,#4890,#4891,#4892,#4893,#4894,#4895,#4896,#4897,#4898),
 .UNSPECIFIED.,.F.,.F.,(4,1,1,1,1,1,1,1,1,1,1,1,1,4),(6.28318530717959,
6.72212923487774,7.20972913184958,7.69732902882142,8.18492892579325,8.67252882276509,
9.16012871973693,9.64772861670876,10.1353285136806,10.6229284106524,11.1105283076243,
11.5981282045961,12.0857281015679,12.5663706143592),.UNSPECIFIED.);
#622=B_SPLINE_CURVE_WITH_KNOTS('',3,(#4904,#4905,#4906,#4907),
 .UNSPECIFIED.,.F.,.F.,(4,4),(21.9911485751286,22.3253259379765),
 .UNSPECIFIED.);
#623=B_SPLINE_CURVE_WITH_KNOTS('',3,(#4910,#4911,#4912,#4913),
 .UNSPECIFIED.,.F.,.F.,(4,4),(21.9911485751286,22.3253259379765),
 .UNSPECIFIED.);
#624=B_SPLINE_CURVE_WITH_KNOTS('',3,(#4918,#4919,#4920,#4921,#4922,#4923,
#4924,#4925,#4926,#4927,#4928,#4929,#4930,#4931,#4932,#4933,#4934),
 .UNSPECIFIED.,.F.,.F.,(4,1,1,1,1,1,1,1,1,1,1,1,1,1,4),(15.707963267949,
15.8376098590788,16.336664942071,16.8357200250631,17.3347751080552,17.8338301910474,
18.3328852740395,18.8319403570316,19.3309954400237,19.8300505230159,20.329105606008,
20.8281606890001,21.3272157719923,21.8262708549844,21.9911485751286),
 .UNSPECIFIED.);
#625=B_SPLINE_CURVE_WITH_KNOTS('',3,(#4935,#4936,#4937,#4938,#4939,#4940,
#4941,#4942,#4943,#4944,#4945,#4946,#4947,#4948,#4949,#4950,#4951),
 .UNSPECIFIED.,.F.,.F.,(4,1,1,1,1,1,1,1,1,1,1,1,1,1,4),(15.707963267949,
15.9865272773426,16.4741271743145,16.9617270712863,17.4493269682581,17.93692686523,
18.4245267622018,18.9121266591737,19.3997265561455,19.8873264531173,20.3749263500892,
20.862526247061,21.3501261440328,21.8377260410047,21.9911485751286),
 .UNSPECIFIED.);
#626=B_SPLINE_CURVE_WITH_KNOTS('',3,(#4956,#4957,#4958,#4959,#4960,#4961,
#4962,#4963,#4964,#4965,#4966,#4967,#4968,#4969,#4970,#4971),
 .UNSPECIFIED.,.F.,.F.,(4,1,1,1,1,1,1,1,1,1,1,1,1,4),(9.42477796076938,
9.8489488631733,10.3480039461654,10.8470590291576,11.3461141121497,11.8451691951418,
12.3442242781339,12.8432793611261,13.3423344441182,13.8413895271103,14.3404446101025,
14.8394996930946,15.3385547760867,15.707963267949),.UNSPECIFIED.);
#627=B_SPLINE_CURVE_WITH_KNOTS('',3,(#4972,#4973,#4974,#4975,#4976,#4977,
#4978,#4979,#4980,#4981,#4982,#4983,#4984,#4985,#4986,#4987,#4988),
 .UNSPECIFIED.,.F.,.F.,(4,1,1,1,1,1,1,1,1,1,1,1,1,1,4),(9.42477796076938,
9.64772861670876,10.1353285136806,10.6229284106524,11.1105283076243,11.5981282045961,
12.0857281015679,12.5733279985398,13.0609278955116,13.5485277924835,14.0361276894553,
14.5237275864271,15.011327483399,15.4989273803708,15.707963267949),
 .UNSPECIFIED.);
#628=B_SPLINE_CURVE_WITH_KNOTS('',3,(#4992,#4993,#4994,#4995,#4996,#4997,
#4998,#4999,#5000),.UNSPECIFIED.,.F.,.F.,(4,2,3,4),(-0.0626606480664352,
-0.0518307792750142,0.,0.00585143334686126),.UNSPECIFIED.);
#629=B_SPLINE_CURVE_WITH_KNOTS('',3,(#5004,#5005,#5006,#5007,#5008,#5009,
#5010,#5011),.UNSPECIFIED.,.F.,.F.,(4,2,2,4),(0.380116857450356,0.385968290797217,
0.437799070072231,0.448628938863652),.UNSPECIFIED.);
#630=B_SPLINE_CURVE_WITH_KNOTS('',3,(#5020,#5021,#5022,#5023,#5024,#5025,
#5026,#5027,#5028),.UNSPECIFIED.,.F.,.F.,(4,2,3,4),(-0.0626606480664353,
-0.0518307792750142,0.,0.00585143334686126),.UNSPECIFIED.);
#631=B_SPLINE_CURVE_WITH_KNOTS('',3,(#5032,#5033,#5034,#5035,#5036,#5037,
#5038,#5039),.UNSPECIFIED.,.F.,.F.,(4,2,2,4),(0.380116857450355,0.385968290797216,
0.437799070072231,0.448628938863652),.UNSPECIFIED.);
#632=B_SPLINE_CURVE_WITH_KNOTS('',3,(#5048,#5049,#5050,#5051,#5052,#5053,
#5054,#5055,#5056),.UNSPECIFIED.,.F.,.F.,(4,2,3,4),(-0.0626606480664355,
-0.0518307792750142,0.,0.00585143334686072),.UNSPECIFIED.);
#633=B_SPLINE_CURVE_WITH_KNOTS('',3,(#5060,#5061,#5062,#5063,#5064,#5065,
#5066,#5067),.UNSPECIFIED.,.F.,.F.,(4,2,2,4),(0.380116857450356,0.385968290797217,
0.437799070072231,0.448628938863652),.UNSPECIFIED.);
#634=B_SPLINE_CURVE_WITH_KNOTS('',3,(#5076,#5077,#5078,#5079,#5080,#5081,
#5082,#5083,#5084),.UNSPECIFIED.,.F.,.F.,(4,2,3,4),(-0.0626606480664351,
-0.0518307792750142,0.,0.00585143334686086),.UNSPECIFIED.);
#635=B_SPLINE_CURVE_WITH_KNOTS('',3,(#5088,#5089,#5090,#5091,#5092,#5093,
#5094,#5095),.UNSPECIFIED.,.F.,.F.,(4,2,2,4),(0.380116857450355,0.385968290797217,
0.437799070072231,0.448628938863652),.UNSPECIFIED.);
#636=B_SPLINE_CURVE_WITH_KNOTS('',3,(#5104,#5105,#5106,#5107,#5108,#5109,
#5110,#5111,#5112),.UNSPECIFIED.,.F.,.F.,(4,2,3,4),(-0.0626606480664352,
-0.0518307792750142,0.,0.00585143334686126),.UNSPECIFIED.);
#637=B_SPLINE_CURVE_WITH_KNOTS('',3,(#5116,#5117,#5118,#5119,#5120,#5121,
#5122,#5123),.UNSPECIFIED.,.F.,.F.,(4,2,2,4),(0.380116857450355,0.385968290797217,
0.437799070072231,0.448628938863652),.UNSPECIFIED.);
#638=B_SPLINE_CURVE_WITH_KNOTS('',3,(#5132,#5133,#5134,#5135,#5136,#5137,
#5138,#5139,#5140),.UNSPECIFIED.,.F.,.F.,(4,2,3,4),(-0.0626606480664354,
-0.051830779275014,0.,0.00585143334686104),.UNSPECIFIED.);
#639=B_SPLINE_CURVE_WITH_KNOTS('',3,(#5144,#5145,#5146,#5147,#5148,#5149,
#5150,#5151),.UNSPECIFIED.,.F.,.F.,(4,2,2,4),(0.380116857450356,0.385968290797217,
0.437799070072231,0.448628938863652),.UNSPECIFIED.);
#640=B_SPLINE_CURVE_WITH_KNOTS('',3,(#5160,#5161,#5162,#5163,#5164,#5165,
#5166,#5167,#5168),.UNSPECIFIED.,.F.,.F.,(4,2,3,4),(-0.0626606480664358,
-0.0518307792750142,0.,0.0058514333468607),.UNSPECIFIED.);
#641=B_SPLINE_CURVE_WITH_KNOTS('',3,(#5172,#5173,#5174,#5175,#5176,#5177,
#5178,#5179),.UNSPECIFIED.,.F.,.F.,(4,2,2,4),(0.380116857450355,0.385968290797217,
0.437799070072231,0.448628938863652),.UNSPECIFIED.);
#642=B_SPLINE_CURVE_WITH_KNOTS('',3,(#5188,#5189,#5190,#5191,#5192,#5193,
#5194,#5195,#5196),.UNSPECIFIED.,.F.,.F.,(4,2,3,4),(-0.0626606480664356,
-0.0518307792750142,0.,0.00585143334686086),.UNSPECIFIED.);
#643=B_SPLINE_CURVE_WITH_KNOTS('',3,(#5200,#5201,#5202,#5203,#5204,#5205,
#5206,#5207),.UNSPECIFIED.,.F.,.F.,(4,2,2,4),(0.380116857450356,0.385968290797217,
0.437799070072231,0.448628938863652),.UNSPECIFIED.);
#644=B_SPLINE_CURVE_WITH_KNOTS('',3,(#5216,#5217,#5218,#5219,#5220,#5221,
#5222,#5223,#5224),.UNSPECIFIED.,.F.,.F.,(4,2,3,4),(-0.0626606480664356,
-0.0518307792750143,0.,0.00585143334686078),.UNSPECIFIED.);
#645=B_SPLINE_CURVE_WITH_KNOTS('',3,(#5228,#5229,#5230,#5231,#5232,#5233,
#5234,#5235),.UNSPECIFIED.,.F.,.F.,(4,2,2,4),(0.380116857450356,0.385968290797217,
0.437799070072231,0.448628938863652),.UNSPECIFIED.);
#646=B_SPLINE_CURVE_WITH_KNOTS('',3,(#5244,#5245,#5246,#5247,#5248,#5249,
#5250,#5251,#5252),.UNSPECIFIED.,.F.,.F.,(4,2,3,4),(-0.0626606480664353,
-0.051830779275014,0.,0.00585143334686104),.UNSPECIFIED.);
#647=B_SPLINE_CURVE_WITH_KNOTS('',3,(#5256,#5257,#5258,#5259,#5260,#5261,
#5262,#5263),.UNSPECIFIED.,.F.,.F.,(4,2,2,4),(0.380116857450356,0.385968290797217,
0.437799070072231,0.448628938863652),.UNSPECIFIED.);
#648=B_SPLINE_CURVE_WITH_KNOTS('',3,(#5272,#5273,#5274,#5275,#5276,#5277,
#5278,#5279,#5280),.UNSPECIFIED.,.F.,.F.,(4,2,3,4),(-0.0626606480664357,
-0.0518307792750142,0.,0.00585143334686076),.UNSPECIFIED.);
#649=B_SPLINE_CURVE_WITH_KNOTS('',3,(#5284,#5285,#5286,#5287,#5288,#5289,
#5290,#5291),.UNSPECIFIED.,.F.,.F.,(4,2,2,4),(0.380116857450356,0.385968290797217,
0.437799070072231,0.448628938863652),.UNSPECIFIED.);
#650=B_SPLINE_CURVE_WITH_KNOTS('',3,(#5300,#5301,#5302,#5303,#5304,#5305,
#5306,#5307,#5308),.UNSPECIFIED.,.F.,.F.,(4,2,3,4),(-0.0626606480664351,
-0.0518307792750141,0.,0.00585143334686118),.UNSPECIFIED.);
#651=B_SPLINE_CURVE_WITH_KNOTS('',3,(#5312,#5313,#5314,#5315,#5316,#5317,
#5318,#5319),.UNSPECIFIED.,.F.,.F.,(4,2,2,4),(0.380116857450355,0.385968290797216,
0.437799070072231,0.448628938863652),.UNSPECIFIED.);
#652=B_SPLINE_CURVE_WITH_KNOTS('',3,(#5328,#5329,#5330,#5331,#5332,#5333,
#5334,#5335,#5336),.UNSPECIFIED.,.F.,.F.,(4,2,3,4),(-0.0626606480664362,
-0.0518307792750143,0.,0.00585143334686054),.UNSPECIFIED.);
#653=B_SPLINE_CURVE_WITH_KNOTS('',3,(#5340,#5341,#5342,#5343,#5344,#5345,
#5346,#5347),.UNSPECIFIED.,.F.,.F.,(4,2,2,4),(0.380116857450356,0.385968290797216,
0.437799070072231,0.448628938863652),.UNSPECIFIED.);
#654=B_SPLINE_CURVE_WITH_KNOTS('',3,(#5356,#5357,#5358,#5359,#5360,#5361,
#5362,#5363,#5364),.UNSPECIFIED.,.F.,.F.,(4,2,3,4),(-0.0626606480664353,
-0.0518307792750142,0.,0.00585143334686082),.UNSPECIFIED.);
#655=B_SPLINE_CURVE_WITH_KNOTS('',3,(#5368,#5369,#5370,#5371,#5372,#5373,
#5374,#5375),.UNSPECIFIED.,.F.,.F.,(4,2,2,4),(0.380116857450356,0.385968290797217,
0.437799070072231,0.448628938863652),.UNSPECIFIED.);
#656=B_SPLINE_CURVE_WITH_KNOTS('',3,(#5384,#5385,#5386,#5387,#5388,#5389,
#5390,#5391,#5392),.UNSPECIFIED.,.F.,.F.,(4,2,3,4),(-0.0626606480664356,
-0.0518307792750141,0.,0.005851433346861),.UNSPECIFIED.);
#657=B_SPLINE_CURVE_WITH_KNOTS('',3,(#5396,#5397,#5398,#5399,#5400,#5401,
#5402,#5403),.UNSPECIFIED.,.F.,.F.,(4,2,2,4),(0.380116857450356,0.385968290797217,
0.437799070072231,0.448628938863652),.UNSPECIFIED.);
#658=B_SPLINE_CURVE_WITH_KNOTS('',3,(#5435,#5436,#5437,#5438,#5439,#5440,
#5441),.UNSPECIFIED.,.F.,.F.,(4,3,4),(1.85980025633581,1.99154847039952,
2.09959642246073),.UNSPECIFIED.);
#659=B_SPLINE_CURVE_WITH_KNOTS('',3,(#5478,#5479,#5480,#5481,#5482,#5483,
#5484,#5485,#5486),.UNSPECIFIED.,.F.,.F.,(4,2,3,4),(-0.0626606480664356,
-0.0518307792750141,0.,0.00585143334686086),.UNSPECIFIED.);
#660=B_SPLINE_CURVE_WITH_KNOTS('',3,(#5518,#5519,#5520,#5521,#5522,#5523,
#5524,#5525),.UNSPECIFIED.,.F.,.F.,(4,2,2,4),(0.380116857450356,0.385968290797216,
0.437799070072231,0.448628938863652),.UNSPECIFIED.);
#661=B_SPLINE_CURVE_WITH_KNOTS('',3,(#5693,#5694,#5695,#5696,#5697,#5698,
#5699,#5700,#5701,#5702,#5703,#5704,#5705,#5706,#5707,#5708,#5709,#5710,
#5711,#5712,#5713,#5714),.UNSPECIFIED.,.F.,.F.,(4,3,3,3,3,3,3,4),(-22.3253259379765,
-21.8262708549844,-21.3272157719923,-20.8281606890001,-20.329105606008,
-19.8300505230159,-19.3309954400237,-18.8495559215388),.UNSPECIFIED.);
#662=B_SPLINE_CURVE_WITH_KNOTS('',3,(#5716,#5717,#5718,#5719,#5720,#5721,
#5722,#5723,#5724,#5725),.UNSPECIFIED.,.F.,.F.,(4,1,1,1,1,1,1,4),(6.3555632822284,
6.85461836522053,7.35367344821265,7.85272853120478,8.35178361419691,8.85083869718904,
9.34989378018117,9.42477796076938),.UNSPECIFIED.);
#663=B_SPLINE_CURVE_WITH_KNOTS('',3,(#5726,#5727,#5728,#5729,#5730,#5731,
#5732,#5733,#5734,#5735,#5736,#5737,#5738,#5739,#5740,#5741,#5742,#5743,
#5744,#5745,#5746,#5747,#5748,#5749,#5750,#5751,#5752,#5753,#5754,#5755,
#5756,#5757,#5758,#5759,#5760,#5761,#5762,#5763,#5764,#5765,#5766,#5767,
#5768,#5769,#5770,#5771,#5772,#5773,#5774,#5775,#5776,#5777,#5778,#5779,
#5780,#5781,#5782,#5783,#5784,#5785,#5786,#5787,#5788,#5789,#5790,#5791,
#5792,#5793,#5794,#5795,#5796,#5797,#5798,#5799,#5800,#5801),
 .UNSPECIFIED.,.F.,.F.,(4,3,3,3,3,3,3,3,3,3,3,3,3,3,3,3,3,3,3,3,3,3,3,3,
3,4),(0.240485191134839,0.354707261030865,0.382118466829473,0.406576060341353,
0.536893795454171,0.66577957881295,0.697373470718945,0.74840640284204,0.781863372484241,
0.910528251746856,1.0434414731061,1.11143429504399,1.13583496891709,1.1613037907832,
1.17635469446534,1.30347274635273,1.43020586700828,1.49403220761563,1.52142133030893,
1.64536530412346,1.75998375495294,1.7937148037447,1.82554934938363,1.9498681154907,
2.07222049343802,2.10383910744141),.UNSPECIFIED.);
#664=B_SPLINE_CURVE_WITH_KNOTS('',3,(#5804,#5805,#5806,#5807,#5808,#5809,
#5810,#5811,#5812,#5813,#5814,#5815,#5816),.UNSPECIFIED.,.F.,.F.,(4,1,1,
1,1,1,1,1,1,1,4),(4.7847669554335,5.25932954396223,5.74692944093407,6.23452933790591,
6.72212923487774,7.20972913184958,7.69732902882142,8.18492892579325,8.67252882276509,
9.16012871973693,9.42477796076938),.UNSPECIFIED.);
#665=B_SPLINE_CURVE_WITH_KNOTS('',3,(#5819,#5820,#5821,#5822,#5823,#5824,
#5825,#5826,#5827,#5828,#5829),.UNSPECIFIED.,.F.,.F.,(4,1,1,1,1,1,1,1,4),
(18.496893034818,18.9121266591737,19.3997265561455,19.8873264531173,20.3749263500892,
20.862526247061,21.3501261440328,21.8377260410047,22.3253259379765),
 .UNSPECIFIED.);
#666=B_SPLINE_CURVE_WITH_KNOTS('',3,(#6002,#6003,#6004,#6005,#6006,#6007,
#6008,#6009,#6010,#6011,#6012,#6013,#6014,#6015,#6016,#6017,#6018),
 .UNSPECIFIED.,.F.,.F.,(4,1,1,1,1,1,1,1,1,1,1,1,1,1,4),(12.5663706143592,
12.5733279985398,13.0609278955116,13.5485277924835,14.0361276894553,14.5237275864271,
15.011327483399,15.4989273803708,15.9865272773426,16.4741271743145,16.9617270712863,
17.4493269682581,17.93692686523,18.4245267622018,18.7387328372913),
 .UNSPECIFIED.);
#667=B_SPLINE_CURVE_WITH_KNOTS('',3,(#6019,#6020,#6021,#6022,#6023,#6024,
#6025,#6026,#6027,#6028,#6029,#6030,#6031,#6032,#6033,#6034,#6035,#6036,
#6037,#6038,#6039,#6040,#6041,#6042,#6043,#6044,#6045,#6046,#6047,#6048,
#6049,#6050,#6051,#6052,#6053,#6054,#6055,#6056,#6057,#6058,#6059,#6060,
#6061,#6062,#6063,#6064,#6065,#6066,#6067,#6068,#6069,#6070,#6071,#6072,
#6073,#6074,#6075,#6076,#6077,#6078,#6079,#6080,#6081,#6082,#6083,#6084,
#6085,#6086,#6087,#6088,#6089,#6090,#6091,#6092,#6093,#6094,#6095,#6096,
#6097),.UNSPECIFIED.,.F.,.F.,(4,3,3,3,3,3,3,3,3,3,3,3,3,3,3,3,3,3,3,3,3,
3,3,3,3,3,4),(0.,0.011802657080885,0.134734656049036,0.258991610502278,
0.320041308323458,0.353378417385187,0.379836919549556,0.459380092686152,
0.584923203347458,0.66788912087465,0.706354586374391,0.735416050304207,
0.862798908088048,0.916786873456224,1.03353887682481,1.07753830435175,1.10258625450277,
1.23082335199139,1.35958894821843,1.38379488693056,1.45583886472384,1.480592246185,
1.61039392208211,1.73509708920896,1.77223577925112,1.7974043850774,1.85980025633581),
 .UNSPECIFIED.);
#668=LINE('',#3581,#813);
#669=LINE('',#3640,#814);
#670=LINE('',#3642,#815);
#671=LINE('',#3644,#816);
#672=LINE('',#3665,#817);
#673=LINE('',#3685,#818);
#674=LINE('',#3722,#819);
#675=LINE('',#3735,#820);
#676=LINE('',#3749,#821);
#677=LINE('',#3753,#822);
#678=LINE('',#3757,#823);
#679=LINE('',#3762,#824);
#680=LINE('',#3765,#825);
#681=LINE('',#3769,#826);
#682=LINE('',#3773,#827);
#683=LINE('',#3777,#828);
#684=LINE('',#3783,#829);
#685=LINE('',#3785,#830);
#686=LINE('',#3787,#831);
#687=LINE('',#3788,#832);
#688=LINE('',#3790,#833);
#689=LINE('',#3793,#834);
#690=LINE('',#3795,#835);
#691=LINE('',#3798,#836);
#692=LINE('',#3800,#837);
#693=LINE('',#3802,#838);
#694=LINE('',#3805,#839);
#695=LINE('',#3806,#840);
#696=LINE('',#3809,#841);
#697=LINE('',#3814,#842);
#698=LINE('',#3819,#843);
#699=LINE('',#3826,#844);
#700=LINE('',#4014,#845);
#701=LINE('',#4207,#846);
#702=LINE('',#4468,#847);
#703=LINE('',#4472,#848);
#704=LINE('',#4479,#849);
#705=LINE('',#4481,#850);
#706=LINE('',#4483,#851);
#707=LINE('',#4484,#852);
#708=LINE('',#4528,#853);
#709=LINE('',#4538,#854);
#710=LINE('',#4582,#855);
#711=LINE('',#4584,#856);
#712=LINE('',#4588,#857);
#713=LINE('',#4590,#858);
#714=LINE('',#4592,#859);
#715=LINE('',#4593,#860);
#716=LINE('',#4637,#861);
#717=LINE('',#4647,#862);
#718=LINE('',#4691,#863);
#719=LINE('',#4693,#864);
#720=LINE('',#4697,#865);
#721=LINE('',#4698,#866);
#722=LINE('',#4700,#867);
#723=LINE('',#4707,#868);
#724=LINE('',#4714,#869);
#725=LINE('',#4719,#870);
#726=LINE('',#4723,#871);
#727=LINE('',#4725,#872);
#728=LINE('',#4726,#873);
#729=LINE('',#4729,#874);
#730=LINE('',#4731,#875);
#731=LINE('',#4732,#876);
#732=LINE('',#4735,#877);
#733=LINE('',#4737,#878);
#734=LINE('',#4739,#879);
#735=LINE('',#4741,#880);
#736=LINE('',#4742,#881);
#737=LINE('',#4745,#882);
#738=LINE('',#4749,#883);
#739=LINE('',#4755,#884);
#740=LINE('',#4758,#885);
#741=LINE('',#4763,#886);
#742=LINE('',#4764,#887);
#743=LINE('',#4767,#888);
#744=LINE('',#4768,#889);
#745=LINE('',#4771,#890);
#746=LINE('',#4776,#891);
#747=LINE('',#4779,#892);
#748=LINE('',#4781,#893);
#749=LINE('',#4783,#894);
#750=LINE('',#4790,#895);
#751=LINE('',#4839,#896);
#752=LINE('',#4902,#897);
#753=LINE('',#4909,#898);
#754=LINE('',#4917,#899);
#755=LINE('',#4955,#900);
#756=LINE('',#5013,#901);
#757=LINE('',#5016,#902);
#758=LINE('',#5041,#903);
#759=LINE('',#5044,#904);
#760=LINE('',#5069,#905);
#761=LINE('',#5072,#906);
#762=LINE('',#5097,#907);
#763=LINE('',#5100,#908);
#764=LINE('',#5125,#909);
#765=LINE('',#5128,#910);
#766=LINE('',#5153,#911);
#767=LINE('',#5156,#912);
#768=LINE('',#5181,#913);
#769=LINE('',#5184,#914);
#770=LINE('',#5209,#915);
#771=LINE('',#5212,#916);
#772=LINE('',#5237,#917);
#773=LINE('',#5240,#918);
#774=LINE('',#5265,#919);
#775=LINE('',#5268,#920);
#776=LINE('',#5293,#921);
#777=LINE('',#5296,#922);
#778=LINE('',#5321,#923);
#779=LINE('',#5324,#924);
#780=LINE('',#5349,#925);
#781=LINE('',#5352,#926);
#782=LINE('',#5377,#927);
#783=LINE('',#5380,#928);
#784=LINE('',#5405,#929);
#785=LINE('',#5408,#930);
#786=LINE('',#5431,#931);
#787=LINE('',#5446,#932);
#788=LINE('',#5526,#933);
#789=LINE('',#5539,#934);
#790=LINE('',#5545,#935);
#791=LINE('',#5548,#936);
#792=LINE('',#5549,#937);
#793=LINE('',#5551,#938);
#794=LINE('',#5552,#939);
#795=LINE('',#6106,#940);
#796=LINE('',#6111,#941);
#797=LINE('',#6117,#942);
#798=LINE('',#6126,#943);
#799=LINE('',#6129,#944);
#800=LINE('',#6136,#945);
#801=LINE('',#6138,#946);
#802=LINE('',#6140,#947);
#803=LINE('',#6141,#948);
#804=LINE('',#6144,#949);
#805=LINE('',#6146,#950);
#806=LINE('',#6147,#951);
#807=LINE('',#6150,#952);
#808=LINE('',#6152,#953);
#809=LINE('',#6153,#954);
#810=LINE('',#6155,#955);
#811=LINE('',#6156,#956);
#812=LINE('',#6164,#957);
#813=VECTOR('',#2867,0.9338125);
#814=VECTOR('',#2872,0.9338125);
#815=VECTOR('',#2873,1.);
#816=VECTOR('',#2874,0.9338125);
#817=VECTOR('',#2879,1.015);
#818=VECTOR('',#2884,1.015);
#819=VECTOR('',#2887,1.015);
#820=VECTOR('',#2888,1.);
#821=VECTOR('',#2891,1.);
#822=VECTOR('',#2894,1.);
#823=VECTOR('',#2897,0.0499999999999998);
#824=VECTOR('',#2904,1.);
#825=VECTOR('',#2907,1.);
#826=VECTOR('',#2910,1.);
#827=VECTOR('',#2913,1.);
#828=VECTOR('',#2916,0.0499999999999998);
#829=VECTOR('',#2923,1.);
#830=VECTOR('',#2924,1.);
#831=VECTOR('',#2925,1.);
#832=VECTOR('',#2926,1.);
#833=VECTOR('',#2927,1.);
#834=VECTOR('',#2930,1.);
#835=VECTOR('',#2931,1.);
#836=VECTOR('',#2934,1.);
#837=VECTOR('',#2937,1.);
#838=VECTOR('',#2940,1.);
#839=VECTOR('',#2943,1.);
#840=VECTOR('',#2944,1.);
#841=VECTOR('',#2947,1.);
#842=VECTOR('',#2954,1.);
#843=VECTOR('',#2959,0.2145);
#844=VECTOR('',#2968,0.8);
#845=VECTOR('',#2973,1.);
#846=VECTOR('',#2976,1.);
#847=VECTOR('',#2989,0.745);
#848=VECTOR('',#2996,0.715);
#849=VECTOR('',#3003,1.);
#850=VECTOR('',#3004,1.);
#851=VECTOR('',#3005,1.);
#852=VECTOR('',#3006,1.);
#853=VECTOR('',#3007,1.);
#854=VECTOR('',#3010,1.);
#855=VECTOR('',#3011,1.);
#856=VECTOR('',#3014,1.);
#857=VECTOR('',#3017,1.);
#858=VECTOR('',#3018,1.);
#859=VECTOR('',#3019,1.);
#860=VECTOR('',#3020,1.);
#861=VECTOR('',#3021,1.);
#862=VECTOR('',#3024,1.);
#863=VECTOR('',#3025,1.);
#864=VECTOR('',#3028,1.);
#865=VECTOR('',#3033,0.3365);
#866=VECTOR('',#3034,0.3365);
#867=VECTOR('',#3035,0.3365);
#868=VECTOR('',#3044,0.5);
#869=VECTOR('',#3053,0.95);
#870=VECTOR('',#3060,1.2);
#871=VECTOR('',#3065,1.);
#872=VECTOR('',#3066,1.);
#873=VECTOR('',#3067,1.);
#874=VECTOR('',#3070,1.);
#875=VECTOR('',#3071,1.);
#876=VECTOR('',#3072,1.);
#877=VECTOR('',#3075,1.);
#878=VECTOR('',#3076,1.);
#879=VECTOR('',#3077,1.);
#880=VECTOR('',#3078,1.);
#881=VECTOR('',#3079,1.);
#882=VECTOR('',#3082,1.);
#883=VECTOR('',#3085,1.);
#884=VECTOR('',#3092,1.);
#885=VECTOR('',#3095,1.);
#886=VECTOR('',#3100,1.);
#887=VECTOR('',#3101,1.);
#888=VECTOR('',#3104,1.);
#889=VECTOR('',#3105,1.);
#890=VECTOR('',#3108,1.);
#891=VECTOR('',#3113,1.);
#892=VECTOR('',#3118,1.);
#893=VECTOR('',#3121,1.);
#894=VECTOR('',#3124,1.);
#895=VECTOR('',#3133,0.985);
#896=VECTOR('',#3138,0.985);
#897=VECTOR('',#3141,0.9038125);
#898=VECTOR('',#3142,1.);
#899=VECTOR('',#3145,0.9038125);
#900=VECTOR('',#3148,0.9038125);
#901=VECTOR('',#3153,1.);
#902=VECTOR('',#3156,1.);
#903=VECTOR('',#3161,1.);
#904=VECTOR('',#3164,1.);
#905=VECTOR('',#3169,1.);
#906=VECTOR('',#3172,1.);
#907=VECTOR('',#3177,1.);
#908=VECTOR('',#3180,1.);
#909=VECTOR('',#3185,1.);
#910=VECTOR('',#3188,1.);
#911=VECTOR('',#3193,1.);
#912=VECTOR('',#3196,1.);
#913=VECTOR('',#3201,1.);
#914=VECTOR('',#3204,1.);
#915=VECTOR('',#3209,1.);
#916=VECTOR('',#3212,1.);
#917=VECTOR('',#3217,1.);
#918=VECTOR('',#3220,1.);
#919=VECTOR('',#3225,1.);
#920=VECTOR('',#3228,1.);
#921=VECTOR('',#3233,1.);
#922=VECTOR('',#3236,1.);
#923=VECTOR('',#3241,1.);
#924=VECTOR('',#3244,1.);
#925=VECTOR('',#3249,1.);
#926=VECTOR('',#3252,1.);
#927=VECTOR('',#3257,1.);
#928=VECTOR('',#3260,1.);
#929=VECTOR('',#3265,1.);
#930=VECTOR('',#3268,1.);
#931=VECTOR('',#3305,1.);
#932=VECTOR('',#3314,1.);
#933=VECTOR('',#3433,1.);
#934=VECTOR('',#3452,0.61);
#935=VECTOR('',#3461,0.5);
#936=VECTOR('',#3464,1.);
#937=VECTOR('',#3465,1.);
#938=VECTOR('',#3466,1.);
#939=VECTOR('',#3467,1.);
#940=VECTOR('',#3484,0.685);
#941=VECTOR('',#3491,0.7);
#942=VECTOR('',#3498,0.6);
#943=VECTOR('',#3511,0.7);
#944=VECTOR('',#3514,0.8938125);
#945=VECTOR('',#3523,1.);
#946=VECTOR('',#3524,1.);
#947=VECTOR('',#3525,1.);
#948=VECTOR('',#3526,1.);
#949=VECTOR('',#3529,1.);
#950=VECTOR('',#3530,1.);
#951=VECTOR('',#3531,1.);
#952=VECTOR('',#3534,1.);
#953=VECTOR('',#3535,1.);
#954=VECTOR('',#3536,1.);
#955=VECTOR('',#3539,1.);
#956=VECTOR('',#3540,1.);
#957=VECTOR('',#3551,0.6);
#958=VERTEX_POINT('',#3579);
#959=VERTEX_POINT('',#3580);
#960=VERTEX_POINT('',#3582);
#961=VERTEX_POINT('',#3595);
#962=VERTEX_POINT('',#3638);
#963=VERTEX_POINT('',#3639);
#964=VERTEX_POINT('',#3641);
#965=VERTEX_POINT('',#3643);
#966=VERTEX_POINT('',#3663);
#967=VERTEX_POINT('',#3664);
#968=VERTEX_POINT('',#3666);
#969=VERTEX_POINT('',#3673);
#970=VERTEX_POINT('',#3683);
#971=VERTEX_POINT('',#3684);
#972=VERTEX_POINT('',#3720);
#973=VERTEX_POINT('',#3721);
#974=VERTEX_POINT('',#3723);
#975=VERTEX_POINT('',#3734);
#976=VERTEX_POINT('',#3747);
#977=VERTEX_POINT('',#3748);
#978=VERTEX_POINT('',#3750);
#979=VERTEX_POINT('',#3752);
#980=VERTEX_POINT('',#3754);
#981=VERTEX_POINT('',#3756);
#982=VERTEX_POINT('',#3761);
#983=VERTEX_POINT('',#3763);
#984=VERTEX_POINT('',#3767);
#985=VERTEX_POINT('',#3768);
#986=VERTEX_POINT('',#3770);
#987=VERTEX_POINT('',#3772);
#988=VERTEX_POINT('',#3774);
#989=VERTEX_POINT('',#3776);
#990=VERTEX_POINT('',#3781);
#991=VERTEX_POINT('',#3782);
#992=VERTEX_POINT('',#3784);
#993=VERTEX_POINT('',#3786);
#994=VERTEX_POINT('',#3789);
#995=VERTEX_POINT('',#3791);
#996=VERTEX_POINT('',#3794);
#997=VERTEX_POINT('',#3796);
#998=VERTEX_POINT('',#3804);
#999=VERTEX_POINT('',#3808);
#1000=VERTEX_POINT('',#3810);
#1001=VERTEX_POINT('',#3816);
#1002=VERTEX_POINT('',#3818);
#1003=VERTEX_POINT('',#3823);
#1004=VERTEX_POINT('',#3825);
#1005=VERTEX_POINT('',#3977);
#1006=VERTEX_POINT('',#4381);
#1007=VERTEX_POINT('',#4465);
#1008=VERTEX_POINT('',#4467);
#1009=VERTEX_POINT('',#4474);
#1010=VERTEX_POINT('',#4477);
#1011=VERTEX_POINT('',#4478);
#1012=VERTEX_POINT('',#4480);
#1013=VERTEX_POINT('',#4482);
#1014=VERTEX_POINT('',#4513);
#1015=VERTEX_POINT('',#4527);
#1016=VERTEX_POINT('',#4537);
#1017=VERTEX_POINT('',#4574);
#1018=VERTEX_POINT('',#4586);
#1019=VERTEX_POINT('',#4587);
#1020=VERTEX_POINT('',#4589);
#1021=VERTEX_POINT('',#4591);
#1022=VERTEX_POINT('',#4622);
#1023=VERTEX_POINT('',#4636);
#1024=VERTEX_POINT('',#4646);
#1025=VERTEX_POINT('',#4683);
#1026=VERTEX_POINT('',#4695);
#1027=VERTEX_POINT('',#4699);
#1028=VERTEX_POINT('',#4704);
#1029=VERTEX_POINT('',#4706);
#1030=VERTEX_POINT('',#4711);
#1031=VERTEX_POINT('',#4713);
#1032=VERTEX_POINT('',#4718);
#1033=VERTEX_POINT('',#4722);
#1034=VERTEX_POINT('',#4724);
#1035=VERTEX_POINT('',#4728);
#1036=VERTEX_POINT('',#4730);
#1037=VERTEX_POINT('',#4734);
#1038=VERTEX_POINT('',#4736);
#1039=VERTEX_POINT('',#4738);
#1040=VERTEX_POINT('',#4740);
#1041=VERTEX_POINT('',#4744);
#1042=VERTEX_POINT('',#4746);
#1043=VERTEX_POINT('',#4748);
#1044=VERTEX_POINT('',#4752);
#1045=VERTEX_POINT('',#4754);
#1046=VERTEX_POINT('',#4756);
#1047=VERTEX_POINT('',#4760);
#1048=VERTEX_POINT('',#4761);
#1049=VERTEX_POINT('',#4766);
#1050=VERTEX_POINT('',#4770);
#1051=VERTEX_POINT('',#4773);
#1052=VERTEX_POINT('',#4775);
#1053=VERTEX_POINT('',#4788);
#1054=VERTEX_POINT('',#4789);
#1055=VERTEX_POINT('',#4791);
#1056=VERTEX_POINT('',#4823);
#1057=VERTEX_POINT('',#4837);
#1058=VERTEX_POINT('',#4838);
#1059=VERTEX_POINT('',#4900);
#1060=VERTEX_POINT('',#4901);
#1061=VERTEX_POINT('',#4903);
#1062=VERTEX_POINT('',#4908);
#1063=VERTEX_POINT('',#4915);
#1064=VERTEX_POINT('',#4916);
#1065=VERTEX_POINT('',#4953);
#1066=VERTEX_POINT('',#4954);
#1067=VERTEX_POINT('',#4990);
#1068=VERTEX_POINT('',#4991);
#1069=VERTEX_POINT('',#5001);
#1070=VERTEX_POINT('',#5003);
#1071=VERTEX_POINT('',#5012);
#1072=VERTEX_POINT('',#5014);
#1073=VERTEX_POINT('',#5018);
#1074=VERTEX_POINT('',#5019);
#1075=VERTEX_POINT('',#5029);
#1076=VERTEX_POINT('',#5031);
#1077=VERTEX_POINT('',#5040);
#1078=VERTEX_POINT('',#5042);
#1079=VERTEX_POINT('',#5046);
#1080=VERTEX_POINT('',#5047);
#1081=VERTEX_POINT('',#5057);
#1082=VERTEX_POINT('',#5059);
#1083=VERTEX_POINT('',#5068);
#1084=VERTEX_POINT('',#5070);
#1085=VERTEX_POINT('',#5074);
#1086=VERTEX_POINT('',#5075);
#1087=VERTEX_POINT('',#5085);
#1088=VERTEX_POINT('',#5087);
#1089=VERTEX_POINT('',#5096);
#1090=VERTEX_POINT('',#5098);
#1091=VERTEX_POINT('',#5102);
#1092=VERTEX_POINT('',#5103);
#1093=VERTEX_POINT('',#5113);
#1094=VERTEX_POINT('',#5115);
#1095=VERTEX_POINT('',#5124);
#1096=VERTEX_POINT('',#5126);
#1097=VERTEX_POINT('',#5130);
#1098=VERTEX_POINT('',#5131);
#1099=VERTEX_POINT('',#5141);
#1100=VERTEX_POINT('',#5143);
#1101=VERTEX_POINT('',#5152);
#1102=VERTEX_POINT('',#5154);
#1103=VERTEX_POINT('',#5158);
#1104=VERTEX_POINT('',#5159);
#1105=VERTEX_POINT('',#5169);
#1106=VERTEX_POINT('',#5171);
#1107=VERTEX_POINT('',#5180);
#1108=VERTEX_POINT('',#5182);
#1109=VERTEX_POINT('',#5186);
#1110=VERTEX_POINT('',#5187);
#1111=VERTEX_POINT('',#5197);
#1112=VERTEX_POINT('',#5199);
#1113=VERTEX_POINT('',#5208);
#1114=VERTEX_POINT('',#5210);
#1115=VERTEX_POINT('',#5214);
#1116=VERTEX_POINT('',#5215);
#1117=VERTEX_POINT('',#5225);
#1118=VERTEX_POINT('',#5227);
#1119=VERTEX_POINT('',#5236);
#1120=VERTEX_POINT('',#5238);
#1121=VERTEX_POINT('',#5242);
#1122=VERTEX_POINT('',#5243);
#1123=VERTEX_POINT('',#5253);
#1124=VERTEX_POINT('',#5255);
#1125=VERTEX_POINT('',#5264);
#1126=VERTEX_POINT('',#5266);
#1127=VERTEX_POINT('',#5270);
#1128=VERTEX_POINT('',#5271);
#1129=VERTEX_POINT('',#5281);
#1130=VERTEX_POINT('',#5283);
#1131=VERTEX_POINT('',#5292);
#1132=VERTEX_POINT('',#5294);
#1133=VERTEX_POINT('',#5298);
#1134=VERTEX_POINT('',#5299);
#1135=VERTEX_POINT('',#5309);
#1136=VERTEX_POINT('',#5311);
#1137=VERTEX_POINT('',#5320);
#1138=VERTEX_POINT('',#5322);
#1139=VERTEX_POINT('',#5326);
#1140=VERTEX_POINT('',#5327);
#1141=VERTEX_POINT('',#5337);
#1142=VERTEX_POINT('',#5339);
#1143=VERTEX_POINT('',#5348);
#1144=VERTEX_POINT('',#5350);
#1145=VERTEX_POINT('',#5354);
#1146=VERTEX_POINT('',#5355);
#1147=VERTEX_POINT('',#5365);
#1148=VERTEX_POINT('',#5367);
#1149=VERTEX_POINT('',#5376);
#1150=VERTEX_POINT('',#5378);
#1151=VERTEX_POINT('',#5382);
#1152=VERTEX_POINT('',#5383);
#1153=VERTEX_POINT('',#5393);
#1154=VERTEX_POINT('',#5395);
#1155=VERTEX_POINT('',#5404);
#1156=VERTEX_POINT('',#5406);
#1157=VERTEX_POINT('',#5424);
#1158=VERTEX_POINT('',#5426);
#1159=VERTEX_POINT('',#5429);
#1160=VERTEX_POINT('',#5430);
#1161=VERTEX_POINT('',#5432);
#1162=VERTEX_POINT('',#5434);
#1163=VERTEX_POINT('',#5444);
#1164=VERTEX_POINT('',#5476);
#1165=VERTEX_POINT('',#5516);
#1166=VERTEX_POINT('',#5517);
#1167=VERTEX_POINT('',#5532);
#1168=VERTEX_POINT('',#5536);
#1169=VERTEX_POINT('',#5538);
#1170=VERTEX_POINT('',#5542);
#1171=VERTEX_POINT('',#5547);
#1172=VERTEX_POINT('',#5550);
#1173=VERTEX_POINT('',#5715);
#1174=VERTEX_POINT('',#5803);
#1175=VERTEX_POINT('',#6099);
#1176=VERTEX_POINT('',#6103);
#1177=VERTEX_POINT('',#6105);
#1178=VERTEX_POINT('',#6109);
#1179=VERTEX_POINT('',#6114);
#1180=VERTEX_POINT('',#6116);
#1181=VERTEX_POINT('',#6121);
#1182=VERTEX_POINT('',#6124);
#1183=VERTEX_POINT('',#6128);
#1184=VERTEX_POINT('',#6134);
#1185=VERTEX_POINT('',#6135);
#1186=VERTEX_POINT('',#6137);
#1187=VERTEX_POINT('',#6139);
#1188=VERTEX_POINT('',#6143);
#1189=VERTEX_POINT('',#6145);
#1190=VERTEX_POINT('',#6149);
#1191=VERTEX_POINT('',#6151);
#1192=VERTEX_POINT('',#6161);
#1193=VERTEX_POINT('',#6163);
#1194=VERTEX_POINT('',#6170);
#1195=EDGE_CURVE('',#958,#959,#668,.T.);
#1196=EDGE_CURVE('',#959,#960,#593,.T.);
#1197=EDGE_CURVE('',#961,#960,#453,.T.);
#1198=EDGE_CURVE('',#961,#958,#594,.T.);
#1199=EDGE_CURVE('',#962,#963,#669,.T.);
#1200=EDGE_CURVE('',#962,#964,#670,.T.);
#1201=EDGE_CURVE('',#965,#964,#671,.T.);
#1202=EDGE_CURVE('',#965,#965,#454,.T.);
#1203=EDGE_CURVE('',#964,#963,#595,.T.);
#1204=EDGE_CURVE('',#966,#967,#672,.T.);
#1205=EDGE_CURVE('',#967,#968,#596,.T.);
#1206=EDGE_CURVE('',#969,#968,#455,.T.);
#1207=EDGE_CURVE('',#966,#969,#597,.T.);
#1208=EDGE_CURVE('',#970,#971,#673,.T.);
#1209=EDGE_CURVE('',#971,#967,#598,.T.);
#1210=EDGE_CURVE('',#970,#966,#599,.T.);
#1211=EDGE_CURVE('',#972,#973,#674,.T.);
#1212=EDGE_CURVE('',#974,#972,#600,.T.);
#1213=EDGE_CURVE('',#974,#975,#675,.T.);
#1214=EDGE_CURVE('',#975,#973,#601,.T.);
#1215=EDGE_CURVE('',#976,#977,#676,.T.);
#1216=EDGE_CURVE('',#978,#976,#456,.T.);
#1217=EDGE_CURVE('',#978,#979,#677,.T.);
#1218=EDGE_CURVE('',#980,#979,#457,.T.);
#1219=EDGE_CURVE('',#980,#981,#678,.T.);
#1220=EDGE_CURVE('',#981,#981,#458,.T.);
#1221=EDGE_CURVE('',#977,#980,#459,.T.);
#1222=EDGE_CURVE('',#982,#979,#679,.T.);
#1223=EDGE_CURVE('',#983,#982,#460,.T.);
#1224=EDGE_CURVE('',#977,#983,#680,.T.);
#1225=EDGE_CURVE('',#984,#985,#681,.T.);
#1226=EDGE_CURVE('',#986,#985,#461,.T.);
#1227=EDGE_CURVE('',#987,#986,#682,.T.);
#1228=EDGE_CURVE('',#988,#987,#462,.T.);
#1229=EDGE_CURVE('',#988,#989,#683,.T.);
#1230=EDGE_CURVE('',#989,#989,#463,.T.);
#1231=EDGE_CURVE('',#984,#988,#464,.T.);
#1232=EDGE_CURVE('',#990,#991,#684,.T.);
#1233=EDGE_CURVE('',#992,#990,#685,.T.);
#1234=EDGE_CURVE('',#993,#992,#686,.T.);
#1235=EDGE_CURVE('',#991,#993,#687,.T.);
#1236=EDGE_CURVE('',#976,#994,#688,.T.);
#1237=EDGE_CURVE('',#994,#995,#465,.T.);
#1238=EDGE_CURVE('',#995,#984,#689,.T.);
#1239=EDGE_CURVE('',#987,#996,#690,.T.);
#1240=EDGE_CURVE('',#996,#997,#466,.T.);
#1241=EDGE_CURVE('',#997,#978,#691,.T.);
#1242=EDGE_CURVE('',#982,#997,#692,.T.);
#1243=EDGE_CURVE('',#994,#983,#693,.T.);
#1244=EDGE_CURVE('',#996,#998,#694,.T.);
#1245=EDGE_CURVE('',#986,#998,#695,.T.);
#1246=EDGE_CURVE('',#999,#985,#696,.T.);
#1247=EDGE_CURVE('',#1000,#999,#467,.T.);
#1248=EDGE_CURVE('',#998,#1000,#468,.T.);
#1249=EDGE_CURVE('',#999,#995,#697,.T.);
#1250=EDGE_CURVE('',#1001,#1001,#469,.T.);
#1251=EDGE_CURVE('',#1001,#1002,#698,.T.);
#1252=EDGE_CURVE('',#1002,#1002,#470,.T.);
#1253=EDGE_CURVE('',#1003,#1003,#471,.T.);
#1254=EDGE_CURVE('',#1003,#1004,#699,.T.);
#1255=EDGE_CURVE('',#1004,#1004,#472,.T.);
#1256=EDGE_CURVE('',#968,#1005,#602,.T.);
#1257=EDGE_CURVE('',#973,#971,#603,.T.);
#1258=EDGE_CURVE('',#975,#962,#700,.T.);
#1259=EDGE_CURVE('',#958,#962,#604,.T.);
#1260=EDGE_CURVE('',#1005,#961,#605,.T.);
#1261=EDGE_CURVE('',#964,#974,#701,.T.);
#1262=EDGE_CURVE('',#972,#970,#606,.T.);
#1263=EDGE_CURVE('',#1006,#969,#607,.T.);
#1264=EDGE_CURVE('',#960,#1006,#608,.T.);
#1265=EDGE_CURVE('',#963,#959,#609,.T.);
#1266=EDGE_CURVE('',#1006,#1005,#473,.T.);
#1267=EDGE_CURVE('',#1007,#1007,#474,.T.);
#1268=EDGE_CURVE('',#1007,#1008,#702,.T.);
#1269=EDGE_CURVE('',#1008,#1008,#475,.T.);
#1270=EDGE_CURVE('',#1000,#1007,#703,.T.);
#1271=EDGE_CURVE('',#1009,#1009,#476,.T.);
#1272=EDGE_CURVE('',#1010,#1011,#704,.T.);
#1273=EDGE_CURVE('',#1010,#1012,#705,.T.);
#1274=EDGE_CURVE('',#1012,#1013,#706,.T.);
#1275=EDGE_CURVE('',#1013,#1011,#707,.T.);
#1276=EDGE_CURVE('',#1014,#1010,#610,.T.);
#1277=EDGE_CURVE('',#1015,#1014,#708,.T.);
#1278=EDGE_CURVE('',#1012,#1015,#611,.T.);
#1279=EDGE_CURVE('',#1016,#1015,#709,.T.);
#1280=EDGE_CURVE('',#1013,#1016,#612,.T.);
#1281=EDGE_CURVE('',#1011,#1017,#613,.T.);
#1282=EDGE_CURVE('',#1017,#1016,#710,.T.);
#1283=EDGE_CURVE('',#1017,#1014,#711,.T.);
#1284=EDGE_CURVE('',#1018,#1019,#712,.T.);
#1285=EDGE_CURVE('',#1018,#1020,#713,.T.);
#1286=EDGE_CURVE('',#1020,#1021,#714,.T.);
#1287=EDGE_CURVE('',#1021,#1019,#715,.T.);
#1288=EDGE_CURVE('',#1022,#1018,#614,.T.);
#1289=EDGE_CURVE('',#1023,#1022,#716,.T.);
#1290=EDGE_CURVE('',#1020,#1023,#615,.T.);
#1291=EDGE_CURVE('',#1024,#1023,#717,.T.);
#1292=EDGE_CURVE('',#1021,#1024,#616,.T.);
#1293=EDGE_CURVE('',#1019,#1025,#617,.T.);
#1294=EDGE_CURVE('',#1025,#1024,#718,.T.);
#1295=EDGE_CURVE('',#1025,#1022,#719,.T.);
#1296=EDGE_CURVE('',#1026,#1026,#477,.T.);
#1297=EDGE_CURVE('',#1026,#1017,#720,.T.);
#1298=EDGE_CURVE('',#1014,#1019,#721,.T.);
#1299=EDGE_CURVE('',#1018,#1027,#722,.T.);
#1300=EDGE_CURVE('',#1027,#1027,#478,.T.);
#1301=EDGE_CURVE('',#1028,#1028,#479,.T.);
#1302=EDGE_CURVE('',#1028,#1029,#723,.T.);
#1303=EDGE_CURVE('',#1029,#1029,#480,.T.);
#1304=EDGE_CURVE('',#1030,#1030,#481,.T.);
#1305=EDGE_CURVE('',#1030,#1031,#724,.T.);
#1306=EDGE_CURVE('',#1031,#1031,#482,.T.);
#1307=EDGE_CURVE('',#1009,#1032,#725,.T.);
#1308=EDGE_CURVE('',#1032,#1032,#483,.T.);
#1309=EDGE_CURVE('',#991,#1033,#726,.T.);
#1310=EDGE_CURVE('',#1034,#993,#727,.T.);
#1311=EDGE_CURVE('',#1033,#1034,#728,.T.);
#1312=EDGE_CURVE('',#1035,#990,#729,.T.);
#1313=EDGE_CURVE('',#1036,#1035,#730,.T.);
#1314=EDGE_CURVE('',#992,#1036,#731,.T.);
#1315=EDGE_CURVE('',#1036,#1037,#732,.T.);
#1316=EDGE_CURVE('',#1038,#1037,#733,.T.);
#1317=EDGE_CURVE('',#1039,#1038,#734,.T.);
#1318=EDGE_CURVE('',#1040,#1039,#735,.T.);
#1319=EDGE_CURVE('',#1040,#1034,#736,.T.);
#1320=EDGE_CURVE('',#1041,#1035,#737,.T.);
#1321=EDGE_CURVE('',#1042,#1041,#484,.T.);
#1322=EDGE_CURVE('',#1043,#1042,#738,.T.);
#1323=EDGE_CURVE('',#1037,#1043,#485,.T.);
#1324=EDGE_CURVE('',#1044,#1040,#486,.T.);
#1325=EDGE_CURVE('',#1045,#1044,#739,.T.);
#1326=EDGE_CURVE('',#1046,#1045,#487,.T.);
#1327=EDGE_CURVE('',#1033,#1046,#740,.T.);
#1328=EDGE_CURVE('',#1047,#1048,#488,.T.);
#1329=EDGE_CURVE('',#1048,#1046,#741,.T.);
#1330=EDGE_CURVE('',#1045,#1047,#742,.T.);
#1331=EDGE_CURVE('',#1049,#1048,#743,.T.);
#1332=EDGE_CURVE('',#1041,#1049,#744,.T.);
#1333=EDGE_CURVE('',#1047,#1050,#745,.T.);
#1334=EDGE_CURVE('',#1039,#1050,#489,.T.);
#1335=EDGE_CURVE('',#1051,#1038,#490,.T.);
#1336=EDGE_CURVE('',#1051,#1052,#746,.T.);
#1337=EDGE_CURVE('',#1049,#1052,#491,.T.);
#1338=EDGE_CURVE('',#1050,#1044,#747,.T.);
#1339=EDGE_CURVE('',#1043,#1051,#748,.T.);
#1340=EDGE_CURVE('',#1052,#1042,#749,.T.);
#1341=EDGE_CURVE('',#1053,#1054,#750,.T.);
#1342=EDGE_CURVE('',#1053,#1055,#618,.T.);
#1343=EDGE_CURVE('',#1055,#1056,#492,.T.);
#1344=EDGE_CURVE('',#1056,#1054,#619,.T.);
#1345=EDGE_CURVE('',#1057,#1058,#751,.T.);
#1346=EDGE_CURVE('',#1057,#1053,#620,.T.);
#1347=EDGE_CURVE('',#1054,#1058,#621,.T.);
#1348=EDGE_CURVE('',#1059,#1060,#752,.T.);
#1349=EDGE_CURVE('',#1059,#1061,#622,.T.);
#1350=EDGE_CURVE('',#1061,#1062,#753,.T.);
#1351=EDGE_CURVE('',#1060,#1062,#623,.T.);
#1352=EDGE_CURVE('',#1063,#1064,#754,.T.);
#1353=EDGE_CURVE('',#1063,#1059,#624,.T.);
#1354=EDGE_CURVE('',#1064,#1060,#625,.T.);
#1355=EDGE_CURVE('',#1065,#1066,#755,.T.);
#1356=EDGE_CURVE('',#1065,#1063,#626,.T.);
#1357=EDGE_CURVE('',#1066,#1064,#627,.T.);
#1358=EDGE_CURVE('',#1067,#1068,#628,.T.);
#1359=EDGE_CURVE('',#1069,#1067,#493,.T.);
#1360=EDGE_CURVE('',#1070,#1069,#629,.T.);
#1361=EDGE_CURVE('',#1071,#1070,#756,.T.);
#1362=EDGE_CURVE('',#1072,#1071,#494,.T.);
#1363=EDGE_CURVE('',#1068,#1072,#757,.T.);
#1364=EDGE_CURVE('',#1073,#1074,#630,.T.);
#1365=EDGE_CURVE('',#1075,#1073,#495,.T.);
#1366=EDGE_CURVE('',#1076,#1075,#631,.T.);
#1367=EDGE_CURVE('',#1077,#1076,#758,.T.);
#1368=EDGE_CURVE('',#1078,#1077,#496,.T.);
#1369=EDGE_CURVE('',#1074,#1078,#759,.T.);
#1370=EDGE_CURVE('',#1079,#1080,#632,.T.);
#1371=EDGE_CURVE('',#1081,#1079,#497,.T.);
#1372=EDGE_CURVE('',#1082,#1081,#633,.T.);
#1373=EDGE_CURVE('',#1083,#1082,#760,.T.);
#1374=EDGE_CURVE('',#1084,#1083,#498,.T.);
#1375=EDGE_CURVE('',#1080,#1084,#761,.T.);
#1376=EDGE_CURVE('',#1085,#1086,#634,.T.);
#1377=EDGE_CURVE('',#1087,#1085,#499,.T.);
#1378=EDGE_CURVE('',#1088,#1087,#635,.T.);
#1379=EDGE_CURVE('',#1089,#1088,#762,.T.);
#1380=EDGE_CURVE('',#1090,#1089,#500,.T.);
#1381=EDGE_CURVE('',#1086,#1090,#763,.T.);
#1382=EDGE_CURVE('',#1091,#1092,#636,.T.);
#1383=EDGE_CURVE('',#1093,#1091,#501,.T.);
#1384=EDGE_CURVE('',#1094,#1093,#637,.T.);
#1385=EDGE_CURVE('',#1095,#1094,#764,.T.);
#1386=EDGE_CURVE('',#1096,#1095,#502,.T.);
#1387=EDGE_CURVE('',#1092,#1096,#765,.T.);
#1388=EDGE_CURVE('',#1097,#1098,#638,.T.);
#1389=EDGE_CURVE('',#1099,#1097,#503,.T.);
#1390=EDGE_CURVE('',#1100,#1099,#639,.T.);
#1391=EDGE_CURVE('',#1101,#1100,#766,.T.);
#1392=EDGE_CURVE('',#1102,#1101,#504,.T.);
#1393=EDGE_CURVE('',#1098,#1102,#767,.T.);
#1394=EDGE_CURVE('',#1103,#1104,#640,.T.);
#1395=EDGE_CURVE('',#1105,#1103,#505,.T.);
#1396=EDGE_CURVE('',#1106,#1105,#641,.T.);
#1397=EDGE_CURVE('',#1107,#1106,#768,.T.);
#1398=EDGE_CURVE('',#1108,#1107,#506,.T.);
#1399=EDGE_CURVE('',#1104,#1108,#769,.T.);
#1400=EDGE_CURVE('',#1109,#1110,#642,.T.);
#1401=EDGE_CURVE('',#1111,#1109,#507,.T.);
#1402=EDGE_CURVE('',#1112,#1111,#643,.T.);
#1403=EDGE_CURVE('',#1113,#1112,#770,.T.);
#1404=EDGE_CURVE('',#1114,#1113,#508,.T.);
#1405=EDGE_CURVE('',#1110,#1114,#771,.T.);
#1406=EDGE_CURVE('',#1115,#1116,#644,.T.);
#1407=EDGE_CURVE('',#1117,#1115,#509,.T.);
#1408=EDGE_CURVE('',#1118,#1117,#645,.T.);
#1409=EDGE_CURVE('',#1119,#1118,#772,.T.);
#1410=EDGE_CURVE('',#1120,#1119,#510,.T.);
#1411=EDGE_CURVE('',#1116,#1120,#773,.T.);
#1412=EDGE_CURVE('',#1121,#1122,#646,.T.);
#1413=EDGE_CURVE('',#1123,#1121,#511,.T.);
#1414=EDGE_CURVE('',#1124,#1123,#647,.T.);
#1415=EDGE_CURVE('',#1125,#1124,#774,.T.);
#1416=EDGE_CURVE('',#1126,#1125,#512,.T.);
#1417=EDGE_CURVE('',#1122,#1126,#775,.T.);
#1418=EDGE_CURVE('',#1127,#1128,#648,.T.);
#1419=EDGE_CURVE('',#1129,#1127,#513,.T.);
#1420=EDGE_CURVE('',#1130,#1129,#649,.T.);
#1421=EDGE_CURVE('',#1131,#1130,#776,.T.);
#1422=EDGE_CURVE('',#1132,#1131,#514,.T.);
#1423=EDGE_CURVE('',#1128,#1132,#777,.T.);
#1424=EDGE_CURVE('',#1133,#1134,#650,.T.);
#1425=EDGE_CURVE('',#1135,#1133,#515,.T.);
#1426=EDGE_CURVE('',#1136,#1135,#651,.T.);
#1427=EDGE_CURVE('',#1137,#1136,#778,.T.);
#1428=EDGE_CURVE('',#1138,#1137,#516,.T.);
#1429=EDGE_CURVE('',#1134,#1138,#779,.T.);
#1430=EDGE_CURVE('',#1139,#1140,#652,.T.);
#1431=EDGE_CURVE('',#1141,#1139,#517,.T.);
#1432=EDGE_CURVE('',#1142,#1141,#653,.T.);
#1433=EDGE_CURVE('',#1143,#1142,#780,.T.);
#1434=EDGE_CURVE('',#1144,#1143,#518,.T.);
#1435=EDGE_CURVE('',#1140,#1144,#781,.T.);
#1436=EDGE_CURVE('',#1145,#1146,#654,.T.);
#1437=EDGE_CURVE('',#1147,#1145,#519,.T.);
#1438=EDGE_CURVE('',#1148,#1147,#655,.T.);
#1439=EDGE_CURVE('',#1149,#1148,#782,.T.);
#1440=EDGE_CURVE('',#1150,#1149,#520,.T.);
#1441=EDGE_CURVE('',#1146,#1150,#783,.T.);
#1442=EDGE_CURVE('',#1151,#1152,#656,.T.);
#1443=EDGE_CURVE('',#1153,#1151,#521,.T.);
#1444=EDGE_CURVE('',#1154,#1153,#657,.T.);
#1445=EDGE_CURVE('',#1155,#1154,#784,.T.);
#1446=EDGE_CURVE('',#1156,#1155,#522,.T.);
#1447=EDGE_CURVE('',#1152,#1156,#785,.T.);
#1448=EDGE_CURVE('',#1071,#1078,#523,.T.);
#1449=EDGE_CURVE('',#1077,#1084,#524,.T.);
#1450=EDGE_CURVE('',#1083,#1090,#525,.T.);
#1451=EDGE_CURVE('',#1089,#1096,#526,.T.);
#1452=EDGE_CURVE('',#1095,#1102,#527,.T.);
#1453=EDGE_CURVE('',#1101,#1108,#528,.T.);
#1454=EDGE_CURVE('',#1107,#1114,#529,.T.);
#1455=EDGE_CURVE('',#1113,#1120,#530,.T.);
#1456=EDGE_CURVE('',#1119,#1126,#531,.T.);
#1457=EDGE_CURVE('',#1125,#1132,#532,.T.);
#1458=EDGE_CURVE('',#1131,#1138,#533,.T.);
#1459=EDGE_CURVE('',#1137,#1144,#534,.T.);
#1460=EDGE_CURVE('',#1143,#1150,#535,.T.);
#1461=EDGE_CURVE('',#1149,#1156,#536,.T.);
#1462=EDGE_CURVE('',#1155,#1157,#537,.T.);
#1463=EDGE_CURVE('',#1157,#1158,#538,.T.);
#1464=EDGE_CURVE('',#1158,#1072,#539,.T.);
#1465=EDGE_CURVE('',#1159,#1160,#786,.T.);
#1466=EDGE_CURVE('',#1160,#1161,#540,.T.);
#1467=EDGE_CURVE('',#1161,#1162,#658,.T.);
#1468=EDGE_CURVE('',#1162,#1159,#541,.T.);
#1469=EDGE_CURVE('',#1163,#1154,#542,.T.);
#1470=EDGE_CURVE('',#1163,#1157,#787,.T.);
#1471=EDGE_CURVE('',#1152,#1148,#543,.T.);
#1472=EDGE_CURVE('',#1146,#1142,#544,.T.);
#1473=EDGE_CURVE('',#1140,#1136,#545,.T.);
#1474=EDGE_CURVE('',#1134,#1130,#546,.T.);
#1475=EDGE_CURVE('',#1128,#1124,#547,.T.);
#1476=EDGE_CURVE('',#1122,#1118,#548,.T.);
#1477=EDGE_CURVE('',#1116,#1112,#549,.T.);
#1478=EDGE_CURVE('',#1110,#1106,#550,.T.);
#1479=EDGE_CURVE('',#1104,#1100,#551,.T.);
#1480=EDGE_CURVE('',#1098,#1094,#552,.T.);
#1481=EDGE_CURVE('',#1092,#1088,#553,.T.);
#1482=EDGE_CURVE('',#1086,#1082,#554,.T.);
#1483=EDGE_CURVE('',#1080,#1076,#555,.T.);
#1484=EDGE_CURVE('',#1074,#1070,#556,.T.);
#1485=EDGE_CURVE('',#1153,#1164,#557,.T.);
#1486=EDGE_CURVE('',#1164,#1163,#659,.T.);
#1487=EDGE_CURVE('',#1147,#1151,#558,.T.);
#1488=EDGE_CURVE('',#1141,#1145,#559,.T.);
#1489=EDGE_CURVE('',#1135,#1139,#560,.T.);
#1490=EDGE_CURVE('',#1129,#1133,#561,.T.);
#1491=EDGE_CURVE('',#1123,#1127,#562,.T.);
#1492=EDGE_CURVE('',#1117,#1121,#563,.T.);
#1493=EDGE_CURVE('',#1111,#1115,#564,.T.);
#1494=EDGE_CURVE('',#1105,#1109,#565,.T.);
#1495=EDGE_CURVE('',#1099,#1103,#566,.T.);
#1496=EDGE_CURVE('',#1093,#1097,#567,.T.);
#1497=EDGE_CURVE('',#1087,#1091,#568,.T.);
#1498=EDGE_CURVE('',#1081,#1085,#569,.T.);
#1499=EDGE_CURVE('',#1075,#1079,#570,.T.);
#1500=EDGE_CURVE('',#1069,#1073,#571,.T.);
#1501=EDGE_CURVE('',#1165,#1166,#660,.T.);
#1502=EDGE_CURVE('',#1158,#1165,#788,.T.);
#1503=EDGE_CURVE('',#1166,#1164,#572,.T.);
#1504=EDGE_CURVE('',#1068,#1165,#573,.T.);
#1505=EDGE_CURVE('',#1166,#1067,#574,.T.);
#1506=EDGE_CURVE('',#1167,#1167,#575,.T.);
#1507=EDGE_CURVE('',#1168,#1168,#576,.T.);
#1508=EDGE_CURVE('',#1168,#1169,#789,.T.);
#1509=EDGE_CURVE('',#1169,#1169,#577,.T.);
#1510=EDGE_CURVE('',#1170,#1170,#578,.T.);
#1511=EDGE_CURVE('',#1167,#1170,#790,.T.);
#1512=EDGE_CURVE('',#1171,#1159,#791,.T.);
#1513=EDGE_CURVE('',#1062,#1171,#792,.T.);
#1514=EDGE_CURVE('',#1172,#1061,#793,.T.);
#1515=EDGE_CURVE('',#1160,#1172,#794,.T.);
#1516=EDGE_CURVE('',#1172,#1057,#661,.T.);
#1517=EDGE_CURVE('',#1173,#1065,#662,.T.);
#1518=EDGE_CURVE('',#1055,#1173,#663,.T.);
#1519=EDGE_CURVE('',#1174,#1066,#664,.T.);
#1520=EDGE_CURVE('',#1173,#1174,#579,.T.);
#1521=EDGE_CURVE('',#1162,#1171,#665,.T.);
#1522=EDGE_CURVE('',#1058,#1161,#666,.T.);
#1523=EDGE_CURVE('',#1174,#1056,#667,.T.);
#1524=EDGE_CURVE('',#1175,#1175,#580,.T.);
#1525=EDGE_CURVE('',#1176,#1176,#581,.T.);
#1526=EDGE_CURVE('',#1176,#1177,#795,.T.);
#1527=EDGE_CURVE('',#1177,#1177,#582,.T.);
#1528=EDGE_CURVE('',#1178,#1178,#583,.T.);
#1529=EDGE_CURVE('',#1178,#1177,#796,.T.);
#1530=EDGE_CURVE('',#1179,#1179,#584,.T.);
#1531=EDGE_CURVE('',#1179,#1180,#797,.T.);
#1532=EDGE_CURVE('',#1180,#1180,#585,.T.);
#1533=EDGE_CURVE('',#1181,#1181,#586,.T.);
#1534=EDGE_CURVE('',#1182,#1182,#587,.T.);
#1535=EDGE_CURVE('',#1182,#1181,#798,.T.);
#1536=EDGE_CURVE('',#1175,#1183,#799,.T.);
#1537=EDGE_CURVE('',#1183,#1183,#588,.T.);
#1538=EDGE_CURVE('',#1184,#1185,#800,.T.);
#1539=EDGE_CURVE('',#1184,#1186,#801,.T.);
#1540=EDGE_CURVE('',#1187,#1186,#802,.T.);
#1541=EDGE_CURVE('',#1185,#1187,#803,.T.);
#1542=EDGE_CURVE('',#1185,#1188,#804,.T.);
#1543=EDGE_CURVE('',#1189,#1187,#805,.T.);
#1544=EDGE_CURVE('',#1188,#1189,#806,.T.);
#1545=EDGE_CURVE('',#1188,#1190,#807,.T.);
#1546=EDGE_CURVE('',#1191,#1189,#808,.T.);
#1547=EDGE_CURVE('',#1190,#1191,#809,.T.);
#1548=EDGE_CURVE('',#1190,#1184,#810,.T.);
#1549=EDGE_CURVE('',#1186,#1191,#811,.T.);
#1550=EDGE_CURVE('',#1192,#1192,#589,.T.);
#1551=EDGE_CURVE('',#1192,#1193,#812,.T.);
#1552=EDGE_CURVE('',#1193,#1193,#590,.T.);
#1553=EDGE_CURVE('',#1194,#1194,#591,.T.);
#1554=EDGE_CURVE('',#1194,#1194,#592,.T.);
#1555=ORIENTED_EDGE('',*,*,#1195,.T.);
#1556=ORIENTED_EDGE('',*,*,#1196,.T.);
#1557=ORIENTED_EDGE('',*,*,#1197,.F.);
#1558=ORIENTED_EDGE('',*,*,#1198,.T.);
#1559=ORIENTED_EDGE('',*,*,#1199,.F.);
#1560=ORIENTED_EDGE('',*,*,#1200,.T.);
#1561=ORIENTED_EDGE('',*,*,#1201,.F.);
#1562=ORIENTED_EDGE('',*,*,#1202,.T.);
#1563=ORIENTED_EDGE('',*,*,#1201,.T.);
#1564=ORIENTED_EDGE('',*,*,#1203,.T.);
#1565=ORIENTED_EDGE('',*,*,#1204,.T.);
#1566=ORIENTED_EDGE('',*,*,#1205,.T.);
#1567=ORIENTED_EDGE('',*,*,#1206,.F.);
#1568=ORIENTED_EDGE('',*,*,#1207,.F.);
#1569=ORIENTED_EDGE('',*,*,#1208,.T.);
#1570=ORIENTED_EDGE('',*,*,#1209,.T.);
#1571=ORIENTED_EDGE('',*,*,#1204,.F.);
#1572=ORIENTED_EDGE('',*,*,#1210,.F.);
#1573=ORIENTED_EDGE('',*,*,#1211,.F.);
#1574=ORIENTED_EDGE('',*,*,#1212,.F.);
#1575=ORIENTED_EDGE('',*,*,#1213,.T.);
#1576=ORIENTED_EDGE('',*,*,#1214,.T.);
#1577=ORIENTED_EDGE('',*,*,#1215,.F.);
#1578=ORIENTED_EDGE('',*,*,#1216,.F.);
#1579=ORIENTED_EDGE('',*,*,#1217,.T.);
#1580=ORIENTED_EDGE('',*,*,#1218,.F.);
#1581=ORIENTED_EDGE('',*,*,#1219,.T.);
#1582=ORIENTED_EDGE('',*,*,#1220,.F.);
#1583=ORIENTED_EDGE('',*,*,#1219,.F.);
#1584=ORIENTED_EDGE('',*,*,#1221,.F.);
#1585=ORIENTED_EDGE('',*,*,#1221,.T.);
#1586=ORIENTED_EDGE('',*,*,#1218,.T.);
#1587=ORIENTED_EDGE('',*,*,#1222,.F.);
#1588=ORIENTED_EDGE('',*,*,#1223,.F.);
#1589=ORIENTED_EDGE('',*,*,#1224,.F.);
#1590=ORIENTED_EDGE('',*,*,#1225,.T.);
#1591=ORIENTED_EDGE('',*,*,#1226,.F.);
#1592=ORIENTED_EDGE('',*,*,#1227,.F.);
#1593=ORIENTED_EDGE('',*,*,#1228,.F.);
#1594=ORIENTED_EDGE('',*,*,#1229,.T.);
#1595=ORIENTED_EDGE('',*,*,#1230,.F.);
#1596=ORIENTED_EDGE('',*,*,#1229,.F.);
#1597=ORIENTED_EDGE('',*,*,#1231,.F.);
#1598=ORIENTED_EDGE('',*,*,#1232,.F.);
#1599=ORIENTED_EDGE('',*,*,#1233,.F.);
#1600=ORIENTED_EDGE('',*,*,#1234,.F.);
#1601=ORIENTED_EDGE('',*,*,#1235,.F.);
#1602=ORIENTED_EDGE('',*,*,#1216,.T.);
#1603=ORIENTED_EDGE('',*,*,#1236,.T.);
#1604=ORIENTED_EDGE('',*,*,#1237,.T.);
#1605=ORIENTED_EDGE('',*,*,#1238,.T.);
#1606=ORIENTED_EDGE('',*,*,#1231,.T.);
#1607=ORIENTED_EDGE('',*,*,#1228,.T.);
#1608=ORIENTED_EDGE('',*,*,#1239,.T.);
#1609=ORIENTED_EDGE('',*,*,#1240,.T.);
#1610=ORIENTED_EDGE('',*,*,#1241,.T.);
#1611=ORIENTED_EDGE('',*,*,#1242,.F.);
#1612=ORIENTED_EDGE('',*,*,#1222,.T.);
#1613=ORIENTED_EDGE('',*,*,#1217,.F.);
#1614=ORIENTED_EDGE('',*,*,#1241,.F.);
#1615=ORIENTED_EDGE('',*,*,#1243,.F.);
#1616=ORIENTED_EDGE('',*,*,#1236,.F.);
#1617=ORIENTED_EDGE('',*,*,#1215,.T.);
#1618=ORIENTED_EDGE('',*,*,#1224,.T.);
#1619=ORIENTED_EDGE('',*,*,#1244,.F.);
#1620=ORIENTED_EDGE('',*,*,#1239,.F.);
#1621=ORIENTED_EDGE('',*,*,#1227,.T.);
#1622=ORIENTED_EDGE('',*,*,#1245,.T.);
#1623=ORIENTED_EDGE('',*,*,#1226,.T.);
#1624=ORIENTED_EDGE('',*,*,#1246,.F.);
#1625=ORIENTED_EDGE('',*,*,#1247,.F.);
#1626=ORIENTED_EDGE('',*,*,#1248,.F.);
#1627=ORIENTED_EDGE('',*,*,#1245,.F.);
#1628=ORIENTED_EDGE('',*,*,#1249,.F.);
#1629=ORIENTED_EDGE('',*,*,#1246,.T.);
#1630=ORIENTED_EDGE('',*,*,#1225,.F.);
#1631=ORIENTED_EDGE('',*,*,#1238,.F.);
#1632=ORIENTED_EDGE('',*,*,#1250,.F.);
#1633=ORIENTED_EDGE('',*,*,#1251,.T.);
#1634=ORIENTED_EDGE('',*,*,#1252,.F.);
#1635=ORIENTED_EDGE('',*,*,#1251,.F.);
#1636=ORIENTED_EDGE('',*,*,#1252,.T.);
#1637=ORIENTED_EDGE('',*,*,#1230,.T.);
#1638=ORIENTED_EDGE('',*,*,#1253,.F.);
#1639=ORIENTED_EDGE('',*,*,#1254,.T.);
#1640=ORIENTED_EDGE('',*,*,#1255,.T.);
#1641=ORIENTED_EDGE('',*,*,#1254,.F.);
#1642=ORIENTED_EDGE('',*,*,#1255,.F.);
#1643=ORIENTED_EDGE('',*,*,#1220,.T.);
#1644=ORIENTED_EDGE('',*,*,#1256,.F.);
#1645=ORIENTED_EDGE('',*,*,#1205,.F.);
#1646=ORIENTED_EDGE('',*,*,#1209,.F.);
#1647=ORIENTED_EDGE('',*,*,#1257,.F.);
#1648=ORIENTED_EDGE('',*,*,#1214,.F.);
#1649=ORIENTED_EDGE('',*,*,#1258,.T.);
#1650=ORIENTED_EDGE('',*,*,#1259,.F.);
#1651=ORIENTED_EDGE('',*,*,#1198,.F.);
#1652=ORIENTED_EDGE('',*,*,#1260,.F.);
#1653=ORIENTED_EDGE('',*,*,#1200,.F.);
#1654=ORIENTED_EDGE('',*,*,#1258,.F.);
#1655=ORIENTED_EDGE('',*,*,#1213,.F.);
#1656=ORIENTED_EDGE('',*,*,#1261,.F.);
#1657=ORIENTED_EDGE('',*,*,#1211,.T.);
#1658=ORIENTED_EDGE('',*,*,#1257,.T.);
#1659=ORIENTED_EDGE('',*,*,#1208,.F.);
#1660=ORIENTED_EDGE('',*,*,#1262,.F.);
#1661=ORIENTED_EDGE('',*,*,#1263,.F.);
#1662=ORIENTED_EDGE('',*,*,#1264,.F.);
#1663=ORIENTED_EDGE('',*,*,#1196,.F.);
#1664=ORIENTED_EDGE('',*,*,#1265,.F.);
#1665=ORIENTED_EDGE('',*,*,#1203,.F.);
#1666=ORIENTED_EDGE('',*,*,#1261,.T.);
#1667=ORIENTED_EDGE('',*,*,#1212,.T.);
#1668=ORIENTED_EDGE('',*,*,#1262,.T.);
#1669=ORIENTED_EDGE('',*,*,#1210,.T.);
#1670=ORIENTED_EDGE('',*,*,#1207,.T.);
#1671=ORIENTED_EDGE('',*,*,#1199,.T.);
#1672=ORIENTED_EDGE('',*,*,#1265,.T.);
#1673=ORIENTED_EDGE('',*,*,#1195,.F.);
#1674=ORIENTED_EDGE('',*,*,#1259,.T.);
#1675=ORIENTED_EDGE('',*,*,#1260,.T.);
#1676=ORIENTED_EDGE('',*,*,#1197,.T.);
#1677=ORIENTED_EDGE('',*,*,#1264,.T.);
#1678=ORIENTED_EDGE('',*,*,#1266,.T.);
#1679=ORIENTED_EDGE('',*,*,#1267,.T.);
#1680=ORIENTED_EDGE('',*,*,#1268,.T.);
#1681=ORIENTED_EDGE('',*,*,#1269,.T.);
#1682=ORIENTED_EDGE('',*,*,#1268,.F.);
#1683=ORIENTED_EDGE('',*,*,#1202,.F.);
#1684=ORIENTED_EDGE('',*,*,#1269,.F.);
#1685=ORIENTED_EDGE('',*,*,#1242,.T.);
#1686=ORIENTED_EDGE('',*,*,#1240,.F.);
#1687=ORIENTED_EDGE('',*,*,#1244,.T.);
#1688=ORIENTED_EDGE('',*,*,#1248,.T.);
#1689=ORIENTED_EDGE('',*,*,#1270,.T.);
#1690=ORIENTED_EDGE('',*,*,#1267,.F.);
#1691=ORIENTED_EDGE('',*,*,#1270,.F.);
#1692=ORIENTED_EDGE('',*,*,#1247,.T.);
#1693=ORIENTED_EDGE('',*,*,#1249,.T.);
#1694=ORIENTED_EDGE('',*,*,#1237,.F.);
#1695=ORIENTED_EDGE('',*,*,#1243,.T.);
#1696=ORIENTED_EDGE('',*,*,#1223,.T.);
#1697=ORIENTED_EDGE('',*,*,#1271,.T.);
#1698=ORIENTED_EDGE('',*,*,#1256,.T.);
#1699=ORIENTED_EDGE('',*,*,#1266,.F.);
#1700=ORIENTED_EDGE('',*,*,#1263,.T.);
#1701=ORIENTED_EDGE('',*,*,#1206,.T.);
#1702=ORIENTED_EDGE('',*,*,#1272,.F.);
#1703=ORIENTED_EDGE('',*,*,#1273,.T.);
#1704=ORIENTED_EDGE('',*,*,#1274,.T.);
#1705=ORIENTED_EDGE('',*,*,#1275,.T.);
#1706=ORIENTED_EDGE('',*,*,#1276,.F.);
#1707=ORIENTED_EDGE('',*,*,#1277,.F.);
#1708=ORIENTED_EDGE('',*,*,#1278,.F.);
#1709=ORIENTED_EDGE('',*,*,#1273,.F.);
#1710=ORIENTED_EDGE('',*,*,#1274,.F.);
#1711=ORIENTED_EDGE('',*,*,#1278,.T.);
#1712=ORIENTED_EDGE('',*,*,#1279,.F.);
#1713=ORIENTED_EDGE('',*,*,#1280,.F.);
#1714=ORIENTED_EDGE('',*,*,#1281,.F.);
#1715=ORIENTED_EDGE('',*,*,#1275,.F.);
#1716=ORIENTED_EDGE('',*,*,#1280,.T.);
#1717=ORIENTED_EDGE('',*,*,#1282,.F.);
#1718=ORIENTED_EDGE('',*,*,#1283,.F.);
#1719=ORIENTED_EDGE('',*,*,#1282,.T.);
#1720=ORIENTED_EDGE('',*,*,#1279,.T.);
#1721=ORIENTED_EDGE('',*,*,#1277,.T.);
#1722=ORIENTED_EDGE('',*,*,#1284,.F.);
#1723=ORIENTED_EDGE('',*,*,#1285,.T.);
#1724=ORIENTED_EDGE('',*,*,#1286,.T.);
#1725=ORIENTED_EDGE('',*,*,#1287,.T.);
#1726=ORIENTED_EDGE('',*,*,#1288,.F.);
#1727=ORIENTED_EDGE('',*,*,#1289,.F.);
#1728=ORIENTED_EDGE('',*,*,#1290,.F.);
#1729=ORIENTED_EDGE('',*,*,#1285,.F.);
#1730=ORIENTED_EDGE('',*,*,#1286,.F.);
#1731=ORIENTED_EDGE('',*,*,#1290,.T.);
#1732=ORIENTED_EDGE('',*,*,#1291,.F.);
#1733=ORIENTED_EDGE('',*,*,#1292,.F.);
#1734=ORIENTED_EDGE('',*,*,#1293,.F.);
#1735=ORIENTED_EDGE('',*,*,#1287,.F.);
#1736=ORIENTED_EDGE('',*,*,#1292,.T.);
#1737=ORIENTED_EDGE('',*,*,#1294,.F.);
#1738=ORIENTED_EDGE('',*,*,#1295,.F.);
#1739=ORIENTED_EDGE('',*,*,#1294,.T.);
#1740=ORIENTED_EDGE('',*,*,#1291,.T.);
#1741=ORIENTED_EDGE('',*,*,#1289,.T.);
#1742=ORIENTED_EDGE('',*,*,#1296,.F.);
#1743=ORIENTED_EDGE('',*,*,#1297,.T.);
#1744=ORIENTED_EDGE('',*,*,#1283,.T.);
#1745=ORIENTED_EDGE('',*,*,#1298,.T.);
#1746=ORIENTED_EDGE('',*,*,#1293,.T.);
#1747=ORIENTED_EDGE('',*,*,#1295,.T.);
#1748=ORIENTED_EDGE('',*,*,#1288,.T.);
#1749=ORIENTED_EDGE('',*,*,#1299,.T.);
#1750=ORIENTED_EDGE('',*,*,#1300,.F.);
#1751=ORIENTED_EDGE('',*,*,#1299,.F.);
#1752=ORIENTED_EDGE('',*,*,#1284,.T.);
#1753=ORIENTED_EDGE('',*,*,#1298,.F.);
#1754=ORIENTED_EDGE('',*,*,#1276,.T.);
#1755=ORIENTED_EDGE('',*,*,#1272,.T.);
#1756=ORIENTED_EDGE('',*,*,#1281,.T.);
#1757=ORIENTED_EDGE('',*,*,#1297,.F.);
#1758=ORIENTED_EDGE('',*,*,#1296,.T.);
#1759=ORIENTED_EDGE('',*,*,#1250,.T.);
#1760=ORIENTED_EDGE('',*,*,#1301,.F.);
#1761=ORIENTED_EDGE('',*,*,#1302,.T.);
#1762=ORIENTED_EDGE('',*,*,#1303,.F.);
#1763=ORIENTED_EDGE('',*,*,#1302,.F.);
#1764=ORIENTED_EDGE('',*,*,#1301,.T.);
#1765=ORIENTED_EDGE('',*,*,#1300,.T.);
#1766=ORIENTED_EDGE('',*,*,#1304,.F.);
#1767=ORIENTED_EDGE('',*,*,#1305,.T.);
#1768=ORIENTED_EDGE('',*,*,#1306,.F.);
#1769=ORIENTED_EDGE('',*,*,#1305,.F.);
#1770=ORIENTED_EDGE('',*,*,#1304,.T.);
#1771=ORIENTED_EDGE('',*,*,#1253,.T.);
#1772=ORIENTED_EDGE('',*,*,#1271,.F.);
#1773=ORIENTED_EDGE('',*,*,#1307,.T.);
#1774=ORIENTED_EDGE('',*,*,#1308,.F.);
#1775=ORIENTED_EDGE('',*,*,#1307,.F.);
#1776=ORIENTED_EDGE('',*,*,#1309,.F.);
#1777=ORIENTED_EDGE('',*,*,#1235,.T.);
#1778=ORIENTED_EDGE('',*,*,#1310,.F.);
#1779=ORIENTED_EDGE('',*,*,#1311,.F.);
#1780=ORIENTED_EDGE('',*,*,#1312,.F.);
#1781=ORIENTED_EDGE('',*,*,#1313,.F.);
#1782=ORIENTED_EDGE('',*,*,#1314,.F.);
#1783=ORIENTED_EDGE('',*,*,#1233,.T.);
#1784=ORIENTED_EDGE('',*,*,#1310,.T.);
#1785=ORIENTED_EDGE('',*,*,#1234,.T.);
#1786=ORIENTED_EDGE('',*,*,#1314,.T.);
#1787=ORIENTED_EDGE('',*,*,#1315,.T.);
#1788=ORIENTED_EDGE('',*,*,#1316,.F.);
#1789=ORIENTED_EDGE('',*,*,#1317,.F.);
#1790=ORIENTED_EDGE('',*,*,#1318,.F.);
#1791=ORIENTED_EDGE('',*,*,#1319,.T.);
#1792=ORIENTED_EDGE('',*,*,#1313,.T.);
#1793=ORIENTED_EDGE('',*,*,#1320,.F.);
#1794=ORIENTED_EDGE('',*,*,#1321,.F.);
#1795=ORIENTED_EDGE('',*,*,#1322,.F.);
#1796=ORIENTED_EDGE('',*,*,#1323,.F.);
#1797=ORIENTED_EDGE('',*,*,#1315,.F.);
#1798=ORIENTED_EDGE('',*,*,#1311,.T.);
#1799=ORIENTED_EDGE('',*,*,#1319,.F.);
#1800=ORIENTED_EDGE('',*,*,#1324,.F.);
#1801=ORIENTED_EDGE('',*,*,#1325,.F.);
#1802=ORIENTED_EDGE('',*,*,#1326,.F.);
#1803=ORIENTED_EDGE('',*,*,#1327,.F.);
#1804=ORIENTED_EDGE('',*,*,#1328,.T.);
#1805=ORIENTED_EDGE('',*,*,#1329,.T.);
#1806=ORIENTED_EDGE('',*,*,#1326,.T.);
#1807=ORIENTED_EDGE('',*,*,#1330,.T.);
#1808=ORIENTED_EDGE('',*,*,#1309,.T.);
#1809=ORIENTED_EDGE('',*,*,#1327,.T.);
#1810=ORIENTED_EDGE('',*,*,#1329,.F.);
#1811=ORIENTED_EDGE('',*,*,#1331,.F.);
#1812=ORIENTED_EDGE('',*,*,#1332,.F.);
#1813=ORIENTED_EDGE('',*,*,#1320,.T.);
#1814=ORIENTED_EDGE('',*,*,#1312,.T.);
#1815=ORIENTED_EDGE('',*,*,#1232,.T.);
#1816=ORIENTED_EDGE('',*,*,#1328,.F.);
#1817=ORIENTED_EDGE('',*,*,#1333,.T.);
#1818=ORIENTED_EDGE('',*,*,#1334,.F.);
#1819=ORIENTED_EDGE('',*,*,#1317,.T.);
#1820=ORIENTED_EDGE('',*,*,#1335,.F.);
#1821=ORIENTED_EDGE('',*,*,#1336,.T.);
#1822=ORIENTED_EDGE('',*,*,#1337,.F.);
#1823=ORIENTED_EDGE('',*,*,#1331,.T.);
#1824=ORIENTED_EDGE('',*,*,#1303,.T.);
#1825=ORIENTED_EDGE('',*,*,#1306,.T.);
#1826=ORIENTED_EDGE('',*,*,#1308,.T.);
#1827=ORIENTED_EDGE('',*,*,#1334,.T.);
#1828=ORIENTED_EDGE('',*,*,#1338,.T.);
#1829=ORIENTED_EDGE('',*,*,#1324,.T.);
#1830=ORIENTED_EDGE('',*,*,#1318,.T.);
#1831=ORIENTED_EDGE('',*,*,#1335,.T.);
#1832=ORIENTED_EDGE('',*,*,#1316,.T.);
#1833=ORIENTED_EDGE('',*,*,#1323,.T.);
#1834=ORIENTED_EDGE('',*,*,#1339,.T.);
#1835=ORIENTED_EDGE('',*,*,#1337,.T.);
#1836=ORIENTED_EDGE('',*,*,#1340,.T.);
#1837=ORIENTED_EDGE('',*,*,#1321,.T.);
#1838=ORIENTED_EDGE('',*,*,#1332,.T.);
#1839=ORIENTED_EDGE('',*,*,#1339,.F.);
#1840=ORIENTED_EDGE('',*,*,#1322,.T.);
#1841=ORIENTED_EDGE('',*,*,#1340,.F.);
#1842=ORIENTED_EDGE('',*,*,#1336,.F.);
#1843=ORIENTED_EDGE('',*,*,#1330,.F.);
#1844=ORIENTED_EDGE('',*,*,#1325,.T.);
#1845=ORIENTED_EDGE('',*,*,#1338,.F.);
#1846=ORIENTED_EDGE('',*,*,#1333,.F.);
#1847=ORIENTED_EDGE('',*,*,#1341,.F.);
#1848=ORIENTED_EDGE('',*,*,#1342,.T.);
#1849=ORIENTED_EDGE('',*,*,#1343,.T.);
#1850=ORIENTED_EDGE('',*,*,#1344,.T.);
#1851=ORIENTED_EDGE('',*,*,#1345,.F.);
#1852=ORIENTED_EDGE('',*,*,#1346,.T.);
#1853=ORIENTED_EDGE('',*,*,#1341,.T.);
#1854=ORIENTED_EDGE('',*,*,#1347,.T.);
#1855=ORIENTED_EDGE('',*,*,#1348,.F.);
#1856=ORIENTED_EDGE('',*,*,#1349,.T.);
#1857=ORIENTED_EDGE('',*,*,#1350,.T.);
#1858=ORIENTED_EDGE('',*,*,#1351,.F.);
#1859=ORIENTED_EDGE('',*,*,#1352,.F.);
#1860=ORIENTED_EDGE('',*,*,#1353,.T.);
#1861=ORIENTED_EDGE('',*,*,#1348,.T.);
#1862=ORIENTED_EDGE('',*,*,#1354,.F.);
#1863=ORIENTED_EDGE('',*,*,#1355,.F.);
#1864=ORIENTED_EDGE('',*,*,#1356,.T.);
#1865=ORIENTED_EDGE('',*,*,#1352,.T.);
#1866=ORIENTED_EDGE('',*,*,#1357,.F.);
#1867=ORIENTED_EDGE('',*,*,#1358,.F.);
#1868=ORIENTED_EDGE('',*,*,#1359,.F.);
#1869=ORIENTED_EDGE('',*,*,#1360,.F.);
#1870=ORIENTED_EDGE('',*,*,#1361,.F.);
#1871=ORIENTED_EDGE('',*,*,#1362,.F.);
#1872=ORIENTED_EDGE('',*,*,#1363,.F.);
#1873=ORIENTED_EDGE('',*,*,#1364,.F.);
#1874=ORIENTED_EDGE('',*,*,#1365,.F.);
#1875=ORIENTED_EDGE('',*,*,#1366,.F.);
#1876=ORIENTED_EDGE('',*,*,#1367,.F.);
#1877=ORIENTED_EDGE('',*,*,#1368,.F.);
#1878=ORIENTED_EDGE('',*,*,#1369,.F.);
#1879=ORIENTED_EDGE('',*,*,#1370,.F.);
#1880=ORIENTED_EDGE('',*,*,#1371,.F.);
#1881=ORIENTED_EDGE('',*,*,#1372,.F.);
#1882=ORIENTED_EDGE('',*,*,#1373,.F.);
#1883=ORIENTED_EDGE('',*,*,#1374,.F.);
#1884=ORIENTED_EDGE('',*,*,#1375,.F.);
#1885=ORIENTED_EDGE('',*,*,#1376,.F.);
#1886=ORIENTED_EDGE('',*,*,#1377,.F.);
#1887=ORIENTED_EDGE('',*,*,#1378,.F.);
#1888=ORIENTED_EDGE('',*,*,#1379,.F.);
#1889=ORIENTED_EDGE('',*,*,#1380,.F.);
#1890=ORIENTED_EDGE('',*,*,#1381,.F.);
#1891=ORIENTED_EDGE('',*,*,#1382,.F.);
#1892=ORIENTED_EDGE('',*,*,#1383,.F.);
#1893=ORIENTED_EDGE('',*,*,#1384,.F.);
#1894=ORIENTED_EDGE('',*,*,#1385,.F.);
#1895=ORIENTED_EDGE('',*,*,#1386,.F.);
#1896=ORIENTED_EDGE('',*,*,#1387,.F.);
#1897=ORIENTED_EDGE('',*,*,#1388,.F.);
#1898=ORIENTED_EDGE('',*,*,#1389,.F.);
#1899=ORIENTED_EDGE('',*,*,#1390,.F.);
#1900=ORIENTED_EDGE('',*,*,#1391,.F.);
#1901=ORIENTED_EDGE('',*,*,#1392,.F.);
#1902=ORIENTED_EDGE('',*,*,#1393,.F.);
#1903=ORIENTED_EDGE('',*,*,#1394,.F.);
#1904=ORIENTED_EDGE('',*,*,#1395,.F.);
#1905=ORIENTED_EDGE('',*,*,#1396,.F.);
#1906=ORIENTED_EDGE('',*,*,#1397,.F.);
#1907=ORIENTED_EDGE('',*,*,#1398,.F.);
#1908=ORIENTED_EDGE('',*,*,#1399,.F.);
#1909=ORIENTED_EDGE('',*,*,#1400,.F.);
#1910=ORIENTED_EDGE('',*,*,#1401,.F.);
#1911=ORIENTED_EDGE('',*,*,#1402,.F.);
#1912=ORIENTED_EDGE('',*,*,#1403,.F.);
#1913=ORIENTED_EDGE('',*,*,#1404,.F.);
#1914=ORIENTED_EDGE('',*,*,#1405,.F.);
#1915=ORIENTED_EDGE('',*,*,#1406,.F.);
#1916=ORIENTED_EDGE('',*,*,#1407,.F.);
#1917=ORIENTED_EDGE('',*,*,#1408,.F.);
#1918=ORIENTED_EDGE('',*,*,#1409,.F.);
#1919=ORIENTED_EDGE('',*,*,#1410,.F.);
#1920=ORIENTED_EDGE('',*,*,#1411,.F.);
#1921=ORIENTED_EDGE('',*,*,#1412,.F.);
#1922=ORIENTED_EDGE('',*,*,#1413,.F.);
#1923=ORIENTED_EDGE('',*,*,#1414,.F.);
#1924=ORIENTED_EDGE('',*,*,#1415,.F.);
#1925=ORIENTED_EDGE('',*,*,#1416,.F.);
#1926=ORIENTED_EDGE('',*,*,#1417,.F.);
#1927=ORIENTED_EDGE('',*,*,#1418,.F.);
#1928=ORIENTED_EDGE('',*,*,#1419,.F.);
#1929=ORIENTED_EDGE('',*,*,#1420,.F.);
#1930=ORIENTED_EDGE('',*,*,#1421,.F.);
#1931=ORIENTED_EDGE('',*,*,#1422,.F.);
#1932=ORIENTED_EDGE('',*,*,#1423,.F.);
#1933=ORIENTED_EDGE('',*,*,#1424,.F.);
#1934=ORIENTED_EDGE('',*,*,#1425,.F.);
#1935=ORIENTED_EDGE('',*,*,#1426,.F.);
#1936=ORIENTED_EDGE('',*,*,#1427,.F.);
#1937=ORIENTED_EDGE('',*,*,#1428,.F.);
#1938=ORIENTED_EDGE('',*,*,#1429,.F.);
#1939=ORIENTED_EDGE('',*,*,#1430,.F.);
#1940=ORIENTED_EDGE('',*,*,#1431,.F.);
#1941=ORIENTED_EDGE('',*,*,#1432,.F.);
#1942=ORIENTED_EDGE('',*,*,#1433,.F.);
#1943=ORIENTED_EDGE('',*,*,#1434,.F.);
#1944=ORIENTED_EDGE('',*,*,#1435,.F.);
#1945=ORIENTED_EDGE('',*,*,#1436,.F.);
#1946=ORIENTED_EDGE('',*,*,#1437,.F.);
#1947=ORIENTED_EDGE('',*,*,#1438,.F.);
#1948=ORIENTED_EDGE('',*,*,#1439,.F.);
#1949=ORIENTED_EDGE('',*,*,#1440,.F.);
#1950=ORIENTED_EDGE('',*,*,#1441,.F.);
#1951=ORIENTED_EDGE('',*,*,#1442,.F.);
#1952=ORIENTED_EDGE('',*,*,#1443,.F.);
#1953=ORIENTED_EDGE('',*,*,#1444,.F.);
#1954=ORIENTED_EDGE('',*,*,#1445,.F.);
#1955=ORIENTED_EDGE('',*,*,#1446,.F.);
#1956=ORIENTED_EDGE('',*,*,#1447,.F.);
#1957=ORIENTED_EDGE('',*,*,#1362,.T.);
#1958=ORIENTED_EDGE('',*,*,#1448,.T.);
#1959=ORIENTED_EDGE('',*,*,#1368,.T.);
#1960=ORIENTED_EDGE('',*,*,#1449,.T.);
#1961=ORIENTED_EDGE('',*,*,#1374,.T.);
#1962=ORIENTED_EDGE('',*,*,#1450,.T.);
#1963=ORIENTED_EDGE('',*,*,#1380,.T.);
#1964=ORIENTED_EDGE('',*,*,#1451,.T.);
#1965=ORIENTED_EDGE('',*,*,#1386,.T.);
#1966=ORIENTED_EDGE('',*,*,#1452,.T.);
#1967=ORIENTED_EDGE('',*,*,#1392,.T.);
#1968=ORIENTED_EDGE('',*,*,#1453,.T.);
#1969=ORIENTED_EDGE('',*,*,#1398,.T.);
#1970=ORIENTED_EDGE('',*,*,#1454,.T.);
#1971=ORIENTED_EDGE('',*,*,#1404,.T.);
#1972=ORIENTED_EDGE('',*,*,#1455,.T.);
#1973=ORIENTED_EDGE('',*,*,#1410,.T.);
#1974=ORIENTED_EDGE('',*,*,#1456,.T.);
#1975=ORIENTED_EDGE('',*,*,#1416,.T.);
#1976=ORIENTED_EDGE('',*,*,#1457,.T.);
#1977=ORIENTED_EDGE('',*,*,#1422,.T.);
#1978=ORIENTED_EDGE('',*,*,#1458,.T.);
#1979=ORIENTED_EDGE('',*,*,#1428,.T.);
#1980=ORIENTED_EDGE('',*,*,#1459,.T.);
#1981=ORIENTED_EDGE('',*,*,#1434,.T.);
#1982=ORIENTED_EDGE('',*,*,#1460,.T.);
#1983=ORIENTED_EDGE('',*,*,#1440,.T.);
#1984=ORIENTED_EDGE('',*,*,#1461,.T.);
#1985=ORIENTED_EDGE('',*,*,#1446,.T.);
#1986=ORIENTED_EDGE('',*,*,#1462,.T.);
#1987=ORIENTED_EDGE('',*,*,#1463,.T.);
#1988=ORIENTED_EDGE('',*,*,#1464,.T.);
#1989=ORIENTED_EDGE('',*,*,#1465,.T.);
#1990=ORIENTED_EDGE('',*,*,#1466,.T.);
#1991=ORIENTED_EDGE('',*,*,#1467,.T.);
#1992=ORIENTED_EDGE('',*,*,#1468,.T.);
#1993=ORIENTED_EDGE('',*,*,#1445,.T.);
#1994=ORIENTED_EDGE('',*,*,#1469,.F.);
#1995=ORIENTED_EDGE('',*,*,#1470,.T.);
#1996=ORIENTED_EDGE('',*,*,#1462,.F.);
#1997=ORIENTED_EDGE('',*,*,#1439,.T.);
#1998=ORIENTED_EDGE('',*,*,#1471,.F.);
#1999=ORIENTED_EDGE('',*,*,#1447,.T.);
#2000=ORIENTED_EDGE('',*,*,#1461,.F.);
#2001=ORIENTED_EDGE('',*,*,#1433,.T.);
#2002=ORIENTED_EDGE('',*,*,#1472,.F.);
#2003=ORIENTED_EDGE('',*,*,#1441,.T.);
#2004=ORIENTED_EDGE('',*,*,#1460,.F.);
#2005=ORIENTED_EDGE('',*,*,#1427,.T.);
#2006=ORIENTED_EDGE('',*,*,#1473,.F.);
#2007=ORIENTED_EDGE('',*,*,#1435,.T.);
#2008=ORIENTED_EDGE('',*,*,#1459,.F.);
#2009=ORIENTED_EDGE('',*,*,#1421,.T.);
#2010=ORIENTED_EDGE('',*,*,#1474,.F.);
#2011=ORIENTED_EDGE('',*,*,#1429,.T.);
#2012=ORIENTED_EDGE('',*,*,#1458,.F.);
#2013=ORIENTED_EDGE('',*,*,#1415,.T.);
#2014=ORIENTED_EDGE('',*,*,#1475,.F.);
#2015=ORIENTED_EDGE('',*,*,#1423,.T.);
#2016=ORIENTED_EDGE('',*,*,#1457,.F.);
#2017=ORIENTED_EDGE('',*,*,#1409,.T.);
#2018=ORIENTED_EDGE('',*,*,#1476,.F.);
#2019=ORIENTED_EDGE('',*,*,#1417,.T.);
#2020=ORIENTED_EDGE('',*,*,#1456,.F.);
#2021=ORIENTED_EDGE('',*,*,#1403,.T.);
#2022=ORIENTED_EDGE('',*,*,#1477,.F.);
#2023=ORIENTED_EDGE('',*,*,#1411,.T.);
#2024=ORIENTED_EDGE('',*,*,#1455,.F.);
#2025=ORIENTED_EDGE('',*,*,#1397,.T.);
#2026=ORIENTED_EDGE('',*,*,#1478,.F.);
#2027=ORIENTED_EDGE('',*,*,#1405,.T.);
#2028=ORIENTED_EDGE('',*,*,#1454,.F.);
#2029=ORIENTED_EDGE('',*,*,#1391,.T.);
#2030=ORIENTED_EDGE('',*,*,#1479,.F.);
#2031=ORIENTED_EDGE('',*,*,#1399,.T.);
#2032=ORIENTED_EDGE('',*,*,#1453,.F.);
#2033=ORIENTED_EDGE('',*,*,#1385,.T.);
#2034=ORIENTED_EDGE('',*,*,#1480,.F.);
#2035=ORIENTED_EDGE('',*,*,#1393,.T.);
#2036=ORIENTED_EDGE('',*,*,#1452,.F.);
#2037=ORIENTED_EDGE('',*,*,#1379,.T.);
#2038=ORIENTED_EDGE('',*,*,#1481,.F.);
#2039=ORIENTED_EDGE('',*,*,#1387,.T.);
#2040=ORIENTED_EDGE('',*,*,#1451,.F.);
#2041=ORIENTED_EDGE('',*,*,#1373,.T.);
#2042=ORIENTED_EDGE('',*,*,#1482,.F.);
#2043=ORIENTED_EDGE('',*,*,#1381,.T.);
#2044=ORIENTED_EDGE('',*,*,#1450,.F.);
#2045=ORIENTED_EDGE('',*,*,#1367,.T.);
#2046=ORIENTED_EDGE('',*,*,#1483,.F.);
#2047=ORIENTED_EDGE('',*,*,#1375,.T.);
#2048=ORIENTED_EDGE('',*,*,#1449,.F.);
#2049=ORIENTED_EDGE('',*,*,#1361,.T.);
#2050=ORIENTED_EDGE('',*,*,#1484,.F.);
#2051=ORIENTED_EDGE('',*,*,#1369,.T.);
#2052=ORIENTED_EDGE('',*,*,#1448,.F.);
#2053=ORIENTED_EDGE('',*,*,#1444,.T.);
#2054=ORIENTED_EDGE('',*,*,#1485,.T.);
#2055=ORIENTED_EDGE('',*,*,#1486,.T.);
#2056=ORIENTED_EDGE('',*,*,#1469,.T.);
#2057=ORIENTED_EDGE('',*,*,#1438,.T.);
#2058=ORIENTED_EDGE('',*,*,#1487,.T.);
#2059=ORIENTED_EDGE('',*,*,#1442,.T.);
#2060=ORIENTED_EDGE('',*,*,#1471,.T.);
#2061=ORIENTED_EDGE('',*,*,#1432,.T.);
#2062=ORIENTED_EDGE('',*,*,#1488,.T.);
#2063=ORIENTED_EDGE('',*,*,#1436,.T.);
#2064=ORIENTED_EDGE('',*,*,#1472,.T.);
#2065=ORIENTED_EDGE('',*,*,#1426,.T.);
#2066=ORIENTED_EDGE('',*,*,#1489,.T.);
#2067=ORIENTED_EDGE('',*,*,#1430,.T.);
#2068=ORIENTED_EDGE('',*,*,#1473,.T.);
#2069=ORIENTED_EDGE('',*,*,#1420,.T.);
#2070=ORIENTED_EDGE('',*,*,#1490,.T.);
#2071=ORIENTED_EDGE('',*,*,#1424,.T.);
#2072=ORIENTED_EDGE('',*,*,#1474,.T.);
#2073=ORIENTED_EDGE('',*,*,#1414,.T.);
#2074=ORIENTED_EDGE('',*,*,#1491,.T.);
#2075=ORIENTED_EDGE('',*,*,#1418,.T.);
#2076=ORIENTED_EDGE('',*,*,#1475,.T.);
#2077=ORIENTED_EDGE('',*,*,#1408,.T.);
#2078=ORIENTED_EDGE('',*,*,#1492,.T.);
#2079=ORIENTED_EDGE('',*,*,#1412,.T.);
#2080=ORIENTED_EDGE('',*,*,#1476,.T.);
#2081=ORIENTED_EDGE('',*,*,#1402,.T.);
#2082=ORIENTED_EDGE('',*,*,#1493,.T.);
#2083=ORIENTED_EDGE('',*,*,#1406,.T.);
#2084=ORIENTED_EDGE('',*,*,#1477,.T.);
#2085=ORIENTED_EDGE('',*,*,#1396,.T.);
#2086=ORIENTED_EDGE('',*,*,#1494,.T.);
#2087=ORIENTED_EDGE('',*,*,#1400,.T.);
#2088=ORIENTED_EDGE('',*,*,#1478,.T.);
#2089=ORIENTED_EDGE('',*,*,#1390,.T.);
#2090=ORIENTED_EDGE('',*,*,#1495,.T.);
#2091=ORIENTED_EDGE('',*,*,#1394,.T.);
#2092=ORIENTED_EDGE('',*,*,#1479,.T.);
#2093=ORIENTED_EDGE('',*,*,#1384,.T.);
#2094=ORIENTED_EDGE('',*,*,#1496,.T.);
#2095=ORIENTED_EDGE('',*,*,#1388,.T.);
#2096=ORIENTED_EDGE('',*,*,#1480,.T.);
#2097=ORIENTED_EDGE('',*,*,#1378,.T.);
#2098=ORIENTED_EDGE('',*,*,#1497,.T.);
#2099=ORIENTED_EDGE('',*,*,#1382,.T.);
#2100=ORIENTED_EDGE('',*,*,#1481,.T.);
#2101=ORIENTED_EDGE('',*,*,#1372,.T.);
#2102=ORIENTED_EDGE('',*,*,#1498,.T.);
#2103=ORIENTED_EDGE('',*,*,#1376,.T.);
#2104=ORIENTED_EDGE('',*,*,#1482,.T.);
#2105=ORIENTED_EDGE('',*,*,#1366,.T.);
#2106=ORIENTED_EDGE('',*,*,#1499,.T.);
#2107=ORIENTED_EDGE('',*,*,#1370,.T.);
#2108=ORIENTED_EDGE('',*,*,#1483,.T.);
#2109=ORIENTED_EDGE('',*,*,#1360,.T.);
#2110=ORIENTED_EDGE('',*,*,#1500,.T.);
#2111=ORIENTED_EDGE('',*,*,#1364,.T.);
#2112=ORIENTED_EDGE('',*,*,#1484,.T.);
#2113=ORIENTED_EDGE('',*,*,#1501,.F.);
#2114=ORIENTED_EDGE('',*,*,#1502,.F.);
#2115=ORIENTED_EDGE('',*,*,#1463,.F.);
#2116=ORIENTED_EDGE('',*,*,#1470,.F.);
#2117=ORIENTED_EDGE('',*,*,#1486,.F.);
#2118=ORIENTED_EDGE('',*,*,#1503,.F.);
#2119=ORIENTED_EDGE('',*,*,#1363,.T.);
#2120=ORIENTED_EDGE('',*,*,#1464,.F.);
#2121=ORIENTED_EDGE('',*,*,#1502,.T.);
#2122=ORIENTED_EDGE('',*,*,#1504,.F.);
#2123=ORIENTED_EDGE('',*,*,#1359,.T.);
#2124=ORIENTED_EDGE('',*,*,#1505,.F.);
#2125=ORIENTED_EDGE('',*,*,#1503,.T.);
#2126=ORIENTED_EDGE('',*,*,#1485,.F.);
#2127=ORIENTED_EDGE('',*,*,#1443,.T.);
#2128=ORIENTED_EDGE('',*,*,#1487,.F.);
#2129=ORIENTED_EDGE('',*,*,#1437,.T.);
#2130=ORIENTED_EDGE('',*,*,#1488,.F.);
#2131=ORIENTED_EDGE('',*,*,#1431,.T.);
#2132=ORIENTED_EDGE('',*,*,#1489,.F.);
#2133=ORIENTED_EDGE('',*,*,#1425,.T.);
#2134=ORIENTED_EDGE('',*,*,#1490,.F.);
#2135=ORIENTED_EDGE('',*,*,#1419,.T.);
#2136=ORIENTED_EDGE('',*,*,#1491,.F.);
#2137=ORIENTED_EDGE('',*,*,#1413,.T.);
#2138=ORIENTED_EDGE('',*,*,#1492,.F.);
#2139=ORIENTED_EDGE('',*,*,#1407,.T.);
#2140=ORIENTED_EDGE('',*,*,#1493,.F.);
#2141=ORIENTED_EDGE('',*,*,#1401,.T.);
#2142=ORIENTED_EDGE('',*,*,#1494,.F.);
#2143=ORIENTED_EDGE('',*,*,#1395,.T.);
#2144=ORIENTED_EDGE('',*,*,#1495,.F.);
#2145=ORIENTED_EDGE('',*,*,#1389,.T.);
#2146=ORIENTED_EDGE('',*,*,#1496,.F.);
#2147=ORIENTED_EDGE('',*,*,#1383,.T.);
#2148=ORIENTED_EDGE('',*,*,#1497,.F.);
#2149=ORIENTED_EDGE('',*,*,#1377,.T.);
#2150=ORIENTED_EDGE('',*,*,#1498,.F.);
#2151=ORIENTED_EDGE('',*,*,#1371,.T.);
#2152=ORIENTED_EDGE('',*,*,#1499,.F.);
#2153=ORIENTED_EDGE('',*,*,#1365,.T.);
#2154=ORIENTED_EDGE('',*,*,#1500,.F.);
#2155=ORIENTED_EDGE('',*,*,#1506,.T.);
#2156=ORIENTED_EDGE('',*,*,#1358,.T.);
#2157=ORIENTED_EDGE('',*,*,#1504,.T.);
#2158=ORIENTED_EDGE('',*,*,#1501,.T.);
#2159=ORIENTED_EDGE('',*,*,#1505,.T.);
#2160=ORIENTED_EDGE('',*,*,#1507,.F.);
#2161=ORIENTED_EDGE('',*,*,#1508,.T.);
#2162=ORIENTED_EDGE('',*,*,#1509,.T.);
#2163=ORIENTED_EDGE('',*,*,#1508,.F.);
#2164=ORIENTED_EDGE('',*,*,#1509,.F.);
#2165=ORIENTED_EDGE('',*,*,#1510,.F.);
#2166=ORIENTED_EDGE('',*,*,#1506,.F.);
#2167=ORIENTED_EDGE('',*,*,#1511,.T.);
#2168=ORIENTED_EDGE('',*,*,#1510,.T.);
#2169=ORIENTED_EDGE('',*,*,#1511,.F.);
#2170=ORIENTED_EDGE('',*,*,#1465,.F.);
#2171=ORIENTED_EDGE('',*,*,#1512,.F.);
#2172=ORIENTED_EDGE('',*,*,#1513,.F.);
#2173=ORIENTED_EDGE('',*,*,#1350,.F.);
#2174=ORIENTED_EDGE('',*,*,#1514,.F.);
#2175=ORIENTED_EDGE('',*,*,#1515,.F.);
#2176=ORIENTED_EDGE('',*,*,#1516,.F.);
#2177=ORIENTED_EDGE('',*,*,#1514,.T.);
#2178=ORIENTED_EDGE('',*,*,#1349,.F.);
#2179=ORIENTED_EDGE('',*,*,#1353,.F.);
#2180=ORIENTED_EDGE('',*,*,#1356,.F.);
#2181=ORIENTED_EDGE('',*,*,#1517,.F.);
#2182=ORIENTED_EDGE('',*,*,#1518,.F.);
#2183=ORIENTED_EDGE('',*,*,#1342,.F.);
#2184=ORIENTED_EDGE('',*,*,#1346,.F.);
#2185=ORIENTED_EDGE('',*,*,#1355,.T.);
#2186=ORIENTED_EDGE('',*,*,#1519,.F.);
#2187=ORIENTED_EDGE('',*,*,#1520,.F.);
#2188=ORIENTED_EDGE('',*,*,#1517,.T.);
#2189=ORIENTED_EDGE('',*,*,#1468,.F.);
#2190=ORIENTED_EDGE('',*,*,#1521,.T.);
#2191=ORIENTED_EDGE('',*,*,#1512,.T.);
#2192=ORIENTED_EDGE('',*,*,#1467,.F.);
#2193=ORIENTED_EDGE('',*,*,#1522,.F.);
#2194=ORIENTED_EDGE('',*,*,#1347,.F.);
#2195=ORIENTED_EDGE('',*,*,#1344,.F.);
#2196=ORIENTED_EDGE('',*,*,#1523,.F.);
#2197=ORIENTED_EDGE('',*,*,#1519,.T.);
#2198=ORIENTED_EDGE('',*,*,#1357,.T.);
#2199=ORIENTED_EDGE('',*,*,#1354,.T.);
#2200=ORIENTED_EDGE('',*,*,#1351,.T.);
#2201=ORIENTED_EDGE('',*,*,#1513,.T.);
#2202=ORIENTED_EDGE('',*,*,#1521,.F.);
#2203=ORIENTED_EDGE('',*,*,#1518,.T.);
#2204=ORIENTED_EDGE('',*,*,#1520,.T.);
#2205=ORIENTED_EDGE('',*,*,#1523,.T.);
#2206=ORIENTED_EDGE('',*,*,#1343,.F.);
#2207=ORIENTED_EDGE('',*,*,#1524,.F.);
#2208=ORIENTED_EDGE('',*,*,#1345,.T.);
#2209=ORIENTED_EDGE('',*,*,#1522,.T.);
#2210=ORIENTED_EDGE('',*,*,#1466,.F.);
#2211=ORIENTED_EDGE('',*,*,#1515,.T.);
#2212=ORIENTED_EDGE('',*,*,#1516,.T.);
#2213=ORIENTED_EDGE('',*,*,#1525,.T.);
#2214=ORIENTED_EDGE('',*,*,#1526,.T.);
#2215=ORIENTED_EDGE('',*,*,#1527,.T.);
#2216=ORIENTED_EDGE('',*,*,#1526,.F.);
#2217=ORIENTED_EDGE('',*,*,#1528,.T.);
#2218=ORIENTED_EDGE('',*,*,#1529,.T.);
#2219=ORIENTED_EDGE('',*,*,#1527,.F.);
#2220=ORIENTED_EDGE('',*,*,#1529,.F.);
#2221=ORIENTED_EDGE('',*,*,#1525,.F.);
#2222=ORIENTED_EDGE('',*,*,#1507,.T.);
#2223=ORIENTED_EDGE('',*,*,#1530,.T.);
#2224=ORIENTED_EDGE('',*,*,#1531,.T.);
#2225=ORIENTED_EDGE('',*,*,#1532,.T.);
#2226=ORIENTED_EDGE('',*,*,#1531,.F.);
#2227=ORIENTED_EDGE('',*,*,#1528,.F.);
#2228=ORIENTED_EDGE('',*,*,#1532,.F.);
#2229=ORIENTED_EDGE('',*,*,#1533,.F.);
#2230=ORIENTED_EDGE('',*,*,#1530,.F.);
#2231=ORIENTED_EDGE('',*,*,#1534,.F.);
#2232=ORIENTED_EDGE('',*,*,#1535,.T.);
#2233=ORIENTED_EDGE('',*,*,#1533,.T.);
#2234=ORIENTED_EDGE('',*,*,#1535,.F.);
#2235=ORIENTED_EDGE('',*,*,#1524,.T.);
#2236=ORIENTED_EDGE('',*,*,#1536,.T.);
#2237=ORIENTED_EDGE('',*,*,#1537,.F.);
#2238=ORIENTED_EDGE('',*,*,#1536,.F.);
#2239=ORIENTED_EDGE('',*,*,#1537,.T.);
#2240=ORIENTED_EDGE('',*,*,#1534,.T.);
#2241=ORIENTED_EDGE('',*,*,#1538,.F.);
#2242=ORIENTED_EDGE('',*,*,#1539,.T.);
#2243=ORIENTED_EDGE('',*,*,#1540,.F.);
#2244=ORIENTED_EDGE('',*,*,#1541,.F.);
#2245=ORIENTED_EDGE('',*,*,#1542,.F.);
#2246=ORIENTED_EDGE('',*,*,#1541,.T.);
#2247=ORIENTED_EDGE('',*,*,#1543,.F.);
#2248=ORIENTED_EDGE('',*,*,#1544,.F.);
#2249=ORIENTED_EDGE('',*,*,#1545,.F.);
#2250=ORIENTED_EDGE('',*,*,#1544,.T.);
#2251=ORIENTED_EDGE('',*,*,#1546,.F.);
#2252=ORIENTED_EDGE('',*,*,#1547,.F.);
#2253=ORIENTED_EDGE('',*,*,#1548,.F.);
#2254=ORIENTED_EDGE('',*,*,#1547,.T.);
#2255=ORIENTED_EDGE('',*,*,#1549,.F.);
#2256=ORIENTED_EDGE('',*,*,#1539,.F.);
#2257=ORIENTED_EDGE('',*,*,#1548,.T.);
#2258=ORIENTED_EDGE('',*,*,#1538,.T.);
#2259=ORIENTED_EDGE('',*,*,#1542,.T.);
#2260=ORIENTED_EDGE('',*,*,#1545,.T.);
#2261=ORIENTED_EDGE('',*,*,#1549,.T.);
#2262=ORIENTED_EDGE('',*,*,#1546,.T.);
#2263=ORIENTED_EDGE('',*,*,#1543,.T.);
#2264=ORIENTED_EDGE('',*,*,#1540,.T.);
#2265=ORIENTED_EDGE('',*,*,#1550,.F.);
#2266=ORIENTED_EDGE('',*,*,#1551,.T.);
#2267=ORIENTED_EDGE('',*,*,#1552,.F.);
#2268=ORIENTED_EDGE('',*,*,#1551,.F.);
#2269=ORIENTED_EDGE('',*,*,#1552,.T.);
#2270=ORIENTED_EDGE('',*,*,#1550,.T.);
#2271=ORIENTED_EDGE('',*,*,#1553,.F.);
#2272=ORIENTED_EDGE('',*,*,#1554,.T.);
#2273=ORIENTED_EDGE('',*,*,#1553,.T.);
#2274=ORIENTED_EDGE('',*,*,#1554,.F.);
#2275=CYLINDRICAL_SURFACE('',#2578,0.9338125);
#2276=CYLINDRICAL_SURFACE('',#2580,0.9338125);
#2277=CYLINDRICAL_SURFACE('',#2582,1.015);
#2278=CYLINDRICAL_SURFACE('',#2584,1.015);
#2279=CYLINDRICAL_SURFACE('',#2585,1.015);
#2280=CYLINDRICAL_SURFACE('',#2586,0.0499999999999998);
#2281=CYLINDRICAL_SURFACE('',#2593,0.0499999999999998);
#2282=CYLINDRICAL_SURFACE('',#2612,0.8);
#2283=CYLINDRICAL_SURFACE('',#2617,1.015);
#2284=CYLINDRICAL_SURFACE('',#2618,0.9338125);
#2285=CYLINDRICAL_SURFACE('',#2625,0.715);
#2286=CYLINDRICAL_SURFACE('',#2629,0.3915);
#2287=CYLINDRICAL_SURFACE('',#2632,0.3915);
#2288=CYLINDRICAL_SURFACE('',#2634,0.3365);
#2289=CYLINDRICAL_SURFACE('',#2638,0.5);
#2290=CYLINDRICAL_SURFACE('',#2642,0.95);
#2291=CYLINDRICAL_SURFACE('',#2646,1.2);
#2292=CYLINDRICAL_SURFACE('',#2657,0.1);
#2293=CYLINDRICAL_SURFACE('',#2664,0.1);
#2294=CYLINDRICAL_SURFACE('',#2665,0.1);
#2295=CYLINDRICAL_SURFACE('',#2666,0.1);
#2296=CYLINDRICAL_SURFACE('',#2670,0.985);
#2297=CYLINDRICAL_SURFACE('',#2672,0.985);
#2298=CYLINDRICAL_SURFACE('',#2673,0.9038125);
#2299=CYLINDRICAL_SURFACE('',#2674,0.9038125);
#2300=CYLINDRICAL_SURFACE('',#2675,0.9038125);
#2301=CYLINDRICAL_SURFACE('',#2676,0.1);
#2302=CYLINDRICAL_SURFACE('',#2679,0.1);
#2303=CYLINDRICAL_SURFACE('',#2682,0.1);
#2304=CYLINDRICAL_SURFACE('',#2685,0.1);
#2305=CYLINDRICAL_SURFACE('',#2688,0.1);
#2306=CYLINDRICAL_SURFACE('',#2691,0.1);
#2307=CYLINDRICAL_SURFACE('',#2694,0.1);
#2308=CYLINDRICAL_SURFACE('',#2697,0.1);
#2309=CYLINDRICAL_SURFACE('',#2700,0.1);
#2310=CYLINDRICAL_SURFACE('',#2703,0.1);
#2311=CYLINDRICAL_SURFACE('',#2706,0.1);
#2312=CYLINDRICAL_SURFACE('',#2709,0.1);
#2313=CYLINDRICAL_SURFACE('',#2712,0.1);
#2314=CYLINDRICAL_SURFACE('',#2715,0.1);
#2315=CYLINDRICAL_SURFACE('',#2718,0.1);
#2316=CYLINDRICAL_SURFACE('',#2741,1.2);
#2317=CYLINDRICAL_SURFACE('',#2743,1.2);
#2318=CYLINDRICAL_SURFACE('',#2745,1.2);
#2319=CYLINDRICAL_SURFACE('',#2747,1.2);
#2320=CYLINDRICAL_SURFACE('',#2749,1.2);
#2321=CYLINDRICAL_SURFACE('',#2751,1.2);
#2322=CYLINDRICAL_SURFACE('',#2753,1.2);
#2323=CYLINDRICAL_SURFACE('',#2755,1.2);
#2324=CYLINDRICAL_SURFACE('',#2757,1.2);
#2325=CYLINDRICAL_SURFACE('',#2759,1.2);
#2326=CYLINDRICAL_SURFACE('',#2761,1.2);
#2327=CYLINDRICAL_SURFACE('',#2763,1.2);
#2328=CYLINDRICAL_SURFACE('',#2765,1.2);
#2329=CYLINDRICAL_SURFACE('',#2767,1.2);
#2330=CYLINDRICAL_SURFACE('',#2769,1.2);
#2331=CYLINDRICAL_SURFACE('',#2801,0.1);
#2332=CYLINDRICAL_SURFACE('',#2803,1.2);
#2333=CYLINDRICAL_SURFACE('',#2809,0.61);
#2334=CYLINDRICAL_SURFACE('',#2814,0.5);
#2335=CYLINDRICAL_SURFACE('',#2816,0.9038125);
#2336=CYLINDRICAL_SURFACE('',#2818,0.995);
#2337=CYLINDRICAL_SURFACE('',#2821,0.985);
#2338=CYLINDRICAL_SURFACE('',#2825,0.7);
#2339=CYLINDRICAL_SURFACE('',#2828,0.6);
#2340=CYLINDRICAL_SURFACE('',#2834,0.7);
#2341=CYLINDRICAL_SURFACE('',#2836,0.8938125);
#2342=CYLINDRICAL_SURFACE('',#2847,0.6);
#2343=ADVANCED_FACE('',(#150),#2275,.F.);
#2344=ADVANCED_FACE('',(#151),#2276,.F.);
#2345=ADVANCED_FACE('',(#152),#2277,.F.);
#2346=ADVANCED_FACE('',(#153),#2278,.F.);
#2347=ADVANCED_FACE('',(#154),#2279,.F.);
#2348=ADVANCED_FACE('',(#155),#2280,.F.);
#2349=ADVANCED_FACE('',(#156),#105,.F.);
#2350=ADVANCED_FACE('',(#157),#2281,.F.);
#2351=ADVANCED_FACE('',(#158,#86),#106,.F.);
#2352=ADVANCED_FACE('',(#159),#107,.F.);
#2353=ADVANCED_FACE('',(#160),#108,.F.);
#2354=ADVANCED_FACE('',(#161),#109,.F.);
#2355=ADVANCED_FACE('',(#162),#110,.F.);
#2356=ADVANCED_FACE('',(#163),#111,.F.);
#2357=ADVANCED_FACE('',(#164),#66,.F.);
#2358=ADVANCED_FACE('',(#165,#87),#112,.T.);
#2359=ADVANCED_FACE('',(#166),#2282,.F.);
#2360=ADVANCED_FACE('',(#167,#88),#113,.T.);
#2361=ADVANCED_FACE('',(#168),#58,.F.);
#2362=ADVANCED_FACE('',(#169),#114,.T.);
#2363=ADVANCED_FACE('',(#170),#2283,.F.);
#2364=ADVANCED_FACE('',(#171),#59,.F.);
#2365=ADVANCED_FACE('',(#172),#2284,.F.);
#2366=ADVANCED_FACE('',(#173),#67,.F.);
#2367=ADVANCED_FACE('',(#174),#68,.F.);
#2368=ADVANCED_FACE('',(#175,#89),#115,.T.);
#2369=ADVANCED_FACE('',(#176),#2285,.F.);
#2370=ADVANCED_FACE('',(#177,#90),#116,.T.);
#2371=ADVANCED_FACE('',(#178),#117,.F.);
#2372=ADVANCED_FACE('',(#179),#60,.T.);
#2373=ADVANCED_FACE('',(#180),#2286,.T.);
#2374=ADVANCED_FACE('',(#181),#61,.T.);
#2375=ADVANCED_FACE('',(#182),#118,.T.);
#2376=ADVANCED_FACE('',(#183),#119,.F.);
#2377=ADVANCED_FACE('',(#184),#62,.T.);
#2378=ADVANCED_FACE('',(#185),#2287,.T.);
#2379=ADVANCED_FACE('',(#186),#63,.T.);
#2380=ADVANCED_FACE('',(#187),#120,.T.);
#2381=ADVANCED_FACE('',(#188),#2288,.T.);
#2382=ADVANCED_FACE('',(#189,#91),#121,.T.);
#2383=ADVANCED_FACE('',(#190),#2289,.T.);
#2384=ADVANCED_FACE('',(#191,#92),#122,.T.);
#2385=ADVANCED_FACE('',(#192),#2290,.T.);
#2386=ADVANCED_FACE('',(#193,#93),#123,.T.);
#2387=ADVANCED_FACE('',(#194),#2291,.T.);
#2388=ADVANCED_FACE('',(#195),#124,.F.);
#2389=ADVANCED_FACE('',(#196),#125,.F.);
#2390=ADVANCED_FACE('',(#197),#126,.T.);
#2391=ADVANCED_FACE('',(#198),#127,.F.);
#2392=ADVANCED_FACE('',(#199),#128,.F.);
#2393=ADVANCED_FACE('',(#200),#2292,.T.);
#2394=ADVANCED_FACE('',(#201),#129,.T.);
#2395=ADVANCED_FACE('',(#202,#94,#95,#96),#130,.T.);
#2396=ADVANCED_FACE('',(#203),#2293,.T.);
#2397=ADVANCED_FACE('',(#204),#2294,.T.);
#2398=ADVANCED_FACE('',(#205),#2295,.T.);
#2399=ADVANCED_FACE('',(#206),#131,.T.);
#2400=ADVANCED_FACE('',(#207),#132,.T.);
#2401=ADVANCED_FACE('',(#208),#2296,.T.);
#2402=ADVANCED_FACE('',(#209),#2297,.T.);
#2403=ADVANCED_FACE('',(#210),#2298,.T.);
#2404=ADVANCED_FACE('',(#211),#2299,.T.);
#2405=ADVANCED_FACE('',(#212),#2300,.T.);
#2406=ADVANCED_FACE('',(#213),#2301,.F.);
#2407=ADVANCED_FACE('',(#214),#2302,.F.);
#2408=ADVANCED_FACE('',(#215),#2303,.F.);
#2409=ADVANCED_FACE('',(#216),#2304,.F.);
#2410=ADVANCED_FACE('',(#217),#2305,.F.);
#2411=ADVANCED_FACE('',(#218),#2306,.F.);
#2412=ADVANCED_FACE('',(#219),#2307,.F.);
#2413=ADVANCED_FACE('',(#220),#2308,.F.);
#2414=ADVANCED_FACE('',(#221),#2309,.F.);
#2415=ADVANCED_FACE('',(#222),#2310,.F.);
#2416=ADVANCED_FACE('',(#223),#2311,.F.);
#2417=ADVANCED_FACE('',(#224),#2312,.F.);
#2418=ADVANCED_FACE('',(#225),#2313,.F.);
#2419=ADVANCED_FACE('',(#226),#2314,.F.);
#2420=ADVANCED_FACE('',(#227),#2315,.F.);
#2421=ADVANCED_FACE('',(#228,#97),#133,.F.);
#2422=ADVANCED_FACE('',(#229),#2316,.T.);
#2423=ADVANCED_FACE('',(#230),#2317,.T.);
#2424=ADVANCED_FACE('',(#231),#2318,.T.);
#2425=ADVANCED_FACE('',(#232),#2319,.T.);
#2426=ADVANCED_FACE('',(#233),#2320,.T.);
#2427=ADVANCED_FACE('',(#234),#2321,.T.);
#2428=ADVANCED_FACE('',(#235),#2322,.T.);
#2429=ADVANCED_FACE('',(#236),#2323,.T.);
#2430=ADVANCED_FACE('',(#237),#2324,.T.);
#2431=ADVANCED_FACE('',(#238),#2325,.T.);
#2432=ADVANCED_FACE('',(#239),#2326,.T.);
#2433=ADVANCED_FACE('',(#240),#2327,.T.);
#2434=ADVANCED_FACE('',(#241),#2328,.T.);
#2435=ADVANCED_FACE('',(#242),#2329,.T.);
#2436=ADVANCED_FACE('',(#243),#2330,.T.);
#2437=ADVANCED_FACE('',(#244),#69,.T.);
#2438=ADVANCED_FACE('',(#245),#70,.T.);
#2439=ADVANCED_FACE('',(#246),#71,.T.);
#2440=ADVANCED_FACE('',(#247),#72,.T.);
#2441=ADVANCED_FACE('',(#248),#73,.T.);
#2442=ADVANCED_FACE('',(#249),#74,.T.);
#2443=ADVANCED_FACE('',(#250),#75,.T.);
#2444=ADVANCED_FACE('',(#251),#76,.T.);
#2445=ADVANCED_FACE('',(#252),#77,.T.);
#2446=ADVANCED_FACE('',(#253),#78,.T.);
#2447=ADVANCED_FACE('',(#254),#79,.T.);
#2448=ADVANCED_FACE('',(#255),#80,.T.);
#2449=ADVANCED_FACE('',(#256),#81,.T.);
#2450=ADVANCED_FACE('',(#257),#82,.T.);
#2451=ADVANCED_FACE('',(#258),#83,.T.);
#2452=ADVANCED_FACE('',(#259),#2331,.F.);
#2453=ADVANCED_FACE('',(#260),#2332,.T.);
#2454=ADVANCED_FACE('',(#261,#98),#134,.T.);
#2455=ADVANCED_FACE('',(#262),#84,.T.);
#2456=ADVANCED_FACE('',(#263),#2333,.F.);
#2457=ADVANCED_FACE('',(#264,#99),#135,.F.);
#2458=ADVANCED_FACE('',(#265),#2334,.F.);
#2459=ADVANCED_FACE('',(#266),#136,.F.);
#2460=ADVANCED_FACE('',(#267),#64,.F.);
#2461=ADVANCED_FACE('',(#268),#2335,.T.);
#2462=ADVANCED_FACE('',(#269),#2336,.F.);
#2463=ADVANCED_FACE('',(#270),#65,.F.);
#2464=ADVANCED_FACE('',(#271,#100),#137,.F.);
#2465=ADVANCED_FACE('',(#272),#2337,.T.);
#2466=ADVANCED_FACE('',(#273),#85,.T.);
#2467=ADVANCED_FACE('',(#274),#2338,.T.);
#2468=ADVANCED_FACE('',(#275,#101),#138,.F.);
#2469=ADVANCED_FACE('',(#276),#2339,.T.);
#2470=ADVANCED_FACE('',(#277,#102),#139,.T.);
#2471=ADVANCED_FACE('',(#278,#103),#140,.F.);
#2472=ADVANCED_FACE('',(#279),#2340,.T.);
#2473=ADVANCED_FACE('',(#280),#2341,.T.);
#2474=ADVANCED_FACE('',(#281,#104),#141,.F.);
#2475=ADVANCED_FACE('',(#282),#142,.T.);
#2476=ADVANCED_FACE('',(#283),#143,.T.);
#2477=ADVANCED_FACE('',(#284),#144,.T.);
#2478=ADVANCED_FACE('',(#285),#145,.T.);
#2479=ADVANCED_FACE('',(#286),#146,.T.);
#2480=ADVANCED_FACE('',(#287),#147,.T.);
#2481=ADVANCED_FACE('',(#288),#2342,.T.);
#2482=ADVANCED_FACE('',(#289),#148,.F.);
#2483=ADVANCED_FACE('',(#290),#149,.T.);
#2484=ADVANCED_FACE('',(#291),#31,.T.);
#2485=CLOSED_SHELL('',(#2343,#2344,#2345,#2346,#2347,#2348,#2349,#2350,
#2351,#2352,#2353,#2354,#2355,#2356,#2357,#2358,#2359,#2360,#2361,#2362,
#2363,#2364,#2365,#2366,#2367,#2368,#2369,#2370,#2371,#2372,#2373,#2374,
#2375,#2376,#2377,#2378,#2379,#2380,#2381,#2382,#2383,#2384,#2385,#2386,
#2387,#2388,#2389,#2390,#2391,#2392,#2393,#2394,#2395,#2396,#2397,#2398,
#2399,#2400));
#2486=CLOSED_SHELL('',(#2401,#2402,#2403,#2404,#2405,#2406,#2407,#2408,
#2409,#2410,#2411,#2412,#2413,#2414,#2415,#2416,#2417,#2418,#2419,#2420,
#2421,#2422,#2423,#2424,#2425,#2426,#2427,#2428,#2429,#2430,#2431,#2432,
#2433,#2434,#2435,#2436,#2437,#2438,#2439,#2440,#2441,#2442,#2443,#2444,
#2445,#2446,#2447,#2448,#2449,#2450,#2451,#2452,#2453,#2454,#2455,#2456,
#2457,#2458,#2459,#2460,#2461,#2462,#2463,#2464,#2465,#2466,#2467,#2468,
#2469,#2470,#2471,#2472,#2473,#2474));
#2487=CLOSED_SHELL('',(#2475,#2476,#2477,#2478,#2479,#2480));
#2488=CLOSED_SHELL('',(#2481,#2482,#2483));
#2489=CLOSED_SHELL('',(#2484));
#2490=DERIVED_UNIT_ELEMENT(#2501,1.);
#2491=DERIVED_UNIT_ELEMENT(#6192,-3.);
#2492=DERIVED_UNIT_ELEMENT(#2501,1.);
#2493=DERIVED_UNIT_ELEMENT(#6192,-3.);
#2494=DERIVED_UNIT_ELEMENT(#2501,1.);
#2495=DERIVED_UNIT_ELEMENT(#6192,-3.);
#2496=DERIVED_UNIT_ELEMENT(#2501,1.);
#2497=DERIVED_UNIT_ELEMENT(#6192,-3.);
#2498=DERIVED_UNIT_ELEMENT(#2501,1.);
#2499=DERIVED_UNIT_ELEMENT(#6192,-3.);
#2500=DIMENSIONAL_EXPONENTS(0.,1.,0.,0.,0.,0.,0.);
#2501=(
CONVERSION_BASED_UNIT('gram',#2503)
MASS_UNIT()
NAMED_UNIT(#2500)
);
#2502=(
MASS_UNIT()
NAMED_UNIT(*)
SI_UNIT(.KILO.,.GRAM.)
);
#2503=MASS_MEASURE_WITH_UNIT(MASS_MEASURE(0.001),#2502);
#2504=DERIVED_UNIT((#2490,#2491));
#2505=DERIVED_UNIT((#2492,#2493));
#2506=DERIVED_UNIT((#2494,#2495));
#2507=DERIVED_UNIT((#2496,#2497));
#2508=DERIVED_UNIT((#2498,#2499));
#2509=MEASURE_REPRESENTATION_ITEM('density measure',
POSITIVE_RATIO_MEASURE(1.),#2504);
#2510=MEASURE_REPRESENTATION_ITEM('density measure',
POSITIVE_RATIO_MEASURE(1.),#2505);
#2511=MEASURE_REPRESENTATION_ITEM('density measure',
POSITIVE_RATIO_MEASURE(1.),#2506);
#2512=MEASURE_REPRESENTATION_ITEM('density measure',
POSITIVE_RATIO_MEASURE(1.),#2507);
#2513=MEASURE_REPRESENTATION_ITEM('density measure',
POSITIVE_RATIO_MEASURE(1.25),#2508);
#2514=PROPERTY_DEFINITION_REPRESENTATION(#2539,#2524);
#2515=PROPERTY_DEFINITION_REPRESENTATION(#2540,#2525);
#2516=PROPERTY_DEFINITION_REPRESENTATION(#2541,#2526);
#2517=PROPERTY_DEFINITION_REPRESENTATION(#2542,#2527);
#2518=PROPERTY_DEFINITION_REPRESENTATION(#2543,#2528);
#2519=PROPERTY_DEFINITION_REPRESENTATION(#2544,#2529);
#2520=PROPERTY_DEFINITION_REPRESENTATION(#2545,#2530);
#2521=PROPERTY_DEFINITION_REPRESENTATION(#2546,#2531);
#2522=PROPERTY_DEFINITION_REPRESENTATION(#2547,#2532);
#2523=PROPERTY_DEFINITION_REPRESENTATION(#2548,#2533);
#2524=REPRESENTATION('material name',(#2534),#6186);
#2525=REPRESENTATION('density',(#2509),#6186);
#2526=REPRESENTATION('material name',(#2535),#6187);
#2527=REPRESENTATION('density',(#2510),#6187);
#2528=REPRESENTATION('material name',(#2536),#6188);
#2529=REPRESENTATION('density',(#2511),#6188);
#2530=REPRESENTATION('material name',(#2537),#6189);
#2531=REPRESENTATION('density',(#2512),#6189);
#2532=REPRESENTATION('material name',(#2538),#6190);
#2533=REPRESENTATION('density',(#2513),#6190);
#2534=DESCRIPTIVE_REPRESENTATION_ITEM('Generic','Generic');
#2535=DESCRIPTIVE_REPRESENTATION_ITEM('Generic','Generic');
#2536=DESCRIPTIVE_REPRESENTATION_ITEM('Generic','Generic');
#2537=DESCRIPTIVE_REPRESENTATION_ITEM('Generic','Generic');
#2538=DESCRIPTIVE_REPRESENTATION_ITEM('Rubber, Silicone',
'Rubber, Silicone');
#2539=PROPERTY_DEFINITION('material property','material name',#6221);
#2540=PROPERTY_DEFINITION('material property','density of part',#6221);
#2541=PROPERTY_DEFINITION('material property','material name',#6222);
#2542=PROPERTY_DEFINITION('material property','density of part',#6222);
#2543=PROPERTY_DEFINITION('material property','material name',#6223);
#2544=PROPERTY_DEFINITION('material property','density of part',#6223);
#2545=PROPERTY_DEFINITION('material property','material name',#6224);
#2546=PROPERTY_DEFINITION('material property','density of part',#6224);
#2547=PROPERTY_DEFINITION('material property','material name',#6225);
#2548=PROPERTY_DEFINITION('material property','density of part',#6225);
#2549=PRESENTATION_STYLE_ASSIGNMENT((#2552));
#2550=PRESENTATION_STYLE_ASSIGNMENT((#2553));
#2551=PRESENTATION_STYLE_ASSIGNMENT((#2554));
#2552=SURFACE_STYLE_USAGE(.BOTH.,#2561);
#2553=SURFACE_STYLE_USAGE(.BOTH.,#2562);
#2554=SURFACE_STYLE_USAGE(.BOTH.,#2563);
#2555=SURFACE_STYLE_RENDERING_WITH_PROPERTIES($,#2573,(#2558));
#2556=SURFACE_STYLE_RENDERING_WITH_PROPERTIES($,#2574,(#2559));
#2557=SURFACE_STYLE_RENDERING_WITH_PROPERTIES($,#2575,(#2560));
#2558=SURFACE_STYLE_TRANSPARENT(0.);
#2559=SURFACE_STYLE_TRANSPARENT(0.599999994039536);
#2560=SURFACE_STYLE_TRANSPARENT(0.);
#2561=SURFACE_SIDE_STYLE('',(#2564,#2555));
#2562=SURFACE_SIDE_STYLE('',(#2565,#2556));
#2563=SURFACE_SIDE_STYLE('',(#2566,#2557));
#2564=SURFACE_STYLE_FILL_AREA(#2567);
#2565=SURFACE_STYLE_FILL_AREA(#2568);
#2566=SURFACE_STYLE_FILL_AREA(#2569);
#2567=FILL_AREA_STYLE('',(#2570));
#2568=FILL_AREA_STYLE('',(#2571));
#2569=FILL_AREA_STYLE('',(#2572));
#2570=FILL_AREA_STYLE_COLOUR('',#2573);
#2571=FILL_AREA_STYLE_COLOUR('',#2574);
#2572=FILL_AREA_STYLE_COLOUR('',#2575);
#2573=COLOUR_RGB('',0.0196078431372549,0.0196078431372549,0.0196078431372549);
#2574=COLOUR_RGB('',0.898039215686275,0.898039215686275,0.898039215686275);
#2575=COLOUR_RGB('',0.250980392156863,0.250980392156863,0.250980392156863);
#2576=AXIS2_PLACEMENT_3D('',#3576,#2861,#2862);
#2577=AXIS2_PLACEMENT_3D('',#3577,#2863,#2864);
#2578=AXIS2_PLACEMENT_3D('',#3578,#2865,#2866);
#2579=AXIS2_PLACEMENT_3D('',#3596,#2868,#2869);
#2580=AXIS2_PLACEMENT_3D('',#3637,#2870,#2871);
#2581=AXIS2_PLACEMENT_3D('',#3645,#2875,#2876);
#2582=AXIS2_PLACEMENT_3D('',#3662,#2877,#2878);
#2583=AXIS2_PLACEMENT_3D('',#3674,#2880,#2881);
#2584=AXIS2_PLACEMENT_3D('',#3682,#2882,#2883);
#2585=AXIS2_PLACEMENT_3D('',#3719,#2885,#2886);
#2586=AXIS2_PLACEMENT_3D('',#3746,#2889,#2890);
#2587=AXIS2_PLACEMENT_3D('',#3751,#2892,#2893);
#2588=AXIS2_PLACEMENT_3D('',#3755,#2895,#2896);
#2589=AXIS2_PLACEMENT_3D('',#3758,#2898,#2899);
#2590=AXIS2_PLACEMENT_3D('',#3759,#2900,#2901);
#2591=AXIS2_PLACEMENT_3D('',#3760,#2902,#2903);
#2592=AXIS2_PLACEMENT_3D('',#3764,#2905,#2906);
#2593=AXIS2_PLACEMENT_3D('',#3766,#2908,#2909);
#2594=AXIS2_PLACEMENT_3D('',#3771,#2911,#2912);
#2595=AXIS2_PLACEMENT_3D('',#3775,#2914,#2915);
#2596=AXIS2_PLACEMENT_3D('',#3778,#2917,#2918);
#2597=AXIS2_PLACEMENT_3D('',#3779,#2919,#2920);
#2598=AXIS2_PLACEMENT_3D('',#3780,#2921,#2922);
#2599=AXIS2_PLACEMENT_3D('',#3792,#2928,#2929);
#2600=AXIS2_PLACEMENT_3D('',#3797,#2932,#2933);
#2601=AXIS2_PLACEMENT_3D('',#3799,#2935,#2936);
#2602=AXIS2_PLACEMENT_3D('',#3801,#2938,#2939);
#2603=AXIS2_PLACEMENT_3D('',#3803,#2941,#2942);
#2604=AXIS2_PLACEMENT_3D('',#3807,#2945,#2946);
#2605=AXIS2_PLACEMENT_3D('',#3811,#2948,#2949);
#2606=AXIS2_PLACEMENT_3D('',#3812,#2950,#2951);
#2607=AXIS2_PLACEMENT_3D('',#3813,#2952,#2953);
#2608=AXIS2_PLACEMENT_3D('',#3815,#2955,#2956);
#2609=AXIS2_PLACEMENT_3D('',#3817,#2957,#2958);
#2610=AXIS2_PLACEMENT_3D('',#3820,#2960,#2961);
#2611=AXIS2_PLACEMENT_3D('',#3821,#2962,#2963);
#2612=AXIS2_PLACEMENT_3D('',#3822,#2964,#2965);
#2613=AXIS2_PLACEMENT_3D('',#3824,#2966,#2967);
#2614=AXIS2_PLACEMENT_3D('',#3827,#2969,#2970);
#2615=AXIS2_PLACEMENT_3D('',#3828,#2971,#2972);
#2616=AXIS2_PLACEMENT_3D('',#4206,#2974,#2975);
#2617=AXIS2_PLACEMENT_3D('',#4208,#2977,#2978);
#2618=AXIS2_PLACEMENT_3D('',#4461,#2979,#2980);
#2619=AXIS2_PLACEMENT_3D('',#4462,#2981,#2982);
#2620=AXIS2_PLACEMENT_3D('',#4463,#2983,#2984);
#2621=AXIS2_PLACEMENT_3D('',#4464,#2985,#2986);
#2622=AXIS2_PLACEMENT_3D('',#4466,#2987,#2988);
#2623=AXIS2_PLACEMENT_3D('',#4469,#2990,#2991);
#2624=AXIS2_PLACEMENT_3D('',#4470,#2992,#2993);
#2625=AXIS2_PLACEMENT_3D('',#4471,#2994,#2995);
#2626=AXIS2_PLACEMENT_3D('',#4473,#2997,#2998);
#2627=AXIS2_PLACEMENT_3D('',#4475,#2999,#3000);
#2628=AXIS2_PLACEMENT_3D('',#4476,#3001,#3002);
#2629=AXIS2_PLACEMENT_3D('',#4536,#3008,#3009);
#2630=AXIS2_PLACEMENT_3D('',#4583,#3012,#3013);
#2631=AXIS2_PLACEMENT_3D('',#4585,#3015,#3016);
#2632=AXIS2_PLACEMENT_3D('',#4645,#3022,#3023);
#2633=AXIS2_PLACEMENT_3D('',#4692,#3026,#3027);
#2634=AXIS2_PLACEMENT_3D('',#4694,#3029,#3030);
#2635=AXIS2_PLACEMENT_3D('',#4696,#3031,#3032);
#2636=AXIS2_PLACEMENT_3D('',#4701,#3036,#3037);
#2637=AXIS2_PLACEMENT_3D('',#4702,#3038,#3039);
#2638=AXIS2_PLACEMENT_3D('',#4703,#3040,#3041);
#2639=AXIS2_PLACEMENT_3D('',#4705,#3042,#3043);
#2640=AXIS2_PLACEMENT_3D('',#4708,#3045,#3046);
#2641=AXIS2_PLACEMENT_3D('',#4709,#3047,#3048);
#2642=AXIS2_PLACEMENT_3D('',#4710,#3049,#3050);
#2643=AXIS2_PLACEMENT_3D('',#4712,#3051,#3052);
#2644=AXIS2_PLACEMENT_3D('',#4715,#3054,#3055);
#2645=AXIS2_PLACEMENT_3D('',#4716,#3056,#3057);
#2646=AXIS2_PLACEMENT_3D('',#4717,#3058,#3059);
#2647=AXIS2_PLACEMENT_3D('',#4720,#3061,#3062);
#2648=AXIS2_PLACEMENT_3D('',#4721,#3063,#3064);
#2649=AXIS2_PLACEMENT_3D('',#4727,#3068,#3069);
#2650=AXIS2_PLACEMENT_3D('',#4733,#3073,#3074);
#2651=AXIS2_PLACEMENT_3D('',#4743,#3080,#3081);
#2652=AXIS2_PLACEMENT_3D('',#4747,#3083,#3084);
#2653=AXIS2_PLACEMENT_3D('',#4750,#3086,#3087);
#2654=AXIS2_PLACEMENT_3D('',#4751,#3088,#3089);
#2655=AXIS2_PLACEMENT_3D('',#4753,#3090,#3091);
#2656=AXIS2_PLACEMENT_3D('',#4757,#3093,#3094);
#2657=AXIS2_PLACEMENT_3D('',#4759,#3096,#3097);
#2658=AXIS2_PLACEMENT_3D('',#4762,#3098,#3099);
#2659=AXIS2_PLACEMENT_3D('',#4765,#3102,#3103);
#2660=AXIS2_PLACEMENT_3D('',#4769,#3106,#3107);
#2661=AXIS2_PLACEMENT_3D('',#4772,#3109,#3110);
#2662=AXIS2_PLACEMENT_3D('',#4774,#3111,#3112);
#2663=AXIS2_PLACEMENT_3D('',#4777,#3114,#3115);
#2664=AXIS2_PLACEMENT_3D('',#4778,#3116,#3117);
#2665=AXIS2_PLACEMENT_3D('',#4780,#3119,#3120);
#2666=AXIS2_PLACEMENT_3D('',#4782,#3122,#3123);
#2667=AXIS2_PLACEMENT_3D('',#4784,#3125,#3126);
#2668=AXIS2_PLACEMENT_3D('',#4785,#3127,#3128);
#2669=AXIS2_PLACEMENT_3D('',#4786,#3129,#3130);
#2670=AXIS2_PLACEMENT_3D('',#4787,#3131,#3132);
#2671=AXIS2_PLACEMENT_3D('',#4824,#3134,#3135);
#2672=AXIS2_PLACEMENT_3D('',#4836,#3136,#3137);
#2673=AXIS2_PLACEMENT_3D('',#4899,#3139,#3140);
#2674=AXIS2_PLACEMENT_3D('',#4914,#3143,#3144);
#2675=AXIS2_PLACEMENT_3D('',#4952,#3146,#3147);
#2676=AXIS2_PLACEMENT_3D('',#4989,#3149,#3150);
#2677=AXIS2_PLACEMENT_3D('',#5002,#3151,#3152);
#2678=AXIS2_PLACEMENT_3D('',#5015,#3154,#3155);
#2679=AXIS2_PLACEMENT_3D('',#5017,#3157,#3158);
#2680=AXIS2_PLACEMENT_3D('',#5030,#3159,#3160);
#2681=AXIS2_PLACEMENT_3D('',#5043,#3162,#3163);
#2682=AXIS2_PLACEMENT_3D('',#5045,#3165,#3166);
#2683=AXIS2_PLACEMENT_3D('',#5058,#3167,#3168);
#2684=AXIS2_PLACEMENT_3D('',#5071,#3170,#3171);
#2685=AXIS2_PLACEMENT_3D('',#5073,#3173,#3174);
#2686=AXIS2_PLACEMENT_3D('',#5086,#3175,#3176);
#2687=AXIS2_PLACEMENT_3D('',#5099,#3178,#3179);
#2688=AXIS2_PLACEMENT_3D('',#5101,#3181,#3182);
#2689=AXIS2_PLACEMENT_3D('',#5114,#3183,#3184);
#2690=AXIS2_PLACEMENT_3D('',#5127,#3186,#3187);
#2691=AXIS2_PLACEMENT_3D('',#5129,#3189,#3190);
#2692=AXIS2_PLACEMENT_3D('',#5142,#3191,#3192);
#2693=AXIS2_PLACEMENT_3D('',#5155,#3194,#3195);
#2694=AXIS2_PLACEMENT_3D('',#5157,#3197,#3198);
#2695=AXIS2_PLACEMENT_3D('',#5170,#3199,#3200);
#2696=AXIS2_PLACEMENT_3D('',#5183,#3202,#3203);
#2697=AXIS2_PLACEMENT_3D('',#5185,#3205,#3206);
#2698=AXIS2_PLACEMENT_3D('',#5198,#3207,#3208);
#2699=AXIS2_PLACEMENT_3D('',#5211,#3210,#3211);
#2700=AXIS2_PLACEMENT_3D('',#5213,#3213,#3214);
#2701=AXIS2_PLACEMENT_3D('',#5226,#3215,#3216);
#2702=AXIS2_PLACEMENT_3D('',#5239,#3218,#3219);
#2703=AXIS2_PLACEMENT_3D('',#5241,#3221,#3222);
#2704=AXIS2_PLACEMENT_3D('',#5254,#3223,#3224);
#2705=AXIS2_PLACEMENT_3D('',#5267,#3226,#3227);
#2706=AXIS2_PLACEMENT_3D('',#5269,#3229,#3230);
#2707=AXIS2_PLACEMENT_3D('',#5282,#3231,#3232);
#2708=AXIS2_PLACEMENT_3D('',#5295,#3234,#3235);
#2709=AXIS2_PLACEMENT_3D('',#5297,#3237,#3238);
#2710=AXIS2_PLACEMENT_3D('',#5310,#3239,#3240);
#2711=AXIS2_PLACEMENT_3D('',#5323,#3242,#3243);
#2712=AXIS2_PLACEMENT_3D('',#5325,#3245,#3246);
#2713=AXIS2_PLACEMENT_3D('',#5338,#3247,#3248);
#2714=AXIS2_PLACEMENT_3D('',#5351,#3250,#3251);
#2715=AXIS2_PLACEMENT_3D('',#5353,#3253,#3254);
#2716=AXIS2_PLACEMENT_3D('',#5366,#3255,#3256);
#2717=AXIS2_PLACEMENT_3D('',#5379,#3258,#3259);
#2718=AXIS2_PLACEMENT_3D('',#5381,#3261,#3262);
#2719=AXIS2_PLACEMENT_3D('',#5394,#3263,#3264);
#2720=AXIS2_PLACEMENT_3D('',#5407,#3266,#3267);
#2721=AXIS2_PLACEMENT_3D('',#5409,#3269,#3270);
#2722=AXIS2_PLACEMENT_3D('',#5410,#3271,#3272);
#2723=AXIS2_PLACEMENT_3D('',#5411,#3273,#3274);
#2724=AXIS2_PLACEMENT_3D('',#5412,#3275,#3276);
#2725=AXIS2_PLACEMENT_3D('',#5413,#3277,#3278);
#2726=AXIS2_PLACEMENT_3D('',#5414,#3279,#3280);
#2727=AXIS2_PLACEMENT_3D('',#5415,#3281,#3282);
#2728=AXIS2_PLACEMENT_3D('',#5416,#3283,#3284);
#2729=AXIS2_PLACEMENT_3D('',#5417,#3285,#3286);
#2730=AXIS2_PLACEMENT_3D('',#5418,#3287,#3288);
#2731=AXIS2_PLACEMENT_3D('',#5419,#3289,#3290);
#2732=AXIS2_PLACEMENT_3D('',#5420,#3291,#3292);
#2733=AXIS2_PLACEMENT_3D('',#5421,#3293,#3294);
#2734=AXIS2_PLACEMENT_3D('',#5422,#3295,#3296);
#2735=AXIS2_PLACEMENT_3D('',#5423,#3297,#3298);
#2736=AXIS2_PLACEMENT_3D('',#5425,#3299,#3300);
#2737=AXIS2_PLACEMENT_3D('',#5427,#3301,#3302);
#2738=AXIS2_PLACEMENT_3D('',#5428,#3303,#3304);
#2739=AXIS2_PLACEMENT_3D('',#5433,#3306,#3307);
#2740=AXIS2_PLACEMENT_3D('',#5442,#3308,#3309);
#2741=AXIS2_PLACEMENT_3D('',#5443,#3310,#3311);
#2742=AXIS2_PLACEMENT_3D('',#5445,#3312,#3313);
#2743=AXIS2_PLACEMENT_3D('',#5447,#3315,#3316);
#2744=AXIS2_PLACEMENT_3D('',#5448,#3317,#3318);
#2745=AXIS2_PLACEMENT_3D('',#5449,#3319,#3320);
#2746=AXIS2_PLACEMENT_3D('',#5450,#3321,#3322);
#2747=AXIS2_PLACEMENT_3D('',#5451,#3323,#3324);
#2748=AXIS2_PLACEMENT_3D('',#5452,#3325,#3326);
#2749=AXIS2_PLACEMENT_3D('',#5453,#3327,#3328);
#2750=AXIS2_PLACEMENT_3D('',#5454,#3329,#3330);
#2751=AXIS2_PLACEMENT_3D('',#5455,#3331,#3332);
#2752=AXIS2_PLACEMENT_3D('',#5456,#3333,#3334);
#2753=AXIS2_PLACEMENT_3D('',#5457,#3335,#3336);
#2754=AXIS2_PLACEMENT_3D('',#5458,#3337,#3338);
#2755=AXIS2_PLACEMENT_3D('',#5459,#3339,#3340);
#2756=AXIS2_PLACEMENT_3D('',#5460,#3341,#3342);
#2757=AXIS2_PLACEMENT_3D('',#5461,#3343,#3344);
#2758=AXIS2_PLACEMENT_3D('',#5462,#3345,#3346);
#2759=AXIS2_PLACEMENT_3D('',#5463,#3347,#3348);
#2760=AXIS2_PLACEMENT_3D('',#5464,#3349,#3350);
#2761=AXIS2_PLACEMENT_3D('',#5465,#3351,#3352);
#2762=AXIS2_PLACEMENT_3D('',#5466,#3353,#3354);
#2763=AXIS2_PLACEMENT_3D('',#5467,#3355,#3356);
#2764=AXIS2_PLACEMENT_3D('',#5468,#3357,#3358);
#2765=AXIS2_PLACEMENT_3D('',#5469,#3359,#3360);
#2766=AXIS2_PLACEMENT_3D('',#5470,#3361,#3362);
#2767=AXIS2_PLACEMENT_3D('',#5471,#3363,#3364);
#2768=AXIS2_PLACEMENT_3D('',#5472,#3365,#3366);
#2769=AXIS2_PLACEMENT_3D('',#5473,#3367,#3368);
#2770=AXIS2_PLACEMENT_3D('',#5474,#3369,#3370);
#2771=AXIS2_PLACEMENT_3D('',#5475,#3371,#3372);
#2772=AXIS2_PLACEMENT_3D('',#5477,#3373,#3374);
#2773=AXIS2_PLACEMENT_3D('',#5487,#3375,#3376);
#2774=AXIS2_PLACEMENT_3D('',#5488,#3377,#3378);
#2775=AXIS2_PLACEMENT_3D('',#5489,#3379,#3380);
#2776=AXIS2_PLACEMENT_3D('',#5490,#3381,#3382);
#2777=AXIS2_PLACEMENT_3D('',#5491,#3383,#3384);
#2778=AXIS2_PLACEMENT_3D('',#5492,#3385,#3386);
#2779=AXIS2_PLACEMENT_3D('',#5493,#3387,#3388);
#2780=AXIS2_PLACEMENT_3D('',#5494,#3389,#3390);
#2781=AXIS2_PLACEMENT_3D('',#5495,#3391,#3392);
#2782=AXIS2_PLACEMENT_3D('',#5496,#3393,#3394);
#2783=AXIS2_PLACEMENT_3D('',#5497,#3395,#3396);
#2784=AXIS2_PLACEMENT_3D('',#5498,#3397,#3398);
#2785=AXIS2_PLACEMENT_3D('',#5499,#3399,#3400);
#2786=AXIS2_PLACEMENT_3D('',#5500,#3401,#3402);
#2787=AXIS2_PLACEMENT_3D('',#5501,#3403,#3404);
#2788=AXIS2_PLACEMENT_3D('',#5502,#3405,#3406);
#2789=AXIS2_PLACEMENT_3D('',#5503,#3407,#3408);
#2790=AXIS2_PLACEMENT_3D('',#5504,#3409,#3410);
#2791=AXIS2_PLACEMENT_3D('',#5505,#3411,#3412);
#2792=AXIS2_PLACEMENT_3D('',#5506,#3413,#3414);
#2793=AXIS2_PLACEMENT_3D('',#5507,#3415,#3416);
#2794=AXIS2_PLACEMENT_3D('',#5508,#3417,#3418);
#2795=AXIS2_PLACEMENT_3D('',#5509,#3419,#3420);
#2796=AXIS2_PLACEMENT_3D('',#5510,#3421,#3422);
#2797=AXIS2_PLACEMENT_3D('',#5511,#3423,#3424);
#2798=AXIS2_PLACEMENT_3D('',#5512,#3425,#3426);
#2799=AXIS2_PLACEMENT_3D('',#5513,#3427,#3428);
#2800=AXIS2_PLACEMENT_3D('',#5514,#3429,#3430);
#2801=AXIS2_PLACEMENT_3D('',#5515,#3431,#3432);
#2802=AXIS2_PLACEMENT_3D('',#5527,#3434,#3435);
#2803=AXIS2_PLACEMENT_3D('',#5528,#3436,#3437);
#2804=AXIS2_PLACEMENT_3D('',#5529,#3438,#3439);
#2805=AXIS2_PLACEMENT_3D('',#5530,#3440,#3441);
#2806=AXIS2_PLACEMENT_3D('',#5531,#3442,#3443);
#2807=AXIS2_PLACEMENT_3D('',#5533,#3444,#3445);
#2808=AXIS2_PLACEMENT_3D('',#5534,#3446,#3447);
#2809=AXIS2_PLACEMENT_3D('',#5535,#3448,#3449);
#2810=AXIS2_PLACEMENT_3D('',#5537,#3450,#3451);
#2811=AXIS2_PLACEMENT_3D('',#5540,#3453,#3454);
#2812=AXIS2_PLACEMENT_3D('',#5541,#3455,#3456);
#2813=AXIS2_PLACEMENT_3D('',#5543,#3457,#3458);
#2814=AXIS2_PLACEMENT_3D('',#5544,#3459,#3460);
#2815=AXIS2_PLACEMENT_3D('',#5546,#3462,#3463);
#2816=AXIS2_PLACEMENT_3D('',#5802,#3468,#3469);
#2817=AXIS2_PLACEMENT_3D('',#5817,#3470,#3471);
#2818=AXIS2_PLACEMENT_3D('',#5818,#3472,#3473);
#2819=AXIS2_PLACEMENT_3D('',#6098,#3474,#3475);
#2820=AXIS2_PLACEMENT_3D('',#6100,#3476,#3477);
#2821=AXIS2_PLACEMENT_3D('',#6101,#3478,#3479);
#2822=AXIS2_PLACEMENT_3D('',#6102,#3480,#3481);
#2823=AXIS2_PLACEMENT_3D('',#6104,#3482,#3483);
#2824=AXIS2_PLACEMENT_3D('',#6107,#3485,#3486);
#2825=AXIS2_PLACEMENT_3D('',#6108,#3487,#3488);
#2826=AXIS2_PLACEMENT_3D('',#6110,#3489,#3490);
#2827=AXIS2_PLACEMENT_3D('',#6112,#3492,#3493);
#2828=AXIS2_PLACEMENT_3D('',#6113,#3494,#3495);
#2829=AXIS2_PLACEMENT_3D('',#6115,#3496,#3497);
#2830=AXIS2_PLACEMENT_3D('',#6118,#3499,#3500);
#2831=AXIS2_PLACEMENT_3D('',#6119,#3501,#3502);
#2832=AXIS2_PLACEMENT_3D('',#6120,#3503,#3504);
#2833=AXIS2_PLACEMENT_3D('',#6122,#3505,#3506);
#2834=AXIS2_PLACEMENT_3D('',#6123,#3507,#3508);
#2835=AXIS2_PLACEMENT_3D('',#6125,#3509,#3510);
#2836=AXIS2_PLACEMENT_3D('',#6127,#3512,#3513);
#2837=AXIS2_PLACEMENT_3D('',#6130,#3515,#3516);
#2838=AXIS2_PLACEMENT_3D('',#6131,#3517,#3518);
#2839=AXIS2_PLACEMENT_3D('',#6132,#3519,#3520);
#2840=AXIS2_PLACEMENT_3D('',#6133,#3521,#3522);
#2841=AXIS2_PLACEMENT_3D('',#6142,#3527,#3528);
#2842=AXIS2_PLACEMENT_3D('',#6148,#3532,#3533);
#2843=AXIS2_PLACEMENT_3D('',#6154,#3537,#3538);
#2844=AXIS2_PLACEMENT_3D('',#6157,#3541,#3542);
#2845=AXIS2_PLACEMENT_3D('',#6158,#3543,#3544);
#2846=AXIS2_PLACEMENT_3D('',#6159,#3545,#3546);
#2847=AXIS2_PLACEMENT_3D('',#6160,#3547,#3548);
#2848=AXIS2_PLACEMENT_3D('',#6162,#3549,#3550);
#2849=AXIS2_PLACEMENT_3D('',#6165,#3552,#3553);
#2850=AXIS2_PLACEMENT_3D('',#6166,#3554,#3555);
#2851=AXIS2_PLACEMENT_3D('',#6167,#3556,#3557);
#2852=AXIS2_PLACEMENT_3D('',#6168,#3558,#3559);
#2853=AXIS2_PLACEMENT_3D('',#6169,#3560,#3561);
#2854=AXIS2_PLACEMENT_3D('',#6171,#3562,#3563);
#2855=AXIS2_PLACEMENT_3D('',#6172,#3564,#3565);
#2856=AXIS2_PLACEMENT_3D('',#6173,#3566,#3567);
#2857=AXIS2_PLACEMENT_3D('',#6174,#3568,#3569);
#2858=AXIS2_PLACEMENT_3D('',#6175,#3570,#3571);
#2859=AXIS2_PLACEMENT_3D('',#6176,#3572,#3573);
#2860=AXIS2_PLACEMENT_3D('',#6177,#3574,#3575);
#2861=DIRECTION('axis',(0.,0.,1.));
#2862=DIRECTION('refdir',(1.,0.,0.));
#2863=DIRECTION('axis',(0.,0.,1.));
#2864=DIRECTION('refdir',(1.,0.,0.));
#2865=DIRECTION('center_axis',(0.,0.,1.));
#2866=DIRECTION('ref_axis',(-0.985034297850575,0.172358440634698,0.));
#2867=DIRECTION('',(0.,0.,1.));
#2868=DIRECTION('center_axis',(0.,0.,-1.));
#2869=DIRECTION('ref_axis',(-1.,0.,0.));
#2870=DIRECTION('center_axis',(0.,0.,1.));
#2871=DIRECTION('ref_axis',(-1.,0.,0.));
#2872=DIRECTION('',(0.,0.,1.));
#2873=DIRECTION('',(0.,0.,-1.));
#2874=DIRECTION('',(0.,0.,1.));
#2875=DIRECTION('center_axis',(0.,0.,-1.));
#2876=DIRECTION('ref_axis',(-1.,0.,0.));
#2877=DIRECTION('center_axis',(0.,0.,1.));
#2878=DIRECTION('ref_axis',(-0.6317119847766,-0.77520317871485,0.));
#2879=DIRECTION('',(1.22464679914735E-16,1.49975978266186E-32,1.));
#2880=DIRECTION('center_axis',(0.,0.,-1.));
#2881=DIRECTION('ref_axis',(1.,0.,0.));
#2882=DIRECTION('center_axis',(0.,0.,1.));
#2883=DIRECTION('ref_axis',(1.,0.,0.));
#2884=DIRECTION('',(1.22464679914735E-16,1.49975978266186E-32,1.));
#2885=DIRECTION('center_axis',(0.,0.,1.));
#2886=DIRECTION('ref_axis',(1.,0.,0.));
#2887=DIRECTION('',(1.22464679914735E-16,1.49975978266186E-32,1.));
#2888=DIRECTION('',(0.,0.,1.));
#2889=DIRECTION('center_axis',(0.,0.,1.));
#2890=DIRECTION('ref_axis',(-1.,0.,0.));
#2891=DIRECTION('',(0.,0.,1.));
#2892=DIRECTION('center_axis',(0.,0.,1.));
#2893=DIRECTION('ref_axis',(-1.,0.,0.));
#2894=DIRECTION('',(0.,0.,1.));
#2895=DIRECTION('center_axis',(0.,0.,1.));
#2896=DIRECTION('ref_axis',(-1.,0.,0.));
#2897=DIRECTION('',(0.,0.,1.));
#2898=DIRECTION('center_axis',(0.,0.,-1.));
#2899=DIRECTION('ref_axis',(-1.,0.,0.));
#2900=DIRECTION('center_axis',(0.,0.,1.));
#2901=DIRECTION('ref_axis',(-1.,0.,0.));
#2902=DIRECTION('center_axis',(0.,0.,1.));
#2903=DIRECTION('ref_axis',(1.,0.,0.));
#2904=DIRECTION('',(-1.,0.,0.));
#2905=DIRECTION('center_axis',(0.,0.,-1.));
#2906=DIRECTION('ref_axis',(-1.,0.,0.));
#2907=DIRECTION('',(1.,0.,0.));
#2908=DIRECTION('center_axis',(0.,0.,1.));
#2909=DIRECTION('ref_axis',(-1.,0.,0.));
#2910=DIRECTION('',(0.,0.,1.));
#2911=DIRECTION('center_axis',(0.,0.,1.));
#2912=DIRECTION('ref_axis',(-1.,0.,0.));
#2913=DIRECTION('',(0.,0.,1.));
#2914=DIRECTION('center_axis',(0.,0.,1.));
#2915=DIRECTION('ref_axis',(-1.,0.,0.));
#2916=DIRECTION('',(0.,0.,1.));
#2917=DIRECTION('center_axis',(0.,0.,-1.));
#2918=DIRECTION('ref_axis',(-1.,0.,0.));
#2919=DIRECTION('center_axis',(0.,0.,1.));
#2920=DIRECTION('ref_axis',(-1.,0.,0.));
#2921=DIRECTION('center_axis',(0.,0.,1.));
#2922=DIRECTION('ref_axis',(1.,0.,0.));
#2923=DIRECTION('',(1.,0.,0.));
#2924=DIRECTION('',(0.,-1.,0.));
#2925=DIRECTION('',(-1.,0.,0.));
#2926=DIRECTION('',(0.,1.,0.));
#2927=DIRECTION('',(1.,0.,0.));
#2928=DIRECTION('center_axis',(0.,0.,1.));
#2929=DIRECTION('ref_axis',(-1.,0.,0.));
#2930=DIRECTION('',(1.,0.,0.));
#2931=DIRECTION('',(-1.,0.,0.));
#2932=DIRECTION('center_axis',(0.,0.,1.));
#2933=DIRECTION('ref_axis',(-1.,0.,0.));
#2934=DIRECTION('',(-1.,0.,0.));
#2935=DIRECTION('center_axis',(0.,1.,0.));
#2936=DIRECTION('ref_axis',(-1.,0.,0.));
#2937=DIRECTION('',(0.,0.,-1.));
#2938=DIRECTION('center_axis',(0.,-1.,0.));
#2939=DIRECTION('ref_axis',(1.,0.,0.));
#2940=DIRECTION('',(0.,0.,1.));
#2941=DIRECTION('center_axis',(0.,1.,0.));
#2942=DIRECTION('ref_axis',(-1.,0.,0.));
#2943=DIRECTION('',(0.,0.,1.));
#2944=DIRECTION('',(-1.,0.,0.));
#2945=DIRECTION('center_axis',(0.,0.,1.));
#2946=DIRECTION('ref_axis',(1.,0.,0.));
#2947=DIRECTION('',(1.,0.,0.));
#2948=DIRECTION('center_axis',(0.,0.,-1.));
#2949=DIRECTION('ref_axis',(-1.,0.,0.));
#2950=DIRECTION('center_axis',(0.,0.,-1.));
#2951=DIRECTION('ref_axis',(-1.,0.,0.));
#2952=DIRECTION('center_axis',(0.,-1.,0.));
#2953=DIRECTION('ref_axis',(1.,0.,0.));
#2954=DIRECTION('',(0.,0.,-1.));
#2955=DIRECTION('center_axis',(0.,0.,1.));
#2956=DIRECTION('ref_axis',(-1.,0.,0.));
#2957=DIRECTION('center_axis',(0.,0.,-1.));
#2958=DIRECTION('ref_axis',(-1.,0.,0.));
#2959=DIRECTION('',(-0.0299865439676785,3.67229250875088E-18,-0.999550302476506));
#2960=DIRECTION('center_axis',(0.,0.,1.));
#2961=DIRECTION('ref_axis',(-1.,0.,0.));
#2962=DIRECTION('center_axis',(0.,0.,1.));
#2963=DIRECTION('ref_axis',(1.,0.,0.));
#2964=DIRECTION('center_axis',(0.,0.,-1.));
#2965=DIRECTION('ref_axis',(-1.,0.,0.));
#2966=DIRECTION('center_axis',(0.,0.,-1.));
#2967=DIRECTION('ref_axis',(-1.,0.,0.));
#2968=DIRECTION('',(0.,0.,-1.));
#2969=DIRECTION('center_axis',(0.,0.,-1.));
#2970=DIRECTION('ref_axis',(-1.,0.,0.));
#2971=DIRECTION('center_axis',(0.,0.,1.));
#2972=DIRECTION('ref_axis',(1.,0.,0.));
#2973=DIRECTION('',(-0.866025504730543,0.,0.499999825156178));
#2974=DIRECTION('center_axis',(0.,1.,0.));
#2975=DIRECTION('ref_axis',(0.,0.,1.));
#2976=DIRECTION('',(0.866025504730543,0.,0.499999825156178));
#2977=DIRECTION('center_axis',(0.,0.,1.));
#2978=DIRECTION('ref_axis',(1.,0.,0.));
#2979=DIRECTION('center_axis',(0.,0.,1.));
#2980=DIRECTION('ref_axis',(-1.,0.,0.));
#2981=DIRECTION('center_axis',(0.,0.,1.));
#2982=DIRECTION('ref_axis',(0.659789849628808,0.751450167560561,0.));
#2983=DIRECTION('center_axis',(0.,0.,1.));
#2984=DIRECTION('ref_axis',(-1.,0.,0.));
#2985=DIRECTION('center_axis',(0.,0.,1.));
#2986=DIRECTION('ref_axis',(-1.,0.,0.));
#2987=DIRECTION('center_axis',(0.,0.,-1.));
#2988=DIRECTION('ref_axis',(-1.,0.,0.));
#2989=DIRECTION('',(0.707106781186547,-8.65956056235493E-17,0.707106781186548));
#2990=DIRECTION('center_axis',(0.,0.,1.));
#2991=DIRECTION('ref_axis',(-1.,0.,0.));
#2992=DIRECTION('center_axis',(0.,0.,1.));
#2993=DIRECTION('ref_axis',(1.,0.,0.));
#2994=DIRECTION('center_axis',(0.,0.,1.));
#2995=DIRECTION('ref_axis',(-1.,0.,0.));
#2996=DIRECTION('',(0.,0.,1.));
#2997=DIRECTION('center_axis',(0.,0.,1.));
#2998=DIRECTION('ref_axis',(1.,0.,0.));
#2999=DIRECTION('center_axis',(0.,0.,1.));
#3000=DIRECTION('ref_axis',(-1.,0.,0.));
#3001=DIRECTION('center_axis',(-1.22464679914735E-16,-1.,0.));
#3002=DIRECTION('ref_axis',(0.,0.,1.));
#3003=DIRECTION('',(0.,0.,1.));
#3004=DIRECTION('',(-0.907959384500452,1.11192955398428E-16,0.419058177461746));
#3005=DIRECTION('',(0.,0.,1.));
#3006=DIRECTION('',(0.907959384500452,-1.11192955398428E-16,0.419058177461746));
#3007=DIRECTION('',(-0.907959384500452,2.22385910796856E-16,-0.419058177461746));
#3008=DIRECTION('center_axis',(0.,0.,1.));
#3009=DIRECTION('ref_axis',(-1.,1.22464679914735E-16,0.));
#3010=DIRECTION('',(0.,0.,-1.));
#3011=DIRECTION('',(0.907959384500452,-2.22385910796856E-16,-0.419058177461746));
#3012=DIRECTION('center_axis',(2.44929359829471E-16,1.,0.));
#3013=DIRECTION('ref_axis',(0.,0.,1.));
#3014=DIRECTION('',(0.,0.,-1.));
#3015=DIRECTION('center_axis',(0.,1.,0.));
#3016=DIRECTION('ref_axis',(0.,0.,1.));
#3017=DIRECTION('',(0.,0.,1.));
#3018=DIRECTION('',(0.907959384500452,0.,0.419058177461746));
#3019=DIRECTION('',(0.,0.,1.));
#3020=DIRECTION('',(-0.907959384500452,0.,0.419058177461746));
#3021=DIRECTION('',(0.907959384500452,-1.11192955398428E-16,-0.419058177461746));
#3022=DIRECTION('center_axis',(0.,0.,1.));
#3023=DIRECTION('ref_axis',(1.,0.,0.));
#3024=DIRECTION('',(0.,0.,-1.));
#3025=DIRECTION('',(-0.907959384500452,1.11192955398428E-16,-0.419058177461746));
#3026=DIRECTION('center_axis',(-1.22464679914735E-16,-1.,0.));
#3027=DIRECTION('ref_axis',(0.,0.,1.));
#3028=DIRECTION('',(0.,0.,-1.));
#3029=DIRECTION('center_axis',(0.,0.,1.));
#3030=DIRECTION('ref_axis',(-1.,0.,0.));
#3031=DIRECTION('center_axis',(0.,0.,1.));
#3032=DIRECTION('ref_axis',(-1.,0.,0.));
#3033=DIRECTION('',(0.,0.,-1.));
#3034=DIRECTION('',(0.,0.,-1.));
#3035=DIRECTION('',(0.,0.,-1.));
#3036=DIRECTION('center_axis',(0.,0.,-1.));
#3037=DIRECTION('ref_axis',(-1.,0.,0.));
#3038=DIRECTION('center_axis',(0.,0.,1.));
#3039=DIRECTION('ref_axis',(1.,0.,0.));
#3040=DIRECTION('center_axis',(0.,0.,1.));
#3041=DIRECTION('ref_axis',(-1.,0.,0.));
#3042=DIRECTION('center_axis',(0.,0.,1.));
#3043=DIRECTION('ref_axis',(-1.,0.,0.));
#3044=DIRECTION('',(0.,0.,-1.));
#3045=DIRECTION('center_axis',(0.,0.,-1.));
#3046=DIRECTION('ref_axis',(-1.,0.,0.));
#3047=DIRECTION('center_axis',(0.,0.,1.));
#3048=DIRECTION('ref_axis',(1.,0.,0.));
#3049=DIRECTION('center_axis',(0.,0.,1.));
#3050=DIRECTION('ref_axis',(-1.,0.,0.));
#3051=DIRECTION('center_axis',(0.,0.,1.));
#3052=DIRECTION('ref_axis',(-1.,0.,0.));
#3053=DIRECTION('',(0.,0.,-1.));
#3054=DIRECTION('center_axis',(0.,0.,-1.));
#3055=DIRECTION('ref_axis',(-1.,0.,0.));
#3056=DIRECTION('center_axis',(0.,0.,1.));
#3057=DIRECTION('ref_axis',(1.,0.,0.));
#3058=DIRECTION('center_axis',(0.,0.,1.));
#3059=DIRECTION('ref_axis',(-1.,0.,0.));
#3060=DIRECTION('',(0.,0.,-1.));
#3061=DIRECTION('center_axis',(0.,0.,-1.));
#3062=DIRECTION('ref_axis',(-1.,0.,0.));
#3063=DIRECTION('center_axis',(1.,0.,0.));
#3064=DIRECTION('ref_axis',(0.,-1.,0.));
#3065=DIRECTION('',(0.,0.,-1.));
#3066=DIRECTION('',(0.,0.,1.));
#3067=DIRECTION('',(0.,1.,0.));
#3068=DIRECTION('center_axis',(-1.,0.,0.));
#3069=DIRECTION('ref_axis',(0.,1.,0.));
#3070=DIRECTION('',(0.,0.,1.));
#3071=DIRECTION('',(0.,-1.,0.));
#3072=DIRECTION('',(0.,0.,-1.));
#3073=DIRECTION('center_axis',(0.,1.,0.));
#3074=DIRECTION('ref_axis',(-1.,0.,0.));
#3075=DIRECTION('',(-1.,0.,0.));
#3076=DIRECTION('',(0.,0.,-1.));
#3077=DIRECTION('',(-1.,0.,0.));
#3078=DIRECTION('',(0.,0.,1.));
#3079=DIRECTION('',(-1.,0.,0.));
#3080=DIRECTION('center_axis',(0.,0.,1.));
#3081=DIRECTION('ref_axis',(1.,0.,0.));
#3082=DIRECTION('',(1.,0.,0.));
#3083=DIRECTION('center_axis',(0.,0.,1.));
#3084=DIRECTION('ref_axis',(-0.707106781186546,-0.707106781186549,0.));
#3085=DIRECTION('',(0.,-1.,0.));
#3086=DIRECTION('center_axis',(0.,0.,1.));
#3087=DIRECTION('ref_axis',(-0.707106781186546,0.707106781186549,0.));
#3088=DIRECTION('center_axis',(0.,0.,1.));
#3089=DIRECTION('ref_axis',(1.,0.,0.));
#3090=DIRECTION('center_axis',(0.,0.,1.));
#3091=DIRECTION('ref_axis',(0.707106781186546,0.707106781186549,0.));
#3092=DIRECTION('',(0.,1.,0.));
#3093=DIRECTION('center_axis',(0.,0.,1.));
#3094=DIRECTION('ref_axis',(0.707106781186546,-0.707106781186549,0.));
#3095=DIRECTION('',(1.,0.,0.));
#3096=DIRECTION('center_axis',(0.,0.,1.));
#3097=DIRECTION('ref_axis',(0.707106781186546,-0.707106781186549,0.));
#3098=DIRECTION('center_axis',(0.,0.,-1.));
#3099=DIRECTION('ref_axis',(0.707106781186546,-0.707106781186549,0.));
#3100=DIRECTION('',(0.,0.,-1.));
#3101=DIRECTION('',(0.,0.,1.));
#3102=DIRECTION('center_axis',(0.,-1.,0.));
#3103=DIRECTION('ref_axis',(1.,0.,0.));
#3104=DIRECTION('',(1.,0.,0.));
#3105=DIRECTION('',(0.,0.,1.));
#3106=DIRECTION('center_axis',(0.,0.,1.));
#3107=DIRECTION('ref_axis',(1.,0.,0.));
#3108=DIRECTION('',(0.,1.,0.));
#3109=DIRECTION('center_axis',(0.,0.,-1.));
#3110=DIRECTION('ref_axis',(0.707106781186546,0.707106781186549,0.));
#3111=DIRECTION('center_axis',(0.,0.,-1.));
#3112=DIRECTION('ref_axis',(-0.707106781186546,0.707106781186549,0.));
#3113=DIRECTION('',(0.,-1.,0.));
#3114=DIRECTION('center_axis',(0.,0.,-1.));
#3115=DIRECTION('ref_axis',(-0.707106781186546,-0.707106781186549,0.));
#3116=DIRECTION('center_axis',(0.,0.,1.));
#3117=DIRECTION('ref_axis',(0.707106781186546,0.707106781186549,0.));
#3118=DIRECTION('',(0.,0.,-1.));
#3119=DIRECTION('center_axis',(0.,0.,1.));
#3120=DIRECTION('ref_axis',(-0.707106781186546,0.707106781186549,0.));
#3121=DIRECTION('',(0.,0.,1.));
#3122=DIRECTION('center_axis',(0.,0.,1.));
#3123=DIRECTION('ref_axis',(-0.707106781186546,-0.707106781186549,0.));
#3124=DIRECTION('',(0.,0.,-1.));
#3125=DIRECTION('center_axis',(-1.,0.,0.));
#3126=DIRECTION('ref_axis',(0.,-1.,0.));
#3127=DIRECTION('center_axis',(1.,0.,0.));
#3128=DIRECTION('ref_axis',(0.,1.,0.));
#3129=DIRECTION('axis',(0.,0.,1.));
#3130=DIRECTION('refdir',(1.,0.,0.));
#3131=DIRECTION('center_axis',(0.,0.,1.));
#3132=DIRECTION('ref_axis',(-1.,0.,0.));
#3133=DIRECTION('',(0.,0.,-1.));
#3134=DIRECTION('center_axis',(0.,0.,1.));
#3135=DIRECTION('ref_axis',(-1.,0.,0.));
#3136=DIRECTION('center_axis',(0.,0.,1.));
#3137=DIRECTION('ref_axis',(-1.,0.,0.));
#3138=DIRECTION('',(0.,0.,-1.));
#3139=DIRECTION('center_axis',(0.,0.,1.));
#3140=DIRECTION('ref_axis',(-0.986076699695545,-0.166291137218858,0.));
#3141=DIRECTION('',(0.,0.,1.));
#3142=DIRECTION('',(0.,0.,1.));
#3143=DIRECTION('center_axis',(0.,0.,1.));
#3144=DIRECTION('ref_axis',(1.,0.,0.));
#3145=DIRECTION('',(0.,0.,1.));
#3146=DIRECTION('center_axis',(0.,0.,1.));
#3147=DIRECTION('ref_axis',(1.,0.,0.));
#3148=DIRECTION('',(0.,0.,1.));
#3149=DIRECTION('center_axis',(0.,0.,-1.));
#3150=DIRECTION('ref_axis',(-0.923879532511287,0.38268343236509,0.));
#3151=DIRECTION('center_axis',(0.,0.,-1.));
#3152=DIRECTION('ref_axis',(-0.923879532511287,0.38268343236509,0.));
#3153=DIRECTION('',(0.,0.,1.));
#3154=DIRECTION('center_axis',(0.,0.,1.));
#3155=DIRECTION('ref_axis',(-0.923879532511287,0.38268343236509,0.));
#3156=DIRECTION('',(0.,0.,-1.));
#3157=DIRECTION('center_axis',(0.,0.,-1.));
#3158=DIRECTION('ref_axis',(-0.707106781186547,0.707106781186548,0.));
#3159=DIRECTION('center_axis',(0.,0.,-1.));
#3160=DIRECTION('ref_axis',(-0.707106781186547,0.707106781186548,0.));
#3161=DIRECTION('',(0.,0.,1.));
#3162=DIRECTION('center_axis',(0.,0.,1.));
#3163=DIRECTION('ref_axis',(-0.707106781186547,0.707106781186548,0.));
#3164=DIRECTION('',(0.,0.,-1.));
#3165=DIRECTION('center_axis',(0.,0.,-1.));
#3166=DIRECTION('ref_axis',(-0.382683432365089,0.923879532511287,0.));
#3167=DIRECTION('center_axis',(0.,0.,-1.));
#3168=DIRECTION('ref_axis',(-0.382683432365089,0.923879532511287,0.));
#3169=DIRECTION('',(0.,0.,1.));
#3170=DIRECTION('center_axis',(0.,0.,1.));
#3171=DIRECTION('ref_axis',(-0.382683432365089,0.923879532511287,0.));
#3172=DIRECTION('',(0.,0.,-1.));
#3173=DIRECTION('center_axis',(0.,0.,-1.));
#3174=DIRECTION('ref_axis',(1.11022302462516E-15,1.,0.));
#3175=DIRECTION('center_axis',(0.,0.,-1.));
#3176=DIRECTION('ref_axis',(1.11022302462516E-15,1.,0.));
#3177=DIRECTION('',(0.,0.,1.));
#3178=DIRECTION('center_axis',(0.,0.,1.));
#3179=DIRECTION('ref_axis',(1.11022302462516E-15,1.,0.));
#3180=DIRECTION('',(0.,0.,-1.));
#3181=DIRECTION('center_axis',(0.,0.,-1.));
#3182=DIRECTION('ref_axis',(0.38268343236509,0.923879532511287,0.));
#3183=DIRECTION('center_axis',(0.,0.,-1.));
#3184=DIRECTION('ref_axis',(0.38268343236509,0.923879532511287,0.));
#3185=DIRECTION('',(0.,0.,1.));
#3186=DIRECTION('center_axis',(0.,0.,1.));
#3187=DIRECTION('ref_axis',(0.38268343236509,0.923879532511287,0.));
#3188=DIRECTION('',(0.,0.,-1.));
#3189=DIRECTION('center_axis',(0.,0.,-1.));
#3190=DIRECTION('ref_axis',(0.707106781186548,0.707106781186547,0.));
#3191=DIRECTION('center_axis',(0.,0.,-1.));
#3192=DIRECTION('ref_axis',(0.707106781186548,0.707106781186547,0.));
#3193=DIRECTION('',(0.,0.,1.));
#3194=DIRECTION('center_axis',(0.,0.,1.));
#3195=DIRECTION('ref_axis',(0.707106781186548,0.707106781186547,0.));
#3196=DIRECTION('',(0.,0.,-1.));
#3197=DIRECTION('center_axis',(0.,0.,-1.));
#3198=DIRECTION('ref_axis',(0.923879532511287,0.382683432365089,0.));
#3199=DIRECTION('center_axis',(0.,0.,-1.));
#3200=DIRECTION('ref_axis',(0.923879532511287,0.382683432365089,0.));
#3201=DIRECTION('',(0.,0.,1.));
#3202=DIRECTION('center_axis',(0.,0.,1.));
#3203=DIRECTION('ref_axis',(0.923879532511287,0.382683432365089,0.));
#3204=DIRECTION('',(0.,0.,-1.));
#3205=DIRECTION('center_axis',(0.,0.,-1.));
#3206=DIRECTION('ref_axis',(1.,-5.55111512312578E-16,0.));
#3207=DIRECTION('center_axis',(0.,0.,-1.));
#3208=DIRECTION('ref_axis',(1.,-5.55111512312578E-16,0.));
#3209=DIRECTION('',(0.,0.,1.));
#3210=DIRECTION('center_axis',(0.,0.,1.));
#3211=DIRECTION('ref_axis',(1.,-5.55111512312578E-16,0.));
#3212=DIRECTION('',(0.,0.,-1.));
#3213=DIRECTION('center_axis',(0.,0.,-1.));
#3214=DIRECTION('ref_axis',(0.923879532511287,-0.38268343236509,0.));
#3215=DIRECTION('center_axis',(0.,0.,-1.));
#3216=DIRECTION('ref_axis',(0.923879532511287,-0.38268343236509,0.));
#3217=DIRECTION('',(0.,0.,1.));
#3218=DIRECTION('center_axis',(0.,0.,1.));
#3219=DIRECTION('ref_axis',(0.923879532511287,-0.38268343236509,0.));
#3220=DIRECTION('',(0.,0.,-1.));
#3221=DIRECTION('center_axis',(0.,0.,-1.));
#3222=DIRECTION('ref_axis',(0.707106781186547,-0.707106781186548,0.));
#3223=DIRECTION('center_axis',(0.,0.,-1.));
#3224=DIRECTION('ref_axis',(0.707106781186547,-0.707106781186548,0.));
#3225=DIRECTION('',(0.,0.,1.));
#3226=DIRECTION('center_axis',(0.,0.,1.));
#3227=DIRECTION('ref_axis',(0.707106781186547,-0.707106781186548,0.));
#3228=DIRECTION('',(0.,0.,-1.));
#3229=DIRECTION('center_axis',(0.,0.,-1.));
#3230=DIRECTION('ref_axis',(0.38268343236509,-0.923879532511287,0.));
#3231=DIRECTION('center_axis',(0.,0.,-1.));
#3232=DIRECTION('ref_axis',(0.38268343236509,-0.923879532511287,0.));
#3233=DIRECTION('',(0.,0.,1.));
#3234=DIRECTION('center_axis',(0.,0.,1.));
#3235=DIRECTION('ref_axis',(0.38268343236509,-0.923879532511287,0.));
#3236=DIRECTION('',(0.,0.,-1.));
#3237=DIRECTION('center_axis',(0.,0.,-1.));
#3238=DIRECTION('ref_axis',(-2.08166817117217E-16,-1.,0.));
#3239=DIRECTION('center_axis',(0.,0.,-1.));
#3240=DIRECTION('ref_axis',(-2.08166817117217E-16,-1.,0.));
#3241=DIRECTION('',(0.,0.,1.));
#3242=DIRECTION('center_axis',(0.,0.,1.));
#3243=DIRECTION('ref_axis',(-2.08166817117217E-16,-1.,0.));
#3244=DIRECTION('',(0.,0.,-1.));
#3245=DIRECTION('center_axis',(0.,0.,-1.));
#3246=DIRECTION('ref_axis',(-0.38268343236509,-0.923879532511287,0.));
#3247=DIRECTION('center_axis',(0.,0.,-1.));
#3248=DIRECTION('ref_axis',(-0.38268343236509,-0.923879532511287,0.));
#3249=DIRECTION('',(0.,0.,1.));
#3250=DIRECTION('center_axis',(0.,0.,1.));
#3251=DIRECTION('ref_axis',(-0.38268343236509,-0.923879532511287,0.));
#3252=DIRECTION('',(0.,0.,-1.));
#3253=DIRECTION('center_axis',(0.,0.,-1.));
#3254=DIRECTION('ref_axis',(-0.707106781186548,-0.707106781186547,0.));
#3255=DIRECTION('center_axis',(0.,0.,-1.));
#3256=DIRECTION('ref_axis',(-0.707106781186548,-0.707106781186547,0.));
#3257=DIRECTION('',(0.,0.,1.));
#3258=DIRECTION('center_axis',(0.,0.,1.));
#3259=DIRECTION('ref_axis',(-0.707106781186548,-0.707106781186547,0.));
#3260=DIRECTION('',(0.,0.,-1.));
#3261=DIRECTION('center_axis',(0.,0.,-1.));
#3262=DIRECTION('ref_axis',(-0.923879532511287,-0.38268343236509,0.));
#3263=DIRECTION('center_axis',(0.,0.,-1.));
#3264=DIRECTION('ref_axis',(-0.923879532511287,-0.38268343236509,0.));
#3265=DIRECTION('',(0.,0.,1.));
#3266=DIRECTION('center_axis',(0.,0.,1.));
#3267=DIRECTION('ref_axis',(-0.923879532511287,-0.38268343236509,0.));
#3268=DIRECTION('',(0.,0.,-1.));
#3269=DIRECTION('center_axis',(0.,0.,1.));
#3270=DIRECTION('ref_axis',(1.,0.,0.));
#3271=DIRECTION('center_axis',(0.,0.,-1.));
#3272=DIRECTION('ref_axis',(-1.,0.,0.));
#3273=DIRECTION('center_axis',(0.,0.,-1.));
#3274=DIRECTION('ref_axis',(-1.,0.,0.));
#3275=DIRECTION('center_axis',(0.,0.,-1.));
#3276=DIRECTION('ref_axis',(-1.,0.,0.));
#3277=DIRECTION('center_axis',(0.,0.,-1.));
#3278=DIRECTION('ref_axis',(-1.,0.,0.));
#3279=DIRECTION('center_axis',(0.,0.,-1.));
#3280=DIRECTION('ref_axis',(-1.,0.,0.));
#3281=DIRECTION('center_axis',(0.,0.,-1.));
#3282=DIRECTION('ref_axis',(-1.,0.,0.));
#3283=DIRECTION('center_axis',(0.,0.,-1.));
#3284=DIRECTION('ref_axis',(-1.,0.,0.));
#3285=DIRECTION('center_axis',(0.,0.,-1.));
#3286=DIRECTION('ref_axis',(-1.,0.,0.));
#3287=DIRECTION('center_axis',(0.,0.,-1.));
#3288=DIRECTION('ref_axis',(-1.,0.,0.));
#3289=DIRECTION('center_axis',(0.,0.,-1.));
#3290=DIRECTION('ref_axis',(-1.,0.,0.));
#3291=DIRECTION('center_axis',(0.,0.,-1.));
#3292=DIRECTION('ref_axis',(-1.,0.,0.));
#3293=DIRECTION('center_axis',(0.,0.,-1.));
#3294=DIRECTION('ref_axis',(-1.,0.,0.));
#3295=DIRECTION('center_axis',(0.,0.,-1.));
#3296=DIRECTION('ref_axis',(-1.,0.,0.));
#3297=DIRECTION('center_axis',(0.,0.,-1.));
#3298=DIRECTION('ref_axis',(-1.,0.,0.));
#3299=DIRECTION('center_axis',(0.,0.,-1.));
#3300=DIRECTION('ref_axis',(-1.,0.,0.));
#3301=DIRECTION('center_axis',(0.,0.,1.));
#3302=DIRECTION('ref_axis',(-1.,0.,0.));
#3303=DIRECTION('center_axis',(0.,0.,-1.));
#3304=DIRECTION('ref_axis',(-1.,0.,0.));
#3305=DIRECTION('',(0.944680447779455,0.327992151709775,0.));
#3306=DIRECTION('center_axis',(0.,0.,1.));
#3307=DIRECTION('ref_axis',(-1.,0.,0.));
#3308=DIRECTION('center_axis',(0.,0.,1.));
#3309=DIRECTION('ref_axis',(1.,0.,0.));
#3310=DIRECTION('center_axis',(0.,0.,1.));
#3311=DIRECTION('ref_axis',(-1.,0.,0.));
#3312=DIRECTION('center_axis',(0.,0.,1.));
#3313=DIRECTION('ref_axis',(-1.,0.,0.));
#3314=DIRECTION('',(0.,0.,-1.));
#3315=DIRECTION('center_axis',(0.,0.,1.));
#3316=DIRECTION('ref_axis',(-1.,0.,0.));
#3317=DIRECTION('center_axis',(0.,0.,1.));
#3318=DIRECTION('ref_axis',(-1.,0.,0.));
#3319=DIRECTION('center_axis',(0.,0.,1.));
#3320=DIRECTION('ref_axis',(-1.,0.,0.));
#3321=DIRECTION('center_axis',(0.,0.,1.));
#3322=DIRECTION('ref_axis',(-1.,0.,0.));
#3323=DIRECTION('center_axis',(0.,0.,1.));
#3324=DIRECTION('ref_axis',(-1.,0.,0.));
#3325=DIRECTION('center_axis',(0.,0.,1.));
#3326=DIRECTION('ref_axis',(-1.,0.,0.));
#3327=DIRECTION('center_axis',(0.,0.,1.));
#3328=DIRECTION('ref_axis',(-1.,0.,0.));
#3329=DIRECTION('center_axis',(0.,0.,1.));
#3330=DIRECTION('ref_axis',(-1.,0.,0.));
#3331=DIRECTION('center_axis',(0.,0.,1.));
#3332=DIRECTION('ref_axis',(-1.,0.,0.));
#3333=DIRECTION('center_axis',(0.,0.,1.));
#3334=DIRECTION('ref_axis',(-1.,0.,0.));
#3335=DIRECTION('center_axis',(0.,0.,1.));
#3336=DIRECTION('ref_axis',(-1.,0.,0.));
#3337=DIRECTION('center_axis',(0.,0.,1.));
#3338=DIRECTION('ref_axis',(-1.,0.,0.));
#3339=DIRECTION('center_axis',(0.,0.,1.));
#3340=DIRECTION('ref_axis',(-1.,0.,0.));
#3341=DIRECTION('center_axis',(0.,0.,1.));
#3342=DIRECTION('ref_axis',(-1.,0.,0.));
#3343=DIRECTION('center_axis',(0.,0.,1.));
#3344=DIRECTION('ref_axis',(-1.,0.,0.));
#3345=DIRECTION('center_axis',(0.,0.,1.));
#3346=DIRECTION('ref_axis',(-1.,0.,0.));
#3347=DIRECTION('center_axis',(0.,0.,1.));
#3348=DIRECTION('ref_axis',(-1.,0.,0.));
#3349=DIRECTION('center_axis',(0.,0.,1.));
#3350=DIRECTION('ref_axis',(-1.,0.,0.));
#3351=DIRECTION('center_axis',(0.,0.,1.));
#3352=DIRECTION('ref_axis',(-1.,0.,0.));
#3353=DIRECTION('center_axis',(0.,0.,1.));
#3354=DIRECTION('ref_axis',(-1.,0.,0.));
#3355=DIRECTION('center_axis',(0.,0.,1.));
#3356=DIRECTION('ref_axis',(-1.,0.,0.));
#3357=DIRECTION('center_axis',(0.,0.,1.));
#3358=DIRECTION('ref_axis',(-1.,0.,0.));
#3359=DIRECTION('center_axis',(0.,0.,1.));
#3360=DIRECTION('ref_axis',(-1.,0.,0.));
#3361=DIRECTION('center_axis',(0.,0.,1.));
#3362=DIRECTION('ref_axis',(-1.,0.,0.));
#3363=DIRECTION('center_axis',(0.,0.,1.));
#3364=DIRECTION('ref_axis',(-1.,0.,0.));
#3365=DIRECTION('center_axis',(0.,0.,1.));
#3366=DIRECTION('ref_axis',(-1.,0.,0.));
#3367=DIRECTION('center_axis',(0.,0.,1.));
#3368=DIRECTION('ref_axis',(-1.,0.,0.));
#3369=DIRECTION('center_axis',(0.,0.,1.));
#3370=DIRECTION('ref_axis',(-1.,0.,0.));
#3371=DIRECTION('center_axis',(0.,0.,-1.));
#3372=DIRECTION('ref_axis',(-1.,0.,0.));
#3373=DIRECTION('center_axis',(0.,0.,-1.));
#3374=DIRECTION('ref_axis',(-1.,0.,0.));
#3375=DIRECTION('center_axis',(0.,0.,-1.));
#3376=DIRECTION('ref_axis',(-1.,0.,0.));
#3377=DIRECTION('center_axis',(0.,0.,-1.));
#3378=DIRECTION('ref_axis',(-1.,0.,0.));
#3379=DIRECTION('center_axis',(0.,0.,-1.));
#3380=DIRECTION('ref_axis',(-1.,0.,0.));
#3381=DIRECTION('center_axis',(0.,0.,-1.));
#3382=DIRECTION('ref_axis',(-1.,0.,0.));
#3383=DIRECTION('center_axis',(0.,0.,-1.));
#3384=DIRECTION('ref_axis',(-1.,0.,0.));
#3385=DIRECTION('center_axis',(0.,0.,-1.));
#3386=DIRECTION('ref_axis',(-1.,0.,0.));
#3387=DIRECTION('center_axis',(0.,0.,-1.));
#3388=DIRECTION('ref_axis',(-1.,0.,0.));
#3389=DIRECTION('center_axis',(0.,0.,-1.));
#3390=DIRECTION('ref_axis',(-1.,0.,0.));
#3391=DIRECTION('center_axis',(0.,0.,-1.));
#3392=DIRECTION('ref_axis',(-1.,0.,0.));
#3393=DIRECTION('center_axis',(0.,0.,-1.));
#3394=DIRECTION('ref_axis',(-1.,0.,0.));
#3395=DIRECTION('center_axis',(0.,0.,-1.));
#3396=DIRECTION('ref_axis',(-1.,0.,0.));
#3397=DIRECTION('center_axis',(0.,0.,-1.));
#3398=DIRECTION('ref_axis',(-1.,0.,0.));
#3399=DIRECTION('center_axis',(0.,0.,-1.));
#3400=DIRECTION('ref_axis',(-1.,0.,0.));
#3401=DIRECTION('center_axis',(0.,0.,-1.));
#3402=DIRECTION('ref_axis',(-1.,0.,0.));
#3403=DIRECTION('center_axis',(0.,0.,-1.));
#3404=DIRECTION('ref_axis',(-1.,0.,0.));
#3405=DIRECTION('center_axis',(0.,0.,-1.));
#3406=DIRECTION('ref_axis',(-1.,0.,0.));
#3407=DIRECTION('center_axis',(0.,0.,-1.));
#3408=DIRECTION('ref_axis',(-1.,0.,0.));
#3409=DIRECTION('center_axis',(0.,0.,-1.));
#3410=DIRECTION('ref_axis',(-1.,0.,0.));
#3411=DIRECTION('center_axis',(0.,0.,-1.));
#3412=DIRECTION('ref_axis',(-1.,0.,0.));
#3413=DIRECTION('center_axis',(0.,0.,-1.));
#3414=DIRECTION('ref_axis',(-1.,0.,0.));
#3415=DIRECTION('center_axis',(0.,0.,-1.));
#3416=DIRECTION('ref_axis',(-1.,0.,0.));
#3417=DIRECTION('center_axis',(0.,0.,-1.));
#3418=DIRECTION('ref_axis',(-1.,0.,0.));
#3419=DIRECTION('center_axis',(0.,0.,-1.));
#3420=DIRECTION('ref_axis',(-1.,0.,0.));
#3421=DIRECTION('center_axis',(0.,0.,-1.));
#3422=DIRECTION('ref_axis',(-1.,0.,0.));
#3423=DIRECTION('center_axis',(0.,0.,-1.));
#3424=DIRECTION('ref_axis',(-1.,0.,0.));
#3425=DIRECTION('center_axis',(0.,0.,-1.));
#3426=DIRECTION('ref_axis',(-1.,0.,0.));
#3427=DIRECTION('center_axis',(0.,0.,-1.));
#3428=DIRECTION('ref_axis',(-1.,0.,0.));
#3429=DIRECTION('center_axis',(0.,0.,-1.));
#3430=DIRECTION('ref_axis',(-1.,0.,0.));
#3431=DIRECTION('center_axis',(0.,0.,-1.));
#3432=DIRECTION('ref_axis',(-1.,0.,0.));
#3433=DIRECTION('',(0.,0.,1.));
#3434=DIRECTION('center_axis',(0.,0.,-1.));
#3435=DIRECTION('ref_axis',(-1.,0.,0.));
#3436=DIRECTION('center_axis',(0.,0.,1.));
#3437=DIRECTION('ref_axis',(-1.,0.,0.));
#3438=DIRECTION('center_axis',(0.,0.,1.));
#3439=DIRECTION('ref_axis',(-1.,0.,0.));
#3440=DIRECTION('center_axis',(0.,0.,1.));
#3441=DIRECTION('ref_axis',(1.,0.,0.));
#3442=DIRECTION('center_axis',(0.,0.,-1.));
#3443=DIRECTION('ref_axis',(-1.,0.,0.));
#3444=DIRECTION('center_axis',(0.,0.,-1.));
#3445=DIRECTION('ref_axis',(-1.,0.,0.));
#3446=DIRECTION('center_axis',(0.,0.,-1.));
#3447=DIRECTION('ref_axis',(-1.,0.,0.));
#3448=DIRECTION('center_axis',(0.,0.,1.));
#3449=DIRECTION('ref_axis',(-1.,0.,0.));
#3450=DIRECTION('center_axis',(0.,0.,1.));
#3451=DIRECTION('ref_axis',(-1.,0.,0.));
#3452=DIRECTION('',(0.,0.,1.));
#3453=DIRECTION('center_axis',(0.,0.,1.));
#3454=DIRECTION('ref_axis',(-1.,0.,0.));
#3455=DIRECTION('center_axis',(0.,0.,1.));
#3456=DIRECTION('ref_axis',(1.,0.,0.));
#3457=DIRECTION('center_axis',(0.,0.,-1.));
#3458=DIRECTION('ref_axis',(-1.,0.,0.));
#3459=DIRECTION('center_axis',(0.,0.,-1.));
#3460=DIRECTION('ref_axis',(-1.,0.,0.));
#3461=DIRECTION('',(0.,0.,-1.));
#3462=DIRECTION('center_axis',(0.327992151709775,-0.944680447779455,0.));
#3463=DIRECTION('ref_axis',(0.,0.,1.));
#3464=DIRECTION('',(0.,0.,-1.));
#3465=DIRECTION('',(-0.818117361597278,-0.284049568732115,0.499999825156179));
#3466=DIRECTION('',(0.818117361597278,0.284049568732115,0.499999825156179));
#3467=DIRECTION('',(0.,0.,-1.));
#3468=DIRECTION('center_axis',(0.,0.,1.));
#3469=DIRECTION('ref_axis',(0.681059035601319,0.732228509432542,0.));
#3470=DIRECTION('center_axis',(0.,0.,-1.));
#3471=DIRECTION('ref_axis',(1.,0.,0.));
#3472=DIRECTION('center_axis',(0.,0.,1.));
#3473=DIRECTION('ref_axis',(0.00924263033751891,0.999957285979978,0.));
#3474=DIRECTION('center_axis',(0.,0.,1.));
#3475=DIRECTION('ref_axis',(1.,0.,0.));
#3476=DIRECTION('center_axis',(0.,0.,-1.));
#3477=DIRECTION('ref_axis',(-1.,0.,0.));
#3478=DIRECTION('center_axis',(0.,0.,1.));
#3479=DIRECTION('ref_axis',(-0.99846548202399,0.0553776236994829,0.));
#3480=DIRECTION('center_axis',(0.,0.,1.));
#3481=DIRECTION('ref_axis',(-1.,0.,0.));
#3482=DIRECTION('center_axis',(0.,0.,1.));
#3483=DIRECTION('ref_axis',(-1.,0.,0.));
#3484=DIRECTION('',(0.707106781186548,-8.65956056235494E-17,0.707106781186547));
#3485=DIRECTION('center_axis',(0.,0.,-1.));
#3486=DIRECTION('ref_axis',(-1.,0.,0.));
#3487=DIRECTION('center_axis',(0.,0.,1.));
#3488=DIRECTION('ref_axis',(-1.,0.,0.));
#3489=DIRECTION('center_axis',(0.,0.,-1.));
#3490=DIRECTION('ref_axis',(-1.,0.,0.));
#3491=DIRECTION('',(0.,0.,-1.));
#3492=DIRECTION('center_axis',(0.,0.,1.));
#3493=DIRECTION('ref_axis',(1.,0.,0.));
#3494=DIRECTION('center_axis',(0.,0.,1.));
#3495=DIRECTION('ref_axis',(-1.,0.,0.));
#3496=DIRECTION('center_axis',(0.,0.,-1.));
#3497=DIRECTION('ref_axis',(-1.,0.,0.));
#3498=DIRECTION('',(0.,0.,-1.));
#3499=DIRECTION('center_axis',(0.,0.,1.));
#3500=DIRECTION('ref_axis',(-1.,0.,0.));
#3501=DIRECTION('center_axis',(0.,0.,1.));
#3502=DIRECTION('ref_axis',(1.,0.,0.));
#3503=DIRECTION('center_axis',(0.,0.,1.));
#3504=DIRECTION('ref_axis',(1.,0.,0.));
#3505=DIRECTION('center_axis',(0.,0.,1.));
#3506=DIRECTION('ref_axis',(-1.,0.,0.));
#3507=DIRECTION('center_axis',(0.,0.,1.));
#3508=DIRECTION('ref_axis',(-1.,0.,0.));
#3509=DIRECTION('center_axis',(0.,0.,1.));
#3510=DIRECTION('ref_axis',(-1.,0.,0.));
#3511=DIRECTION('',(0.,0.,-1.));
#3512=DIRECTION('center_axis',(0.,0.,1.));
#3513=DIRECTION('ref_axis',(-1.,0.,0.));
#3514=DIRECTION('',(0.,0.,-1.));
#3515=DIRECTION('center_axis',(0.,0.,-1.));
#3516=DIRECTION('ref_axis',(-1.,0.,0.));
#3517=DIRECTION('center_axis',(0.,0.,1.));
#3518=DIRECTION('ref_axis',(1.,0.,0.));
#3519=DIRECTION('axis',(0.,0.,1.));
#3520=DIRECTION('refdir',(1.,0.,0.));
#3521=DIRECTION('center_axis',(1.,0.,0.));
#3522=DIRECTION('ref_axis',(0.,-1.,0.));
#3523=DIRECTION('',(0.,1.,0.));
#3524=DIRECTION('',(0.,0.,-1.));
#3525=DIRECTION('',(0.,-1.,0.));
#3526=DIRECTION('',(0.,0.,-1.));
#3527=DIRECTION('center_axis',(0.,1.,0.));
#3528=DIRECTION('ref_axis',(1.,0.,0.));
#3529=DIRECTION('',(-1.,0.,0.));
#3530=DIRECTION('',(1.,0.,0.));
#3531=DIRECTION('',(0.,0.,-1.));
#3532=DIRECTION('center_axis',(-1.,0.,0.));
#3533=DIRECTION('ref_axis',(0.,1.,0.));
#3534=DIRECTION('',(0.,-1.,0.));
#3535=DIRECTION('',(0.,1.,0.));
#3536=DIRECTION('',(0.,0.,-1.));
#3537=DIRECTION('center_axis',(0.,-1.,0.));
#3538=DIRECTION('ref_axis',(-1.,0.,0.));
#3539=DIRECTION('',(1.,0.,0.));
#3540=DIRECTION('',(-1.,0.,0.));
#3541=DIRECTION('center_axis',(0.,0.,1.));
#3542=DIRECTION('ref_axis',(1.,0.,0.));
#3543=DIRECTION('center_axis',(0.,0.,-1.));
#3544=DIRECTION('ref_axis',(-1.,0.,0.));
#3545=DIRECTION('axis',(0.,0.,1.));
#3546=DIRECTION('refdir',(1.,0.,0.));
#3547=DIRECTION('center_axis',(0.,0.,1.));
#3548=DIRECTION('ref_axis',(-1.,0.,0.));
#3549=DIRECTION('center_axis',(0.,0.,1.));
#3550=DIRECTION('ref_axis',(-1.,0.,0.));
#3551=DIRECTION('',(0.,0.,-1.));
#3552=DIRECTION('center_axis',(0.,0.,-1.));
#3553=DIRECTION('ref_axis',(-1.,0.,0.));
#3554=DIRECTION('center_axis',(0.,0.,1.));
#3555=DIRECTION('ref_axis',(1.,0.,0.));
#3556=DIRECTION('center_axis',(0.,0.,1.));
#3557=DIRECTION('ref_axis',(1.,0.,0.));
#3558=DIRECTION('axis',(0.,0.,1.));
#3559=DIRECTION('refdir',(1.,0.,0.));
#3560=DIRECTION('center_axis',(0.,-1.,0.));
#3561=DIRECTION('ref_axis',(0.,0.,-1.));
#3562=DIRECTION('center_axis',(-1.,0.,-1.22464679914735E-16));
#3563=DIRECTION('ref_axis',(-1.22464679914735E-16,0.,1.));
#3564=DIRECTION('center_axis',(0.,1.,0.));
#3565=DIRECTION('ref_axis',(0.,0.,-1.));
#3566=DIRECTION('',(0.,0.,1.));
#3567=DIRECTION('',(1.,0.,0.));
#3568=DIRECTION('',(0.,0.,1.));
#3569=DIRECTION('',(1.,0.,0.));
#3570=DIRECTION('',(0.,0.,1.));
#3571=DIRECTION('',(1.,0.,0.));
#3572=DIRECTION('',(0.,0.,1.));
#3573=DIRECTION('',(1.,0.,0.));
#3574=DIRECTION('',(0.,-1.,0.));
#3575=DIRECTION('',(1.,0.,0.));
#3576=CARTESIAN_POINT('',(0.,0.,0.));
#3577=CARTESIAN_POINT('',(0.,0.,0.));
#3578=CARTESIAN_POINT('Origin',(0.,0.,0.4));
#3579=CARTESIAN_POINT('',(0.933824474441702,2.18742525576743E-5,0.69827070625));
#3580=CARTESIAN_POINT('',(0.933856386817783,-1.97463309316934E-5,0.7357735));
#3581=CARTESIAN_POINT('',(0.9338125,1.14359048912879E-16,0.4));
#3582=CARTESIAN_POINT('',(-0.317189691716402,-0.878346960344671,0.84));
#3583=CARTESIAN_POINT('Ctrl Pts',(0.933856386817783,-1.9746330931672E-5,
0.7357735));
#3584=CARTESIAN_POINT('Ctrl Pts',(0.933731356040793,0.133684795405292,0.739192231481482));
#3585=CARTESIAN_POINT('Ctrl Pts',(0.870949786290735,0.423066199391004,0.746588606481482));
#3586=CARTESIAN_POINT('Ctrl Pts',(0.582474759617048,0.780138804639087,0.757962624999999));
#3587=CARTESIAN_POINT('Ctrl Pts',(0.137299706579831,0.963868275931538,0.769895555555556));
#3588=CARTESIAN_POINT('Ctrl Pts',(-0.341469281017546,0.91175176736877,0.781828486111111));
#3589=CARTESIAN_POINT('Ctrl Pts',(-0.736688266094705,0.63654224297604,0.793761416666668));
#3590=CARTESIAN_POINT('Ctrl Pts',(-0.951643408711641,0.205578295270956,
0.805694347222222));
#3591=CARTESIAN_POINT('Ctrl Pts',(-0.93375628335363,-0.275685875481528,
0.817627277777779));
#3592=CARTESIAN_POINT('Ctrl Pts',(-0.697643452916762,-0.672237779435398,
0.82906249537037));
#3593=CARTESIAN_POINT('Ctrl Pts',(-0.445154712257321,-0.832006913237569,
0.836520069444444));
#3594=CARTESIAN_POINT('Ctrl Pts',(-0.317189691716402,-0.878346960344671,
0.84));
#3595=CARTESIAN_POINT('',(0.878384366119308,-0.317082035200597,0.84));
#3596=CARTESIAN_POINT('Origin',(0.,0.,0.84));
#3597=CARTESIAN_POINT('Ctrl Pts',(0.878384366119309,-0.317082035200595,
0.84));
#3598=CARTESIAN_POINT('Ctrl Pts',(0.832412620056789,-0.4441075160579,0.836545818995098));
#3599=CARTESIAN_POINT('Ctrl Pts',(0.758626266138079,-0.561140788343758,
0.833091637990196));
#3600=CARTESIAN_POINT('Ctrl Pts',(0.663580065240968,-0.657121182637369,
0.829637456985294));
#3601=CARTESIAN_POINT('Ctrl Pts',(0.556049990021163,-0.765708153190677,
0.825729585447304));
#3602=CARTESIAN_POINT('Ctrl Pts',(0.421308538455239,-0.847348655747391,
0.821821713909313));
#3603=CARTESIAN_POINT('Ctrl Pts',(0.275278746913387,-0.892394759594576,
0.817913842371323));
#3604=CARTESIAN_POINT('Ctrl Pts',(0.129248955371535,-0.93744086344176,0.814005970833333));
#3605=CARTESIAN_POINT('Ctrl Pts',(-0.0280691761462442,-0.945892568579415,
0.810098099295343));
#3606=CARTESIAN_POINT('Ctrl Pts',(-0.178084602915826,-0.916751135715828,
0.806190227757353));
#3607=CARTESIAN_POINT('Ctrl Pts',(-0.328100029685406,-0.887609702852242,
0.802282356219363));
#3608=CARTESIAN_POINT('Ctrl Pts',(-0.470812751706789,-0.820875131987415,
0.798374484681372));
#3609=CARTESIAN_POINT('Ctrl Pts',(-0.589357722423233,-0.724433748929685,
0.794466613143382));
#3610=CARTESIAN_POINT('Ctrl Pts',(-0.707902693139678,-0.627992365871955,
0.790558741605392));
#3611=CARTESIAN_POINT('Ctrl Pts',(-0.802279912551186,-0.501844170621321,
0.786650870067402));
#3612=CARTESIAN_POINT('Ctrl Pts',(-0.861336369576598,-0.360896711747905,
0.782742998529412));
#3613=CARTESIAN_POINT('Ctrl Pts',(-0.92039282660201,-0.219949252874488,
0.778835126991422));
#3614=CARTESIAN_POINT('Ctrl Pts',(-0.944128521241327,-0.0642025303782884,
0.774927255453431));
#3615=CARTESIAN_POINT('Ctrl Pts',(-0.929738492934021,0.0879381212346461,
0.771019383915441));
#3616=CARTESIAN_POINT('Ctrl Pts',(-0.915348464626716,0.240078772847581,
0.767111512377451));
#3617=CARTESIAN_POINT('Ctrl Pts',(-0.862832713372789,0.388613353577249,
0.763203640839461));
#3618=CARTESIAN_POINT('Ctrl Pts',(-0.778397277609049,0.515988815106212,
0.759295769301471));
#3619=CARTESIAN_POINT('Ctrl Pts',(-0.693961841845309,0.643364276635174,
0.75538789776348));
#3620=CARTESIAN_POINT('Ctrl Pts',(-0.577606721571756,0.749580618963431,
0.75148002622549));
#3621=CARTESIAN_POINT('Ctrl Pts',(-0.443082161555113,0.822085747549023,
0.7475721546875));
#3622=CARTESIAN_POINT('Ctrl Pts',(-0.30855760153847,0.894590876134615,0.74366428314951));
#3623=CARTESIAN_POINT('Ctrl Pts',(-0.155863601778738,0.933384790977544,
0.73975641161152));
#3624=CARTESIAN_POINT('Ctrl Pts',(-0.00304474570095133,0.933883027272425,
0.735848540073529));
#3625=CARTESIAN_POINT('Ctrl Pts',(0.149774110376835,0.934381263567305,0.731940668535539));
#3626=CARTESIAN_POINT('Ctrl Pts',(0.302717822772675,0.896583821314136,0.728032796997549));
#3627=CARTESIAN_POINT('Ctrl Pts',(0.437712295546785,0.824957407831864,0.724124925459559));
#3628=CARTESIAN_POINT('Ctrl Pts',(0.572706768320895,0.753330994349592,0.720217053921568));
#3629=CARTESIAN_POINT('Ctrl Pts',(0.689752001473276,0.647875609638218,0.716309182383578));
#3630=CARTESIAN_POINT('Ctrl Pts',(0.775016200497891,0.521053420554609,0.712401310845588));
#3631=CARTESIAN_POINT('Ctrl Pts',(0.860280399522505,0.394231231470999,0.708493439307598));
#3632=CARTESIAN_POINT('Ctrl Pts',(0.913763564419353,0.246042238015154,0.704585567769608));
#3633=CARTESIAN_POINT('Ctrl Pts',(0.929145324958962,0.0939986525175968,
0.700677696231618));
#3634=CARTESIAN_POINT('Ctrl Pts',(0.932303373456595,0.0627823937857775,
0.699875366237745));
#3635=CARTESIAN_POINT('Ctrl Pts',(0.933855344515233,0.0314036535544136,
0.699073036243873));
#3636=CARTESIAN_POINT('Ctrl Pts',(0.933824474441702,2.18742525576743E-5,
0.69827070625));
#3637=CARTESIAN_POINT('Origin',(0.,0.,0.4));
#3638=CARTESIAN_POINT('',(0.9338125,0.,0.54827070625));
#3639=CARTESIAN_POINT('',(0.933738557409622,9.99721560640652E-6,0.5857735));
#3640=CARTESIAN_POINT('',(0.9338125,1.14359048912879E-16,0.4));
#3641=CARTESIAN_POINT('',(0.9338125,0.,0.4357735));
#3642=CARTESIAN_POINT('',(0.9338125,0.,0.4));
#3643=CARTESIAN_POINT('',(0.9338125,1.14359048912879E-16,0.4));
#3644=CARTESIAN_POINT('',(0.9338125,1.14359048912879E-16,0.4));
#3645=CARTESIAN_POINT('Origin',(0.,0.,0.4));
#3646=CARTESIAN_POINT('Ctrl Pts',(0.9338125,0.,0.4357735));
#3647=CARTESIAN_POINT('Ctrl Pts',(0.9338125,0.155587302368272,0.439751143518518));
#3648=CARTESIAN_POINT('Ctrl Pts',(0.854524256767365,0.466603993272773,0.447706430555556));
#3649=CARTESIAN_POINT('Ctrl Pts',(0.526271831867871,0.819107176965926,0.459639361111111));
#3650=CARTESIAN_POINT('Ctrl Pts',(0.0693290991638534,0.971119643177683,
0.471572291666667));
#3651=CARTESIAN_POINT('Ctrl Pts',(-0.404616840330513,0.885544302202521,
0.483505222222222));
#3652=CARTESIAN_POINT('Ctrl Pts',(-0.779539098903393,0.583272154411395,
0.495438152777778));
#3653=CARTESIAN_POINT('Ctrl Pts',(-0.963728072188549,0.138288941605364,
0.507371083333333));
#3654=CARTESIAN_POINT('Ctrl Pts',(-0.912100896276443,-0.340535622498475,
0.519304013888888));
#3655=CARTESIAN_POINT('Ctrl Pts',(-0.637297112061146,-0.736033731382379,
0.531236944444445));
#3656=CARTESIAN_POINT('Ctrl Pts',(-0.206554055895558,-0.951435138140133,
0.543169874999999));
#3657=CARTESIAN_POINT('Ctrl Pts',(0.274729456178933,-0.934032565694952,
0.555102805555556));
#3658=CARTESIAN_POINT('Ctrl Pts',(0.688790611035842,-0.688084894540648,
0.567035736111111));
#3659=CARTESIAN_POINT('Ctrl Pts',(0.899143094563982,-0.333121311902841,
0.577259300925926));
#3660=CARTESIAN_POINT('Ctrl Pts',(0.933705358404246,-0.0887331603151965,
0.583505222222222));
#3661=CARTESIAN_POINT('Ctrl Pts',(0.933738557409622,9.99721560647482E-6,
0.5857735));
#3662=CARTESIAN_POINT('Origin',(0.,0.,0.501397103125));
#3663=CARTESIAN_POINT('',(-1.01492142229189,1.16211392570398E-5,0.857647103125));
#3664=CARTESIAN_POINT('',(-1.01508227510541,3.66067092999529E-6,0.876397103125));
#3665=CARTESIAN_POINT('',(-1.015,-1.24301650113456E-16,0.501397103125));
#3666=CARTESIAN_POINT('',(-0.55804336404179,-0.847828168822505,0.9));
#3667=CARTESIAN_POINT('Ctrl Pts',(-1.01508227510541,3.66067093004714E-6,
0.876397103125));
#3668=CARTESIAN_POINT('Ctrl Pts',(-1.01508255185874,-0.00220199747828047,
0.876448992340687));
#3669=CARTESIAN_POINT('Ctrl Pts',(-1.01454446723761,-0.170519894860332,
0.880408753094363));
#3670=CARTESIAN_POINT('Ctrl Pts',(-0.928556916457895,-0.504433101197816,
0.888276385386029));
#3671=CARTESIAN_POINT('Ctrl Pts',(-0.696826510648589,-0.756480633021324,
0.89609212846201));
#3672=CARTESIAN_POINT('Ctrl Pts',(-0.558043364041793,-0.847828168822503,
0.9));
#3673=CARTESIAN_POINT('',(0.204936532200056,-0.994181622107425,0.9));
#3674=CARTESIAN_POINT('Origin',(0.,0.,0.9));
#3675=CARTESIAN_POINT('Ctrl Pts',(-1.01492142229189,1.16211392570051E-5,
0.857647103125));
#3676=CARTESIAN_POINT('Ctrl Pts',(-1.01488391441463,-0.0971404620262972,
0.859931695717593));
#3677=CARTESIAN_POINT('Ctrl Pts',(-0.976941700974942,-0.36347090294897,
0.866193931828704));
#3678=CARTESIAN_POINT('Ctrl Pts',(-0.747127762727864,-0.749443806659441,
0.876433811458333));
#3679=CARTESIAN_POINT('Ctrl Pts',(-0.300330608987644,-1.01361484974882,
0.888266851157408));
#3680=CARTESIAN_POINT('Ctrl Pts',(0.0435186628134572,-1.02742448171544,
0.896122247337963));
#3681=CARTESIAN_POINT('Ctrl Pts',(0.204936532200056,-0.994181622107425,
0.9));
#3682=CARTESIAN_POINT('Origin',(0.,0.,0.501397103125));
#3683=CARTESIAN_POINT('',(-1.01504569516846,-2.18738482778424E-5,0.707647103125));
#3684=CARTESIAN_POINT('',(-1.01501966035372,2.32449920730811E-5,0.726397103125));
#3685=CARTESIAN_POINT('',(-1.015,-1.24301650113456E-16,0.501397103125));
#3686=CARTESIAN_POINT('Ctrl Pts',(-1.01501966035372,2.32449920730994E-5,
0.726397103125));
#3687=CARTESIAN_POINT('Ctrl Pts',(-1.01488851039482,-0.134208900524237,
0.729554533884804));
#3688=CARTESIAN_POINT('Ctrl Pts',(-0.954915021393857,-0.434690493493254,
0.736619836182598));
#3689=CARTESIAN_POINT('Ctrl Pts',(-0.66686658813637,-0.81970702848744,0.747593010018382));
#3690=CARTESIAN_POINT('Ctrl Pts',(-0.201505245730788,-1.03731684660767,
0.759316624632353));
#3691=CARTESIAN_POINT('Ctrl Pts',(0.311481794463722,-1.00975730746661,0.771040239246323));
#3692=CARTESIAN_POINT('Ctrl Pts',(0.750850211590542,-0.743541840994282,
0.782763853860294));
#3693=CARTESIAN_POINT('Ctrl Pts',(1.01275550635835,-0.301590892185555,0.794487468474265));
#3694=CARTESIAN_POINT('Ctrl Pts',(1.03529634248505,0.211641657256253,0.806211083088235));
#3695=CARTESIAN_POINT('Ctrl Pts',(0.813145444457761,0.674851344614703,0.817934697702206));
#3696=CARTESIAN_POINT('Ctrl Pts',(0.398807600300296,0.97856308968433,0.829658312316176));
#3697=CARTESIAN_POINT('Ctrl Pts',(-0.109787599272989,1.05098590228017,0.841381926930147));
#3698=CARTESIAN_POINT('Ctrl Pts',(-0.592435899404392,0.875020609322789,
0.853105541544117));
#3699=CARTESIAN_POINT('Ctrl Pts',(-0.933542980014333,0.493914429901479,
0.864777266942403));
#3700=CARTESIAN_POINT('Ctrl Pts',(-1.01506170906031,0.163910143355464,0.872541120802696));
#3701=CARTESIAN_POINT('Ctrl Pts',(-1.01508227510541,3.66067093004714E-6,
0.876397103125));
#3702=CARTESIAN_POINT('Ctrl Pts',(-1.01504569516846,-2.18738482778355E-5,
0.707647103125));
#3703=CARTESIAN_POINT('Ctrl Pts',(-1.01506885169483,-0.0244747048686404,
0.708222329976852));
#3704=CARTESIAN_POINT('Ctrl Pts',(-1.00821747577298,-0.218003779290788,
0.712775200347222));
#3705=CARTESIAN_POINT('Ctrl Pts',(-0.889718480681406,-0.572959619153257,
0.721305714236112));
#3706=CARTESIAN_POINT('Ctrl Pts',(-0.506253596154277,-0.929294889881142,
0.733238644791666));
#3707=CARTESIAN_POINT('Ctrl Pts',(0.00108479034439654,-1.05824407350346,
0.745171575347223));
#3708=CARTESIAN_POINT('Ctrl Pts',(0.508157766604036,-0.928255027921613,
0.757104505902777));
#3709=CARTESIAN_POINT('Ctrl Pts',(0.890891256562379,-0.571134329679231,
0.769037436458334));
#3710=CARTESIAN_POINT('Ctrl Pts',(1.05563561506458,-0.0742646823036979,
0.780970367013889));
#3711=CARTESIAN_POINT('Ctrl Pts',(0.962079801501191,0.440776576473559,0.792903297569445));
#3712=CARTESIAN_POINT('Ctrl Pts',(0.633116263716006,0.847965610557444,0.804836228125));
#3713=CARTESIAN_POINT('Ctrl Pts',(0.149236813791344,1.04766888435367,0.816769158680556));
#3714=CARTESIAN_POINT('Ctrl Pts',(-0.37115729360317,0.991021263775438,0.828702089236111));
#3715=CARTESIAN_POINT('Ctrl Pts',(-0.800737396518172,0.691884480686091,
0.840635019791668));
#3716=CARTESIAN_POINT('Ctrl Pts',(-0.98964941709582,0.3131344346722,0.850283357754629));
#3717=CARTESIAN_POINT('Ctrl Pts',(-1.01494921838408,0.0720084510740008,
0.855954052199074));
#3718=CARTESIAN_POINT('Ctrl Pts',(-1.01492142229189,1.16211392570051E-5,
0.857647103125));
#3719=CARTESIAN_POINT('Origin',(0.,0.,0.501397103125));
#3720=CARTESIAN_POINT('',(-1.01497235273487,2.59500391083245E-5,0.557647103125));
#3721=CARTESIAN_POINT('',(-1.0149327378464,1.42785665316193E-5,0.576397103125));
#3722=CARTESIAN_POINT('',(-1.015,-1.24301650113456E-16,0.501397103125));
#3723=CARTESIAN_POINT('',(1.015,0.,0.482647103125));
#3724=CARTESIAN_POINT('Ctrl Pts',(1.015,0.,0.482647103125));
#3725=CARTESIAN_POINT('Ctrl Pts',(1.015,0.1691143692163,0.486624746643519));
#3726=CARTESIAN_POINT('Ctrl Pts',(0.928818280563684,0.507171464476931,0.494580033680555));
#3727=CARTESIAN_POINT('Ctrl Pts',(0.572026942609881,0.890321970010484,0.506512964236111));
#3728=CARTESIAN_POINT('Ctrl Pts',(0.0753567077451963,1.05555069976612,0.518445894791666));
#3729=CARTESIAN_POINT('Ctrl Pts',(-0.439795026234358,0.962535269912921,
0.530378825347223));
#3730=CARTESIAN_POINT('Ctrl Pts',(-0.847313765222616,0.633982985586043,
0.542311755902777));
#3731=CARTESIAN_POINT('Ctrl Pts',(-0.999810072633372,0.26556626876316,0.551401181828704));
#3732=CARTESIAN_POINT('Ctrl Pts',(-1.01501813613326,0.0482481774683988,
0.556512964236111));
#3733=CARTESIAN_POINT('Ctrl Pts',(-1.01497235273487,2.59500391083523E-5,
0.557647103125));
#3734=CARTESIAN_POINT('',(1.015,0.,0.501397103125));
#3735=CARTESIAN_POINT('',(1.015,0.,0.482647103125));
#3736=CARTESIAN_POINT('Ctrl Pts',(1.015,0.,0.501397103125));
#3737=CARTESIAN_POINT('Ctrl Pts',(1.015,0.166147928301953,0.50530497466299));
#3738=CARTESIAN_POINT('Ctrl Pts',(0.931869574232944,0.498286862464535,0.51312071773897));
#3739=CARTESIAN_POINT('Ctrl Pts',(0.58669876132757,0.878874476700543,0.524844332352941));
#3740=CARTESIAN_POINT('Ctrl Pts',(0.102941497649256,1.0516747982744,0.536567946966912));
#3741=CARTESIAN_POINT('Ctrl Pts',(-0.405184432119545,0.975944126275002,
0.548291561580882));
#3742=CARTESIAN_POINT('Ctrl Pts',(-0.817526317005016,0.66953372189159,0.560015176194853));
#3743=CARTESIAN_POINT('Ctrl Pts',(-0.992635652787927,0.298227666211525,
0.569383690042892));
#3744=CARTESIAN_POINT('Ctrl Pts',(-1.01496618809191,0.0660437378530632,
0.574844332352941));
#3745=CARTESIAN_POINT('Ctrl Pts',(-1.0149327378464,1.42785665316267E-5,
0.576397103125));
#3746=CARTESIAN_POINT('Origin',(-2.5,0.,0.));
#3747=CARTESIAN_POINT('',(-2.5,-0.05,0.));
#3748=CARTESIAN_POINT('',(-2.5,-0.05,0.05));
#3749=CARTESIAN_POINT('',(-2.5,-0.05,0.));
#3750=CARTESIAN_POINT('',(-2.5,0.05,0.));
#3751=CARTESIAN_POINT('Origin',(-2.5,0.,0.));
#3752=CARTESIAN_POINT('',(-2.5,0.05,0.05));
#3753=CARTESIAN_POINT('',(-2.5,0.05,0.));
#3754=CARTESIAN_POINT('',(-2.45,6.12323399573674E-18,0.05));
#3755=CARTESIAN_POINT('Origin',(-2.5,0.,0.05));
#3756=CARTESIAN_POINT('',(-2.45,-6.12323399573674E-18,0.15));
#3757=CARTESIAN_POINT('',(-2.45,6.12323399573674E-18,0.));
#3758=CARTESIAN_POINT('Origin',(-2.5,0.,0.15));
#3759=CARTESIAN_POINT('Origin',(-2.5,0.,0.05));
#3760=CARTESIAN_POINT('Origin',(-1.42875,0.,0.05));
#3761=CARTESIAN_POINT('',(-0.713249605678125,0.05,0.05));
#3762=CARTESIAN_POINT('',(-0.3575,0.05,0.05));
#3763=CARTESIAN_POINT('',(-0.713249605678125,-0.05,0.05));
#3764=CARTESIAN_POINT('Origin',(0.,0.,0.05));
#3765=CARTESIAN_POINT('',(-2.5,-0.05,0.05));
#3766=CARTESIAN_POINT('Origin',(2.7,0.,0.));
#3767=CARTESIAN_POINT('',(2.7,-0.05,0.));
#3768=CARTESIAN_POINT('',(2.7,-0.05,0.05));
#3769=CARTESIAN_POINT('',(2.7,-0.05,0.));
#3770=CARTESIAN_POINT('',(2.7,0.05,0.05));
#3771=CARTESIAN_POINT('Origin',(2.7,0.,0.05));
#3772=CARTESIAN_POINT('',(2.7,0.05,0.));
#3773=CARTESIAN_POINT('',(2.7,0.05,0.));
#3774=CARTESIAN_POINT('',(2.75,6.12323399573674E-18,0.));
#3775=CARTESIAN_POINT('Origin',(2.7,0.,0.));
#3776=CARTESIAN_POINT('',(2.75,-6.12323399573674E-18,0.4));
#3777=CARTESIAN_POINT('',(2.75,6.12323399573674E-18,0.));
#3778=CARTESIAN_POINT('Origin',(2.7,0.,0.4));
#3779=CARTESIAN_POINT('Origin',(2.7,0.,0.));
#3780=CARTESIAN_POINT('Origin',(0.,0.,0.));
#3781=CARTESIAN_POINT('',(-3.025,-1.25,0.));
#3782=CARTESIAN_POINT('',(3.025,-1.25,0.));
#3783=CARTESIAN_POINT('',(-1.875,-1.25,0.));
#3784=CARTESIAN_POINT('',(-3.025,1.25,0.));
#3785=CARTESIAN_POINT('',(-3.025,1.35,0.));
#3786=CARTESIAN_POINT('',(3.025,1.25,0.));
#3787=CARTESIAN_POINT('',(1.875,1.25,0.));
#3788=CARTESIAN_POINT('',(3.025,-1.35,0.));
#3789=CARTESIAN_POINT('',(-0.713249605678125,-0.05,0.));
#3790=CARTESIAN_POINT('',(-1.25,-0.05,0.));
#3791=CARTESIAN_POINT('',(0.713249605678125,-0.05,0.));
#3792=CARTESIAN_POINT('Origin',(0.,0.,0.));
#3793=CARTESIAN_POINT('',(0.17875,-0.05,0.));
#3794=CARTESIAN_POINT('',(0.713249605678125,0.05,0.));
#3795=CARTESIAN_POINT('',(1.35,0.05,0.));
#3796=CARTESIAN_POINT('',(-0.713249605678125,0.05,0.));
#3797=CARTESIAN_POINT('Origin',(0.,0.,0.));
#3798=CARTESIAN_POINT('',(-0.17875,0.05,0.));
#3799=CARTESIAN_POINT('Origin',(-0.3575,0.05,0.));
#3800=CARTESIAN_POINT('',(-0.713249605678125,0.05,0.));
#3801=CARTESIAN_POINT('Origin',(-2.5,-0.05,0.));
#3802=CARTESIAN_POINT('',(-0.713249605678125,-0.05,0.));
#3803=CARTESIAN_POINT('Origin',(2.7,0.05,0.));
#3804=CARTESIAN_POINT('',(0.713249605678125,0.05,0.05));
#3805=CARTESIAN_POINT('',(0.713249605678125,0.05,0.));
#3806=CARTESIAN_POINT('',(2.7,0.05,0.05));
#3807=CARTESIAN_POINT('Origin',(1.52875,0.,0.05));
#3808=CARTESIAN_POINT('',(0.713249605678125,-0.05,0.05));
#3809=CARTESIAN_POINT('',(0.3575,-0.05,0.05));
#3810=CARTESIAN_POINT('',(0.715,8.75622461390358E-17,0.05));
#3811=CARTESIAN_POINT('Origin',(0.,0.,0.05));
#3812=CARTESIAN_POINT('Origin',(0.,0.,0.05));
#3813=CARTESIAN_POINT('Origin',(0.3575,-0.05,0.));
#3814=CARTESIAN_POINT('',(0.713249605678125,-0.05,0.));
#3815=CARTESIAN_POINT('Origin',(2.7,0.,1.2));
#3816=CARTESIAN_POINT('',(2.9145,2.62686738417107E-17,1.2));
#3817=CARTESIAN_POINT('Origin',(2.7,0.,1.2));
#3818=CARTESIAN_POINT('',(2.89049997207273,-2.33295181036535E-17,0.4));
#3819=CARTESIAN_POINT('',(2.9145,-2.62686738417107E-17,1.2));
#3820=CARTESIAN_POINT('Origin',(2.7,0.,0.4));
#3821=CARTESIAN_POINT('Origin',(2.7,-5.39152595486187E-18,0.4));
#3822=CARTESIAN_POINT('Origin',(-2.5,0.,0.9));
#3823=CARTESIAN_POINT('',(-1.7,9.79717439317883E-17,0.9));
#3824=CARTESIAN_POINT('Origin',(-2.5,0.,0.9));
#3825=CARTESIAN_POINT('',(-1.7,9.79717439317883E-17,0.15));
#3826=CARTESIAN_POINT('',(-1.7,-9.79717439317883E-17,0.9));
#3827=CARTESIAN_POINT('Origin',(-2.5,0.,0.15));
#3828=CARTESIAN_POINT('Origin',(-2.5,-1.15648231731787E-17,0.15));
#3829=CARTESIAN_POINT('Ctrl Pts',(0.9338125,0.,0.54827070625));
#3830=CARTESIAN_POINT('Ctrl Pts',(0.9338125,0.152858140194549,0.55217857778799));
#3831=CARTESIAN_POINT('Ctrl Pts',(0.857331484520592,0.458430050005087,0.559994320863971));
#3832=CARTESIAN_POINT('Ctrl Pts',(0.539770085775568,0.808575342141798,0.571717935477941));
#3833=CARTESIAN_POINT('Ctrl Pts',(0.0947074455897498,0.967553766072521,
0.583441550091912));
#3834=CARTESIAN_POINT('Ctrl Pts',(-0.372774667506042,0.897880615189334,
0.595165164705882));
#3835=CARTESIAN_POINT('Ctrl Pts',(-0.752134279702706,0.615979269629449,
0.606888779319853));
#3836=CARTESIAN_POINT('Ctrl Pts',(-0.953735785706455,0.188498577759229,
0.618612393933824));
#3837=CARTESIAN_POINT('Ctrl Pts',(-0.929917991800735,-0.28353718921501,
0.630336008547795));
#3838=CARTESIAN_POINT('Ctrl Pts',(-0.686316508659799,-0.688557320922302,
0.642059623161764));
#3839=CARTESIAN_POINT('Ctrl Pts',(-0.280503357765087,-0.930838043497742,
0.653783237775736));
#3840=CARTESIAN_POINT('Ctrl Pts',(0.191606151402136,-0.953115129015742,
0.665506852389706));
#3841=CARTESIAN_POINT('Ctrl Pts',(0.618429867733556,-0.750124023232063,
0.677230467003676));
#3842=CARTESIAN_POINT('Ctrl Pts',(0.899087797863315,-0.369841288058496,
0.688954081617647));
#3843=CARTESIAN_POINT('Ctrl Pts',(0.9672467293162,0.0978532445593087,0.700677696231617));
#3844=CARTESIAN_POINT('Ctrl Pts',(0.806797234625657,0.542420224926844,0.712401310845589));
#3845=CARTESIAN_POINT('Ctrl Pts',(0.455661535168514,0.858786379060967,0.724124925459558));
#3846=CARTESIAN_POINT('Ctrl Pts',(-0.00316960201900404,0.972178705820474,
0.73584854007353));
#3847=CARTESIAN_POINT('Ctrl Pts',(-0.461251601298206,0.855796961291685,
0.7475721546875));
#3848=CARTESIAN_POINT('Ctrl Pts',(-0.810316962118861,0.537147934306919,
0.759295769301471));
#3849=CARTESIAN_POINT('Ctrl Pts',(-0.967864215880644,0.0915441921179113,
0.771019383915441));
#3850=CARTESIAN_POINT('Ctrl Pts',(-0.896657131962693,-0.375695975370687,
0.782742998529412));
#3851=CARTESIAN_POINT('Ctrl Pts',(-0.613525473728171,-0.754140561122588,
0.794466613143382));
#3852=CARTESIAN_POINT('Ctrl Pts',(-0.185387307664022,-0.954344273717069,
0.806190227757354));
#3853=CARTESIAN_POINT('Ctrl Pts',(0.286567086889314,-0.928989158304105,
0.817913842371323));
#3854=CARTESIAN_POINT('Ctrl Pts',(0.690791441587086,-0.684067650633964,
0.829637456985295));
#3855=CARTESIAN_POINT('Ctrl Pts',(0.931747538208137,-0.277467334984259,
0.841361071599265));
#3856=CARTESIAN_POINT('Ctrl Pts',(0.952485385041199,0.194712931100104,0.853084686213235));
#3857=CARTESIAN_POINT('Ctrl Pts',(0.748103823007599,0.620871548022677,0.864808300827206));
#3858=CARTESIAN_POINT('Ctrl Pts',(0.366907903699921,0.900290093779162,0.876531915441176));
#3859=CARTESIAN_POINT('Ctrl Pts',(-0.10100594339518,0.966919973273893,0.888255530055148));
#3860=CARTESIAN_POINT('Ctrl Pts',(-0.545048323460654,0.805029736692844,
0.899979144669117));
#3861=CARTESIAN_POINT('Ctrl Pts',(-0.860266206170729,0.452848589499705,
0.911702759283089));
#3862=CARTESIAN_POINT('Ctrl Pts',(-0.972165582422103,-0.00631741812631656,
0.923426373897059));
#3863=CARTESIAN_POINT('Ctrl Pts',(-0.854283798571268,-0.4640846653323,0.93514998851103));
#3864=CARTESIAN_POINT('Ctrl Pts',(-0.641088971403976,-0.695971498643571,
0.94296573158701));
#3865=CARTESIAN_POINT('Ctrl Pts',(-0.513406767373672,-0.780012356550309,
0.946873603125));
#3866=CARTESIAN_POINT('Ctrl Pts',(0.960875,0.,0.532646171875));
#3867=CARTESIAN_POINT('Ctrl Pts',(0.960875,0.157288069563684,0.53655404341299));
#3868=CARTESIAN_POINT('Ctrl Pts',(0.882177514424709,0.471715654158236,0.54436978648897));
#3869=CARTESIAN_POINT('Ctrl Pts',(0.555412977626236,0.832008386994714,0.556093401102941));
#3870=CARTESIAN_POINT('Ctrl Pts',(0.0974521296095852,0.995594110139811,
0.567817015716912));
#3871=CARTESIAN_POINT('Ctrl Pts',(-0.383577922377209,0.923901785551224,
0.579540630330882));
#3872=CARTESIAN_POINT('Ctrl Pts',(-0.773931625470143,0.633830753716829,
0.591264244944853));
#3873=CARTESIAN_POINT('Ctrl Pts',(-0.981375675620844,0.193961390433732,
0.602987859558823));
#3874=CARTESIAN_POINT('Ctrl Pts',(-0.956867626393449,-0.291754283313805,
0.614711474172795));
#3875=CARTESIAN_POINT('Ctrl Pts',(-0.706206412163559,-0.708512164638209,
0.626435088786764));
#3876=CARTESIAN_POINT('Ctrl Pts',(-0.288632529434473,-0.957814341793339,
0.638158703400736));
#3877=CARTESIAN_POINT('Ctrl Pts',(0.197159023603269,-0.980737031891308,
0.649882318014706));
#3878=CARTESIAN_POINT('Ctrl Pts',(0.636352371764653,-0.771863110445736,
0.661605932628677));
#3879=CARTESIAN_POINT('Ctrl Pts',(0.92514395317252,-0.380559531665305,0.673329547242647));
#3880=CARTESIAN_POINT('Ctrl Pts',(0.995278175256492,0.100689095900864,0.685053161856618));
#3881=CARTESIAN_POINT('Ctrl Pts',(0.83017874875409,0.558139919551925,0.696776776470588));
#3882=CARTESIAN_POINT('Ctrl Pts',(0.468866905942088,0.883674572765096,0.708500391084559));
#3883=CARTESIAN_POINT('Ctrl Pts',(-0.00326145916874173,1.00035308368141,
0.720224005698529));
#3884=CARTESIAN_POINT('Ctrl Pts',(-0.474618975862299,0.880598519704061,
0.7319476203125));
#3885=CARTESIAN_POINT('Ctrl Pts',(-0.833800480263395,0.552714834484611,
0.74367123492647));
#3886=CARTESIAN_POINT('Ctrl Pts',(-0.995913556987417,0.0941972029730786,
0.755394849540441));
#3887=CARTESIAN_POINT('Ctrl Pts',(-0.922642844976539,-0.386583891663807,
0.767118464154412));
#3888=CARTESIAN_POINT('Ctrl Pts',(-0.63130584519757,-0.775996050244206,
0.778842078768383));
#3889=CARTESIAN_POINT('Ctrl Pts',(-0.190759953686278,-0.982001798013936,
0.790565693382353));
#3890=CARTESIAN_POINT('Ctrl Pts',(0.294871989414117,-0.955911874691608,
0.802289307996324));
#3891=CARTESIAN_POINT('Ctrl Pts',(0.710811031588238,-0.70389238075407,0.814012922610294));
#3892=CARTESIAN_POINT('Ctrl Pts',(0.95875019425821,-0.285508520718024,0.825736537224264));
#3893=CARTESIAN_POINT('Ctrl Pts',(0.98008903752248,0.20035583981882,0.837460151838236));
#3894=CARTESIAN_POINT('Ctrl Pts',(0.769784363490986,0.638864813553353,0.849183766452205));
#3895=CARTESIAN_POINT('Ctrl Pts',(0.377541135900046,0.926381092414217,0.860907381066177));
#3896=CARTESIAN_POINT('Ctrl Pts',(-0.103933162021117,0.994941949609319,
0.872630995680147));
#3897=CARTESIAN_POINT('Ctrl Pts',(-0.560844182108567,0.828360027569492,
0.884354610294118));
#3898=CARTESIAN_POINT('Ctrl Pts',(-0.885197286237118,0.465972439258983,
0.896078224908088));
#3899=CARTESIAN_POINT('Ctrl Pts',(-1.00033957995833,-0.00650050105575189,
0.907801839522059));
#3900=CARTESIAN_POINT('Ctrl Pts',(-0.879041504533477,-0.477534143954139,
0.91952545413603));
#3901=CARTESIAN_POINT('Ctrl Pts',(-0.65966815115218,-0.716141210102822,
0.92734119721201));
#3902=CARTESIAN_POINT('Ctrl Pts',(-0.528285632929712,-0.802617627307707,
0.93124906875));
#3903=CARTESIAN_POINT('Ctrl Pts',(0.9879375,0.,0.5170216375));
#3904=CARTESIAN_POINT('Ctrl Pts',(0.9879375,0.161717998932819,0.52092950903799));
#3905=CARTESIAN_POINT('Ctrl Pts',(0.907023544328826,0.485001258311386,0.528745252113971));
#3906=CARTESIAN_POINT('Ctrl Pts',(0.571055869476903,0.855441431847627,0.540468866727941));
#3907=CARTESIAN_POINT('Ctrl Pts',(0.100196813629421,1.0236344542071,0.552192481341912));
#3908=CARTESIAN_POINT('Ctrl Pts',(-0.394381177248377,0.949922955913113,
0.563916095955882));
#3909=CARTESIAN_POINT('Ctrl Pts',(-0.795728971237579,0.65168223780421,0.575639710569853));
#3910=CARTESIAN_POINT('Ctrl Pts',(-1.00901556553524,0.199424203108235,0.587363325183823));
#3911=CARTESIAN_POINT('Ctrl Pts',(-0.98381726098616,-0.299971377412601,
0.599086939797794));
#3912=CARTESIAN_POINT('Ctrl Pts',(-0.726096315667321,-0.728467008354114,
0.610810554411764));
#3913=CARTESIAN_POINT('Ctrl Pts',(-0.296761701103858,-0.984790640088938,
0.622534169025736));
#3914=CARTESIAN_POINT('Ctrl Pts',(0.202711895804402,-1.00835893476687,0.634257783639706));
#3915=CARTESIAN_POINT('Ctrl Pts',(0.65427487579575,-0.793602197659409,0.645981398253677));
#3916=CARTESIAN_POINT('Ctrl Pts',(0.951200108481723,-0.391277775272114,
0.657705012867647));
#3917=CARTESIAN_POINT('Ctrl Pts',(1.02330962119679,0.10352494724242,0.669428627481617));
#3918=CARTESIAN_POINT('Ctrl Pts',(0.853560262882522,0.573859614177005,0.681152242095589));
#3919=CARTESIAN_POINT('Ctrl Pts',(0.482072276715662,0.908562766469226,0.692875856709558));
#3920=CARTESIAN_POINT('Ctrl Pts',(-0.00335331631847947,1.02852746154235,
0.70459947132353));
#3921=CARTESIAN_POINT('Ctrl Pts',(-0.487986350426393,0.905400078116437,
0.716323085937499));
#3922=CARTESIAN_POINT('Ctrl Pts',(-0.857283998407927,0.568281734662302,
0.728046700551471));
#3923=CARTESIAN_POINT('Ctrl Pts',(-1.02396289809419,0.0968502138282465,
0.739770315165441));
#3924=CARTESIAN_POINT('Ctrl Pts',(-0.948628557990382,-0.397471807956928,
0.751493929779411));
#3925=CARTESIAN_POINT('Ctrl Pts',(-0.649086216666971,-0.797851539365823,
0.763217544393383));
#3926=CARTESIAN_POINT('Ctrl Pts',(-0.196132599708533,-1.0096593223108,0.774941159007352));
#3927=CARTESIAN_POINT('Ctrl Pts',(0.303176891938919,-0.982834591079111,
0.786664773621324));
#3928=CARTESIAN_POINT('Ctrl Pts',(0.730830621589389,-0.723717110874177,
0.798388388235294));
#3929=CARTESIAN_POINT('Ctrl Pts',(0.985752850308282,-0.293549706451789,
0.810112002849265));
#3930=CARTESIAN_POINT('Ctrl Pts',(1.00769269000376,0.205998748537536,0.821835617463235));
#3931=CARTESIAN_POINT('Ctrl Pts',(0.791464903974373,0.656858079084029,0.833559232077206));
#3932=CARTESIAN_POINT('Ctrl Pts',(0.388174368100171,0.952472091049273,0.845282846691176));
#3933=CARTESIAN_POINT('Ctrl Pts',(-0.106860380647053,1.02296392594475,0.857006461305147));
#3934=CARTESIAN_POINT('Ctrl Pts',(-0.576640040756479,0.85169031844614,0.868730075919118));
#3935=CARTESIAN_POINT('Ctrl Pts',(-0.910128366303509,0.479096289018262,
0.880453690533088));
#3936=CARTESIAN_POINT('Ctrl Pts',(-1.02851357749456,-0.0066835839851877,
0.892177305147059));
#3937=CARTESIAN_POINT('Ctrl Pts',(-0.903799210495686,-0.490983622575977,
0.903900919761029));
#3938=CARTESIAN_POINT('Ctrl Pts',(-0.678247330900385,-0.736310921562073,
0.91171666283701));
#3939=CARTESIAN_POINT('Ctrl Pts',(-0.543164498485753,-0.825222898065105,
0.915624534375));
#3940=CARTESIAN_POINT('Ctrl Pts',(1.015,0.,0.501397103125));
#3941=CARTESIAN_POINT('Ctrl Pts',(1.015,0.166147928301953,0.50530497466299));
#3942=CARTESIAN_POINT('Ctrl Pts',(0.931869574232944,0.498286862464535,0.51312071773897));
#3943=CARTESIAN_POINT('Ctrl Pts',(0.58669876132757,0.878874476700543,0.524844332352941));
#3944=CARTESIAN_POINT('Ctrl Pts',(0.102941497649256,1.0516747982744,0.536567946966912));
#3945=CARTESIAN_POINT('Ctrl Pts',(-0.405184432119545,0.975944126275002,
0.548291561580882));
#3946=CARTESIAN_POINT('Ctrl Pts',(-0.817526317005016,0.66953372189159,0.560015176194853));
#3947=CARTESIAN_POINT('Ctrl Pts',(-1.03665545544962,0.204887015782738,0.571738790808824));
#3948=CARTESIAN_POINT('Ctrl Pts',(-1.01076689557887,-0.308188471511396,
0.583462405422794));
#3949=CARTESIAN_POINT('Ctrl Pts',(-0.745986219171081,-0.748421852070021,
0.595186020036765));
#3950=CARTESIAN_POINT('Ctrl Pts',(-0.304890872773243,-1.01176693838454,
0.606909634650735));
#3951=CARTESIAN_POINT('Ctrl Pts',(0.208264768005535,-1.03598083764244,0.618633249264706));
#3952=CARTESIAN_POINT('Ctrl Pts',(0.672197379826848,-0.815341284873081,
0.630356863878676));
#3953=CARTESIAN_POINT('Ctrl Pts',(0.977256263790927,-0.401996018878923,
0.642080478492647));
#3954=CARTESIAN_POINT('Ctrl Pts',(1.05134106713708,0.106360798583975,0.653804093106617));
#3955=CARTESIAN_POINT('Ctrl Pts',(0.876941777010955,0.589579308802086,0.665527707720588));
#3956=CARTESIAN_POINT('Ctrl Pts',(0.495277647489236,0.933450960173355,0.677251322334559));
#3957=CARTESIAN_POINT('Ctrl Pts',(-0.00344517346821692,1.05670183940329,
0.688974936948529));
#3958=CARTESIAN_POINT('Ctrl Pts',(-0.501353724990487,0.930201636528812,
0.700698551562501));
#3959=CARTESIAN_POINT('Ctrl Pts',(-0.88076751655246,0.583848634839995,0.71242216617647));
#3960=CARTESIAN_POINT('Ctrl Pts',(-1.05201223920097,0.0995032246834136,
0.724145780790442));
#3961=CARTESIAN_POINT('Ctrl Pts',(-0.974614271004226,-0.408359724250048,
0.735869395404411));
#3962=CARTESIAN_POINT('Ctrl Pts',(-0.66686658813637,-0.81970702848744,0.747593010018382));
#3963=CARTESIAN_POINT('Ctrl Pts',(-0.201505245730788,-1.03731684660767,
0.759316624632353));
#3964=CARTESIAN_POINT('Ctrl Pts',(0.311481794463722,-1.00975730746661,0.771040239246323));
#3965=CARTESIAN_POINT('Ctrl Pts',(0.750850211590542,-0.743541840994282,
0.782763853860294));
#3966=CARTESIAN_POINT('Ctrl Pts',(1.01275550635835,-0.301590892185555,0.794487468474265));
#3967=CARTESIAN_POINT('Ctrl Pts',(1.03529634248505,0.211641657256253,0.806211083088235));
#3968=CARTESIAN_POINT('Ctrl Pts',(0.813145444457761,0.674851344614703,0.817934697702206));
#3969=CARTESIAN_POINT('Ctrl Pts',(0.398807600300296,0.97856308968433,0.829658312316176));
#3970=CARTESIAN_POINT('Ctrl Pts',(-0.109787599272989,1.05098590228017,0.841381926930147));
#3971=CARTESIAN_POINT('Ctrl Pts',(-0.592435899404392,0.875020609322789,
0.853105541544117));
#3972=CARTESIAN_POINT('Ctrl Pts',(-0.935059446369898,0.492220138777539,
0.864829156158089));
#3973=CARTESIAN_POINT('Ctrl Pts',(-1.05668757503078,-0.00686666691462278,
0.876552770772059));
#3974=CARTESIAN_POINT('Ctrl Pts',(-0.928556916457895,-0.504433101197816,
0.888276385386029));
#3975=CARTESIAN_POINT('Ctrl Pts',(-0.696826510648589,-0.756480633021324,
0.89609212846201));
#3976=CARTESIAN_POINT('Ctrl Pts',(-0.558043364041793,-0.847828168822503,
0.9));
#3977=CARTESIAN_POINT('',(-0.883208752771216,-0.455637557916996,0.9));
#3978=CARTESIAN_POINT('Ctrl Pts',(-0.558043364041793,-0.847828168822503,
0.9));
#3979=CARTESIAN_POINT('Ctrl Pts',(-0.594206870442379,-0.821855538270049,
0.9));
#3980=CARTESIAN_POINT('Ctrl Pts',(-0.628506934853176,-0.793548796723596,
0.9));
#3981=CARTESIAN_POINT('Ctrl Pts',(-0.660782339100657,-0.763158342966816,
0.9));
#3982=CARTESIAN_POINT('Ctrl Pts',(-0.693125870858469,-0.732703740487485,
0.9));
#3983=CARTESIAN_POINT('Ctrl Pts',(-0.723436911376912,-0.700155695232307,
0.9));
#3984=CARTESIAN_POINT('Ctrl Pts',(-0.751516474379223,-0.665728974932368,
0.9));
#3985=CARTESIAN_POINT('Ctrl Pts',(-0.776787984610749,-0.634745044939363,
0.9));
#3986=CARTESIAN_POINT('Ctrl Pts',(-0.800251913516554,-0.602238462974943,
0.9));
#3987=CARTESIAN_POINT('Ctrl Pts',(-0.821730458954318,-0.568349285221853,
0.9));
#3988=CARTESIAN_POINT('Ctrl Pts',(-0.826186118388141,-0.561319077566609,
0.9));
#3989=CARTESIAN_POINT('Ctrl Pts',(-0.830554849646839,-0.554231323900896,
0.9));
#3990=CARTESIAN_POINT('Ctrl Pts',(-0.834829705256932,-0.547096727587198,
0.9));
#3991=CARTESIAN_POINT('Ctrl Pts',(-0.848951697295659,-0.523527577765225,
0.9));
#3992=CARTESIAN_POINT('Ctrl Pts',(-0.862067872485828,-0.499419183319689,
0.9));
#3993=CARTESIAN_POINT('Ctrl Pts',(-0.874134646422001,-0.474824081112431,
0.9));
#3994=CARTESIAN_POINT('Ctrl Pts',(-0.877249222186846,-0.468475796999891,
0.9));
#3995=CARTESIAN_POINT('Ctrl Pts',(-0.880293850280792,-0.462095065709766,
0.9));
#3996=CARTESIAN_POINT('Ctrl Pts',(-0.883268396016001,-0.455683140628386,
0.9));
#3997=CARTESIAN_POINT('Ctrl Pts',(-1.0149327378464,1.42785665316267E-5,
0.576397103125));
#3998=CARTESIAN_POINT('Ctrl Pts',(-1.01488200357174,-0.100133169426428,
0.578752203890931));
#3999=CARTESIAN_POINT('Ctrl Pts',(-0.975697191492726,-0.366496557261799,
0.585015176194853));
#4000=CARTESIAN_POINT('Ctrl Pts',(-0.745986219171081,-0.748421852070021,
0.595186020036765));
#4001=CARTESIAN_POINT('Ctrl Pts',(-0.304890872773243,-1.01176693838454,
0.606909634650735));
#4002=CARTESIAN_POINT('Ctrl Pts',(0.208264768005535,-1.03598083764244,0.618633249264706));
#4003=CARTESIAN_POINT('Ctrl Pts',(0.672197379826848,-0.815341284873081,
0.630356863878676));
#4004=CARTESIAN_POINT('Ctrl Pts',(0.977256263790927,-0.401996018878923,
0.642080478492647));
#4005=CARTESIAN_POINT('Ctrl Pts',(1.05134106713708,0.106360798583975,0.653804093106617));
#4006=CARTESIAN_POINT('Ctrl Pts',(0.876941777010955,0.589579308802086,0.665527707720588));
#4007=CARTESIAN_POINT('Ctrl Pts',(0.495277647489236,0.933450960173355,0.677251322334559));
#4008=CARTESIAN_POINT('Ctrl Pts',(-0.00344517346821692,1.05670183940329,
0.688974936948529));
#4009=CARTESIAN_POINT('Ctrl Pts',(-0.501353724990487,0.930201636528812,
0.700698551562501));
#4010=CARTESIAN_POINT('Ctrl Pts',(-0.88076751655246,0.583848634839995,0.71242216617647));
#4011=CARTESIAN_POINT('Ctrl Pts',(-1.00589221798327,0.229948240726149,0.720988350030637));
#4012=CARTESIAN_POINT('Ctrl Pts',(-1.01505083135468,0.0319268031068764,
0.725646662346814));
#4013=CARTESIAN_POINT('Ctrl Pts',(-1.01501966035372,2.32449920730994E-5,
0.726397103125));
#4014=CARTESIAN_POINT('',(1.015,0.,0.501397103125));
#4015=CARTESIAN_POINT('Ctrl Pts',(0.933824474441702,2.18742525576743E-5,
0.69827070625));
#4016=CARTESIAN_POINT('Ctrl Pts',(0.933704987077957,-0.121446125316865,
0.695165164705882));
#4017=CARTESIAN_POINT('Ctrl Pts',(0.909871437315756,-0.242959656118584,
0.692059623161765));
#4018=CARTESIAN_POINT('Ctrl Pts',(0.863671298083836,-0.355272655151123,
0.688954081617647));
#4019=CARTESIAN_POINT('Ctrl Pts',(0.805535154486728,-0.496602199783019,
0.685046210079657));
#4020=CARTESIAN_POINT('Ctrl Pts',(0.711982511110142,-0.623363111507541,
0.681138338541667));
#4021=CARTESIAN_POINT('Ctrl Pts',(0.594068903366612,-0.720575418333749,
0.677230467003676));
#4022=CARTESIAN_POINT('Ctrl Pts',(0.476155295623082,-0.817787725159956,
0.673322595465686));
#4023=CARTESIAN_POINT('Ctrl Pts',(0.333880723512609,-0.88545142708785,0.669414723927696));
#4024=CARTESIAN_POINT('Ctrl Pts',(0.184058519262835,-0.915570430465463,
0.665506852389706));
#4025=CARTESIAN_POINT('Ctrl Pts',(0.0342363150130612,-0.945689433843076,
0.661598980851716));
#4026=CARTESIAN_POINT('Ctrl Pts',(-0.123133521376013,-0.938263738670409,
0.657691109313726));
#4027=CARTESIAN_POINT('Ctrl Pts',(-0.269453964719669,-0.894170770654836,
0.653783237775735));
#4028=CARTESIAN_POINT('Ctrl Pts',(-0.415774408063324,-0.850077802639262,
0.649875366237745));
#4029=CARTESIAN_POINT('Ctrl Pts',(-0.551045458361561,-0.769317561780782,
0.645967494699755));
#4030=CARTESIAN_POINT('Ctrl Pts',(-0.659281230700836,-0.661434086066994,
0.642059623161764));
#4031=CARTESIAN_POINT('Ctrl Pts',(-0.767517003040111,-0.553550610353205,
0.638151751623774));
#4032=CARTESIAN_POINT('Ctrl Pts',(-0.848717497420423,-0.418543899784108,
0.634243880085785));
#4033=CARTESIAN_POINT('Ctrl Pts',(-0.893287376928199,-0.272367916670519,
0.630336008547794));
#4034=CARTESIAN_POINT('Ctrl Pts',(-0.937857256435975,-0.126191933556931,
0.626428137009804));
#4035=CARTESIAN_POINT('Ctrl Pts',(-0.945796521071215,0.0311533221011492,
0.622520265471814));
#4036=CARTESIAN_POINT('Ctrl Pts',(-0.91616590238821,0.181072731908559,0.618612393933824));
#4037=CARTESIAN_POINT('Ctrl Pts',(-0.886535283705205,0.330992141715969,
0.614704522395833));
#4038=CARTESIAN_POINT('Ctrl Pts',(-0.819334781703956,0.473485705672709,
0.610796650857843));
#4039=CARTESIAN_POINT('Ctrl Pts',(-0.722507928670553,0.591716045244393,
0.606888779319853));
#4040=CARTESIAN_POINT('Ctrl Pts',(-0.625681075637151,0.709946384816077,
0.602980907781863));
#4041=CARTESIAN_POINT('Ctrl Pts',(-0.499227871571596,0.803913500002706,
0.599073036243872));
#4042=CARTESIAN_POINT('Ctrl Pts',(-0.358087584022854,0.862509249409885,
0.595165164705882));
#4043=CARTESIAN_POINT('Ctrl Pts',(-0.216947296474111,0.921104998817063,
0.591257293167892));
#4044=CARTESIAN_POINT('Ctrl Pts',(-0.0611199254421806,0.944329382444792,
0.587349421629902));
#4045=CARTESIAN_POINT('Ctrl Pts',(0.0909708667714209,0.929445170270203,
0.583441550091912));
#4046=CARTESIAN_POINT('Ctrl Pts',(0.243061658985023,0.914560958095613,0.579533678553922));
#4047=CARTESIAN_POINT('Ctrl Pts',(0.391415872380295,0.861568150118705,0.575625807015931));
#4048=CARTESIAN_POINT('Ctrl Pts',(0.518519878868769,0.7767141974408,0.571717935477941));
#4049=CARTESIAN_POINT('Ctrl Pts',(0.645623885357243,0.691860244762894,0.567810063939951));
#4050=CARTESIAN_POINT('Ctrl Pts',(0.751477684938917,0.575145147383991,0.563902192401961));
#4051=CARTESIAN_POINT('Ctrl Pts',(0.823524838599607,0.440394621241904,0.55999432086397));
#4052=CARTESIAN_POINT('Ctrl Pts',(0.895571992260296,0.305644095099818,0.55608644932598));
#4053=CARTESIAN_POINT('Ctrl Pts',(0.9338125,0.152858140194549,0.55217857778799));
#4054=CARTESIAN_POINT('Ctrl Pts',(0.9338125,0.,0.54827070625));
#4055=CARTESIAN_POINT('Ctrl Pts',(-0.883268396016,-0.455683140628389,0.9));
#4056=CARTESIAN_POINT('Ctrl Pts',(-0.900478636105601,-0.421009691521845,
0.899410354443437));
#4057=CARTESIAN_POINT('Ctrl Pts',(-0.915643510626756,-0.385291458478681,
0.898819868599728));
#4058=CARTESIAN_POINT('Ctrl Pts',(-0.928704320031963,-0.348721236775299,
0.898227527209438));
#4059=CARTESIAN_POINT('Ctrl Pts',(-0.9323337900247,-0.338558733198202,0.898062921384882));
#4060=CARTESIAN_POINT('Ctrl Pts',(-0.935800598047621,-0.328330400690343,
0.897898172269595));
#4061=CARTESIAN_POINT('Ctrl Pts',(-0.939103061841441,-0.318040321649056,
0.89773325807663));
#4062=CARTESIAN_POINT('Ctrl Pts',(-0.941695005482156,-0.309964137745561,
0.897603824925987));
#4063=CARTESIAN_POINT('Ctrl Pts',(-0.944185478162801,-0.301850263555527,
0.897474296122197));
#4064=CARTESIAN_POINT('Ctrl Pts',(-0.946570102665579,-0.293713898129254,
0.897344869883555));
#4065=CARTESIAN_POINT('Ctrl Pts',(-0.958960478630013,-0.25143779700806,
0.896672378363583));
#4066=CARTESIAN_POINT('Ctrl Pts',(-0.96852680634367,-0.208465832320608,
0.896001207392685));
#4067=CARTESIAN_POINT('Ctrl Pts',(-0.975223903988193,-0.165091455988358,
0.895329853282593));
#4068=CARTESIAN_POINT('Ctrl Pts',(-0.981882423733434,-0.121966933012056,
0.894662366434503));
#4069=CARTESIAN_POINT('Ctrl Pts',(-0.985704865718936,-0.0784434881491178,
0.893994698551049));
#4070=CARTESIAN_POINT('Ctrl Pts',(-0.986596830593967,-0.0348007899260148,
0.893325371780059));
#4071=CARTESIAN_POINT('Ctrl Pts',(-0.986790023092321,-0.0253481285705499,
0.893180400924453));
#4072=CARTESIAN_POINT('Ctrl Pts',(-0.986845547073162,-0.0158898762103466,
0.893035352246925));
#4073=CARTESIAN_POINT('Ctrl Pts',(-0.98676211751747,-0.00642889959926927,
0.892890210731327));
#4074=CARTESIAN_POINT('Ctrl Pts',(-0.986547167676706,0.0179465797993726,
0.892516264766891));
#4075=CARTESIAN_POINT('Ctrl Pts',(-0.985410176198801,0.0423402540302813,
0.892141702547396));
#4076=CARTESIAN_POINT('Ctrl Pts',(-0.983358685558647,0.0667022944691947,
0.891766267263924));
#4077=CARTESIAN_POINT('Ctrl Pts',(-0.982585051584317,0.0758894200639434,
0.891624687534155));
#4078=CARTESIAN_POINT('Ctrl Pts',(-0.981681898826851,0.0850643575345902,
0.891483101724268));
#4079=CARTESIAN_POINT('Ctrl Pts',(-0.980651093713309,0.0942174387529733,
0.891341604779249));
#4080=CARTESIAN_POINT('Ctrl Pts',(-0.975747360687179,0.137760360758088,
0.89066847730513));
#4081=CARTESIAN_POINT('Ctrl Pts',(-0.967954842063273,0.180859044700653,
0.889996587291336));
#4082=CARTESIAN_POINT('Ctrl Pts',(-0.95737888751213,0.22323452612829,0.889324425665604));
#4083=CARTESIAN_POINT('Ctrl Pts',(-0.947273249282428,0.263725555382087,
0.888682155297602));
#4084=CARTESIAN_POINT('Ctrl Pts',(-0.934625622379709,0.303557157838909,
0.888039636937871));
#4085=CARTESIAN_POINT('Ctrl Pts',(-0.919484983795339,0.342475903717607,
0.88739555402067));
#4086=CARTESIAN_POINT('Ctrl Pts',(-0.911914664503154,0.361935276656956,
0.88707351256207));
#4087=CARTESIAN_POINT('Ctrl Pts',(-0.903720461871412,0.381166195173117,
0.886751079964102));
#4088=CARTESIAN_POINT('Ctrl Pts',(-0.894904863464942,0.400134966945403,
0.886428091656049));
#4089=CARTESIAN_POINT('Ctrl Pts',(-0.890197340691755,0.410264276491978,
0.886255616147805));
#4090=CARTESIAN_POINT('Ctrl Pts',(-0.885312583753525,0.420318806023469,
0.886082982175952));
#4091=CARTESIAN_POINT('Ctrl Pts',(-0.8802507029147,0.430293210557396,0.885910164680871));
#4092=CARTESIAN_POINT('Ctrl Pts',(-0.876499525212038,0.437684882759164,
0.885782095855306));
#4093=CARTESIAN_POINT('Ctrl Pts',(-0.872652311302972,0.445029910220179,
0.885653971200722));
#4094=CARTESIAN_POINT('Ctrl Pts',(-0.868714345046178,0.452317276988717,
0.885525938992855));
#4095=CARTESIAN_POINT('Ctrl Pts',(-0.868015042502741,0.453611364795438,
0.885503203082295));
#4096=CARTESIAN_POINT('Ctrl Pts',(-0.867312836046118,0.454903717678342,
0.885480468644663));
#4097=CARTESIAN_POINT('Ctrl Pts',(-0.866607729203262,0.45619432526306,0.885457735621827));
#4098=CARTESIAN_POINT('Ctrl Pts',(-0.845724825543089,0.494417800368802,
0.884784459606136));
#4099=CARTESIAN_POINT('Ctrl Pts',(-0.822301990487427,0.531112277666697,
0.88411242457292));
#4100=CARTESIAN_POINT('Ctrl Pts',(-0.796573043803126,0.566085288205121,
0.883440120350697));
#4101=CARTESIAN_POINT('Ctrl Pts',(-0.770777422449872,0.601148928722632,
0.882766073901634));
#4102=CARTESIAN_POINT('Ctrl Pts',(-0.742662916699619,0.634483032704217,
0.88209175686659));
#4103=CARTESIAN_POINT('Ctrl Pts',(-0.712422597575687,0.665863157192771,
0.881415647303138));
#4104=CARTESIAN_POINT('Ctrl Pts',(-0.699359141943236,0.679418995089754,
0.881123576070403));
#4105=CARTESIAN_POINT('Ctrl Pts',(-0.685898514413599,0.692609732049199,
0.880831170327398));
#4106=CARTESIAN_POINT('Ctrl Pts',(-0.672054403089119,0.705414895021611,
0.880538307382944));
#4107=CARTESIAN_POINT('Ctrl Pts',(-0.664410418663902,0.712485227239354,
0.880376603989084));
#4108=CARTESIAN_POINT('Ctrl Pts',(-0.656649505265363,0.719437983076955,
0.880214761209911));
#4109=CARTESIAN_POINT('Ctrl Pts',(-0.648773848785622,0.726269495955609,
0.880052758392693));
#4110=CARTESIAN_POINT('Ctrl Pts',(-0.642471954513566,0.731735893834973,
0.879923127976675));
#4111=CARTESIAN_POINT('Ctrl Pts',(-0.636097036547991,0.737124124019712,
0.879793405693125));
#4112=CARTESIAN_POINT('Ctrl Pts',(-0.629660578062725,0.742424174966044,
0.879663785450028));
#4113=CARTESIAN_POINT('Ctrl Pts',(-0.602510021192893,0.764781086761681,
0.879117015547022));
#4114=CARTESIAN_POINT('Ctrl Pts',(-0.574219717336078,0.785610653636766,
0.878571110061594));
#4115=CARTESIAN_POINT('Ctrl Pts',(-0.544897885683511,0.804804298918912,
0.878025260512326));
#4116=CARTESIAN_POINT('Ctrl Pts',(-0.508608173052337,0.828559017924428,
0.877349698237859));
#4117=CARTESIAN_POINT('Ctrl Pts',(-0.470738634689247,0.849809697320475,
0.876674221643011));
#4118=CARTESIAN_POINT('Ctrl Pts',(-0.431573978032423,0.868470145622973,
0.875997298062427));
#4119=CARTESIAN_POINT('Ctrl Pts',(-0.405617548943192,0.880837382935461,
0.875548666045244));
#4120=CARTESIAN_POINT('Ctrl Pts',(-0.379091616301842,0.892065976623445,
0.875099398454983));
#4121=CARTESIAN_POINT('Ctrl Pts',(-0.352074909991758,0.902118927236251,
0.874649049122837));
#4122=CARTESIAN_POINT('Ctrl Pts',(-0.341444946715958,0.906074350025434,
0.874471855174506));
#4123=CARTESIAN_POINT('Ctrl Pts',(-0.330738986067839,0.909847662796224,
0.874294493761824));
#4124=CARTESIAN_POINT('Ctrl Pts',(-0.319961772210557,0.913436177498999,
0.874116937708055));
#4125=CARTESIAN_POINT('Ctrl Pts',(-0.311996520778183,0.916088386340254,
0.873985709114994));
#4126=CARTESIAN_POINT('Ctrl Pts',(-0.303995828087552,0.918638397887687,
0.873854431908626));
#4127=CARTESIAN_POINT('Ctrl Pts',(-0.295971110230801,0.921082705184672,
0.873723248018029));
#4128=CARTESIAN_POINT('Ctrl Pts',(-0.254546219814056,0.933700614465715,
0.8730460555747));
#4129=CARTESIAN_POINT('Ctrl Pts',(-0.212409843512633,0.943530140010316,
0.872370149449624));
#4130=CARTESIAN_POINT('Ctrl Pts',(-0.169842212036442,0.95048987673843,0.871693993036409));
#4131=CARTESIAN_POINT('Ctrl Pts',(-0.146743051278662,0.954266550984551,
0.871327079371151));
#4132=CARTESIAN_POINT('Ctrl Pts',(-0.123516552446432,0.957197338355266,
0.870960092004839));
#4133=CARTESIAN_POINT('Ctrl Pts',(-0.100206095090606,0.959262947853924,
0.870592785402826));
#4134=CARTESIAN_POINT('Ctrl Pts',(-0.0610986124369264,0.962728379115308,
0.869976562548528));
#4135=CARTESIAN_POINT('Ctrl Pts',(-0.0217543621744597,0.963760539919807,
0.869359441170427));
#4136=CARTESIAN_POINT('Ctrl Pts',(0.0176056738323151,0.962382439730981,
0.868740261850673));
#4137=CARTESIAN_POINT('Ctrl Pts',(0.030117552349587,0.961944365382058,0.868543435393812));
#4138=CARTESIAN_POINT('Ctrl Pts',(0.0426309792867272,0.961262468842373,
0.868346400983025));
#4139=CARTESIAN_POINT('Ctrl Pts',(0.0551386657159726,0.960336752359167,
0.868149121375621));
#4140=CARTESIAN_POINT('Ctrl Pts',(0.0633107465786552,0.959731921881567,
0.868020225842991));
#4141=CARTESIAN_POINT('Ctrl Pts',(0.071470257637083,0.959023750017112,0.867891385156718));
#4142=CARTESIAN_POINT('Ctrl Pts',(0.0796152051833045,0.95821292485201,0.867762589151464));
#4143=CARTESIAN_POINT('Ctrl Pts',(0.122469230827883,0.953946829555343,0.867084938708567));
#4144=CARTESIAN_POINT('Ctrl Pts',(0.164920465532075,0.946843222422493,0.86640852135738));
#4145=CARTESIAN_POINT('Ctrl Pts',(0.206683235304978,0.936970438233818,0.865731796612342));
#4146=CARTESIAN_POINT('Ctrl Pts',(0.248141990570657,0.927169523550838,0.865059998124375));
#4147=CARTESIAN_POINT('Ctrl Pts',(0.288923386292746,0.914639334048166,0.86438789670165));
#4148=CARTESIAN_POINT('Ctrl Pts',(0.32873657020852,0.899397449869342,0.863713985256463));
#4149=CARTESIAN_POINT('Ctrl Pts',(0.339631248471565,0.895226584645345,0.863529572766654));
#4150=CARTESIAN_POINT('Ctrl Pts',(0.350453305707412,0.890852389676277,0.863345024739505));
#4151=CARTESIAN_POINT('Ctrl Pts',(0.361196462044528,0.886274614155666,0.863160310293326));
#4152=CARTESIAN_POINT('Ctrl Pts',(0.376030916777563,0.879953491981926,0.862905251351205));
#4153=CARTESIAN_POINT('Ctrl Pts',(0.390714960283655,0.873244230223241,0.862649875100101));
#4154=CARTESIAN_POINT('Ctrl Pts',(0.405235317036375,0.866154810658472,0.862394100234481));
#4155=CARTESIAN_POINT('Ctrl Pts',(0.412882518031423,0.862421140937178,0.862259395430722));
#4156=CARTESIAN_POINT('Ctrl Pts',(0.420484413140927,0.85858181587441,0.862124577085171));
#4157=CARTESIAN_POINT('Ctrl Pts',(0.428025965406158,0.854645146716967,0.861989869102379));
#4158=CARTESIAN_POINT('Ctrl Pts',(0.465974481517824,0.834836127606102,0.86131202880166));
#4159=CARTESIAN_POINT('Ctrl Pts',(0.502480859760766,0.812526202104601,0.860635508804655));
#4160=CARTESIAN_POINT('Ctrl Pts',(0.537331181565468,0.787922008345676,0.859958768170383));
#4161=CARTESIAN_POINT('Ctrl Pts',(0.573512994258838,0.762377787117375,0.859256171993268));
#4162=CARTESIAN_POINT('Ctrl Pts',(0.607911045998467,0.734360097138132,0.858553337997493));
#4163=CARTESIAN_POINT('Ctrl Pts',(0.640252761160169,0.704051558105994,0.857848541788711));
#4164=CARTESIAN_POINT('Ctrl Pts',(0.65690818240048,0.688443187237759,0.85748558398987));
#4165=CARTESIAN_POINT('Ctrl Pts',(0.673017599960616,0.672226543012601,0.857122105798208));
#4166=CARTESIAN_POINT('Ctrl Pts',(0.688538820288131,0.655422584127496,0.856757871701037));
#4167=CARTESIAN_POINT('Ctrl Pts',(0.69456847280876,0.648894615906563,0.856616374770012));
#4168=CARTESIAN_POINT('Ctrl Pts',(0.700510311408787,0.642276844801351,0.856474739615406));
#4169=CARTESIAN_POINT('Ctrl Pts',(0.706358594967055,0.635573973127425,0.85633302769177));
#4170=CARTESIAN_POINT('Ctrl Pts',(0.714688695183176,0.626026626077082,0.856131177950055));
#4171=CARTESIAN_POINT('Ctrl Pts',(0.72281716863374,0.616320334571843,0.855929460659571));
#4172=CARTESIAN_POINT('Ctrl Pts',(0.730738445000874,0.60646004962334,0.855727835183825));
#4173=CARTESIAN_POINT('Ctrl Pts',(0.757407620670172,0.573262663336955,0.855049007052743));
#4174=CARTESIAN_POINT('Ctrl Pts',(0.781731331507536,0.538322422162214,0.85437121965927));
#4175=CARTESIAN_POINT('Ctrl Pts',(0.803617801246342,0.50192437320758,0.853692922190129));
#4176=CARTESIAN_POINT('Ctrl Pts',(0.825515765721392,0.465507208060268,0.853014268480324));
#4177=CARTESIAN_POINT('Ctrl Pts',(0.844974407777301,0.427629615610566,0.85233510415893));
#4178=CARTESIAN_POINT('Ctrl Pts',(0.86185679985603,0.38855103493657,0.851653875967933));
#4179=CARTESIAN_POINT('Ctrl Pts',(0.869842689708219,0.370065666311845,0.851331634115466));
#4180=CARTESIAN_POINT('Ctrl Pts',(0.877251427083424,0.351311291273843,0.851008930455564));
#4181=CARTESIAN_POINT('Ctrl Pts',(0.884064528273048,0.332314404786923,0.850685600584519));
#4182=CARTESIAN_POINT('Ctrl Pts',(0.887550215043246,0.322595307116212,0.850520180077389));
#4183=CARTESIAN_POINT('Ctrl Pts',(0.890880654661313,0.312809980715238,0.85035455024983));
#4184=CARTESIAN_POINT('Ctrl Pts',(0.89404615024336,0.302985179117346,0.850189077692345));
#4185=CARTESIAN_POINT('Ctrl Pts',(0.906135442189488,0.265463441445891,0.849557124178382));
#4186=CARTESIAN_POINT('Ctrl Pts',(0.915847644846502,0.227299215752509,0.848926301348079));
#4187=CARTESIAN_POINT('Ctrl Pts',(0.923093419462477,0.188704216973645,0.848295360074324));
#4188=CARTESIAN_POINT('Ctrl Pts',(0.930909629963617,0.147070761513715,0.847614746879615));
#4189=CARTESIAN_POINT('Ctrl Pts',(0.935856616881757,0.104935151530858,0.846933995858032));
#4190=CARTESIAN_POINT('Ctrl Pts',(0.937958246231987,0.0625906776213551,
0.846251539028153));
#4191=CARTESIAN_POINT('Ctrl Pts',(0.939375673740342,0.0340317777660628,
0.845791261347015));
#4192=CARTESIAN_POINT('Ctrl Pts',(0.939497735857841,0.00537764866473327,
0.845330207740982));
#4193=CARTESIAN_POINT('Ctrl Pts',(0.938318425922953,-0.0232805214317432,
0.84486789717679));
#4194=CARTESIAN_POINT('Ctrl Pts',(0.937832123695823,-0.0350980526261187,
0.844677258015412));
#4195=CARTESIAN_POINT('Ctrl Pts',(0.937123769715851,-0.0469218772888272,
0.844486313632398));
#4196=CARTESIAN_POINT('Ctrl Pts',(0.93619555191535,-0.0587130325791998,
0.844295555360947));
#4197=CARTESIAN_POINT('Ctrl Pts',(0.932874918552035,-0.100895054544435,
0.843613131171098));
#4198=CARTESIAN_POINT('Ctrl Pts',(0.926744480777581,-0.14272538282885,0.842932020749269));
#4199=CARTESIAN_POINT('Ctrl Pts',(0.917838563233867,-0.183916033161984,
0.842250650980258));
#4200=CARTESIAN_POINT('Ctrl Pts',(0.91179594908407,-0.211863653979338,0.841788345486494));
#4201=CARTESIAN_POINT('Ctrl Pts',(0.904474536150519,-0.23951693725982,0.841325920601088));
#4202=CARTESIAN_POINT('Ctrl Pts',(0.895871558153883,-0.266783635799653,
0.840862884964824));
#4203=CARTESIAN_POINT('Ctrl Pts',(0.890532660699265,-0.28370499808688,0.8405755310066));
#4204=CARTESIAN_POINT('Ctrl Pts',(0.884699972145399,-0.300477418941268,
0.84028794183088));
#4205=CARTESIAN_POINT('Ctrl Pts',(0.87838436611931,-0.317082035200592,0.84));
#4206=CARTESIAN_POINT('Origin',(0.95582109764367,0.,0.492022103125));
#4207=CARTESIAN_POINT('',(0.9238125,0.,0.43));
#4208=CARTESIAN_POINT('Origin',(0.,0.,0.501397103125));
#4209=CARTESIAN_POINT('Ctrl Pts',(-1.01497235273487,2.59500391083523E-5,
0.557647103125));
#4210=CARTESIAN_POINT('Ctrl Pts',(-1.01485756493723,-0.120876461728623,
0.56049060775463));
#4211=CARTESIAN_POINT('Ctrl Pts',(-0.963011870679642,-0.410999783177691,
0.567311755902778));
#4212=CARTESIAN_POINT('Ctrl Pts',(-0.692704979577873,-0.800025955267374,
0.578110547569445));
#4213=CARTESIAN_POINT('Ctrl Pts',(-0.224512272789228,-1.03415478504757,
0.590043478124999));
#4214=CARTESIAN_POINT('Ctrl Pts',(0.298614976798466,-1.01523919864039,0.601976408680556));
#4215=CARTESIAN_POINT('Ctrl Pts',(0.748675424886023,-0.747908352007237,
0.613909339236111));
#4216=CARTESIAN_POINT('Ctrl Pts',(1.01554481407649,-0.297574165813811,0.625842269791667));
#4217=CARTESIAN_POINT('Ctrl Pts',(1.03392398535167,0.225572394446368,0.637775200347222));
#4218=CARTESIAN_POINT('Ctrl Pts',(0.799315687998899,0.693524424079022,0.649708130902779));
#4219=CARTESIAN_POINT('Ctrl Pts',(0.369125503929785,0.991780246993719,0.661641061458332));
#4220=CARTESIAN_POINT('Ctrl Pts',(-0.151384784916377,1.0473606575302,0.67357399201389));
#4221=CARTESIAN_POINT('Ctrl Pts',(-0.634853227904369,0.846665858085066,
0.685506922569444));
#4222=CARTESIAN_POINT('Ctrl Pts',(-0.947164119042152,0.458464216548692,
0.696864626273149));
#4223=CARTESIAN_POINT('Ctrl Pts',(-1.01490872633432,0.144614489254411,0.704244686458333));
#4224=CARTESIAN_POINT('Ctrl Pts',(-1.01504569516846,-2.18738482778355E-5,
0.707647103125));
#4225=CARTESIAN_POINT('Ctrl Pts',(1.015,0.,0.482647103125));
#4226=CARTESIAN_POINT('Ctrl Pts',(1.015,0.1691143692163,0.486624746643519));
#4227=CARTESIAN_POINT('Ctrl Pts',(0.928818280563684,0.507171464476931,0.494580033680555));
#4228=CARTESIAN_POINT('Ctrl Pts',(0.572026942609881,0.890321970010484,0.506512964236111));
#4229=CARTESIAN_POINT('Ctrl Pts',(0.0753567077451963,1.05555069976612,0.518445894791666));
#4230=CARTESIAN_POINT('Ctrl Pts',(-0.439795026234358,0.962535269912921,
0.530378825347223));
#4231=CARTESIAN_POINT('Ctrl Pts',(-0.847313765222616,0.633982985586043,
0.542311755902777));
#4232=CARTESIAN_POINT('Ctrl Pts',(-1.04751649102082,0.150312054860526,0.554244686458333));
#4233=CARTESIAN_POINT('Ctrl Pts',(-0.991400746638743,-0.370142460971504,
0.566177617013889));
#4234=CARTESIAN_POINT('Ctrl Pts',(-0.692704979577873,-0.800025955267374,
0.578110547569445));
#4235=CARTESIAN_POINT('Ctrl Pts',(-0.224512272789228,-1.03415478504757,
0.590043478124999));
#4236=CARTESIAN_POINT('Ctrl Pts',(0.298614976798466,-1.01523919864039,0.601976408680556));
#4237=CARTESIAN_POINT('Ctrl Pts',(0.748675424886023,-0.747908352007237,
0.613909339236111));
#4238=CARTESIAN_POINT('Ctrl Pts',(1.01554481407649,-0.297574165813811,0.625842269791667));
#4239=CARTESIAN_POINT('Ctrl Pts',(1.03392398535167,0.225572394446368,0.637775200347222));
#4240=CARTESIAN_POINT('Ctrl Pts',(0.799315687998899,0.693524424079022,0.649708130902779));
#4241=CARTESIAN_POINT('Ctrl Pts',(0.369125503929785,0.991780246993719,0.661641061458332));
#4242=CARTESIAN_POINT('Ctrl Pts',(-0.151384784916377,1.0473606575302,0.67357399201389));
#4243=CARTESIAN_POINT('Ctrl Pts',(-0.634853227904369,0.846665858085066,
0.685506922569444));
#4244=CARTESIAN_POINT('Ctrl Pts',(-0.962981542651262,0.438803199324596,
0.697439853125001));
#4245=CARTESIAN_POINT('Ctrl Pts',(-1.05548109448744,-0.076428760340081,
0.709372783680555));
#4246=CARTESIAN_POINT('Ctrl Pts',(-0.889718480681406,-0.572959619153257,
0.721305714236112));
#4247=CARTESIAN_POINT('Ctrl Pts',(-0.506253596154277,-0.929294889881142,
0.733238644791666));
#4248=CARTESIAN_POINT('Ctrl Pts',(0.00108479034439654,-1.05824407350346,
0.745171575347223));
#4249=CARTESIAN_POINT('Ctrl Pts',(0.508157766604036,-0.928255027921613,
0.757104505902777));
#4250=CARTESIAN_POINT('Ctrl Pts',(0.890891256562379,-0.571134329679231,
0.769037436458334));
#4251=CARTESIAN_POINT('Ctrl Pts',(1.05563561506458,-0.0742646823036979,
0.780970367013889));
#4252=CARTESIAN_POINT('Ctrl Pts',(0.962079801501191,0.440776576473559,0.792903297569445));
#4253=CARTESIAN_POINT('Ctrl Pts',(0.633116263716006,0.847965610557444,0.804836228125));
#4254=CARTESIAN_POINT('Ctrl Pts',(0.149236813791344,1.04766888435367,0.816769158680556));
#4255=CARTESIAN_POINT('Ctrl Pts',(-0.37115729360317,0.991021263775438,0.828702089236111));
#4256=CARTESIAN_POINT('Ctrl Pts',(-0.800737396518172,0.691884480686091,
0.840635019791668));
#4257=CARTESIAN_POINT('Ctrl Pts',(-1.03438116307322,0.223451677611963,0.852567950347222));
#4258=CARTESIAN_POINT('Ctrl Pts',(-1.01493889576755,-0.299654549081054,
0.864500880902779));
#4259=CARTESIAN_POINT('Ctrl Pts',(-0.747127762727864,-0.749443806659441,
0.876433811458333));
#4260=CARTESIAN_POINT('Ctrl Pts',(-0.296558885787552,-1.01584489988157,
0.888366742013889));
#4261=CARTESIAN_POINT('Ctrl Pts',(0.226686272941246,-1.03370190400761,0.900299672569444));
#4262=CARTESIAN_POINT('Ctrl Pts',(0.538347269718007,-0.876930377545786,
0.908254959606482));
#4263=CARTESIAN_POINT('Ctrl Pts',(0.665969434380616,-0.765969785612176,
0.912232603125));
#4264=CARTESIAN_POINT('Ctrl Pts',(0.9879375,0.,0.46702256875));
#4265=CARTESIAN_POINT('Ctrl Pts',(0.9879375,0.164605346933624,0.471000212268518));
#4266=CARTESIAN_POINT('Ctrl Pts',(0.904053605964911,0.493648974075544,0.478955499305555));
#4267=CARTESIAN_POINT('Ctrl Pts',(0.556775239029211,0.866583705662299,0.490888429861111));
#4268=CARTESIAN_POINT('Ctrl Pts',(0.0733475048847487,1.02740701423664,0.502821360416666));
#4269=CARTESIAN_POINT('Ctrl Pts',(-0.42806896426641,0.936871614009454,0.514754290972222));
#4270=CARTESIAN_POINT('Ctrl Pts',(-0.824722209782875,0.617079375194494,
0.526687221527778));
#4271=CARTESIAN_POINT('Ctrl Pts',(-1.01958701807673,0.146304350442138,0.538620152083333));
#4272=CARTESIAN_POINT('Ctrl Pts',(-0.964967463184643,-0.360273514813828,
0.550553082638889));
#4273=CARTESIAN_POINT('Ctrl Pts',(-0.674235690405631,-0.778695213972376,
0.562486013194444));
#4274=CARTESIAN_POINT('Ctrl Pts',(-0.218526200491338,-1.00658156941176,
0.57441894375));
#4275=CARTESIAN_POINT('Ctrl Pts',(0.290653136591955,-0.988170320991908,
0.586351874305556));
#4276=CARTESIAN_POINT('Ctrl Pts',(0.728713820269296,-0.727967199518374,
0.598284804861111));
#4277=CARTESIAN_POINT('Ctrl Pts',(0.988467787937629,-0.289640076294268,
0.610217735416667));
#4278=CARTESIAN_POINT('Ctrl Pts',(1.00635692342696,0.219558056589517,0.622150665972222));
#4279=CARTESIAN_POINT('Ctrl Pts',(0.778003884248682,0.675033286417309,0.634083596527778));
#4280=CARTESIAN_POINT('Ctrl Pts',(0.359283672451854,0.965336845088037,0.646016527083334));
#4281=CARTESIAN_POINT('Ctrl Pts',(-0.14734847876682,1.01943533950615,0.657949457638889));
#4282=CARTESIAN_POINT('Ctrl Pts',(-0.617926414623422,0.824091577509275,
0.669882388194444));
#4283=CARTESIAN_POINT('Ctrl Pts',(-0.93730598797343,0.427103582002702,0.68181531875));
#4284=CARTESIAN_POINT('Ctrl Pts',(-1.02733926481299,-0.0743909738113094,
0.693748249305556));
#4285=CARTESIAN_POINT('Ctrl Pts',(-0.865996306904617,-0.557683048026818,
0.705681179861111));
#4286=CARTESIAN_POINT('Ctrl Pts',(-0.492755578473562,-0.904517507657095,
0.717614110416667));
#4287=CARTESIAN_POINT('Ctrl Pts',(0.00105586705504167,-1.03002857573086,
0.729547040972223));
#4288=CARTESIAN_POINT('Ctrl Pts',(0.494608978861453,-0.903505371081094,
0.741479971527778));
#4289=CARTESIAN_POINT('Ctrl Pts',(0.867137813576448,-0.555906425445788,
0.753412902083334));
#4290=CARTESIAN_POINT('Ctrl Pts',(1.02748966547573,-0.0722845956388274,
0.765345832638888));
#4291=CARTESIAN_POINT('Ctrl Pts',(0.936428289552298,0.429024343861918,0.777278763194445));
#4292=CARTESIAN_POINT('Ctrl Pts',(0.616235762349687,0.825356675251325,0.789211693749999));
#4293=CARTESIAN_POINT('Ctrl Pts',(0.145257778054173,1.01973534821296,0.801144624305556));
#4294=CARTESIAN_POINT('Ctrl Pts',(-0.361261289407963,0.964598098306548,
0.813077554861111));
#4295=CARTESIAN_POINT('Ctrl Pts',(-0.779387686377015,0.673437068116074,
0.825010485416668));
#4296=CARTESIAN_POINT('Ctrl Pts',(-1.00680191161936,0.217493883498294,0.836943415972222));
#4297=CARTESIAN_POINT('Ctrl Pts',(-0.98787802496291,-0.291664991214546,
0.848876346527778));
#4298=CARTESIAN_POINT('Ctrl Pts',(-0.727207422748727,-0.729461715016366,
0.860809277083334));
#4299=CARTESIAN_POINT('Ctrl Pts',(-0.288651866234227,-0.988759872686456,
0.872742207638889));
#4300=CARTESIAN_POINT('Ctrl Pts',(0.220642236230436,-1.00614076334041,0.884675138194445));
#4301=CARTESIAN_POINT('Ctrl Pts',(0.523993552489688,-0.853549167356295,
0.892630425231482));
#4302=CARTESIAN_POINT('Ctrl Pts',(0.648212983328472,-0.745547069037664,
0.89660806875));
#4303=CARTESIAN_POINT('Ctrl Pts',(0.960875,0.,0.451398034375));
#4304=CARTESIAN_POINT('Ctrl Pts',(0.960875,0.160096324650948,0.455375677893518));
#4305=CARTESIAN_POINT('Ctrl Pts',(0.879288931366138,0.480126483674158,0.463330964930556));
#4306=CARTESIAN_POINT('Ctrl Pts',(0.541523535448541,0.842845441314113,0.475263895486111));
#4307=CARTESIAN_POINT('Ctrl Pts',(0.071338302024301,0.999263328707162,0.487196826041667));
#4308=CARTESIAN_POINT('Ctrl Pts',(-0.416342902298461,0.911207958105988,
0.499129756597222));
#4309=CARTESIAN_POINT('Ctrl Pts',(-0.802130654343135,0.600175764802945,
0.511062687152777));
#4310=CARTESIAN_POINT('Ctrl Pts',(-0.991657545132638,0.142296646023751,
0.522995617708334));
#4311=CARTESIAN_POINT('Ctrl Pts',(-0.938534179730543,-0.350404568656152,
0.534928548263888));
#4312=CARTESIAN_POINT('Ctrl Pts',(-0.655766401233388,-0.757364472677377,
0.546861478819444));
#4313=CARTESIAN_POINT('Ctrl Pts',(-0.212540128193448,-0.979008353775947,
0.558794409375));
#4314=CARTESIAN_POINT('Ctrl Pts',(0.282691296385444,-0.96110144334343,0.570727339930555));
#4315=CARTESIAN_POINT('Ctrl Pts',(0.708752215652568,-0.708026047029511,
0.582660270486111));
#4316=CARTESIAN_POINT('Ctrl Pts',(0.961390761798767,-0.281705986774724,
0.594593201041667));
#4317=CARTESIAN_POINT('Ctrl Pts',(0.978789861502257,0.213543718732664,0.606526131597222));
#4318=CARTESIAN_POINT('Ctrl Pts',(0.756692080498464,0.656542148755597,0.618459062152778));
#4319=CARTESIAN_POINT('Ctrl Pts',(0.349441840973924,0.938893443182354,0.630391992708333));
#4320=CARTESIAN_POINT('Ctrl Pts',(-0.143312172617265,0.991510021482101,
0.642324923263889));
#4321=CARTESIAN_POINT('Ctrl Pts',(-0.600999601342473,0.801517296933485,
0.654257853819444));
#4322=CARTESIAN_POINT('Ctrl Pts',(-0.911630433295598,0.415403964680809,
0.666190784375));
#4323=CARTESIAN_POINT('Ctrl Pts',(-0.999197435138536,-0.0723531872825374,
0.678123714930556));
#4324=CARTESIAN_POINT('Ctrl Pts',(-0.842274133127828,-0.54240647690038,
0.690056645486111));
#4325=CARTESIAN_POINT('Ctrl Pts',(-0.479257560792848,-0.879740125433047,
0.701989576041666));
#4326=CARTESIAN_POINT('Ctrl Pts',(0.00102694376568673,-1.00181307795827,
0.713922506597223));
#4327=CARTESIAN_POINT('Ctrl Pts',(0.48106019111887,-0.878755714240572,0.725855437152778));
#4328=CARTESIAN_POINT('Ctrl Pts',(0.843384370590518,-0.540678521212346,
0.737788367708333));
#4329=CARTESIAN_POINT('Ctrl Pts',(0.999343715886878,-0.0703045089739564,
0.749721298263889));
#4330=CARTESIAN_POINT('Ctrl Pts',(0.910776777603406,0.417272111250276,0.761654228819445));
#4331=CARTESIAN_POINT('Ctrl Pts',(0.599355260983367,0.802747739945207,0.773587159374999));
#4332=CARTESIAN_POINT('Ctrl Pts',(0.141278742317002,0.991801812072249,0.785520089930556));
#4333=CARTESIAN_POINT('Ctrl Pts',(-0.351365285212754,0.93817493283766,0.79745302048611));
#4334=CARTESIAN_POINT('Ctrl Pts',(-0.75803797623586,0.654989655546056,0.809385951041668));
#4335=CARTESIAN_POINT('Ctrl Pts',(-0.979222660165503,0.211536089384626,
0.821318881597221));
#4336=CARTESIAN_POINT('Ctrl Pts',(-0.960817154158269,-0.283675433348037,
0.833251812152779));
#4337=CARTESIAN_POINT('Ctrl Pts',(-0.707287082769592,-0.709479623373291,
0.845184742708332));
#4338=CARTESIAN_POINT('Ctrl Pts',(-0.280744846680901,-0.961674845491337,
0.85711767326389));
#4339=CARTESIAN_POINT('Ctrl Pts',(0.214598199519626,-0.978579622673215,
0.869050603819444));
#4340=CARTESIAN_POINT('Ctrl Pts',(0.509639835261369,-0.830167957166805,
0.877005890856482));
#4341=CARTESIAN_POINT('Ctrl Pts',(0.630456532276329,-0.725124352463152,
0.880983534375));
#4342=CARTESIAN_POINT('Ctrl Pts',(0.9338125,0.,0.4357735));
#4343=CARTESIAN_POINT('Ctrl Pts',(0.9338125,0.155587302368272,0.439751143518518));
#4344=CARTESIAN_POINT('Ctrl Pts',(0.854524256767365,0.466603993272773,0.447706430555556));
#4345=CARTESIAN_POINT('Ctrl Pts',(0.526271831867871,0.819107176965926,0.459639361111111));
#4346=CARTESIAN_POINT('Ctrl Pts',(0.0693290991638534,0.971119643177683,
0.471572291666667));
#4347=CARTESIAN_POINT('Ctrl Pts',(-0.404616840330513,0.885544302202521,
0.483505222222222));
#4348=CARTESIAN_POINT('Ctrl Pts',(-0.779539098903393,0.583272154411395,
0.495438152777778));
#4349=CARTESIAN_POINT('Ctrl Pts',(-0.963728072188549,0.138288941605364,
0.507371083333333));
#4350=CARTESIAN_POINT('Ctrl Pts',(-0.912100896276443,-0.340535622498475,
0.519304013888888));
#4351=CARTESIAN_POINT('Ctrl Pts',(-0.637297112061146,-0.736033731382379,
0.531236944444445));
#4352=CARTESIAN_POINT('Ctrl Pts',(-0.206554055895558,-0.951435138140133,
0.543169874999999));
#4353=CARTESIAN_POINT('Ctrl Pts',(0.274729456178933,-0.934032565694952,
0.555102805555556));
#4354=CARTESIAN_POINT('Ctrl Pts',(0.688790611035842,-0.688084894540648,
0.567035736111111));
#4355=CARTESIAN_POINT('Ctrl Pts',(0.934313735659903,-0.273771897255181,
0.578968666666667));
#4356=CARTESIAN_POINT('Ctrl Pts',(0.951222799577548,0.207529380875812,0.590901597222221));
#4357=CARTESIAN_POINT('Ctrl Pts',(0.735380276748247,0.638051011093884,0.602834527777778));
#4358=CARTESIAN_POINT('Ctrl Pts',(0.339600009495993,0.912450041276672,0.614767458333333));
#4359=CARTESIAN_POINT('Ctrl Pts',(-0.139275866467709,0.963584703458051,
0.626700388888889));
#4360=CARTESIAN_POINT('Ctrl Pts',(-0.584072788061525,0.778943016357695,
0.638633319444444));
#4361=CARTESIAN_POINT('Ctrl Pts',(-0.885954878617766,0.403704347358915,
0.65056625));
#4362=CARTESIAN_POINT('Ctrl Pts',(-0.971055605464087,-0.0703154007537655,
0.662499180555556));
#4363=CARTESIAN_POINT('Ctrl Pts',(-0.81855195935104,-0.527129905773942,
0.674432111111111));
#4364=CARTESIAN_POINT('Ctrl Pts',(-0.465759543112134,-0.854962743208999,
0.686365041666667));
#4365=CARTESIAN_POINT('Ctrl Pts',(0.000998020476331883,-0.973597580185667,
0.698297972222222));
#4366=CARTESIAN_POINT('Ctrl Pts',(0.467511403376287,-0.854006057400051,
0.710230902777778));
#4367=CARTESIAN_POINT('Ctrl Pts',(0.819630927604587,-0.525450616978903,
0.722163833333333));
#4368=CARTESIAN_POINT('Ctrl Pts',(0.971197766298025,-0.0683244223090857,
0.734096763888889));
#4369=CARTESIAN_POINT('Ctrl Pts',(0.885125265654513,0.405519878638636,0.746029694444445));
#4370=CARTESIAN_POINT('Ctrl Pts',(0.582474759617048,0.780138804639087,0.757962624999999));
#4371=CARTESIAN_POINT('Ctrl Pts',(0.137299706579831,0.963868275931538,0.769895555555556));
#4372=CARTESIAN_POINT('Ctrl Pts',(-0.341469281017546,0.91175176736877,0.781828486111111));
#4373=CARTESIAN_POINT('Ctrl Pts',(-0.736688266094705,0.63654224297604,0.793761416666668));
#4374=CARTESIAN_POINT('Ctrl Pts',(-0.951643408711641,0.205578295270956,
0.805694347222222));
#4375=CARTESIAN_POINT('Ctrl Pts',(-0.93375628335363,-0.275685875481528,
0.817627277777779));
#4376=CARTESIAN_POINT('Ctrl Pts',(-0.687366742790456,-0.689497531730216,
0.829560208333333));
#4377=CARTESIAN_POINT('Ctrl Pts',(-0.272837827127575,-0.934589818296219,
0.841493138888889));
#4378=CARTESIAN_POINT('Ctrl Pts',(0.208554162808816,-0.951018482006017,
0.853426069444444));
#4379=CARTESIAN_POINT('Ctrl Pts',(0.495286118033051,-0.806786746977314,
0.861381356481482));
#4380=CARTESIAN_POINT('Ctrl Pts',(0.612700081224186,-0.70470163588864,0.865359));
#4381=CARTESIAN_POINT('',(0.652067732517621,-0.749980637993794,0.9));
#4382=CARTESIAN_POINT('Ctrl Pts',(0.652067732517621,-0.749980637993794,
0.9));
#4383=CARTESIAN_POINT('Ctrl Pts',(0.621678137820757,-0.778706332593129,
0.9));
#4384=CARTESIAN_POINT('Ctrl Pts',(0.589458021347302,-0.805461842037014,
0.9));
#4385=CARTESIAN_POINT('Ctrl Pts',(0.555633505762549,-0.830142121059916,
0.9));
#4386=CARTESIAN_POINT('Ctrl Pts',(0.544246750832785,-0.838450541268561,
0.9));
#4387=CARTESIAN_POINT('Ctrl Pts',(0.53267792802808,-0.846523516089699,0.9));
#4388=CARTESIAN_POINT('Ctrl Pts',(0.520934996294864,-0.854356184496257,
0.9));
#4389=CARTESIAN_POINT('Ctrl Pts',(0.51035260361712,-0.861414760214474,0.9));
#4390=CARTESIAN_POINT('Ctrl Pts',(0.499624616121336,-0.868280521347008,
0.9));
#4391=CARTESIAN_POINT('Ctrl Pts',(0.488782449376208,-0.874934445984436,
0.9));
#4392=CARTESIAN_POINT('Ctrl Pts',(0.450846084264775,-0.898216297334196,
0.9));
#4393=CARTESIAN_POINT('Ctrl Pts',(0.411463589138993,-0.91894430826908,0.9));
#4394=CARTESIAN_POINT('Ctrl Pts',(0.37091057493719,-0.937005103933398,0.9));
#4395=CARTESIAN_POINT('Ctrl Pts',(0.330443377073282,-0.955027680210726,
0.9));
#4396=CARTESIAN_POINT('Ctrl Pts',(0.288809613840493,-0.970394905521627,
0.9));
#4397=CARTESIAN_POINT('Ctrl Pts',(0.246256162202165,-0.982950752080226,
0.9));
#4398=CARTESIAN_POINT('Ctrl Pts',(0.236644467757126,-0.985786784316712,
0.9));
#4399=CARTESIAN_POINT('Ctrl Pts',(0.226985777255855,-0.988479187402903,
0.9));
#4400=CARTESIAN_POINT('Ctrl Pts',(0.217282825240758,-0.991025807254337,
0.9));
#4401=CARTESIAN_POINT('Ctrl Pts',(0.213175244858802,-0.992103875632473,
0.9));
#4402=CARTESIAN_POINT('Ctrl Pts',(0.209059731986863,-0.993155816328279,
0.9));
#4403=CARTESIAN_POINT('Ctrl Pts',(0.204936532200056,-0.994181622107425,
0.9));
#4404=CARTESIAN_POINT('Ctrl Pts',(-0.317189691716402,-0.878346960344671,
0.84));
#4405=CARTESIAN_POINT('Ctrl Pts',(-0.299254888676777,-0.886096498979497,
0.841179755368202));
#4406=CARTESIAN_POINT('Ctrl Pts',(-0.281078266390989,-0.893276642346969,
0.842357150877149));
#4407=CARTESIAN_POINT('Ctrl Pts',(-0.262684022882381,-0.899870777379874,
0.843532802292415));
#4408=CARTESIAN_POINT('Ctrl Pts',(-0.225381213946432,-0.913243426225976,
0.845916977542591));
#4409=CARTESIAN_POINT('Ctrl Pts',(-0.187184114437777,-0.924208634269456,
0.848293979987885));
#4410=CARTESIAN_POINT('Ctrl Pts',(-0.148328132221611,-0.932750742555971,
0.850668945264099));
#4411=CARTESIAN_POINT('Ctrl Pts',(-0.140969972878741,-0.934368362039802,
0.851118692560125));
#4412=CARTESIAN_POINT('Ctrl Pts',(-0.133586969722818,-0.93589919993004,
0.85156843867244));
#4413=CARTESIAN_POINT('Ctrl Pts',(-0.126184363541346,-0.937342271010927,
0.852017995191147));
#4414=CARTESIAN_POINT('Ctrl Pts',(-0.0845375898772041,-0.945460932630048,
0.854547182632008));
#4415=CARTESIAN_POINT('Ctrl Pts',(-0.0424696218120385,-0.950767932241151,
0.85705841559157));
#4416=CARTESIAN_POINT('Ctrl Pts',(-0.000279542276349996,-0.953295209282464,
0.859557485219205));
#4417=CARTESIAN_POINT('Ctrl Pts',(0.0422997759255564,-0.955845802561991,
0.862079610848141));
#4418=CARTESIAN_POINT('Ctrl Pts',(0.0850046141546895,-0.955565391481525,
0.864589347676096));
#4419=CARTESIAN_POINT('Ctrl Pts',(0.127544365508205,-0.952437210622506,
0.867092648620295));
#4420=CARTESIAN_POINT('Ctrl Pts',(0.154053088566295,-0.950487879057819,
0.868652585134953));
#4421=CARTESIAN_POINT('Ctrl Pts',(0.180497976596694,-0.947431713505509,
0.870210022478954));
#4422=CARTESIAN_POINT('Ctrl Pts',(0.206808921640484,-0.943254388785986,
0.871766401146208));
#4423=CARTESIAN_POINT('Ctrl Pts',(0.216842237533486,-0.941661423636735,
0.872359904678357));
#4424=CARTESIAN_POINT('Ctrl Pts',(0.22685606512431,-0.939905337743964,0.872953254260593));
#4425=CARTESIAN_POINT('Ctrl Pts',(0.236847053074397,-0.937987496512649,
0.873546529772451));
#4426=CARTESIAN_POINT('Ctrl Pts',(0.24487829813423,-0.936445841874341,0.874023433662991));
#4427=CARTESIAN_POINT('Ctrl Pts',(0.252893035608927,-0.934799895974351,
0.874500186810923));
#4428=CARTESIAN_POINT('Ctrl Pts',(0.260878139038205,-0.93305322470012,0.874976149347687));
#4429=CARTESIAN_POINT('Ctrl Pts',(0.303003951942598,-0.923838572948212,
0.877487113538799));
#4430=CARTESIAN_POINT('Ctrl Pts',(0.344392621422722,-0.911808590078719,
0.879981288459859));
#4431=CARTESIAN_POINT('Ctrl Pts',(0.384799386792479,-0.897139182968369,
0.882464364210675));
#4432=CARTESIAN_POINT('Ctrl Pts',(0.425623576631625,-0.882318232683919,
0.884973091521774));
#4433=CARTESIAN_POINT('Ctrl Pts',(0.465446564726085,-0.864802729234074,
0.887470489156856));
#4434=CARTESIAN_POINT('Ctrl Pts',(0.504009843158246,-0.84472114009171,0.889962425389488));
#4435=CARTESIAN_POINT('Ctrl Pts',(0.533833318278681,-0.829190749561774,
0.891889600703857));
#4436=CARTESIAN_POINT('Ctrl Pts',(0.562903408418447,-0.81212448409682,0.89381350959256));
#4437=CARTESIAN_POINT('Ctrl Pts',(0.591091668745078,-0.793562227742842,
0.895736866389362));
#4438=CARTESIAN_POINT('Ctrl Pts',(0.59918371901873,-0.788233530268494,0.89628900758976));
#4439=CARTESIAN_POINT('Ctrl Pts',(0.607196237061747,-0.782785863625499,
0.896840641718146));
#4440=CARTESIAN_POINT('Ctrl Pts',(0.615122624853624,-0.777223355631525,
0.897391566532881));
#4441=CARTESIAN_POINT('Ctrl Pts',(0.627653492483784,-0.768429557851959,
0.898262526434022));
#4442=CARTESIAN_POINT('Ctrl Pts',(0.639972200785186,-0.759346748157182,
0.8991319241059));
#4443=CARTESIAN_POINT('Ctrl Pts',(0.652067732517621,-0.749980637993794,
0.9));
#4444=CARTESIAN_POINT('Ctrl Pts',(0.933738557409622,9.99721560647482E-6,
0.5857735));
#4445=CARTESIAN_POINT('Ctrl Pts',(0.933763576057237,0.0668865123825147,
0.58748286574074));
#4446=CARTESIAN_POINT('Ctrl Pts',(0.910194252922237,0.289365325711816,0.593169874999999));
#4447=CARTESIAN_POINT('Ctrl Pts',(0.735380276748247,0.638051011093884,0.602834527777778));
#4448=CARTESIAN_POINT('Ctrl Pts',(0.339600009495993,0.912450041276672,0.614767458333333));
#4449=CARTESIAN_POINT('Ctrl Pts',(-0.139275866467709,0.963584703458051,
0.626700388888889));
#4450=CARTESIAN_POINT('Ctrl Pts',(-0.584072788061525,0.778943016357695,
0.638633319444444));
#4451=CARTESIAN_POINT('Ctrl Pts',(-0.885954878617766,0.403704347358915,
0.65056625));
#4452=CARTESIAN_POINT('Ctrl Pts',(-0.971055605464087,-0.0703154007537655,
0.662499180555556));
#4453=CARTESIAN_POINT('Ctrl Pts',(-0.81855195935104,-0.527129905773942,
0.674432111111111));
#4454=CARTESIAN_POINT('Ctrl Pts',(-0.465759543112134,-0.854962743208999,
0.686365041666667));
#4455=CARTESIAN_POINT('Ctrl Pts',(0.000998020476331883,-0.973597580185667,
0.698297972222222));
#4456=CARTESIAN_POINT('Ctrl Pts',(0.467511403376287,-0.854006057400051,
0.710230902777778));
#4457=CARTESIAN_POINT('Ctrl Pts',(0.819630927604587,-0.525450616978903,
0.722163833333333));
#4458=CARTESIAN_POINT('Ctrl Pts',(0.927774541753351,-0.199289042060432,
0.730678032407407));
#4459=CARTESIAN_POINT('Ctrl Pts',(0.93387682750072,-0.0218784615262256,
0.735214587962963));
#4460=CARTESIAN_POINT('Ctrl Pts',(0.933856386817783,-1.9746330931672E-5,
0.7357735));
#4461=CARTESIAN_POINT('Origin',(0.,0.,0.4));
#4462=CARTESIAN_POINT('Origin',(0.,0.,0.87));
#4463=CARTESIAN_POINT('Origin',(0.,0.,0.9));
#4464=CARTESIAN_POINT('Origin',(0.,0.,0.37));
#4465=CARTESIAN_POINT('',(0.715,-8.75622461390358E-17,0.34));
#4466=CARTESIAN_POINT('Origin',(0.,0.,0.34));
#4467=CARTESIAN_POINT('',(0.775,9.49101269339199E-17,0.4));
#4468=CARTESIAN_POINT('',(0.745,-9.12361865364778E-17,0.37));
#4469=CARTESIAN_POINT('Origin',(0.,0.,0.4));
#4470=CARTESIAN_POINT('Origin',(-8.87908733519026E-17,-1.98152381522907E-17,
0.4));
#4471=CARTESIAN_POINT('Origin',(0.,0.,0.));
#4472=CARTESIAN_POINT('',(0.715,8.75622461390358E-17,0.));
#4473=CARTESIAN_POINT('Origin',(-7.39255249150933E-17,0.,0.9));
#4474=CARTESIAN_POINT('',(1.2,1.46957615897682E-16,0.9));
#4475=CARTESIAN_POINT('Origin',(0.,0.,0.9));
#4476=CARTESIAN_POINT('Origin',(2.34813819742608,4.3090643026437E-17,0.8725));
#4477=CARTESIAN_POINT('',(2.3635,4.12093647913084E-17,0.829615384615385));
#4478=CARTESIAN_POINT('',(2.3635,4.12093647913084E-17,0.915384615384615));
#4479=CARTESIAN_POINT('',(2.3635,4.12093647913085E-17,0.3));
#4480=CARTESIAN_POINT('',(2.3085,4.79449221866188E-17,0.855));
#4481=CARTESIAN_POINT('',(2.3735,3.9984717992161E-17,0.825));
#4482=CARTESIAN_POINT('',(2.3085,4.79449221866188E-17,0.89));
#4483=CARTESIAN_POINT('',(2.3085,4.79449221866188E-17,0.855));
#4484=CARTESIAN_POINT('',(2.3085,4.79449221866188E-17,0.89));
#4485=CARTESIAN_POINT('Ctrl Pts',(2.3085,4.79449221866188E-17,0.855));
#4486=CARTESIAN_POINT('Ctrl Pts',(2.3085,-0.102494460323367,0.875833333333333));
#4487=CARTESIAN_POINT('Ctrl Pts',(2.39304566446436,-0.306806227072275,0.9175));
#4488=CARTESIAN_POINT('Ctrl Pts',(2.7,-0.4342445301249,0.98));
#4489=CARTESIAN_POINT('Ctrl Pts',(3.00695433553564,-0.306806227072276,1.0425));
#4490=CARTESIAN_POINT('Ctrl Pts',(3.0915,-0.102494460323367,1.08416666666667));
#4491=CARTESIAN_POINT('Ctrl Pts',(3.0915,-9.58898443732377E-17,1.105));
#4492=CARTESIAN_POINT('Ctrl Pts',(2.32683333333333,4.5699736388182E-17,
0.846538461538461));
#4493=CARTESIAN_POINT('Ctrl Pts',(2.32683333333333,-0.0976948048803823,
0.867371794871795));
#4494=CARTESIAN_POINT('Ctrl Pts',(2.40741985642218,-0.292438970802395,0.909038461538461));
#4495=CARTESIAN_POINT('Ctrl Pts',(2.7,-0.41390953722846,0.971538461538461));
#4496=CARTESIAN_POINT('Ctrl Pts',(2.99258014357782,-0.292438970802395,1.03403846153846));
#4497=CARTESIAN_POINT('Ctrl Pts',(3.07316666666667,-0.0976948048803824,
1.07570512820513));
#4498=CARTESIAN_POINT('Ctrl Pts',(3.07316666666667,-9.13994727763641E-17,
1.09653846153846));
#4499=CARTESIAN_POINT('Ctrl Pts',(2.34516666666667,4.34545505897452E-17,
0.838076923076923));
#4500=CARTESIAN_POINT('Ctrl Pts',(2.34516666666667,-0.0928951494373983,
0.858910256410256));
#4501=CARTESIAN_POINT('Ctrl Pts',(2.42179404838,-0.278071714532514,0.900576923076923));
#4502=CARTESIAN_POINT('Ctrl Pts',(2.7,-0.393574544332019,0.963076923076923));
#4503=CARTESIAN_POINT('Ctrl Pts',(2.97820595162,-0.278071714532514,1.02557692307692));
#4504=CARTESIAN_POINT('Ctrl Pts',(3.05483333333333,-0.0928951494373984,
1.06724358974359));
#4505=CARTESIAN_POINT('Ctrl Pts',(3.05483333333333,-8.69091011794905E-17,
1.08807692307692));
#4506=CARTESIAN_POINT('Ctrl Pts',(2.3635,4.12093647913084E-17,0.829615384615385));
#4507=CARTESIAN_POINT('Ctrl Pts',(2.3635,-0.0880954939944137,0.850448717948718));
#4508=CARTESIAN_POINT('Ctrl Pts',(2.43616824033782,-0.263704458262633,0.892115384615385));
#4509=CARTESIAN_POINT('Ctrl Pts',(2.7,-0.373239551435579,0.954615384615385));
#4510=CARTESIAN_POINT('Ctrl Pts',(2.96383175966218,-0.263704458262633,1.01711538461538));
#4511=CARTESIAN_POINT('Ctrl Pts',(3.0365,-0.0880954939944139,1.05878205128205));
#4512=CARTESIAN_POINT('Ctrl Pts',(3.0365,-8.24187295826169E-17,1.07961538461538));
#4513=CARTESIAN_POINT('',(3.0365,-8.24187295826169E-17,1.07961538461538));
#4514=CARTESIAN_POINT('Ctrl Pts',(3.0365,-9.71445146547012E-17,1.07961538461538));
#4515=CARTESIAN_POINT('Ctrl Pts',(3.0365,-0.0880954939944139,1.05878205128205));
#4516=CARTESIAN_POINT('Ctrl Pts',(3.00016587983109,-0.175899976128523,1.03794871794872));
#4517=CARTESIAN_POINT('Ctrl Pts',(2.93802685980294,-0.238058066057736,1.01711538461538));
#4518=CARTESIAN_POINT('Ctrl Pts',(2.87588783977479,-0.300216155986948,0.996282051282051));
#4519=CARTESIAN_POINT('Ctrl Pts',(2.78794391988739,-0.336727853711263,0.975448717948718));
#4520=CARTESIAN_POINT('Ctrl Pts',(2.7,-0.336727853711263,0.954615384615385));
#4521=CARTESIAN_POINT('Ctrl Pts',(2.61205608011261,-0.336727853711263,0.933782051282051));
#4522=CARTESIAN_POINT('Ctrl Pts',(2.52411216022521,-0.300216155986948,0.912948717948718));
#4523=CARTESIAN_POINT('Ctrl Pts',(2.46197314019706,-0.238058066057736,0.892115384615385));
#4524=CARTESIAN_POINT('Ctrl Pts',(2.39983412016891,-0.175899976128523,0.871282051282051));
#4525=CARTESIAN_POINT('Ctrl Pts',(2.3635,-0.0880954939944137,0.850448717948718));
#4526=CARTESIAN_POINT('Ctrl Pts',(2.3635,4.12093647913084E-17,0.829615384615385));
#4527=CARTESIAN_POINT('',(3.0915,-9.58898443732377E-17,1.105));
#4528=CARTESIAN_POINT('',(3.0265,-7.99694359843221E-17,1.075));
#4529=CARTESIAN_POINT('Ctrl Pts',(2.3085,4.79449221866188E-17,0.855));
#4530=CARTESIAN_POINT('Ctrl Pts',(2.3085,-0.102494460323367,0.875833333333333));
#4531=CARTESIAN_POINT('Ctrl Pts',(2.39304566446436,-0.306806227072275,0.9175));
#4532=CARTESIAN_POINT('Ctrl Pts',(2.7,-0.4342445301249,0.98));
#4533=CARTESIAN_POINT('Ctrl Pts',(3.00695433553564,-0.306806227072276,1.0425));
#4534=CARTESIAN_POINT('Ctrl Pts',(3.0915,-0.102494460323367,1.08416666666667));
#4535=CARTESIAN_POINT('Ctrl Pts',(3.0915,-9.58898443732377E-17,1.105));
#4536=CARTESIAN_POINT('Origin',(2.7,0.,0.89));
#4537=CARTESIAN_POINT('',(3.0915,-9.58898443732377E-17,1.14));
#4538=CARTESIAN_POINT('',(3.0915,-9.58898443732377E-17,1.105));
#4539=CARTESIAN_POINT('Ctrl Pts',(2.3085,4.79449221866188E-17,0.89));
#4540=CARTESIAN_POINT('Ctrl Pts',(2.3085,-0.102494460323367,0.910833333333333));
#4541=CARTESIAN_POINT('Ctrl Pts',(2.39304614761493,-0.306806244283093,0.9525));
#4542=CARTESIAN_POINT('Ctrl Pts',(2.7,-0.434244506381861,1.015));
#4543=CARTESIAN_POINT('Ctrl Pts',(3.00695385238507,-0.306806244283094,1.0775));
#4544=CARTESIAN_POINT('Ctrl Pts',(3.0915,-0.102494460323367,1.11916666666667));
#4545=CARTESIAN_POINT('Ctrl Pts',(3.0915,-9.58898443732377E-17,1.14));
#4546=CARTESIAN_POINT('Ctrl Pts',(2.3635,4.12093647913084E-17,0.915384615384615));
#4547=CARTESIAN_POINT('Ctrl Pts',(2.3635,-0.0880954939944137,0.936217948717949));
#4548=CARTESIAN_POINT('Ctrl Pts',(2.43616865561283,-0.263704473055584,0.977884615384615));
#4549=CARTESIAN_POINT('Ctrl Pts',(2.7,-0.373239531028088,1.04038461538461));
#4550=CARTESIAN_POINT('Ctrl Pts',(2.96383134438717,-0.263704473055584,1.10288461538462));
#4551=CARTESIAN_POINT('Ctrl Pts',(3.0365,-0.0880954939944139,1.14455128205128));
#4552=CARTESIAN_POINT('Ctrl Pts',(3.0365,-8.24187295826169E-17,1.16538461538462));
#4553=CARTESIAN_POINT('Ctrl Pts',(2.34516666666667,4.34545505897452E-17,
0.906923076923077));
#4554=CARTESIAN_POINT('Ctrl Pts',(2.34516666666667,-0.0928951494373979,
0.92775641025641));
#4555=CARTESIAN_POINT('Ctrl Pts',(2.42179448628019,-0.278071730131421,0.969423076923077));
#4556=CARTESIAN_POINT('Ctrl Pts',(2.7,-0.393574522812678,1.03192307692308));
#4557=CARTESIAN_POINT('Ctrl Pts',(2.9782055137198,-0.278071730131421,1.09442307692308));
#4558=CARTESIAN_POINT('Ctrl Pts',(3.05483333333333,-0.0928951494373981,
1.13608974358974));
#4559=CARTESIAN_POINT('Ctrl Pts',(3.05483333333333,-8.69091011794905E-17,
1.15692307692308));
#4560=CARTESIAN_POINT('Ctrl Pts',(2.32683333333333,4.5699736388182E-17,
0.898461538461538));
#4561=CARTESIAN_POINT('Ctrl Pts',(2.32683333333333,-0.0976948048803826,
0.919294871794872));
#4562=CARTESIAN_POINT('Ctrl Pts',(2.40742031694756,-0.292438987207257,0.960961538461538));
#4563=CARTESIAN_POINT('Ctrl Pts',(2.7,-0.41390951459727,1.02346153846154));
#4564=CARTESIAN_POINT('Ctrl Pts',(2.99257968305244,-0.292438987207257,1.08596153846154));
#4565=CARTESIAN_POINT('Ctrl Pts',(3.07316666666667,-0.0976948048803828,
1.12762820512821));
#4566=CARTESIAN_POINT('Ctrl Pts',(3.07316666666667,-9.13994727763641E-17,
1.14846153846154));
#4567=CARTESIAN_POINT('Ctrl Pts',(2.3085,4.79449221866188E-17,0.89));
#4568=CARTESIAN_POINT('Ctrl Pts',(2.3085,-0.102494460323367,0.910833333333333));
#4569=CARTESIAN_POINT('Ctrl Pts',(2.39304614761493,-0.306806244283093,0.9525));
#4570=CARTESIAN_POINT('Ctrl Pts',(2.7,-0.434244506381861,1.015));
#4571=CARTESIAN_POINT('Ctrl Pts',(3.00695385238507,-0.306806244283094,1.0775));
#4572=CARTESIAN_POINT('Ctrl Pts',(3.0915,-0.102494460323367,1.11916666666667));
#4573=CARTESIAN_POINT('Ctrl Pts',(3.0915,-9.58898443732377E-17,1.14));
#4574=CARTESIAN_POINT('',(3.0365,-8.24187295826169E-17,1.16538461538462));
#4575=CARTESIAN_POINT('Ctrl Pts',(2.3635,4.12093647913084E-17,0.915384615384615));
#4576=CARTESIAN_POINT('Ctrl Pts',(2.3635,-0.0880954939944137,0.936217948717949));
#4577=CARTESIAN_POINT('Ctrl Pts',(2.43616865561283,-0.263704473055584,0.977884615384615));
#4578=CARTESIAN_POINT('Ctrl Pts',(2.7,-0.373239531028088,1.04038461538461));
#4579=CARTESIAN_POINT('Ctrl Pts',(2.96383134438717,-0.263704473055584,1.10288461538462));
#4580=CARTESIAN_POINT('Ctrl Pts',(3.0365,-0.0880954939944139,1.14455128205128));
#4581=CARTESIAN_POINT('Ctrl Pts',(3.0365,-8.24187295826169E-17,1.16538461538462));
#4582=CARTESIAN_POINT('',(3.0915,-9.58898443732377E-17,1.14));
#4583=CARTESIAN_POINT('Origin',(3.05186180257392,-8.61812860528739E-17,
1.1225));
#4584=CARTESIAN_POINT('',(3.0365,-8.24187295826169E-17,0.3));
#4585=CARTESIAN_POINT('Origin',(3.05186180257392,0.,0.8725));
#4586=CARTESIAN_POINT('',(3.0365,0.,0.829615384615385));
#4587=CARTESIAN_POINT('',(3.0365,0.,0.915384615384615));
#4588=CARTESIAN_POINT('',(3.0365,0.,0.3));
#4589=CARTESIAN_POINT('',(3.0915,0.,0.855));
#4590=CARTESIAN_POINT('',(3.0265,0.,0.825));
#4591=CARTESIAN_POINT('',(3.0915,0.,0.89));
#4592=CARTESIAN_POINT('',(3.0915,0.,0.855));
#4593=CARTESIAN_POINT('',(3.0915,0.,0.89));
#4594=CARTESIAN_POINT('Ctrl Pts',(3.0915,0.,0.855));
#4595=CARTESIAN_POINT('Ctrl Pts',(3.0915,0.102494460323367,0.875833333333333));
#4596=CARTESIAN_POINT('Ctrl Pts',(3.00695610055749,0.306806163698423,0.9175));
#4597=CARTESIAN_POINT('Ctrl Pts',(2.7,0.434244617339129,0.98));
#4598=CARTESIAN_POINT('Ctrl Pts',(2.39304389944251,0.306806163698423,1.0425));
#4599=CARTESIAN_POINT('Ctrl Pts',(2.3085,0.102494460323367,1.08416666666667));
#4600=CARTESIAN_POINT('Ctrl Pts',(2.3085,4.79449221866188E-17,1.105));
#4601=CARTESIAN_POINT('Ctrl Pts',(3.07316666666667,0.,0.846538461538461));
#4602=CARTESIAN_POINT('Ctrl Pts',(3.07316666666667,0.0976948048803824,0.867371794871795));
#4603=CARTESIAN_POINT('Ctrl Pts',(2.99258182594646,0.292438910396241,0.909038461538461));
#4604=CARTESIAN_POINT('Ctrl Pts',(2.7,0.413909620358582,0.971538461538461));
#4605=CARTESIAN_POINT('Ctrl Pts',(2.40741817405354,0.292438910396241,1.03403846153846));
#4606=CARTESIAN_POINT('Ctrl Pts',(2.32683333333333,0.0976948048803825,1.07570512820513));
#4607=CARTESIAN_POINT('Ctrl Pts',(2.32683333333333,4.5699736388182E-17,
1.09653846153846));
#4608=CARTESIAN_POINT('Ctrl Pts',(3.05483333333333,0.,0.838076923076923));
#4609=CARTESIAN_POINT('Ctrl Pts',(3.05483333333333,0.0928951494373982,0.858910256410256));
#4610=CARTESIAN_POINT('Ctrl Pts',(2.97820755133542,0.278071657094059,0.900576923076923));
#4611=CARTESIAN_POINT('Ctrl Pts',(2.7,0.393574623378036,0.963076923076923));
#4612=CARTESIAN_POINT('Ctrl Pts',(2.42179244866458,0.278071657094059,1.02557692307692));
#4613=CARTESIAN_POINT('Ctrl Pts',(2.34516666666667,0.0928951494373983,1.06724358974359));
#4614=CARTESIAN_POINT('Ctrl Pts',(2.34516666666667,4.34545505897452E-17,
1.08807692307692));
#4615=CARTESIAN_POINT('Ctrl Pts',(3.0365,0.,0.829615384615385));
#4616=CARTESIAN_POINT('Ctrl Pts',(3.0365,0.0880954939944138,0.850448717948718));
#4617=CARTESIAN_POINT('Ctrl Pts',(2.96383327672438,0.263704403791876,0.892115384615385));
#4618=CARTESIAN_POINT('Ctrl Pts',(2.7,0.373239626397489,0.954615384615385));
#4619=CARTESIAN_POINT('Ctrl Pts',(2.43616672327562,0.263704403791876,1.01711538461538));
#4620=CARTESIAN_POINT('Ctrl Pts',(2.3635,0.0880954939944138,1.05878205128205));
#4621=CARTESIAN_POINT('Ctrl Pts',(2.3635,4.12093647913084E-17,1.07961538461538));
#4622=CARTESIAN_POINT('',(2.3635,4.12093647913084E-17,1.07961538461538));
#4623=CARTESIAN_POINT('Ctrl Pts',(2.3635,4.85722573273506E-17,1.07961538461538));
#4624=CARTESIAN_POINT('Ctrl Pts',(2.3635,0.0880954939944138,1.05878205128205));
#4625=CARTESIAN_POINT('Ctrl Pts',(2.39983336163781,0.175899948893145,1.03794871794872));
#4626=CARTESIAN_POINT('Ctrl Pts',(2.46197225524411,0.238058046776779,1.01711538461538));
#4627=CARTESIAN_POINT('Ctrl Pts',(2.52411114885041,0.300216144660414,0.996282051282051));
#4628=CARTESIAN_POINT('Ctrl Pts',(2.61205557442521,0.336727885528952,0.975448717948718));
#4629=CARTESIAN_POINT('Ctrl Pts',(2.7,0.336727885528952,0.954615384615385));
#4630=CARTESIAN_POINT('Ctrl Pts',(2.7879444255748,0.336727885528952,0.933782051282051));
#4631=CARTESIAN_POINT('Ctrl Pts',(2.87588885114959,0.300216144660414,0.912948717948718));
#4632=CARTESIAN_POINT('Ctrl Pts',(2.93802774475589,0.238058046776779,0.892115384615385));
#4633=CARTESIAN_POINT('Ctrl Pts',(3.00016663836219,0.175899948893145,0.871282051282051));
#4634=CARTESIAN_POINT('Ctrl Pts',(3.0365,0.0880954939944138,0.850448717948718));
#4635=CARTESIAN_POINT('Ctrl Pts',(3.0365,0.,0.829615384615385));
#4636=CARTESIAN_POINT('',(2.3085,4.79449221866188E-17,1.105));
#4637=CARTESIAN_POINT('',(2.3735,3.9984717992161E-17,1.075));
#4638=CARTESIAN_POINT('Ctrl Pts',(3.0915,0.,0.855));
#4639=CARTESIAN_POINT('Ctrl Pts',(3.0915,0.102494460323367,0.875833333333333));
#4640=CARTESIAN_POINT('Ctrl Pts',(3.00695610055749,0.306806163698423,0.9175));
#4641=CARTESIAN_POINT('Ctrl Pts',(2.7,0.434244617339129,0.98));
#4642=CARTESIAN_POINT('Ctrl Pts',(2.39304389944251,0.306806163698423,1.0425));
#4643=CARTESIAN_POINT('Ctrl Pts',(2.3085,0.102494460323367,1.08416666666667));
#4644=CARTESIAN_POINT('Ctrl Pts',(2.3085,4.79449221866188E-17,1.105));
#4645=CARTESIAN_POINT('Origin',(2.7,0.,0.89));
#4646=CARTESIAN_POINT('',(2.3085,4.79449221866188E-17,1.14));
#4647=CARTESIAN_POINT('',(2.3085,4.79449221866188E-17,1.105));
#4648=CARTESIAN_POINT('Ctrl Pts',(3.0915,0.,0.89));
#4649=CARTESIAN_POINT('Ctrl Pts',(3.0915,0.102494460323367,0.910833333333333));
#4650=CARTESIAN_POINT('Ctrl Pts',(3.00695560002201,0.30680618175042,0.952499999999999));
#4651=CARTESIAN_POINT('Ctrl Pts',(2.7,0.434244592529718,1.015));
#4652=CARTESIAN_POINT('Ctrl Pts',(2.39304439997799,0.30680618175042,1.0775));
#4653=CARTESIAN_POINT('Ctrl Pts',(2.3085,0.102494460323367,1.11916666666667));
#4654=CARTESIAN_POINT('Ctrl Pts',(2.3085,4.79449221866188E-17,1.14));
#4655=CARTESIAN_POINT('Ctrl Pts',(3.0365,0.,0.915384615384615));
#4656=CARTESIAN_POINT('Ctrl Pts',(3.0365,0.0880954939944138,0.936217948717949));
#4657=CARTESIAN_POINT('Ctrl Pts',(2.96383284650679,0.263704419307832,0.977884615384616));
#4658=CARTESIAN_POINT('Ctrl Pts',(2.7,0.373239605073436,1.04038461538462));
#4659=CARTESIAN_POINT('Ctrl Pts',(2.43616715349321,0.263704419307832,1.10288461538462));
#4660=CARTESIAN_POINT('Ctrl Pts',(2.3635,0.0880954939944138,1.14455128205128));
#4661=CARTESIAN_POINT('Ctrl Pts',(2.3635,4.12093647913084E-17,1.16538461538462));
#4662=CARTESIAN_POINT('Ctrl Pts',(3.05483333333333,0.,0.906923076923077));
#4663=CARTESIAN_POINT('Ctrl Pts',(3.05483333333333,0.0928951494373982,0.92775641025641));
#4664=CARTESIAN_POINT('Ctrl Pts',(2.97820709767853,0.278071673455361,0.969423076923077));
#4665=CARTESIAN_POINT('Ctrl Pts',(2.7,0.393574600892197,1.03192307692308));
#4666=CARTESIAN_POINT('Ctrl Pts',(2.42179290232147,0.278071673455361,1.09442307692308));
#4667=CARTESIAN_POINT('Ctrl Pts',(2.34516666666667,0.0928951494373982,1.13608974358974));
#4668=CARTESIAN_POINT('Ctrl Pts',(2.34516666666667,4.34545505897452E-17,
1.15692307692308));
#4669=CARTESIAN_POINT('Ctrl Pts',(3.07316666666667,0.,0.898461538461538));
#4670=CARTESIAN_POINT('Ctrl Pts',(3.07316666666667,0.0976948048803826,0.919294871794872));
#4671=CARTESIAN_POINT('Ctrl Pts',(2.99258134885027,0.292438927602891,0.960961538461538));
#4672=CARTESIAN_POINT('Ctrl Pts',(2.7,0.413909596710958,1.02346153846154));
#4673=CARTESIAN_POINT('Ctrl Pts',(2.40741865114973,0.29243892760289,1.08596153846154));
#4674=CARTESIAN_POINT('Ctrl Pts',(2.32683333333333,0.0976948048803826,1.12762820512821));
#4675=CARTESIAN_POINT('Ctrl Pts',(2.32683333333333,4.5699736388182E-17,
1.14846153846154));
#4676=CARTESIAN_POINT('Ctrl Pts',(3.0915,0.,0.89));
#4677=CARTESIAN_POINT('Ctrl Pts',(3.0915,0.102494460323367,0.910833333333333));
#4678=CARTESIAN_POINT('Ctrl Pts',(3.00695560002201,0.30680618175042,0.952499999999999));
#4679=CARTESIAN_POINT('Ctrl Pts',(2.7,0.434244592529718,1.015));
#4680=CARTESIAN_POINT('Ctrl Pts',(2.39304439997799,0.30680618175042,1.0775));
#4681=CARTESIAN_POINT('Ctrl Pts',(2.3085,0.102494460323367,1.11916666666667));
#4682=CARTESIAN_POINT('Ctrl Pts',(2.3085,4.79449221866188E-17,1.14));
#4683=CARTESIAN_POINT('',(2.3635,4.12093647913084E-17,1.16538461538462));
#4684=CARTESIAN_POINT('Ctrl Pts',(3.0365,0.,0.915384615384615));
#4685=CARTESIAN_POINT('Ctrl Pts',(3.0365,0.0880954939944138,0.936217948717949));
#4686=CARTESIAN_POINT('Ctrl Pts',(2.96383284650679,0.263704419307832,0.977884615384616));
#4687=CARTESIAN_POINT('Ctrl Pts',(2.7,0.373239605073436,1.04038461538462));
#4688=CARTESIAN_POINT('Ctrl Pts',(2.43616715349321,0.263704419307832,1.10288461538462));
#4689=CARTESIAN_POINT('Ctrl Pts',(2.3635,0.0880954939944138,1.14455128205128));
#4690=CARTESIAN_POINT('Ctrl Pts',(2.3635,4.12093647913084E-17,1.16538461538462));
#4691=CARTESIAN_POINT('',(2.3085,4.79449221866188E-17,1.14));
#4692=CARTESIAN_POINT('Origin',(2.34813819742608,4.3090643026437E-17,1.1225));
#4693=CARTESIAN_POINT('',(2.3635,4.12093647913085E-17,0.3));
#4694=CARTESIAN_POINT('Origin',(2.7,0.,0.3));
#4695=CARTESIAN_POINT('',(3.0365,4.12093647913084E-17,1.2));
#4696=CARTESIAN_POINT('Origin',(2.7,0.,1.2));
#4697=CARTESIAN_POINT('',(3.0365,4.12093647913084E-17,0.3));
#4698=CARTESIAN_POINT('',(3.0365,4.12093647913084E-17,0.3));
#4699=CARTESIAN_POINT('',(3.0365,-4.12093647913084E-17,0.6));
#4700=CARTESIAN_POINT('',(3.0365,4.12093647913084E-17,0.3));
#4701=CARTESIAN_POINT('Origin',(2.7,0.,0.6));
#4702=CARTESIAN_POINT('Origin',(2.7,6.87359475374663E-18,1.2));
#4703=CARTESIAN_POINT('Origin',(2.7,0.,0.3));
#4704=CARTESIAN_POINT('',(3.2,6.12323399573677E-17,0.6));
#4705=CARTESIAN_POINT('Origin',(2.7,0.,0.6));
#4706=CARTESIAN_POINT('',(3.2,6.12323399573677E-17,0.3));
#4707=CARTESIAN_POINT('',(3.2,6.12323399573677E-17,0.3));
#4708=CARTESIAN_POINT('Origin',(2.7,0.,0.3));
#4709=CARTESIAN_POINT('Origin',(2.7,0.,0.6));
#4710=CARTESIAN_POINT('Origin',(-2.5,0.,0.3));
#4711=CARTESIAN_POINT('',(-1.55,1.16341445918999E-16,0.9));
#4712=CARTESIAN_POINT('Origin',(-2.5,0.,0.9));
#4713=CARTESIAN_POINT('',(-1.55,1.16341445918999E-16,0.3));
#4714=CARTESIAN_POINT('',(-1.55,1.16341445918999E-16,0.3));
#4715=CARTESIAN_POINT('Origin',(-2.5,0.,0.3));
#4716=CARTESIAN_POINT('Origin',(-2.5,0.,0.9));
#4717=CARTESIAN_POINT('Origin',(0.,0.,0.3));
#4718=CARTESIAN_POINT('',(1.2,1.46957615897682E-16,0.3));
#4719=CARTESIAN_POINT('',(1.2,1.46957615897682E-16,0.3));
#4720=CARTESIAN_POINT('Origin',(0.,0.,0.3));
#4721=CARTESIAN_POINT('Origin',(3.025,1.35,0.));
#4722=CARTESIAN_POINT('',(3.025,-1.25,-0.025));
#4723=CARTESIAN_POINT('',(3.025,-1.25,-0.0125));
#4724=CARTESIAN_POINT('',(3.025,1.25,-0.025));
#4725=CARTESIAN_POINT('',(3.025,1.25,-0.0125));
#4726=CARTESIAN_POINT('',(3.025,0.675,-0.025));
#4727=CARTESIAN_POINT('Origin',(-3.025,-1.35,0.));
#4728=CARTESIAN_POINT('',(-3.025,-1.25,-0.025));
#4729=CARTESIAN_POINT('',(-3.025,-1.25,-0.0125));
#4730=CARTESIAN_POINT('',(-3.025,1.25,-0.025));
#4731=CARTESIAN_POINT('',(-3.025,-0.675,-0.025));
#4732=CARTESIAN_POINT('',(-3.025,1.25,-0.0125));
#4733=CARTESIAN_POINT('Origin',(3.75,1.25,-0.025));
#4734=CARTESIAN_POINT('',(-3.65,1.25,-0.025));
#4735=CARTESIAN_POINT('',(3.75,1.25,-0.025));
#4736=CARTESIAN_POINT('',(-3.65,1.25,0.3));
#4737=CARTESIAN_POINT('',(-3.65,1.25,-0.025));
#4738=CARTESIAN_POINT('',(3.65,1.25,0.3));
#4739=CARTESIAN_POINT('',(3.75,1.25,0.3));
#4740=CARTESIAN_POINT('',(3.65,1.25,-0.025));
#4741=CARTESIAN_POINT('',(3.65,1.25,-0.025));
#4742=CARTESIAN_POINT('',(3.75,1.25,-0.025));
#4743=CARTESIAN_POINT('Origin',(0.,0.,-0.025));
#4744=CARTESIAN_POINT('',(-3.65,-1.25,-0.025));
#4745=CARTESIAN_POINT('',(-3.75,-1.25,-0.025));
#4746=CARTESIAN_POINT('',(-3.75,-1.15,-0.025));
#4747=CARTESIAN_POINT('Origin',(-3.65,-1.15,-0.025));
#4748=CARTESIAN_POINT('',(-3.75,1.15,-0.025));
#4749=CARTESIAN_POINT('',(-3.75,1.25,-0.025));
#4750=CARTESIAN_POINT('Origin',(-3.65,1.15,-0.025));
#4751=CARTESIAN_POINT('Origin',(0.,0.,-0.025));
#4752=CARTESIAN_POINT('',(3.75,1.15,-0.025));
#4753=CARTESIAN_POINT('Origin',(3.65,1.15,-0.025));
#4754=CARTESIAN_POINT('',(3.75,-1.15,-0.025));
#4755=CARTESIAN_POINT('',(3.75,-1.25,-0.025));
#4756=CARTESIAN_POINT('',(3.65,-1.25,-0.025));
#4757=CARTESIAN_POINT('Origin',(3.65,-1.15,-0.025));
#4758=CARTESIAN_POINT('',(-3.75,-1.25,-0.025));
#4759=CARTESIAN_POINT('Origin',(3.65,-1.15,-0.025));
#4760=CARTESIAN_POINT('',(3.75,-1.15,0.3));
#4761=CARTESIAN_POINT('',(3.65,-1.25,0.3));
#4762=CARTESIAN_POINT('Origin',(3.65,-1.15,0.3));
#4763=CARTESIAN_POINT('',(3.65,-1.25,-0.025));
#4764=CARTESIAN_POINT('',(3.75,-1.15,-0.025));
#4765=CARTESIAN_POINT('Origin',(-3.75,-1.25,-0.025));
#4766=CARTESIAN_POINT('',(-3.65,-1.25,0.3));
#4767=CARTESIAN_POINT('',(-3.75,-1.25,0.3));
#4768=CARTESIAN_POINT('',(-3.65,-1.25,-0.025));
#4769=CARTESIAN_POINT('Origin',(0.,0.,0.3));
#4770=CARTESIAN_POINT('',(3.75,1.15,0.3));
#4771=CARTESIAN_POINT('',(3.75,-1.25,0.3));
#4772=CARTESIAN_POINT('Origin',(3.65,1.15,0.3));
#4773=CARTESIAN_POINT('',(-3.75,1.15,0.3));
#4774=CARTESIAN_POINT('Origin',(-3.65,1.15,0.3));
#4775=CARTESIAN_POINT('',(-3.75,-1.15,0.3));
#4776=CARTESIAN_POINT('',(-3.75,1.25,0.3));
#4777=CARTESIAN_POINT('Origin',(-3.65,-1.15,0.3));
#4778=CARTESIAN_POINT('Origin',(3.65,1.15,-0.025));
#4779=CARTESIAN_POINT('',(3.75,1.15,-0.025));
#4780=CARTESIAN_POINT('Origin',(-3.65,1.15,-0.025));
#4781=CARTESIAN_POINT('',(-3.75,1.15,-0.025));
#4782=CARTESIAN_POINT('Origin',(-3.65,-1.15,-0.025));
#4783=CARTESIAN_POINT('',(-3.75,-1.15,-0.025));
#4784=CARTESIAN_POINT('Origin',(-3.75,1.25,-0.025));
#4785=CARTESIAN_POINT('Origin',(3.75,-1.25,-0.025));
#4786=CARTESIAN_POINT('',(0.,0.,0.));
#4787=CARTESIAN_POINT('Origin',(0.,0.,0.4));
#4788=CARTESIAN_POINT('',(0.984919967585997,-8.25671988299858E-6,0.6513985));
#4789=CARTESIAN_POINT('',(0.985057562620846,-1.40006704939911E-5,0.63264570625));
#4790=CARTESIAN_POINT('',(0.985,1.20627709716014E-16,0.4));
#4791=CARTESIAN_POINT('',(-0.441712786264191,0.880406050893975,0.55));
#4792=CARTESIAN_POINT('Ctrl Pts',(0.984919967585997,-8.25671988299858E-6,
0.6513985));
#4793=CARTESIAN_POINT('Ctrl Pts',(0.984941343952883,-0.0729619348461779,
0.649630715625));
#4794=CARTESIAN_POINT('Ctrl Pts',(0.976944092751211,-0.145910998683928,
0.64786293125));
#4795=CARTESIAN_POINT('Ctrl Pts',(0.960878428746437,-0.217037617721661,
0.646095146875));
#4796=CARTESIAN_POINT('Ctrl Pts',(0.924786673107052,-0.376824636359845,
0.642123792708334));
#4797=CARTESIAN_POINT('Ctrl Pts',(0.847975011487713,-0.527414086316137,
0.638152438541667));
#4798=CARTESIAN_POINT('Ctrl Pts',(0.73981172812817,-0.650439327269714,0.634181084375));
#4799=CARTESIAN_POINT('Ctrl Pts',(0.631648444768626,-0.773464568223292,
0.630209730208333));
#4800=CARTESIAN_POINT('Ctrl Pts',(0.492133539668878,-0.868925600174154,
0.626238376041667));
#4801=CARTESIAN_POINT('Ctrl Pts',(0.338282994611362,-0.92517958951935,0.622267021875));
#4802=CARTESIAN_POINT('Ctrl Pts',(0.184432449553846,-0.981433578864545,
0.618295667708333));
#4803=CARTESIAN_POINT('Ctrl Pts',(0.0162462645385626,-0.998480525604074,
0.614324313541667));
#4804=CARTESIAN_POINT('Ctrl Pts',(-0.1457629112381,-0.974241193917345,0.610352959375));
#4805=CARTESIAN_POINT('Ctrl Pts',(-0.307772087014762,-0.950001862230616,
0.606381605208333));
#4806=CARTESIAN_POINT('Ctrl Pts',(-0.463604253552804,-0.884476252117629,
0.602410251041666));
#4807=CARTESIAN_POINT('Ctrl Pts',(-0.594253070559914,-0.78565640200159,
0.598438896875));
#4808=CARTESIAN_POINT('Ctrl Pts',(-0.724901887567025,-0.68683655188555,
0.594467542708333));
#4809=CARTESIAN_POINT('Ctrl Pts',(-0.830367355043204,-0.554722461766458,
0.590496188541667));
#4810=CARTESIAN_POINT('Ctrl Pts',(-0.897787004965142,-0.405426955714191,
0.586524834375));
#4811=CARTESIAN_POINT('Ctrl Pts',(-0.965206654887081,-0.256131449661924,
0.582553480208333));
#4812=CARTESIAN_POINT('Ctrl Pts',(-0.994580487254778,-0.0896545276764812,
0.578582126041667));
#4813=CARTESIAN_POINT('Ctrl Pts',(-0.982324693205416,0.0736985773702752,
0.574610771875));
#4814=CARTESIAN_POINT('Ctrl Pts',(-0.970068899156054,0.237051682417032,
0.570639417708333));
#4815=CARTESIAN_POINT('Ctrl Pts',(-0.916183478689631,0.397280970525102,
0.566668063541667));
#4816=CARTESIAN_POINT('Ctrl Pts',(-0.82724306552072,0.534845947478806,0.562696709375));
#4817=CARTESIAN_POINT('Ctrl Pts',(-0.738302652351808,0.672410924432511,
0.558725355208334));
#4818=CARTESIAN_POINT('Ctrl Pts',(-0.614307246480407,0.787311590231849,
0.554754001041667));
#4819=CARTESIAN_POINT('Ctrl Pts',(-0.470374827313367,0.865530366906602,
0.550782646875));
#4820=CARTESIAN_POINT('Ctrl Pts',(-0.460919760406318,0.870668637847417,
0.550521764583333));
#4821=CARTESIAN_POINT('Ctrl Pts',(-0.451378659113706,0.875648615078671,
0.550260882291667));
#4822=CARTESIAN_POINT('Ctrl Pts',(-0.441757192040457,0.880468864650357,
0.55));
#4823=CARTESIAN_POINT('',(-0.934915490182518,0.310093576548727,0.55));
#4824=CARTESIAN_POINT('Origin',(0.,0.,0.55));
#4825=CARTESIAN_POINT('Ctrl Pts',(-0.934915490182517,0.310093576548731,
0.55));
#4826=CARTESIAN_POINT('Ctrl Pts',(-0.985316022174781,0.158138677651941,
0.553880196692708));
#4827=CARTESIAN_POINT('Ctrl Pts',(-1.01060154091144,-0.170663302022747,
0.561640590078125));
#4828=CARTESIAN_POINT('Ctrl Pts',(-0.812814320605286,-0.624289884447713,
0.57328118015625));
#4829=CARTESIAN_POINT('Ctrl Pts',(-0.425630884843988,-0.932323659961028,
0.584921770234375));
#4830=CARTESIAN_POINT('Ctrl Pts',(0.0607850444453212,-1.02309163228154,
0.5965623603125));
#4831=CARTESIAN_POINT('Ctrl Pts',(0.533020235880405,-0.875377185213258,
0.608202950390625));
#4832=CARTESIAN_POINT('Ctrl Pts',(0.881025328372593,-0.523639457648593,
0.61984354046875));
#4833=CARTESIAN_POINT('Ctrl Pts',(0.980871799976469,-0.192018305666428,
0.627991125755208));
#4834=CARTESIAN_POINT('Ctrl Pts',(0.985069003457552,-0.0159864012022109,
0.632258514348959));
#4835=CARTESIAN_POINT('Ctrl Pts',(0.985057562620846,-1.40006704939903E-5,
0.63264570625));
#4836=CARTESIAN_POINT('Origin',(0.,0.,0.4));
#4837=CARTESIAN_POINT('',(0.985081955772698,-6.21963345770818E-6,0.8013985));
#4838=CARTESIAN_POINT('',(0.98507680831152,2.20966343848781E-6,0.78264570625));
#4839=CARTESIAN_POINT('',(0.985,1.20627709716014E-16,0.4));
#4840=CARTESIAN_POINT('Ctrl Pts',(0.985081955772698,-6.21963345770818E-6,
0.8013985));
#4841=CARTESIAN_POINT('Ctrl Pts',(0.985083900629818,-0.00578850259931356,
0.801258319791666));
#4842=CARTESIAN_POINT('Ctrl Pts',(0.985034049687085,-0.0115707513467446,
0.801118139583333));
#4843=CARTESIAN_POINT('Ctrl Pts',(0.984932194573731,-0.0173520833368344,
0.800977959375));
#4844=CARTESIAN_POINT('Ctrl Pts',(0.982046603707374,-0.181139233896185,
0.797006605208333));
#4845=CARTESIAN_POINT('Ctrl Pts',(0.937422015619409,-0.34419058708267,0.793035251041667));
#4846=CARTESIAN_POINT('Ctrl Pts',(0.856500677873602,-0.486620265379516,
0.789063896875));
#4847=CARTESIAN_POINT('Ctrl Pts',(0.775579340127796,-0.629049943676361,
0.785092542708334));
#4848=CARTESIAN_POINT('Ctrl Pts',(0.658361252724149,-0.750857947083568,
0.781121188541667));
#4849=CARTESIAN_POINT('Ctrl Pts',(0.519143085766787,-0.837187665173488,
0.777149834375));
#4850=CARTESIAN_POINT('Ctrl Pts',(0.379924918809428,-0.923517383263408,
0.773178480208333));
#4851=CARTESIAN_POINT('Ctrl Pts',(0.218706672298356,-0.974368816036043,
0.769207126041667));
#4852=CARTESIAN_POINT('Ctrl Pts',(0.0551512068961624,-0.983540035628606,
0.765235771875));
#4853=CARTESIAN_POINT('Ctrl Pts',(-0.108404258506035,-0.99271125522117,
0.761264417708333));
#4854=CARTESIAN_POINT('Ctrl Pts',(-0.274296942799355,-0.960202261633659,
0.757293063541667));
#4855=CARTESIAN_POINT('Ctrl Pts',(-0.422293730282324,-0.889977930568678,
0.753321709375));
#4856=CARTESIAN_POINT('Ctrl Pts',(-0.570290517765292,-0.819753599503697,
0.749350355208333));
#4857=CARTESIAN_POINT('Ctrl Pts',(-0.700391408437909,-0.711813930961246,
0.745379001041667));
#4858=CARTESIAN_POINT('Ctrl Pts',(-0.796728693926081,-0.579323804630327,
0.741407646875));
#4859=CARTESIAN_POINT('Ctrl Pts',(-0.893065979414253,-0.446833678299407,
0.737436292708333));
#4860=CARTESIAN_POINT('Ctrl Pts',(-0.95563965971798,-0.289793094180021,
0.733464938541666));
#4861=CARTESIAN_POINT('Ctrl Pts',(-0.976817936720914,-0.127355458791725,
0.729493584375));
#4862=CARTESIAN_POINT('Ctrl Pts',(-0.997996213723847,0.0350821765965707,
0.725522230208333));
#4863=CARTESIAN_POINT('Ctrl Pts',(-0.977779087425988,0.202916863253776,
0.721550876041667));
#4864=CARTESIAN_POINT('Ctrl Pts',(-0.91863234103599,0.355678665629878,0.717579521875));
#4865=CARTESIAN_POINT('Ctrl Pts',(-0.859485594645992,0.508440468005979,
0.713608167708333));
#4866=CARTESIAN_POINT('Ctrl Pts',(-0.761409228163856,0.646129386100978,
0.709636813541667));
#4867=CARTESIAN_POINT('Ctrl Pts',(-0.636365105080535,0.75195222175136,0.705665459375));
#4868=CARTESIAN_POINT('Ctrl Pts',(-0.511320981997214,0.857775057401743,
0.701694105208333));
#4869=CARTESIAN_POINT('Ctrl Pts',(-0.359309102312709,0.931731810607508,
0.697722751041667));
#4870=CARTESIAN_POINT('Ctrl Pts',(-0.198869566733142,0.964802356820439,
0.693751396875));
#4871=CARTESIAN_POINT('Ctrl Pts',(-0.0384300311535763,0.99787290303337,
0.689780042708333));
#4872=CARTESIAN_POINT('Ctrl Pts',(0.130437160321051,0.990057242253466,0.685808688541666));
#4873=CARTESIAN_POINT('Ctrl Pts',(0.287136150876729,0.942308612727626,0.681837334375));
#4874=CARTESIAN_POINT('Ctrl Pts',(0.443835141432408,0.894559983201786,0.677865980208333));
#4875=CARTESIAN_POINT('Ctrl Pts',(0.588365931069137,0.80687838493001,0.673894626041667));
#4876=CARTESIAN_POINT('Ctrl Pts',(0.703100853053972,0.689957883943862,0.669923271875));
#4877=CARTESIAN_POINT('Ctrl Pts',(0.817835775038806,0.573037382957714,0.665951917708334));
#4878=CARTESIAN_POINT('Ctrl Pts',(0.902774829371745,0.426877979257194,0.661980563541666));
#4879=CARTESIAN_POINT('Ctrl Pts',(0.947558431708499,0.269305983746896,0.658009209375));
#4880=CARTESIAN_POINT('Ctrl Pts',(0.972407334407629,0.181874625387194,0.655805639583333));
#4881=CARTESIAN_POINT('Ctrl Pts',(0.984893321623406,0.0909295994935363,
0.653602069791666));
#4882=CARTESIAN_POINT('Ctrl Pts',(0.984919967585997,-8.25671988299858E-6,
0.6513985));
#4883=CARTESIAN_POINT('Ctrl Pts',(0.985057562620846,-1.40006704939903E-5,
0.63264570625));
#4884=CARTESIAN_POINT('Ctrl Pts',(0.984954350499607,0.144079074214621,0.636138711041667));
#4885=CARTESIAN_POINT('Ctrl Pts',(0.917348584927477,0.448330702962543,0.643511912526042));
#4886=CARTESIAN_POINT('Ctrl Pts',(0.615550370600427,0.819450591394749,0.654765310703125));
#4887=CARTESIAN_POINT('Ctrl Pts',(0.159896025403598,1.01234112399148,0.66640590078125));
#4888=CARTESIAN_POINT('Ctrl Pts',(-0.333027117759488,0.969275210351504,
0.678046490859375));
#4889=CARTESIAN_POINT('Ctrl Pts',(-0.748328117704279,0.700290227703032,
0.6896870809375));
#4890=CARTESIAN_POINT('Ctrl Pts',(-0.989208647095267,0.268081483874896,
0.701327671015625));
#4891=CARTESIAN_POINT('Ctrl Pts',(-0.999524138524931,-0.226611799071255,
0.71296826109375));
#4892=CARTESIAN_POINT('Ctrl Pts',(-0.776870288869848,-0.668486325989764,
0.724608851171875));
#4893=CARTESIAN_POINT('Ctrl Pts',(-0.373143299708344,-0.954549890644834,
0.73624944125));
#4894=CARTESIAN_POINT('Ctrl Pts',(0.117556026352958,-1.01812670823591,0.747890031328125));
#4895=CARTESIAN_POINT('Ctrl Pts',(0.580855363874887,-0.844398283554712,
0.75953062140625));
#4896=CARTESIAN_POINT('Ctrl Pts',(0.907209152303292,-0.4756196522659,0.771115846380209));
#4897=CARTESIAN_POINT('Ctrl Pts',(0.985055453672019,-0.157770369927203,
0.778820874661459));
#4898=CARTESIAN_POINT('Ctrl Pts',(0.98507680831152,2.20966343852848E-6,
0.78264570625));
#4899=CARTESIAN_POINT('Origin',(0.,0.,0.398272103125));
#4900=CARTESIAN_POINT('',(-0.90374437359891,3.8763996373317E-5,0.923272103125));
#4901=CARTESIAN_POINT('',(-0.903757845243487,3.42647957695952E-5,0.960772103125));
#4902=CARTESIAN_POINT('',(-0.9038125,-1.10685108515437E-16,0.398272103125));
#4903=CARTESIAN_POINT('',(-0.853813997208669,-0.296443406617191,0.93125));
#4904=CARTESIAN_POINT('Ctrl Pts',(-0.90374437359891,3.8763996373363E-5,
0.923272103125));
#4905=CARTESIAN_POINT('Ctrl Pts',(-0.903644730639081,-0.100633573226764,
0.925931402083333));
#4906=CARTESIAN_POINT('Ctrl Pts',(-0.886835555827669,-0.201334969967234,
0.928590701041667));
#4907=CARTESIAN_POINT('Ctrl Pts',(-0.853813997208669,-0.296443406617191,
0.93125));
#4908=CARTESIAN_POINT('',(-0.853813997208669,-0.296443406617191,0.96875));
#4909=CARTESIAN_POINT('',(-0.853813997208669,-0.296443406617191,0.96875));
#4910=CARTESIAN_POINT('Ctrl Pts',(-0.903757845243487,3.42647957696021E-5,
0.960772103125));
#4911=CARTESIAN_POINT('Ctrl Pts',(-0.903660039995779,-0.100636458360811,
0.963431402083333));
#4912=CARTESIAN_POINT('Ctrl Pts',(-0.886835555827669,-0.201334969967234,
0.966090701041667));
#4913=CARTESIAN_POINT('Ctrl Pts',(-0.853813997208669,-0.296443406617191,
0.96875));
#4914=CARTESIAN_POINT('Origin',(0.,0.,0.398272103125));
#4915=CARTESIAN_POINT('',(-0.903799153753586,-2.33778169621804E-5,0.773272103125));
#4916=CARTESIAN_POINT('',(-0.903748027904682,8.64970036235091E-6,0.810772103125));
#4917=CARTESIAN_POINT('',(-0.9038125,-1.10685108515437E-16,0.398272103125));
#4918=CARTESIAN_POINT('Ctrl Pts',(-0.903799153753586,-2.33778169622424E-5,
0.773272103125));
#4919=CARTESIAN_POINT('Ctrl Pts',(-0.903838020378487,-0.0390830397750325,
0.774303797916667));
#4920=CARTESIAN_POINT('Ctrl Pts',(-0.891787948085976,-0.228473195095077,
0.779306846875));
#4921=CARTESIAN_POINT('Ctrl Pts',(-0.762039919888155,-0.554100616043031,
0.78828125));
#4922=CARTESIAN_POINT('Ctrl Pts',(-0.403907499834211,-0.851229209975594,
0.8001953125));
#4923=CARTESIAN_POINT('Ctrl Pts',(0.0527500079511328,-0.940717640737455,
0.812109375));
#4924=CARTESIAN_POINT('Ctrl Pts',(0.496540057975874,-0.800737456221261,
0.8240234375));
#4925=CARTESIAN_POINT('Ctrl Pts',(0.819209619259658,-0.465433102679711,
0.8359375));
#4926=CARTESIAN_POINT('Ctrl Pts',(0.942048991405608,-0.01659700780095,0.8478515625));
#4927=CARTESIAN_POINT('Ctrl Pts',(0.835096115269201,0.43628998776652,0.859765624999999));
#4928=CARTESIAN_POINT('Ctrl Pts',(0.524435694389835,0.782748057620365,0.8716796875));
#4929=CARTESIAN_POINT('Ctrl Pts',(0.0858556857319988,0.938280584735697,
0.883593750000001));
#4930=CARTESIAN_POINT('Ctrl Pts',(-0.373678885741364,0.864918570176136,
0.8955078125));
#4931=CARTESIAN_POINT('Ctrl Pts',(-0.742037934810341,0.580618262092182,
0.907421875));
#4932=CARTESIAN_POINT('Ctrl Pts',(-0.887612165900644,0.249692937600887,
0.916676638541666));
#4933=CARTESIAN_POINT('Ctrl Pts',(-0.903793535827927,0.0497088712157156,
0.921960047916667));
#4934=CARTESIAN_POINT('Ctrl Pts',(-0.90374437359891,3.8763996373363E-5,
0.923272103125));
#4935=CARTESIAN_POINT('Ctrl Pts',(-0.903748027904682,8.64970036235785E-6,
0.810772103125));
#4936=CARTESIAN_POINT('Ctrl Pts',(-0.903718528048451,-0.0839303127231484,
0.812988845078125));
#4937=CARTESIAN_POINT('Ctrl Pts',(-0.871793245192495,-0.314818467051183,
0.819085783723958));
#4938=CARTESIAN_POINT('Ctrl Pts',(-0.677640635016241,-0.652061639020474,
0.8290629190625));
#4939=CARTESIAN_POINT('Ctrl Pts',(-0.293172984998991,-0.893549614202161,
0.840703509140625));
#4940=CARTESIAN_POINT('Ctrl Pts',(0.159627586759996,-0.926768673245307,
0.85234409921875));
#4941=CARTESIAN_POINT('Ctrl Pts',(0.57522194769778,-0.743976513945272,0.863984689296875));
#4942=CARTESIAN_POINT('Ctrl Pts',(0.85674376817575,-0.387777563114786,0.875625279375));
#4943=CARTESIAN_POINT('Ctrl Pts',(0.938574827029047,0.058803578951054,0.887265869453125));
#4944=CARTESIAN_POINT('Ctrl Pts',(0.801644021654589,0.491681003388236,0.89890645953125));
#4945=CARTESIAN_POINT('Ctrl Pts',(0.477862971596683,0.809952769080809,0.910547049609375));
#4946=CARTESIAN_POINT('Ctrl Pts',(0.0427072384213014,0.939449662169727,
0.9221876396875));
#4947=CARTESIAN_POINT('Ctrl Pts',(-0.402414330061014,0.84996090935112,0.933828229765625));
#4948=CARTESIAN_POINT('Ctrl Pts',(-0.753717415001543,0.562400484274805,
0.94546881984375));
#4949=CARTESIAN_POINT('Ctrl Pts',(-0.889259840306108,0.239335845330501,
0.954450110963541));
#4950=CARTESIAN_POINT('Ctrl Pts',(-0.903802748132259,0.0462527079815589,
0.959551205390625));
#4951=CARTESIAN_POINT('Ctrl Pts',(-0.903757845243487,3.42647957696021E-5,
0.960772103125));
#4952=CARTESIAN_POINT('Origin',(0.,0.,0.398272103125));
#4953=CARTESIAN_POINT('',(-0.903850920760526,2.00277858597169E-5,0.623272103124999));
#4954=CARTESIAN_POINT('',(-0.903744370851461,-5.28578813402403E-6,0.660772103125));
#4955=CARTESIAN_POINT('',(-0.9038125,-1.10685108515437E-16,0.398272103125));
#4956=CARTESIAN_POINT('Ctrl Pts',(-0.903850920760526,2.00277858597199E-5,
0.623272103125));
#4957=CARTESIAN_POINT('Ctrl Pts',(-0.903728691122468,-0.127752333730847,
0.626647547916666));
#4958=CARTESIAN_POINT('Ctrl Pts',(-0.844176955622288,-0.405965365595948,
0.633994346875));
#4959=CARTESIAN_POINT('Ctrl Pts',(-0.568380080643003,-0.751449570687128,
0.645312499999999));
#4960=CARTESIAN_POINT('Ctrl Pts',(-0.139416446066869,-0.931823780302083,
0.6572265625));
#4961=CARTESIAN_POINT('Ctrl Pts',(0.323554446351788,-0.884898165428926,
0.669140625));
#4962=CARTESIAN_POINT('Ctrl Pts',(0.707601091525796,-0.622119869164695,
0.6810546875));
#4963=CARTESIAN_POINT('Ctrl Pts',(0.919042735944057,-0.207588009554681,
0.69296875));
#4964=CARTESIAN_POINT('Ctrl Pts',(0.906302694939939,0.257580667584077,0.7048828125));
#4965=CARTESIAN_POINT('Ctrl Pts',(0.672488545566467,0.65991781293558,0.716796875));
#4966=CARTESIAN_POINT('Ctrl Pts',(0.274634532443991,0.901281440970125,0.7287109375));
#4967=CARTESIAN_POINT('Ctrl Pts',(-0.190210985813861,0.922795832570036,
0.740625));
#4968=CARTESIAN_POINT('Ctrl Pts',(-0.608658408171278,0.719212975696575,
0.7525390625));
#4969=CARTESIAN_POINT('Ctrl Pts',(-0.855257377891662,0.373013921204426,
0.763421430208333));
#4970=CARTESIAN_POINT('Ctrl Pts',(-0.903688409142693,0.111271263182318,
0.77033244375));
#4971=CARTESIAN_POINT('Ctrl Pts',(-0.903799153753586,-2.33778169622424E-5,
0.773272103125));
#4972=CARTESIAN_POINT('Ctrl Pts',(-0.903744370851461,-5.28578813401015E-6,
0.660772103125));
#4973=CARTESIAN_POINT('Ctrl Pts',(-0.903758722135272,-0.0671872016569979,
0.662546288072917));
#4974=CARTESIAN_POINT('Ctrl Pts',(-0.880177277318627,-0.281288099083353,
0.668200669713542));
#4975=CARTESIAN_POINT('Ctrl Pts',(-0.712837642598152,-0.613387104069669,
0.677735248046875));
#4976=CARTESIAN_POINT('Ctrl Pts',(-0.342387389408779,-0.875872206130389,
0.689375838125));
#4977=CARTESIAN_POINT('Ctrl Pts',(0.107866605145312,-0.934208777144639,
0.701016428203125));
#4978=CARTESIAN_POINT('Ctrl Pts',(0.532979023920986,-0.774799719446998,
0.71265701828125));
#4979=CARTESIAN_POINT('Ctrl Pts',(0.83386454916329,-0.434800135842304,0.724297608359375));
#4980=CARTESIAN_POINT('Ctrl Pts',(0.940392703544466,0.00654277888770585,
0.7359381984375));
#4981=CARTESIAN_POINT('Ctrl Pts',(0.827733875777548,0.446360700969587,0.747578788515625));
#4982=CARTESIAN_POINT('Ctrl Pts',(0.52214661613031,0.782140752332073,0.75921937859375));
#4983=CARTESIAN_POINT('Ctrl Pts',(0.0948572834557767,0.935619227878011,
0.770859968671875));
#4984=CARTESIAN_POINT('Ctrl Pts',(-0.354541408859186,0.871023326497068,
0.78250055875));
#4985=CARTESIAN_POINT('Ctrl Pts',(-0.721303497663456,0.603409072190939,
0.794141148828125));
#4986=CARTESIAN_POINT('Ctrl Pts',(-0.882116448770451,0.272897313123844,
0.803564996953125));
#4987=CARTESIAN_POINT('Ctrl Pts',(-0.903770164750875,0.0629968855129497,
0.809108648385417));
#4988=CARTESIAN_POINT('Ctrl Pts',(-0.903748027904682,8.64970036235785E-6,
0.810772103125));
#4989=CARTESIAN_POINT('Origin',(1.10865543901354,-0.459220118838108,1.23));
#4990=CARTESIAN_POINT('',(1.09199585735806,-0.360617591796129,1.23));
#4991=CARTESIAN_POINT('',(1.14304105071946,-0.365317883999899,1.18));
#4992=CARTESIAN_POINT('Ctrl Pts',(1.09199585735806,-0.360617591796129,1.23));
#4993=CARTESIAN_POINT('Ctrl Pts',(1.09484297038209,-0.360136552279909,1.22744733537758));
#4994=CARTESIAN_POINT('Ctrl Pts',(1.09769281233569,-0.359782027462068,1.22485005128565));
#4995=CARTESIAN_POINT('Ctrl Pts',(1.11411867053061,-0.358443219470306,1.20965212073124));
#4996=CARTESIAN_POINT('Ctrl Pts',(1.12745464866364,-0.360246204042951,1.19639055752304));
#4997=CARTESIAN_POINT('Ctrl Pts',(1.13909167846167,-0.363964487360194,1.18417392568986));
#4998=CARTESIAN_POINT('Ctrl Pts',(1.14040544038405,-0.364384262777426,1.18279472962345));
#4999=CARTESIAN_POINT('Ctrl Pts',(1.14172280622147,-0.364835162331782,1.18140262869536));
#5000=CARTESIAN_POINT('Ctrl Pts',(1.14304105071946,-0.365317883999899,1.18));
#5001=CARTESIAN_POINT('',(1.0271528203397,-0.517162531191297,1.23));
#5002=CARTESIAN_POINT('Origin',(1.10865543901354,-0.459220118838108,1.23));
#5003=CARTESIAN_POINT('',(1.06657083120337,-0.549933325073276,1.18));
#5004=CARTESIAN_POINT('Ctrl Pts',(1.06657083120337,-0.549933325073276,1.18));
#5005=CARTESIAN_POINT('Ctrl Pts',(1.06529735581464,-0.549342521214443,1.18140262869536));
#5006=CARTESIAN_POINT('Ctrl Pts',(1.06404700336517,-0.548729837030015,1.18279472962345));
#5007=CARTESIAN_POINT('Ctrl Pts',(1.05196336132584,-0.542498293774877,1.19639055752304));
#5008=CARTESIAN_POINT('Ctrl Pts',(1.04125849813652,-0.534343235820942,1.20965212073124));
#5009=CARTESIAN_POINT('Ctrl Pts',(1.03059034262977,-0.521781719894824,1.22485005128565));
#5010=CARTESIAN_POINT('Ctrl Pts',(1.02882588696187,-0.519515890421335,1.22744733537758));
#5011=CARTESIAN_POINT('Ctrl Pts',(1.02715282033971,-0.517162531191297,1.23));
#5012=CARTESIAN_POINT('',(1.06657083120337,-0.549933325073276,0.93));
#5013=CARTESIAN_POINT('',(1.06657083120337,-0.549933325073276,1.23));
#5014=CARTESIAN_POINT('',(1.14304105071946,-0.365317883999899,0.93));
#5015=CARTESIAN_POINT('Origin',(1.10865543901354,-0.459220118838108,0.93));
#5016=CARTESIAN_POINT('',(1.14304105071946,-0.365317883999899,1.23));
#5017=CARTESIAN_POINT('Origin',(0.848528137423856,-0.848528137423858,1.23));
#5018=CARTESIAN_POINT('',(0.870870244400449,-0.751055934946194,1.23));
#5019=CARTESIAN_POINT('',(0.916231129826467,-0.774932588511359,1.18));
#5020=CARTESIAN_POINT('Ctrl Pts',(0.870870244400448,-0.751055934946195,
1.23));
#5021=CARTESIAN_POINT('Ctrl Pts',(0.873684719703272,-0.7517010553672,1.22744733537758));
#5022=CARTESIAN_POINT('Ctrl Pts',(0.876453301129237,-0.752464104444727,
1.22485005128565));
#5023=CARTESIAN_POINT('Ctrl Pts',(0.892141154957022,-0.75751311093675,1.20965212073124));
#5024=CARTESIAN_POINT('Ctrl Pts',(0.903772019875393,-0.764282309366747,
1.19639055752304));
#5025=CARTESIAN_POINT('Ctrl Pts',(0.913100308102667,-0.772170853725271,
1.18417392568986));
#5026=CARTESIAN_POINT('Ctrl Pts',(0.914153424755855,-0.773061430563268,
1.18279472962345));
#5027=CARTESIAN_POINT('Ctrl Pts',(0.915197960300769,-0.773982141513102,
1.18140262869536));
#5028=CARTESIAN_POINT('Ctrl Pts',(0.916231129826467,-0.774932588511359,
1.18));
#5029=CARTESIAN_POINT('',(0.751055934946193,-0.870870244400451,1.23));
#5030=CARTESIAN_POINT('Origin',(0.848528137423856,-0.848528137423858,1.23));
#5031=CARTESIAN_POINT('',(0.774932588511357,-0.916231129826469,1.18));
#5032=CARTESIAN_POINT('Ctrl Pts',(0.774932588511357,-0.916231129826469,
1.18));
#5033=CARTESIAN_POINT('Ctrl Pts',(0.773982141513101,-0.915197960300771,
1.18140262869536));
#5034=CARTESIAN_POINT('Ctrl Pts',(0.773061430563266,-0.914153424755856,
1.18279472962345));
#5035=CARTESIAN_POINT('Ctrl Pts',(0.764282309366745,-0.903772019875394,
1.19639055752304));
#5036=CARTESIAN_POINT('Ctrl Pts',(0.757513110936748,-0.892141154957024,
1.20965212073124));
#5037=CARTESIAN_POINT('Ctrl Pts',(0.752464104444725,-0.876453301129239,
1.22485005128565));
#5038=CARTESIAN_POINT('Ctrl Pts',(0.751701055367198,-0.873684719703273,
1.22744733537758));
#5039=CARTESIAN_POINT('Ctrl Pts',(0.751055934946193,-0.87087024440045,1.23));
#5040=CARTESIAN_POINT('',(0.774932588511357,-0.916231129826469,0.93));
#5041=CARTESIAN_POINT('',(0.774932588511357,-0.916231129826469,1.23));
#5042=CARTESIAN_POINT('',(0.916231129826467,-0.774932588511359,0.93));
#5043=CARTESIAN_POINT('Origin',(0.848528137423856,-0.848528137423858,0.93));
#5044=CARTESIAN_POINT('',(0.916231129826467,-0.774932588511359,1.23));
#5045=CARTESIAN_POINT('Origin',(0.459220118838107,-1.10865543901354,1.23));
#5046=CARTESIAN_POINT('',(0.517162531191296,-1.02715282033971,1.23));
#5047=CARTESIAN_POINT('',(0.549933325073274,-1.06657083120337,1.18));
#5048=CARTESIAN_POINT('Ctrl Pts',(0.517162531191295,-1.02715282033971,1.23));
#5049=CARTESIAN_POINT('Ctrl Pts',(0.519515890421333,-1.02882588696187,1.22744733537758));
#5050=CARTESIAN_POINT('Ctrl Pts',(0.521781719894822,-1.03059034262977,1.22485005128565));
#5051=CARTESIAN_POINT('Ctrl Pts',(0.534343235820941,-1.04125849813652,1.20965212073124));
#5052=CARTESIAN_POINT('Ctrl Pts',(0.542498293774876,-1.05196336132584,1.19639055752304));
#5053=CARTESIAN_POINT('Ctrl Pts',(0.548097693109936,-1.06282120735689,1.18417392568986));
#5054=CARTESIAN_POINT('Ctrl Pts',(0.548729837030013,-1.06404700336517,1.18279472962345));
#5055=CARTESIAN_POINT('Ctrl Pts',(0.549342521214442,-1.06529735581464,1.18140262869536));
#5056=CARTESIAN_POINT('Ctrl Pts',(0.549933325073274,-1.06657083120337,1.18));
#5057=CARTESIAN_POINT('',(0.360617591796127,-1.09199585735806,1.23));
#5058=CARTESIAN_POINT('Origin',(0.459220118838107,-1.10865543901354,1.23));
#5059=CARTESIAN_POINT('',(0.365317883999898,-1.14304105071946,1.18));
#5060=CARTESIAN_POINT('Ctrl Pts',(0.365317883999897,-1.14304105071946,1.18));
#5061=CARTESIAN_POINT('Ctrl Pts',(0.36483516233178,-1.14172280622148,1.18140262869536));
#5062=CARTESIAN_POINT('Ctrl Pts',(0.364384262777424,-1.14040544038405,1.18279472962345));
#5063=CARTESIAN_POINT('Ctrl Pts',(0.360246204042949,-1.12745464866364,1.19639055752304));
#5064=CARTESIAN_POINT('Ctrl Pts',(0.358443219470304,-1.11411867053061,1.20965212073124));
#5065=CARTESIAN_POINT('Ctrl Pts',(0.359782027462067,-1.09769281233569,1.22485005128565));
#5066=CARTESIAN_POINT('Ctrl Pts',(0.360136552279908,-1.09484297038209,1.22744733537758));
#5067=CARTESIAN_POINT('Ctrl Pts',(0.360617591796128,-1.09199585735806,1.23));
#5068=CARTESIAN_POINT('',(0.365317883999898,-1.14304105071946,0.93));
#5069=CARTESIAN_POINT('',(0.365317883999897,-1.14304105071946,1.23));
#5070=CARTESIAN_POINT('',(0.549933325073274,-1.06657083120337,0.93));
#5071=CARTESIAN_POINT('Origin',(0.459220118838107,-1.10865543901354,0.93));
#5072=CARTESIAN_POINT('',(0.549933325073274,-1.06657083120337,1.23));
#5073=CARTESIAN_POINT('Origin',(-1.33226762955019E-15,-1.2,1.23));
#5074=CARTESIAN_POINT('',(0.0847215106982867,-1.146875,1.23));
#5075=CARTESIAN_POINT('',(0.0999131567356801,-1.19583333333333,1.18));
#5076=CARTESIAN_POINT('Ctrl Pts',(0.084721510698286,-1.146875,1.23));
#5077=CARTESIAN_POINT('Ctrl Pts',(0.08625547624602,-1.14932130359648,1.22744733537758));
#5078=CARTESIAN_POINT('Ctrl Pts',(0.0876736017694894,-1.15181854347415,
1.22485005128565));
#5079=CARTESIAN_POINT('Ctrl Pts',(0.0951964028646155,-1.1664817180268,1.20965212073124));
#5080=CARTESIAN_POINT('Ctrl Pts',(0.0986341202064119,-1.17949252759469,
1.19639055752304));
#5081=CARTESIAN_POINT('Ctrl Pts',(0.0996521728591771,-1.19166666666667,
1.18417392568986));
#5082=CARTESIAN_POINT('Ctrl Pts',(0.0997671058647111,-1.19304106551483,
1.18279472962345));
#5083=CARTESIAN_POINT('Ctrl Pts',(0.0998546630755698,-1.19443070463797,
1.18140262869536));
#5084=CARTESIAN_POINT('Ctrl Pts',(0.0999131567356804,-1.19583333333333,
1.18));
#5085=CARTESIAN_POINT('',(-0.0847215106982893,-1.146875,1.23));
#5086=CARTESIAN_POINT('Origin',(-1.33226762955019E-15,-1.2,1.23));
#5087=CARTESIAN_POINT('',(-0.0999131567356827,-1.19583333333333,1.18));
#5088=CARTESIAN_POINT('Ctrl Pts',(-0.0999131567356831,-1.19583333333333,
1.18));
#5089=CARTESIAN_POINT('Ctrl Pts',(-0.0998546630755724,-1.19443070463797,
1.18140262869536));
#5090=CARTESIAN_POINT('Ctrl Pts',(-0.0997671058647138,-1.19304106551483,
1.18279472962345));
#5091=CARTESIAN_POINT('Ctrl Pts',(-0.0986341202064145,-1.17949252759469,
1.19639055752304));
#5092=CARTESIAN_POINT('Ctrl Pts',(-0.095196402864618,-1.1664817180268,1.20965212073124));
#5093=CARTESIAN_POINT('Ctrl Pts',(-0.0876736017694919,-1.15181854347415,
1.22485005128565));
#5094=CARTESIAN_POINT('Ctrl Pts',(-0.0862554762460226,-1.14932130359648,
1.22744733537758));
#5095=CARTESIAN_POINT('Ctrl Pts',(-0.0847215106982887,-1.146875,1.23));
#5096=CARTESIAN_POINT('',(-0.0999131567356827,-1.19583333333333,0.93));
#5097=CARTESIAN_POINT('',(-0.0999131567356831,-1.19583333333333,1.23));
#5098=CARTESIAN_POINT('',(0.0999131567356801,-1.19583333333333,0.93));
#5099=CARTESIAN_POINT('Origin',(-1.33226762955019E-15,-1.2,0.93));
#5100=CARTESIAN_POINT('',(0.0999131567356804,-1.19583333333333,1.23));
#5101=CARTESIAN_POINT('Origin',(-0.459220118838108,-1.10865543901354,1.23));
#5102=CARTESIAN_POINT('',(-0.360617591796129,-1.09199585735806,1.23));
#5103=CARTESIAN_POINT('',(-0.365317883999899,-1.14304105071946,1.18));
#5104=CARTESIAN_POINT('Ctrl Pts',(-0.360617591796129,-1.09199585735806,
1.23));
#5105=CARTESIAN_POINT('Ctrl Pts',(-0.360136552279909,-1.09484297038209,
1.22744733537758));
#5106=CARTESIAN_POINT('Ctrl Pts',(-0.359782027462068,-1.09769281233569,
1.22485005128565));
#5107=CARTESIAN_POINT('Ctrl Pts',(-0.358443219470306,-1.11411867053061,
1.20965212073124));
#5108=CARTESIAN_POINT('Ctrl Pts',(-0.360246204042951,-1.12745464866364,
1.19639055752304));
#5109=CARTESIAN_POINT('Ctrl Pts',(-0.363964487360194,-1.13909167846167,
1.18417392568986));
#5110=CARTESIAN_POINT('Ctrl Pts',(-0.364384262777426,-1.14040544038405,
1.18279472962345));
#5111=CARTESIAN_POINT('Ctrl Pts',(-0.364835162331782,-1.14172280622147,
1.18140262869536));
#5112=CARTESIAN_POINT('Ctrl Pts',(-0.365317883999899,-1.14304105071946,
1.18));
#5113=CARTESIAN_POINT('',(-0.517162531191297,-1.0271528203397,1.23));
#5114=CARTESIAN_POINT('Origin',(-0.459220118838108,-1.10865543901354,1.23));
#5115=CARTESIAN_POINT('',(-0.549933325073276,-1.06657083120337,1.18));
#5116=CARTESIAN_POINT('Ctrl Pts',(-0.549933325073276,-1.06657083120337,
1.18));
#5117=CARTESIAN_POINT('Ctrl Pts',(-0.549342521214443,-1.06529735581464,
1.18140262869536));
#5118=CARTESIAN_POINT('Ctrl Pts',(-0.548729837030015,-1.06404700336517,
1.18279472962345));
#5119=CARTESIAN_POINT('Ctrl Pts',(-0.542498293774877,-1.05196336132584,
1.19639055752304));
#5120=CARTESIAN_POINT('Ctrl Pts',(-0.534343235820942,-1.04125849813652,
1.20965212073124));
#5121=CARTESIAN_POINT('Ctrl Pts',(-0.521781719894824,-1.03059034262977,
1.22485005128565));
#5122=CARTESIAN_POINT('Ctrl Pts',(-0.519515890421335,-1.02882588696187,
1.22744733537758));
#5123=CARTESIAN_POINT('Ctrl Pts',(-0.517162531191297,-1.02715282033971,
1.23));
#5124=CARTESIAN_POINT('',(-0.549933325073276,-1.06657083120337,0.93));
#5125=CARTESIAN_POINT('',(-0.549933325073276,-1.06657083120337,1.23));
#5126=CARTESIAN_POINT('',(-0.365317883999899,-1.14304105071946,0.93));
#5127=CARTESIAN_POINT('Origin',(-0.459220118838108,-1.10865543901354,0.93));
#5128=CARTESIAN_POINT('',(-0.365317883999899,-1.14304105071946,1.23));
#5129=CARTESIAN_POINT('Origin',(-0.848528137423857,-0.848528137423856,1.23));
#5130=CARTESIAN_POINT('',(-0.751055934946194,-0.870870244400449,1.23));
#5131=CARTESIAN_POINT('',(-0.774932588511359,-0.916231129826467,1.18));
#5132=CARTESIAN_POINT('Ctrl Pts',(-0.751055934946194,-0.870870244400449,
1.23));
#5133=CARTESIAN_POINT('Ctrl Pts',(-0.751701055367199,-0.873684719703272,
1.22744733537758));
#5134=CARTESIAN_POINT('Ctrl Pts',(-0.752464104444727,-0.876453301129237,
1.22485005128565));
#5135=CARTESIAN_POINT('Ctrl Pts',(-0.757513110936749,-0.892141154957022,
1.20965212073124));
#5136=CARTESIAN_POINT('Ctrl Pts',(-0.764282309366746,-0.903772019875393,
1.19639055752304));
#5137=CARTESIAN_POINT('Ctrl Pts',(-0.772170853725271,-0.913100308102668,
1.18417392568986));
#5138=CARTESIAN_POINT('Ctrl Pts',(-0.773061430563267,-0.914153424755855,
1.18279472962345));
#5139=CARTESIAN_POINT('Ctrl Pts',(-0.773982141513102,-0.91519796030077,
1.18140262869536));
#5140=CARTESIAN_POINT('Ctrl Pts',(-0.774932588511359,-0.916231129826467,
1.18));
#5141=CARTESIAN_POINT('',(-0.87087024440045,-0.751055934946193,1.23));
#5142=CARTESIAN_POINT('Origin',(-0.848528137423857,-0.848528137423856,1.23));
#5143=CARTESIAN_POINT('',(-0.916231129826468,-0.774932588511358,1.18));
#5144=CARTESIAN_POINT('Ctrl Pts',(-0.916231129826468,-0.774932588511357,
1.18));
#5145=CARTESIAN_POINT('Ctrl Pts',(-0.91519796030077,-0.773982141513101,
1.18140262869536));
#5146=CARTESIAN_POINT('Ctrl Pts',(-0.914153424755856,-0.773061430563266,
1.18279472962345));
#5147=CARTESIAN_POINT('Ctrl Pts',(-0.903772019875394,-0.764282309366745,
1.19639055752304));
#5148=CARTESIAN_POINT('Ctrl Pts',(-0.892141154957023,-0.757513110936748,
1.20965212073124));
#5149=CARTESIAN_POINT('Ctrl Pts',(-0.876453301129238,-0.752464104444726,
1.22485005128565));
#5150=CARTESIAN_POINT('Ctrl Pts',(-0.873684719703273,-0.751701055367198,
1.22744733537758));
#5151=CARTESIAN_POINT('Ctrl Pts',(-0.87087024440045,-0.751055934946194,
1.23));
#5152=CARTESIAN_POINT('',(-0.916231129826468,-0.774932588511358,0.93));
#5153=CARTESIAN_POINT('',(-0.916231129826468,-0.774932588511357,1.23));
#5154=CARTESIAN_POINT('',(-0.774932588511359,-0.916231129826467,0.93));
#5155=CARTESIAN_POINT('Origin',(-0.848528137423857,-0.848528137423856,0.93));
#5156=CARTESIAN_POINT('',(-0.774932588511359,-0.916231129826467,1.23));
#5157=CARTESIAN_POINT('Origin',(-1.10865543901354,-0.459220118838107,1.23));
#5158=CARTESIAN_POINT('',(-1.02715282033971,-0.517162531191296,1.23));
#5159=CARTESIAN_POINT('',(-1.06657083120337,-0.549933325073274,1.18));
#5160=CARTESIAN_POINT('Ctrl Pts',(-1.02715282033971,-0.517162531191295,
1.23));
#5161=CARTESIAN_POINT('Ctrl Pts',(-1.02882588696187,-0.519515890421333,
1.22744733537758));
#5162=CARTESIAN_POINT('Ctrl Pts',(-1.03059034262977,-0.521781719894822,
1.22485005128565));
#5163=CARTESIAN_POINT('Ctrl Pts',(-1.04125849813652,-0.534343235820941,
1.20965212073124));
#5164=CARTESIAN_POINT('Ctrl Pts',(-1.05196336132584,-0.542498293774876,
1.19639055752304));
#5165=CARTESIAN_POINT('Ctrl Pts',(-1.06282120735689,-0.548097693109936,
1.18417392568986));
#5166=CARTESIAN_POINT('Ctrl Pts',(-1.06404700336517,-0.548729837030014,
1.18279472962345));
#5167=CARTESIAN_POINT('Ctrl Pts',(-1.06529735581464,-0.549342521214442,
1.18140262869536));
#5168=CARTESIAN_POINT('Ctrl Pts',(-1.06657083120337,-0.549933325073274,
1.18));
#5169=CARTESIAN_POINT('',(-1.09199585735806,-0.360617591796127,1.23));
#5170=CARTESIAN_POINT('Origin',(-1.10865543901354,-0.459220118838107,1.23));
#5171=CARTESIAN_POINT('',(-1.14304105071946,-0.365317883999898,1.18));
#5172=CARTESIAN_POINT('Ctrl Pts',(-1.14304105071946,-0.365317883999897,
1.18));
#5173=CARTESIAN_POINT('Ctrl Pts',(-1.14172280622148,-0.36483516233178,1.18140262869536));
#5174=CARTESIAN_POINT('Ctrl Pts',(-1.14040544038405,-0.364384262777424,
1.18279472962345));
#5175=CARTESIAN_POINT('Ctrl Pts',(-1.12745464866364,-0.360246204042949,
1.19639055752304));
#5176=CARTESIAN_POINT('Ctrl Pts',(-1.11411867053061,-0.358443219470304,
1.20965212073124));
#5177=CARTESIAN_POINT('Ctrl Pts',(-1.09769281233569,-0.359782027462067,
1.22485005128565));
#5178=CARTESIAN_POINT('Ctrl Pts',(-1.09484297038209,-0.360136552279908,
1.22744733537758));
#5179=CARTESIAN_POINT('Ctrl Pts',(-1.09199585735806,-0.360617591796128,
1.23));
#5180=CARTESIAN_POINT('',(-1.14304105071946,-0.365317883999898,0.93));
#5181=CARTESIAN_POINT('',(-1.14304105071946,-0.365317883999897,1.23));
#5182=CARTESIAN_POINT('',(-1.06657083120337,-0.549933325073274,0.93));
#5183=CARTESIAN_POINT('Origin',(-1.10865543901354,-0.459220118838107,0.93));
#5184=CARTESIAN_POINT('',(-1.06657083120337,-0.549933325073274,1.23));
#5185=CARTESIAN_POINT('Origin',(-1.2,7.21644966006352E-16,1.23));
#5186=CARTESIAN_POINT('',(-1.146875,-0.0847215106982873,1.23));
#5187=CARTESIAN_POINT('',(-1.19583333333333,-0.0999131567356807,1.18));
#5188=CARTESIAN_POINT('Ctrl Pts',(-1.146875,-0.0847215106982866,1.23));
#5189=CARTESIAN_POINT('Ctrl Pts',(-1.14932130359648,-0.0862554762460206,
1.22744733537758));
#5190=CARTESIAN_POINT('Ctrl Pts',(-1.15181854347415,-0.08767360176949,1.22485005128565));
#5191=CARTESIAN_POINT('Ctrl Pts',(-1.1664817180268,-0.0951964028646161,
1.20965212073124));
#5192=CARTESIAN_POINT('Ctrl Pts',(-1.17949252759469,-0.0986341202064125,
1.19639055752304));
#5193=CARTESIAN_POINT('Ctrl Pts',(-1.19166666666667,-0.0996521728591777,
1.18417392568986));
#5194=CARTESIAN_POINT('Ctrl Pts',(-1.19304106551483,-0.0997671058647118,
1.18279472962345));
#5195=CARTESIAN_POINT('Ctrl Pts',(-1.19443070463797,-0.0998546630755704,
1.18140262869536));
#5196=CARTESIAN_POINT('Ctrl Pts',(-1.19583333333333,-0.099913156735681,
1.18));
#5197=CARTESIAN_POINT('',(-1.146875,0.0847215106982887,1.23));
#5198=CARTESIAN_POINT('Origin',(-1.2,7.21644966006352E-16,1.23));
#5199=CARTESIAN_POINT('',(-1.19583333333333,0.0999131567356821,1.18));
#5200=CARTESIAN_POINT('Ctrl Pts',(-1.19583333333333,0.0999131567356825,
1.18));
#5201=CARTESIAN_POINT('Ctrl Pts',(-1.19443070463797,0.0998546630755719,
1.18140262869536));
#5202=CARTESIAN_POINT('Ctrl Pts',(-1.19304106551483,0.0997671058647132,
1.18279472962345));
#5203=CARTESIAN_POINT('Ctrl Pts',(-1.17949252759469,0.098634120206414,1.19639055752304));
#5204=CARTESIAN_POINT('Ctrl Pts',(-1.1664817180268,0.0951964028646175,1.20965212073124));
#5205=CARTESIAN_POINT('Ctrl Pts',(-1.15181854347415,0.0876736017694914,
1.22485005128565));
#5206=CARTESIAN_POINT('Ctrl Pts',(-1.14932130359648,0.0862554762460221,
1.22744733537758));
#5207=CARTESIAN_POINT('Ctrl Pts',(-1.146875,0.0847215106982881,1.23));
#5208=CARTESIAN_POINT('',(-1.19583333333333,0.0999131567356821,0.93));
#5209=CARTESIAN_POINT('',(-1.19583333333333,0.0999131567356825,1.23));
#5210=CARTESIAN_POINT('',(-1.19583333333333,-0.0999131567356807,0.93));
#5211=CARTESIAN_POINT('Origin',(-1.2,7.21644966006352E-16,0.93));
#5212=CARTESIAN_POINT('',(-1.19583333333333,-0.099913156735681,1.23));
#5213=CARTESIAN_POINT('Origin',(-1.10865543901354,0.459220118838108,1.23));
#5214=CARTESIAN_POINT('',(-1.09199585735806,0.360617591796129,1.23));
#5215=CARTESIAN_POINT('',(-1.14304105071946,0.365317883999899,1.18));
#5216=CARTESIAN_POINT('Ctrl Pts',(-1.09199585735806,0.360617591796129,1.23));
#5217=CARTESIAN_POINT('Ctrl Pts',(-1.09484297038209,0.360136552279909,1.22744733537758));
#5218=CARTESIAN_POINT('Ctrl Pts',(-1.09769281233569,0.359782027462068,1.22485005128565));
#5219=CARTESIAN_POINT('Ctrl Pts',(-1.11411867053061,0.358443219470305,1.20965212073124));
#5220=CARTESIAN_POINT('Ctrl Pts',(-1.12745464866364,0.360246204042951,1.19639055752304));
#5221=CARTESIAN_POINT('Ctrl Pts',(-1.13909167846167,0.363964487360194,1.18417392568986));
#5222=CARTESIAN_POINT('Ctrl Pts',(-1.14040544038405,0.364384262777426,1.18279472962345));
#5223=CARTESIAN_POINT('Ctrl Pts',(-1.14172280622147,0.364835162331781,1.18140262869536));
#5224=CARTESIAN_POINT('Ctrl Pts',(-1.14304105071946,0.365317883999898,1.18));
#5225=CARTESIAN_POINT('',(-1.02715282033971,0.517162531191297,1.23));
#5226=CARTESIAN_POINT('Origin',(-1.10865543901354,0.459220118838108,1.23));
#5227=CARTESIAN_POINT('',(-1.06657083120337,0.549933325073275,1.18));
#5228=CARTESIAN_POINT('Ctrl Pts',(-1.06657083120337,0.549933325073276,1.18));
#5229=CARTESIAN_POINT('Ctrl Pts',(-1.06529735581464,0.549342521214443,1.18140262869536));
#5230=CARTESIAN_POINT('Ctrl Pts',(-1.06404700336517,0.548729837030015,1.18279472962345));
#5231=CARTESIAN_POINT('Ctrl Pts',(-1.05196336132584,0.542498293774877,1.19639055752304));
#5232=CARTESIAN_POINT('Ctrl Pts',(-1.04125849813652,0.534343235820942,1.20965212073124));
#5233=CARTESIAN_POINT('Ctrl Pts',(-1.03059034262977,0.521781719894823,1.22485005128565));
#5234=CARTESIAN_POINT('Ctrl Pts',(-1.02882588696187,0.519515890421335,1.22744733537758));
#5235=CARTESIAN_POINT('Ctrl Pts',(-1.02715282033971,0.517162531191297,1.23));
#5236=CARTESIAN_POINT('',(-1.06657083120337,0.549933325073275,0.93));
#5237=CARTESIAN_POINT('',(-1.06657083120337,0.549933325073276,1.23));
#5238=CARTESIAN_POINT('',(-1.14304105071946,0.365317883999899,0.93));
#5239=CARTESIAN_POINT('Origin',(-1.10865543901354,0.459220118838108,0.93));
#5240=CARTESIAN_POINT('',(-1.14304105071946,0.365317883999899,1.23));
#5241=CARTESIAN_POINT('Origin',(-0.848528137423856,0.848528137423857,1.23));
#5242=CARTESIAN_POINT('',(-0.870870244400449,0.751055934946194,1.23));
#5243=CARTESIAN_POINT('',(-0.916231129826467,0.774932588511359,1.18));
#5244=CARTESIAN_POINT('Ctrl Pts',(-0.870870244400449,0.751055934946194,
1.23));
#5245=CARTESIAN_POINT('Ctrl Pts',(-0.873684719703272,0.751701055367199,
1.22744733537758));
#5246=CARTESIAN_POINT('Ctrl Pts',(-0.876453301129237,0.752464104444727,
1.22485005128565));
#5247=CARTESIAN_POINT('Ctrl Pts',(-0.892141154957022,0.757513110936749,
1.20965212073124));
#5248=CARTESIAN_POINT('Ctrl Pts',(-0.903772019875393,0.764282309366746,
1.19639055752304));
#5249=CARTESIAN_POINT('Ctrl Pts',(-0.913100308102668,0.772170853725271,
1.18417392568986));
#5250=CARTESIAN_POINT('Ctrl Pts',(-0.914153424755855,0.773061430563267,
1.18279472962345));
#5251=CARTESIAN_POINT('Ctrl Pts',(-0.91519796030077,0.773982141513102,1.18140262869536));
#5252=CARTESIAN_POINT('Ctrl Pts',(-0.916231129826467,0.774932588511359,
1.18));
#5253=CARTESIAN_POINT('',(-0.751055934946193,0.87087024440045,1.23));
#5254=CARTESIAN_POINT('Origin',(-0.848528137423856,0.848528137423857,1.23));
#5255=CARTESIAN_POINT('',(-0.774932588511358,0.916231129826468,1.18));
#5256=CARTESIAN_POINT('Ctrl Pts',(-0.774932588511357,0.916231129826468,
1.18));
#5257=CARTESIAN_POINT('Ctrl Pts',(-0.773982141513101,0.91519796030077,1.18140262869536));
#5258=CARTESIAN_POINT('Ctrl Pts',(-0.773061430563266,0.914153424755856,
1.18279472962345));
#5259=CARTESIAN_POINT('Ctrl Pts',(-0.764282309366745,0.903772019875394,
1.19639055752304));
#5260=CARTESIAN_POINT('Ctrl Pts',(-0.757513110936748,0.892141154957023,
1.20965212073124));
#5261=CARTESIAN_POINT('Ctrl Pts',(-0.752464104444726,0.876453301129238,
1.22485005128565));
#5262=CARTESIAN_POINT('Ctrl Pts',(-0.751701055367198,0.873684719703273,
1.22744733537758));
#5263=CARTESIAN_POINT('Ctrl Pts',(-0.751055934946194,0.87087024440045,1.23));
#5264=CARTESIAN_POINT('',(-0.774932588511358,0.916231129826468,0.93));
#5265=CARTESIAN_POINT('',(-0.774932588511357,0.916231129826468,1.23));
#5266=CARTESIAN_POINT('',(-0.916231129826467,0.774932588511359,0.93));
#5267=CARTESIAN_POINT('Origin',(-0.848528137423856,0.848528137423857,0.93));
#5268=CARTESIAN_POINT('',(-0.916231129826467,0.774932588511359,1.23));
#5269=CARTESIAN_POINT('Origin',(-0.459220118838107,1.10865543901354,1.23));
#5270=CARTESIAN_POINT('',(-0.517162531191296,1.02715282033971,1.23));
#5271=CARTESIAN_POINT('',(-0.549933325073275,1.06657083120337,1.18));
#5272=CARTESIAN_POINT('Ctrl Pts',(-0.517162531191296,1.02715282033971,1.23));
#5273=CARTESIAN_POINT('Ctrl Pts',(-0.519515890421334,1.02882588696187,1.22744733537758));
#5274=CARTESIAN_POINT('Ctrl Pts',(-0.521781719894823,1.03059034262977,1.22485005128565));
#5275=CARTESIAN_POINT('Ctrl Pts',(-0.534343235820941,1.04125849813652,1.20965212073124));
#5276=CARTESIAN_POINT('Ctrl Pts',(-0.542498293774876,1.05196336132584,1.19639055752304));
#5277=CARTESIAN_POINT('Ctrl Pts',(-0.548097693109937,1.06282120735689,1.18417392568986));
#5278=CARTESIAN_POINT('Ctrl Pts',(-0.548729837030014,1.06404700336517,1.18279472962345));
#5279=CARTESIAN_POINT('Ctrl Pts',(-0.549342521214442,1.06529735581464,1.18140262869536));
#5280=CARTESIAN_POINT('Ctrl Pts',(-0.549933325073275,1.06657083120337,1.18));
#5281=CARTESIAN_POINT('',(-0.360617591796128,1.09199585735806,1.23));
#5282=CARTESIAN_POINT('Origin',(-0.459220118838107,1.10865543901354,1.23));
#5283=CARTESIAN_POINT('',(-0.365317883999898,1.14304105071946,1.18));
#5284=CARTESIAN_POINT('Ctrl Pts',(-0.365317883999898,1.14304105071946,1.18));
#5285=CARTESIAN_POINT('Ctrl Pts',(-0.364835162331781,1.14172280622148,1.18140262869536));
#5286=CARTESIAN_POINT('Ctrl Pts',(-0.364384262777425,1.14040544038405,1.18279472962345));
#5287=CARTESIAN_POINT('Ctrl Pts',(-0.36024620404295,1.12745464866364,1.19639055752304));
#5288=CARTESIAN_POINT('Ctrl Pts',(-0.358443219470305,1.11411867053061,1.20965212073124));
#5289=CARTESIAN_POINT('Ctrl Pts',(-0.359782027462067,1.09769281233569,1.22485005128565));
#5290=CARTESIAN_POINT('Ctrl Pts',(-0.360136552279909,1.09484297038209,1.22744733537758));
#5291=CARTESIAN_POINT('Ctrl Pts',(-0.360617591796128,1.09199585735806,1.23));
#5292=CARTESIAN_POINT('',(-0.365317883999898,1.14304105071946,0.93));
#5293=CARTESIAN_POINT('',(-0.365317883999898,1.14304105071946,1.23));
#5294=CARTESIAN_POINT('',(-0.549933325073275,1.06657083120337,0.93));
#5295=CARTESIAN_POINT('Origin',(-0.459220118838107,1.10865543901354,0.93));
#5296=CARTESIAN_POINT('',(-0.549933325073275,1.06657083120337,1.23));
#5297=CARTESIAN_POINT('Origin',(3.33066907387547E-16,1.2,1.23));
#5298=CARTESIAN_POINT('',(-0.0847215106982877,1.146875,1.23));
#5299=CARTESIAN_POINT('',(-0.0999131567356811,1.19583333333333,1.18));
#5300=CARTESIAN_POINT('Ctrl Pts',(-0.0847215106982872,1.146875,1.23));
#5301=CARTESIAN_POINT('Ctrl Pts',(-0.086255476246021,1.14932130359648,1.22744733537758));
#5302=CARTESIAN_POINT('Ctrl Pts',(-0.0876736017694904,1.15181854347415,
1.22485005128565));
#5303=CARTESIAN_POINT('Ctrl Pts',(-0.0951964028646165,1.1664817180268,1.20965212073124));
#5304=CARTESIAN_POINT('Ctrl Pts',(-0.0986341202064129,1.17949252759469,
1.19639055752304));
#5305=CARTESIAN_POINT('Ctrl Pts',(-0.0996521728591781,1.19166666666667,
1.18417392568986));
#5306=CARTESIAN_POINT('Ctrl Pts',(-0.0997671058647121,1.19304106551483,
1.18279472962345));
#5307=CARTESIAN_POINT('Ctrl Pts',(-0.0998546630755708,1.19443070463797,
1.18140262869536));
#5308=CARTESIAN_POINT('Ctrl Pts',(-0.0999131567356814,1.19583333333333,
1.18));
#5309=CARTESIAN_POINT('',(0.0847215106982883,1.146875,1.23));
#5310=CARTESIAN_POINT('Origin',(3.33066907387547E-16,1.2,1.23));
#5311=CARTESIAN_POINT('',(0.0999131567356817,1.19583333333333,1.18));
#5312=CARTESIAN_POINT('Ctrl Pts',(0.0999131567356821,1.19583333333333,1.18));
#5313=CARTESIAN_POINT('Ctrl Pts',(0.0998546630755715,1.19443070463797,1.18140262869536));
#5314=CARTESIAN_POINT('Ctrl Pts',(0.0997671058647128,1.19304106551483,1.18279472962345));
#5315=CARTESIAN_POINT('Ctrl Pts',(0.0986341202064136,1.17949252759469,1.19639055752304));
#5316=CARTESIAN_POINT('Ctrl Pts',(0.0951964028646171,1.1664817180268,1.20965212073124));
#5317=CARTESIAN_POINT('Ctrl Pts',(0.087673601769491,1.15181854347415,1.22485005128565));
#5318=CARTESIAN_POINT('Ctrl Pts',(0.0862554762460218,1.14932130359648,1.22744733537758));
#5319=CARTESIAN_POINT('Ctrl Pts',(0.0847215106982878,1.146875,1.23));
#5320=CARTESIAN_POINT('',(0.0999131567356817,1.19583333333333,0.93));
#5321=CARTESIAN_POINT('',(0.0999131567356821,1.19583333333333,1.23));
#5322=CARTESIAN_POINT('',(-0.0999131567356811,1.19583333333333,0.93));
#5323=CARTESIAN_POINT('Origin',(3.33066907387547E-16,1.2,0.93));
#5324=CARTESIAN_POINT('',(-0.0999131567356814,1.19583333333333,1.23));
#5325=CARTESIAN_POINT('Origin',(0.459220118838108,1.10865543901354,1.23));
#5326=CARTESIAN_POINT('',(0.360617591796128,1.09199585735806,1.23));
#5327=CARTESIAN_POINT('',(0.365317883999898,1.14304105071946,1.18));
#5328=CARTESIAN_POINT('Ctrl Pts',(0.360617591796129,1.09199585735806,1.23));
#5329=CARTESIAN_POINT('Ctrl Pts',(0.360136552279909,1.09484297038209,1.22744733537758));
#5330=CARTESIAN_POINT('Ctrl Pts',(0.359782027462068,1.09769281233569,1.22485005128565));
#5331=CARTESIAN_POINT('Ctrl Pts',(0.358443219470305,1.11411867053061,1.20965212073124));
#5332=CARTESIAN_POINT('Ctrl Pts',(0.36024620404295,1.12745464866364,1.19639055752304));
#5333=CARTESIAN_POINT('Ctrl Pts',(0.363964487360194,1.13909167846167,1.18417392568986));
#5334=CARTESIAN_POINT('Ctrl Pts',(0.364384262777425,1.14040544038405,1.18279472962345));
#5335=CARTESIAN_POINT('Ctrl Pts',(0.364835162331781,1.14172280622147,1.18140262869536));
#5336=CARTESIAN_POINT('Ctrl Pts',(0.365317883999898,1.14304105071946,1.18));
#5337=CARTESIAN_POINT('',(0.517162531191297,1.02715282033971,1.23));
#5338=CARTESIAN_POINT('Origin',(0.459220118838108,1.10865543901354,1.23));
#5339=CARTESIAN_POINT('',(0.549933325073275,1.06657083120337,1.18));
#5340=CARTESIAN_POINT('Ctrl Pts',(0.549933325073275,1.06657083120337,1.18));
#5341=CARTESIAN_POINT('Ctrl Pts',(0.549342521214442,1.06529735581464,1.18140262869536));
#5342=CARTESIAN_POINT('Ctrl Pts',(0.548729837030014,1.06404700336517,1.18279472962345));
#5343=CARTESIAN_POINT('Ctrl Pts',(0.542498293774877,1.05196336132584,1.19639055752304));
#5344=CARTESIAN_POINT('Ctrl Pts',(0.534343235820942,1.04125849813652,1.20965212073124));
#5345=CARTESIAN_POINT('Ctrl Pts',(0.521781719894823,1.03059034262977,1.22485005128565));
#5346=CARTESIAN_POINT('Ctrl Pts',(0.519515890421334,1.02882588696187,1.22744733537758));
#5347=CARTESIAN_POINT('Ctrl Pts',(0.517162531191296,1.02715282033971,1.23));
#5348=CARTESIAN_POINT('',(0.549933325073275,1.06657083120337,0.93));
#5349=CARTESIAN_POINT('',(0.549933325073275,1.06657083120337,1.23));
#5350=CARTESIAN_POINT('',(0.365317883999898,1.14304105071946,0.93));
#5351=CARTESIAN_POINT('Origin',(0.459220118838108,1.10865543901354,0.93));
#5352=CARTESIAN_POINT('',(0.365317883999898,1.14304105071946,1.23));
#5353=CARTESIAN_POINT('Origin',(0.848528137423857,0.848528137423857,1.23));
#5354=CARTESIAN_POINT('',(0.751055934946194,0.87087024440045,1.23));
#5355=CARTESIAN_POINT('',(0.774932588511358,0.916231129826468,1.18));
#5356=CARTESIAN_POINT('Ctrl Pts',(0.751055934946194,0.870870244400449,1.23));
#5357=CARTESIAN_POINT('Ctrl Pts',(0.751701055367199,0.873684719703272,1.22744733537758));
#5358=CARTESIAN_POINT('Ctrl Pts',(0.752464104444726,0.876453301129238,1.22485005128565));
#5359=CARTESIAN_POINT('Ctrl Pts',(0.757513110936749,0.892141154957023,1.20965212073124));
#5360=CARTESIAN_POINT('Ctrl Pts',(0.764282309366746,0.903772019875393,1.19639055752304));
#5361=CARTESIAN_POINT('Ctrl Pts',(0.77217085372527,0.913100308102668,1.18417392568986));
#5362=CARTESIAN_POINT('Ctrl Pts',(0.773061430563267,0.914153424755855,1.18279472962345));
#5363=CARTESIAN_POINT('Ctrl Pts',(0.773982141513102,0.91519796030077,1.18140262869536));
#5364=CARTESIAN_POINT('Ctrl Pts',(0.774932588511358,0.916231129826468,1.18));
#5365=CARTESIAN_POINT('',(0.87087024440045,0.751055934946193,1.23));
#5366=CARTESIAN_POINT('Origin',(0.848528137423857,0.848528137423857,1.23));
#5367=CARTESIAN_POINT('',(0.916231129826468,0.774932588511358,1.18));
#5368=CARTESIAN_POINT('Ctrl Pts',(0.916231129826468,0.774932588511358,1.18));
#5369=CARTESIAN_POINT('Ctrl Pts',(0.91519796030077,0.773982141513101,1.18140262869536));
#5370=CARTESIAN_POINT('Ctrl Pts',(0.914153424755856,0.773061430563267,1.18279472962345));
#5371=CARTESIAN_POINT('Ctrl Pts',(0.903772019875394,0.764282309366746,1.19639055752304));
#5372=CARTESIAN_POINT('Ctrl Pts',(0.892141154957023,0.757513110936749,1.20965212073124));
#5373=CARTESIAN_POINT('Ctrl Pts',(0.876453301129238,0.752464104444726,1.22485005128565));
#5374=CARTESIAN_POINT('Ctrl Pts',(0.873684719703273,0.751701055367199,1.22744733537758));
#5375=CARTESIAN_POINT('Ctrl Pts',(0.870870244400449,0.751055934946194,1.23));
#5376=CARTESIAN_POINT('',(0.916231129826468,0.774932588511358,0.93));
#5377=CARTESIAN_POINT('',(0.916231129826468,0.774932588511358,1.23));
#5378=CARTESIAN_POINT('',(0.774932588511358,0.916231129826468,0.93));
#5379=CARTESIAN_POINT('Origin',(0.848528137423857,0.848528137423857,0.93));
#5380=CARTESIAN_POINT('',(0.774932588511358,0.916231129826468,1.23));
#5381=CARTESIAN_POINT('Origin',(1.10865543901354,0.459220118838108,1.23));
#5382=CARTESIAN_POINT('',(1.02715282033971,0.517162531191297,1.23));
#5383=CARTESIAN_POINT('',(1.06657083120337,0.549933325073275,1.18));
#5384=CARTESIAN_POINT('Ctrl Pts',(1.02715282033971,0.517162531191296,1.23));
#5385=CARTESIAN_POINT('Ctrl Pts',(1.02882588696187,0.519515890421334,1.22744733537758));
#5386=CARTESIAN_POINT('Ctrl Pts',(1.03059034262977,0.521781719894823,1.22485005128565));
#5387=CARTESIAN_POINT('Ctrl Pts',(1.04125849813652,0.534343235820942,1.20965212073124));
#5388=CARTESIAN_POINT('Ctrl Pts',(1.05196336132584,0.542498293774876,1.19639055752304));
#5389=CARTESIAN_POINT('Ctrl Pts',(1.06282120735689,0.548097693109937,1.18417392568986));
#5390=CARTESIAN_POINT('Ctrl Pts',(1.06404700336517,0.548729837030014,1.18279472962345));
#5391=CARTESIAN_POINT('Ctrl Pts',(1.06529735581464,0.549342521214442,1.18140262869536));
#5392=CARTESIAN_POINT('Ctrl Pts',(1.06657083120337,0.549933325073275,1.18));
#5393=CARTESIAN_POINT('',(1.09199585735806,0.360617591796128,1.23));
#5394=CARTESIAN_POINT('Origin',(1.10865543901354,0.459220118838108,1.23));
#5395=CARTESIAN_POINT('',(1.14304105071946,0.365317883999898,1.18));
#5396=CARTESIAN_POINT('Ctrl Pts',(1.14304105071946,0.365317883999898,1.18));
#5397=CARTESIAN_POINT('Ctrl Pts',(1.14172280622147,0.364835162331781,1.18140262869536));
#5398=CARTESIAN_POINT('Ctrl Pts',(1.14040544038405,0.364384262777425,1.18279472962345));
#5399=CARTESIAN_POINT('Ctrl Pts',(1.12745464866364,0.36024620404295,1.19639055752304));
#5400=CARTESIAN_POINT('Ctrl Pts',(1.11411867053061,0.358443219470305,1.20965212073124));
#5401=CARTESIAN_POINT('Ctrl Pts',(1.09769281233569,0.359782027462067,1.22485005128565));
#5402=CARTESIAN_POINT('Ctrl Pts',(1.09484297038209,0.360136552279909,1.22744733537758));
#5403=CARTESIAN_POINT('Ctrl Pts',(1.09199585735806,0.360617591796129,1.23));
#5404=CARTESIAN_POINT('',(1.14304105071946,0.365317883999898,0.93));
#5405=CARTESIAN_POINT('',(1.14304105071946,0.365317883999898,1.23));
#5406=CARTESIAN_POINT('',(1.06657083120337,0.549933325073275,0.93));
#5407=CARTESIAN_POINT('Origin',(1.10865543901354,0.459220118838108,0.93));
#5408=CARTESIAN_POINT('',(1.06657083120337,0.549933325073275,1.23));
#5409=CARTESIAN_POINT('Origin',(-7.39255249150933E-17,0.,0.93));
#5410=CARTESIAN_POINT('Origin',(0.,0.,0.93));
#5411=CARTESIAN_POINT('Origin',(0.,0.,0.93));
#5412=CARTESIAN_POINT('Origin',(0.,0.,0.93));
#5413=CARTESIAN_POINT('Origin',(0.,0.,0.93));
#5414=CARTESIAN_POINT('Origin',(0.,0.,0.93));
#5415=CARTESIAN_POINT('Origin',(0.,0.,0.93));
#5416=CARTESIAN_POINT('Origin',(0.,0.,0.93));
#5417=CARTESIAN_POINT('Origin',(0.,0.,0.93));
#5418=CARTESIAN_POINT('Origin',(0.,0.,0.93));
#5419=CARTESIAN_POINT('Origin',(0.,0.,0.93));
#5420=CARTESIAN_POINT('Origin',(0.,0.,0.93));
#5421=CARTESIAN_POINT('Origin',(0.,0.,0.93));
#5422=CARTESIAN_POINT('Origin',(0.,0.,0.93));
#5423=CARTESIAN_POINT('Origin',(0.,0.,0.93));
#5424=CARTESIAN_POINT('',(1.19583333333333,0.0999131567356814,0.93));
#5425=CARTESIAN_POINT('Origin',(0.,0.,0.93));
#5426=CARTESIAN_POINT('',(1.19583333333333,-0.0999131567356814,0.93));
#5427=CARTESIAN_POINT('Origin',(1.2,0.,0.93));
#5428=CARTESIAN_POINT('Origin',(0.,0.,0.93));
#5429=CARTESIAN_POINT('',(-0.939957045540558,-0.326352190951226,0.93));
#5430=CARTESIAN_POINT('',(-0.930510241062763,-0.323072269434128,0.93));
#5431=CARTESIAN_POINT('',(-0.454243966569945,-0.157713072549208,0.93));
#5432=CARTESIAN_POINT('',(0.978907837936969,-0.108914602531696,0.93));
#5433=CARTESIAN_POINT('Origin',(0.,0.,0.93));
#5434=CARTESIAN_POINT('',(0.93376400395368,-0.343671041725064,0.93));
#5435=CARTESIAN_POINT('Ctrl Pts',(0.97890783793697,-0.10891460253169,0.93));
#5436=CARTESIAN_POINT('Ctrl Pts',(0.975858465815917,-0.152694546808379,
0.93));
#5437=CARTESIAN_POINT('Ctrl Pts',(0.969910997901802,-0.196221527016126,
0.93));
#5438=CARTESIAN_POINT('Ctrl Pts',(0.961126432366889,-0.239205536017439,
0.93));
#5439=CARTESIAN_POINT('Ctrl Pts',(0.953922127378468,-0.274457126917386,
0.93));
#5440=CARTESIAN_POINT('Ctrl Pts',(0.944808649287435,-0.309343992309072,
0.93));
#5441=CARTESIAN_POINT('Ctrl Pts',(0.933793734436354,-0.343702443528319,
0.93));
#5442=CARTESIAN_POINT('Origin',(0.,0.,0.93));
#5443=CARTESIAN_POINT('Origin',(0.,0.,0.93));
#5444=CARTESIAN_POINT('',(1.19583333333333,0.0999131567356814,1.18));
#5445=CARTESIAN_POINT('Origin',(0.,0.,1.18));
#5446=CARTESIAN_POINT('',(1.19583333333333,0.0999131567356818,1.23));
#5447=CARTESIAN_POINT('Origin',(0.,0.,0.93));
#5448=CARTESIAN_POINT('Origin',(0.,0.,1.18));
#5449=CARTESIAN_POINT('Origin',(0.,0.,0.93));
#5450=CARTESIAN_POINT('Origin',(0.,0.,1.18));
#5451=CARTESIAN_POINT('Origin',(0.,0.,0.93));
#5452=CARTESIAN_POINT('Origin',(0.,0.,1.18));
#5453=CARTESIAN_POINT('Origin',(0.,0.,0.93));
#5454=CARTESIAN_POINT('Origin',(0.,0.,1.18));
#5455=CARTESIAN_POINT('Origin',(0.,0.,0.93));
#5456=CARTESIAN_POINT('Origin',(0.,0.,1.18));
#5457=CARTESIAN_POINT('Origin',(0.,0.,0.93));
#5458=CARTESIAN_POINT('Origin',(0.,0.,1.18));
#5459=CARTESIAN_POINT('Origin',(0.,0.,0.93));
#5460=CARTESIAN_POINT('Origin',(0.,0.,1.18));
#5461=CARTESIAN_POINT('Origin',(0.,0.,0.93));
#5462=CARTESIAN_POINT('Origin',(0.,0.,1.18));
#5463=CARTESIAN_POINT('Origin',(0.,0.,0.93));
#5464=CARTESIAN_POINT('Origin',(0.,0.,1.18));
#5465=CARTESIAN_POINT('Origin',(0.,0.,0.93));
#5466=CARTESIAN_POINT('Origin',(0.,0.,1.18));
#5467=CARTESIAN_POINT('Origin',(0.,0.,0.93));
#5468=CARTESIAN_POINT('Origin',(0.,0.,1.18));
#5469=CARTESIAN_POINT('Origin',(0.,0.,0.93));
#5470=CARTESIAN_POINT('Origin',(0.,0.,1.18));
#5471=CARTESIAN_POINT('Origin',(0.,0.,0.93));
#5472=CARTESIAN_POINT('Origin',(0.,0.,1.18));
#5473=CARTESIAN_POINT('Origin',(0.,0.,0.93));
#5474=CARTESIAN_POINT('Origin',(0.,0.,1.18));
#5475=CARTESIAN_POINT('Origin',(0.,0.,1.205));
#5476=CARTESIAN_POINT('',(1.146875,0.0847215106982872,1.23));
#5477=CARTESIAN_POINT('Origin',(0.,0.,1.23));
#5478=CARTESIAN_POINT('Ctrl Pts',(1.146875,0.0847215106982872,1.23));
#5479=CARTESIAN_POINT('Ctrl Pts',(1.14932130359648,0.0862554762460212,1.22744733537758));
#5480=CARTESIAN_POINT('Ctrl Pts',(1.15181854347415,0.0876736017694907,1.22485005128565));
#5481=CARTESIAN_POINT('Ctrl Pts',(1.1664817180268,0.0951964028646168,1.20965212073124));
#5482=CARTESIAN_POINT('Ctrl Pts',(1.17949252759469,0.0986341202064132,1.19639055752304));
#5483=CARTESIAN_POINT('Ctrl Pts',(1.19166666666667,0.0996521728591784,1.18417392568986));
#5484=CARTESIAN_POINT('Ctrl Pts',(1.19304106551483,0.0997671058647125,1.18279472962345));
#5485=CARTESIAN_POINT('Ctrl Pts',(1.19443070463797,0.0998546630755711,1.18140262869536));
#5486=CARTESIAN_POINT('Ctrl Pts',(1.19583333333333,0.0999131567356817,1.18));
#5487=CARTESIAN_POINT('Origin',(0.,0.,1.205));
#5488=CARTESIAN_POINT('Origin',(0.,0.,1.23));
#5489=CARTESIAN_POINT('Origin',(0.,0.,1.205));
#5490=CARTESIAN_POINT('Origin',(0.,0.,1.23));
#5491=CARTESIAN_POINT('Origin',(0.,0.,1.205));
#5492=CARTESIAN_POINT('Origin',(0.,0.,1.23));
#5493=CARTESIAN_POINT('Origin',(0.,0.,1.205));
#5494=CARTESIAN_POINT('Origin',(0.,0.,1.23));
#5495=CARTESIAN_POINT('Origin',(0.,0.,1.205));
#5496=CARTESIAN_POINT('Origin',(0.,0.,1.23));
#5497=CARTESIAN_POINT('Origin',(0.,0.,1.205));
#5498=CARTESIAN_POINT('Origin',(0.,0.,1.23));
#5499=CARTESIAN_POINT('Origin',(0.,0.,1.205));
#5500=CARTESIAN_POINT('Origin',(0.,0.,1.23));
#5501=CARTESIAN_POINT('Origin',(0.,0.,1.205));
#5502=CARTESIAN_POINT('Origin',(0.,0.,1.23));
#5503=CARTESIAN_POINT('Origin',(0.,0.,1.205));
#5504=CARTESIAN_POINT('Origin',(0.,0.,1.23));
#5505=CARTESIAN_POINT('Origin',(0.,0.,1.205));
#5506=CARTESIAN_POINT('Origin',(0.,0.,1.23));
#5507=CARTESIAN_POINT('Origin',(0.,0.,1.205));
#5508=CARTESIAN_POINT('Origin',(0.,0.,1.23));
#5509=CARTESIAN_POINT('Origin',(0.,0.,1.205));
#5510=CARTESIAN_POINT('Origin',(0.,0.,1.23));
#5511=CARTESIAN_POINT('Origin',(0.,0.,1.205));
#5512=CARTESIAN_POINT('Origin',(0.,0.,1.23));
#5513=CARTESIAN_POINT('Origin',(0.,0.,1.205));
#5514=CARTESIAN_POINT('Origin',(0.,0.,1.23));
#5515=CARTESIAN_POINT('Origin',(1.2,0.,1.23));
#5516=CARTESIAN_POINT('',(1.19583333333333,-0.0999131567356814,1.18));
#5517=CARTESIAN_POINT('',(1.146875,-0.0847215106982872,1.23));
#5518=CARTESIAN_POINT('Ctrl Pts',(1.19583333333333,-0.0999131567356817,
1.18));
#5519=CARTESIAN_POINT('Ctrl Pts',(1.19443070463797,-0.0998546630755711,
1.18140262869536));
#5520=CARTESIAN_POINT('Ctrl Pts',(1.19304106551483,-0.0997671058647125,
1.18279472962345));
#5521=CARTESIAN_POINT('Ctrl Pts',(1.17949252759469,-0.0986341202064132,
1.19639055752304));
#5522=CARTESIAN_POINT('Ctrl Pts',(1.1664817180268,-0.0951964028646168,1.20965212073124));
#5523=CARTESIAN_POINT('Ctrl Pts',(1.15181854347415,-0.0876736017694907,
1.22485005128565));
#5524=CARTESIAN_POINT('Ctrl Pts',(1.14932130359648,-0.0862554762460213,
1.22744733537758));
#5525=CARTESIAN_POINT('Ctrl Pts',(1.146875,-0.0847215106982872,1.23));
#5526=CARTESIAN_POINT('',(1.19583333333333,-0.0999131567356818,1.23));
#5527=CARTESIAN_POINT('Origin',(1.2,0.,1.23));
#5528=CARTESIAN_POINT('Origin',(0.,0.,0.93));
#5529=CARTESIAN_POINT('Origin',(0.,0.,1.18));
#5530=CARTESIAN_POINT('Origin',(-7.39255249150933E-17,0.,1.23));
#5531=CARTESIAN_POINT('Origin',(0.,0.,1.23));
#5532=CARTESIAN_POINT('',(0.5,6.12323399573677E-17,1.23));
#5533=CARTESIAN_POINT('Origin',(0.,0.,1.23));
#5534=CARTESIAN_POINT('Origin',(0.,0.,1.205));
#5535=CARTESIAN_POINT('Origin',(0.,0.,0.08));
#5536=CARTESIAN_POINT('',(0.61,7.47034547479885E-17,0.08));
#5537=CARTESIAN_POINT('Origin',(0.,0.,0.08));
#5538=CARTESIAN_POINT('',(0.61,7.47034547479885E-17,0.1));
#5539=CARTESIAN_POINT('',(0.61,7.47034547479885E-17,0.08));
#5540=CARTESIAN_POINT('Origin',(0.,0.,0.1));
#5541=CARTESIAN_POINT('Origin',(-6.22528789566571E-18,0.,0.1));
#5542=CARTESIAN_POINT('',(0.5,-6.12323399573677E-17,0.1));
#5543=CARTESIAN_POINT('Origin',(0.,0.,0.1));
#5544=CARTESIAN_POINT('Origin',(0.,0.,1.23));
#5545=CARTESIAN_POINT('',(0.5,-6.12323399573677E-17,1.23));
#5546=CARTESIAN_POINT('Origin',(-0.90848793313989,-0.315426145098416,0.95));
#5547=CARTESIAN_POINT('',(-0.939957045540558,-0.326352190951226,1.021397103125));
#5548=CARTESIAN_POINT('',(-0.939957045540558,-0.326352190951226,0.878602896875));
#5549=CARTESIAN_POINT('',(-0.939957045540558,-0.326352190951226,1.021397103125));
#5550=CARTESIAN_POINT('',(-0.930510241062763,-0.323072269434128,0.884376396875));
#5551=CARTESIAN_POINT('',(-0.853813997208669,-0.296443406617191,0.93125));
#5552=CARTESIAN_POINT('',(-0.930510241062763,-0.323072269434128,0.4));
#5553=CARTESIAN_POINT('Ctrl Pts',(0.982421129743036,0.0712300767542616,
0.503126396875));
#5554=CARTESIAN_POINT('Ctrl Pts',(0.970571885787658,0.234657496233305,0.507097751041667));
#5555=CARTESIAN_POINT('Ctrl Pts',(0.863736615082502,0.555318947775614,0.515040459375));
#5556=CARTESIAN_POINT('Ctrl Pts',(0.492546657592259,0.900991644145772,0.526954521875));
#5557=CARTESIAN_POINT('Ctrl Pts',(0.00129645677903035,1.02682291868169,
0.538868584375));
#5558=CARTESIAN_POINT('Ctrl Pts',(-0.490311840609006,0.902212256031188,
0.550782646874999));
#5559=CARTESIAN_POINT('Ctrl Pts',(-0.862298058223209,0.557510258633173,
0.562696709375));
#5560=CARTESIAN_POINT('Ctrl Pts',(-1.02395431962248,0.0768223943089612,
0.574610771875));
#5561=CARTESIAN_POINT('Ctrl Pts',(-0.935832822519383,-0.422608371647366,
0.586524834375));
#5562=CARTESIAN_POINT('Ctrl Pts',(-0.619436420090846,-0.818950642004643,
0.598438896875));
#5563=CARTESIAN_POINT('Ctrl Pts',(-0.151939920476721,-1.0155274723436,0.610352959374999));
#5564=CARTESIAN_POINT('Ctrl Pts',(0.35261863456913,-0.964386632125017,0.622267021875));
#5565=CARTESIAN_POINT('Ctrl Pts',(0.771163349868374,-0.678003536272429,
0.634181084375));
#5566=CARTESIAN_POINT('Ctrl Pts',(1.00159833472639,-0.226235186403552,0.646095146875));
#5567=CARTESIAN_POINT('Ctrl Pts',(0.987713883704685,0.280718575556674,0.658009209374999));
#5568=CARTESIAN_POINT('Ctrl Pts',(0.732896720705866,0.719196786658235,0.669923271875001));
#5569=CARTESIAN_POINT('Ctrl Pts',(0.299304351795678,0.982241581473562,0.681837334374999));
#5570=CARTESIAN_POINT('Ctrl Pts',(-0.207297222628204,1.00568856381327,0.693751396875));
#5571=CARTESIAN_POINT('Ctrl Pts',(-0.663332861681719,0.783818304195977,
0.705665459374999));
#5572=CARTESIAN_POINT('Ctrl Pts',(-0.957561961128129,0.370751549910981,
0.717579521875));
#5573=CARTESIAN_POINT('Ctrl Pts',(-1.01821334002171,-0.132752510060634,
0.729493584374999));
#5574=CARTESIAN_POINT('Ctrl Pts',(-0.830492299110526,-0.603874262418794,
0.741407646875));
#5575=CARTESIAN_POINT('Ctrl Pts',(-0.440189627092674,-0.927693268046149,
0.753321709375));
#5576=CARTESIAN_POINT('Ctrl Pts',(0.0574884257872797,-1.02522024880868,
0.765235771875));
#5577=CARTESIAN_POINT('Ctrl Pts',(0.541143165320502,-0.872665950490773,
0.777149834375));
#5578=CARTESIAN_POINT('Ctrl Pts',(0.892797427531444,-0.507241940269155,
0.789063896875));
#5579=CARTESIAN_POINT('Ctrl Pts',(1.02667119179534,-0.0180878807096997,
0.800977959374999));
#5580=CARTESIAN_POINT('Ctrl Pts',(0.910110972729591,0.475480963086948,0.812892021875));
#5581=CARTESIAN_POINT('Ctrl Pts',(0.571544605738456,0.853060603561092,0.824806084375));
#5582=CARTESIAN_POINT('Ctrl Pts',(0.0935679141924003,1.02256427739676,0.836720146875));
#5583=CARTESIAN_POINT('Ctrl Pts',(-0.407245642713775,0.942612313531285,
0.848634209375));
#5584=CARTESIAN_POINT('Ctrl Pts',(-0.80869357946276,0.632773930611491,0.860548271874999));
#5585=CARTESIAN_POINT('Ctrl Pts',(-1.01293176283129,0.168491299004679,0.872462334375001));
#5586=CARTESIAN_POINT('Ctrl Pts',(-0.984253860474398,-0.168280314241261,
0.880405042708333));
#5587=CARTESIAN_POINT('Ctrl Pts',(-0.930510241062764,-0.323072269434128,
0.884376396875));
#5588=CARTESIAN_POINT('Ctrl Pts',(0.955429483221542,0.0692730575134878,
0.51875093125));
#5589=CARTESIAN_POINT('Ctrl Pts',(0.943905792732705,0.228210370860905,0.522722285416667));
#5590=CARTESIAN_POINT('Ctrl Pts',(0.840005780416847,0.540061771101322,0.53066499375));
#5591=CARTESIAN_POINT('Ctrl Pts',(0.479014125692674,0.876237241739991,0.54257905625));
#5592=CARTESIAN_POINT('Ctrl Pts',(0.00126083712260152,0.998611349913337,
0.554493118749999));
#5593=CARTESIAN_POINT('Ctrl Pts',(-0.476840709455218,0.877424317778556,
0.56640718125));
#5594=CARTESIAN_POINT('Ctrl Pts',(-0.838606747359589,0.542192876527324,
0.57832124375));
#5595=CARTESIAN_POINT('Ctrl Pts',(-0.995821564521174,0.0747117282724273,
0.590235306249999));
#5596=CARTESIAN_POINT('Ctrl Pts',(-0.910121172002194,-0.410997367527867,
0.602149368750001));
#5597=CARTESIAN_POINT('Ctrl Pts',(-0.602417640274898,-0.796450284898805,
0.614063431249999));
#5598=CARTESIAN_POINT('Ctrl Pts',(-0.14776542900677,-0.987626241663096,
0.625977493750001));
#5599=CARTESIAN_POINT('Ctrl Pts',(0.342930571830016,-0.937890476559653,
0.637891556249999));
#5600=CARTESIAN_POINT('Ctrl Pts',(0.749975930420847,-0.659375647236518,
0.64980561875));
#5601=CARTESIAN_POINT('Ctrl Pts',(0.974079801798947,-0.220019460787262,
0.66171968125));
#5602=CARTESIAN_POINT('Ctrl Pts',(0.960576820783102,0.273005939565808,0.67363374375));
#5603=CARTESIAN_POINT('Ctrl Pts',(0.712760662326067,0.699437128750683,0.685547806250001));
#5604=CARTESIAN_POINT('Ctrl Pts',(0.291081078678449,0.955254867972416,0.697461868749999));
#5605=CARTESIAN_POINT('Ctrl Pts',(-0.201601810356756,0.978057653398862,
0.70937593125));
#5606=CARTESIAN_POINT('Ctrl Pts',(-0.645108043844905,0.762283194696176,
0.72128999375));
#5607=CARTESIAN_POINT('Ctrl Pts',(-0.931253310800179,0.360565292226244,
0.73320405625));
#5608=CARTESIAN_POINT('Ctrl Pts',(-0.990238316149283,-0.129105185387014,
0.74511811875));
#5609=CARTESIAN_POINT('Ctrl Pts',(-0.807674839369735,-0.587283046960207,
0.757032181249999));
#5610=CARTESIAN_POINT('Ctrl Pts',(-0.428095584673187,-0.902205248689297,
0.768946243750001));
#5611=CARTESIAN_POINT('Ctrl Pts',(0.0559089531752308,-0.997052712784938,
0.780860306249999));
#5612=CARTESIAN_POINT('Ctrl Pts',(0.526275462872293,-0.84868978573427,0.79277436875));
#5613=CARTESIAN_POINT('Ctrl Pts',(0.868268158107515,-0.493305661072674,
0.80468843125));
#5614=CARTESIAN_POINT('Ctrl Pts',(0.998463791665429,-0.01759092307345,0.81660249375));
#5615=CARTESIAN_POINT('Ctrl Pts',(0.885106020242794,0.462417304646805,0.82851655625));
#5616=CARTESIAN_POINT('Ctrl Pts',(0.555841635288915,0.829623088247516,0.84043061875));
#5617=CARTESIAN_POINT('Ctrl Pts',(0.0909971713722666,0.994469713176407,
0.852344681249999));
#5618=CARTESIAN_POINT('Ctrl Pts',(-0.396056723722971,0.916714399079569,
0.86425874375));
#5619=CARTESIAN_POINT('Ctrl Pts',(-0.786475031245287,0.615388707771721,
0.87617280625));
#5620=CARTESIAN_POINT('Ctrl Pts',(-0.985101848281422,0.163862064710959,
0.88808686875));
#5621=CARTESIAN_POINT('Ctrl Pts',(-0.957211860373801,-0.163656876673592,
0.896029577083333));
#5622=CARTESIAN_POINT('Ctrl Pts',(-0.904944826444732,-0.314195981828483,
0.90000093125));
#5623=CARTESIAN_POINT('Ctrl Pts',(0.928437836700049,0.0673160382727139,
0.534375465625));
#5624=CARTESIAN_POINT('Ctrl Pts',(0.917239699677752,0.221763245488506,0.538346819791667));
#5625=CARTESIAN_POINT('Ctrl Pts',(0.816274945751192,0.52480459442703,0.546289528125));
#5626=CARTESIAN_POINT('Ctrl Pts',(0.46548159379309,0.851482839334209,0.558203590625));
#5627=CARTESIAN_POINT('Ctrl Pts',(0.00122521746617269,0.97039978114499,
0.570117653125));
#5628=CARTESIAN_POINT('Ctrl Pts',(-0.46336957830143,0.852636379525922,0.582031715625));
#5629=CARTESIAN_POINT('Ctrl Pts',(-0.814915436495969,0.526875494421476,
0.593945778125));
#5630=CARTESIAN_POINT('Ctrl Pts',(-0.967688809419871,0.0726010622358932,
0.605859840625));
#5631=CARTESIAN_POINT('Ctrl Pts',(-0.884409521485005,-0.399386363408368,
0.617773903125));
#5632=CARTESIAN_POINT('Ctrl Pts',(-0.585398860458951,-0.773949927792965,
0.629687965625));
#5633=CARTESIAN_POINT('Ctrl Pts',(-0.143590937536819,-0.95972501098259,
0.641602028125001));
#5634=CARTESIAN_POINT('Ctrl Pts',(0.333242509090902,-0.911394320994289,
0.653516090625));
#5635=CARTESIAN_POINT('Ctrl Pts',(0.728788510973322,-0.640747758200607,
0.665430153125));
#5636=CARTESIAN_POINT('Ctrl Pts',(0.946561268871502,-0.213803735170971,
0.677344215625));
#5637=CARTESIAN_POINT('Ctrl Pts',(0.933439757861521,0.265293303574943,0.689258278125));
#5638=CARTESIAN_POINT('Ctrl Pts',(0.692624603946267,0.679677470843133,0.701172340625));
#5639=CARTESIAN_POINT('Ctrl Pts',(0.28285780556122,0.92826815447127,0.713086403125));
#5640=CARTESIAN_POINT('Ctrl Pts',(-0.195906398085309,0.95042674298445,0.725000465625));
#5641=CARTESIAN_POINT('Ctrl Pts',(-0.626883226008091,0.740748085196375,
0.736914528124999));
#5642=CARTESIAN_POINT('Ctrl Pts',(-0.90494466047223,0.350379034541507,0.748828590625001));
#5643=CARTESIAN_POINT('Ctrl Pts',(-0.96226329227686,-0.125457860713394,
0.760742653124999));
#5644=CARTESIAN_POINT('Ctrl Pts',(-0.784857379628945,-0.570691831501619,
0.772656715625));
#5645=CARTESIAN_POINT('Ctrl Pts',(-0.416001542253699,-0.876717229332446,
0.784570778125001));
#5646=CARTESIAN_POINT('Ctrl Pts',(0.0543294805631816,-0.968885176761197,
0.796484840625));
#5647=CARTESIAN_POINT('Ctrl Pts',(0.511407760424083,-0.824713620977765,
0.808398903125));
#5648=CARTESIAN_POINT('Ctrl Pts',(0.843738888683586,-0.479369381876193,
0.820312965624999));
#5649=CARTESIAN_POINT('Ctrl Pts',(0.970256391535519,-0.0170939654371997,
0.832227028125001));
#5650=CARTESIAN_POINT('Ctrl Pts',(0.860101067755997,0.449353646206662,0.844141090625));
#5651=CARTESIAN_POINT('Ctrl Pts',(0.540138664839376,0.80618557293394,0.856055153125001));
#5652=CARTESIAN_POINT('Ctrl Pts',(0.0884264285521325,0.966375148956052,
0.867969215624999));
#5653=CARTESIAN_POINT('Ctrl Pts',(-0.384867804732167,0.890816484627852,
0.879883278125001));
#5654=CARTESIAN_POINT('Ctrl Pts',(-0.764256483027814,0.598003484931951,
0.891797340624999));
#5655=CARTESIAN_POINT('Ctrl Pts',(-0.957271933731552,0.159232830417239,
0.903711403125001));
#5656=CARTESIAN_POINT('Ctrl Pts',(-0.930169860273204,-0.159033439105922,
0.911654111458333));
#5657=CARTESIAN_POINT('Ctrl Pts',(-0.8793794118267,-0.305319694222837,0.915625465625));
#5658=CARTESIAN_POINT('Ctrl Pts',(0.901446190178556,0.0653590190319401,
0.55));
#5659=CARTESIAN_POINT('Ctrl Pts',(0.890573606622799,0.215316120116106,0.553971354166667));
#5660=CARTESIAN_POINT('Ctrl Pts',(0.792544111085537,0.509547417752738,0.5619140625));
#5661=CARTESIAN_POINT('Ctrl Pts',(0.451949061893506,0.826728436928427,0.573828125));
#5662=CARTESIAN_POINT('Ctrl Pts',(0.00118959780974371,0.942188212376641,
0.5857421875));
#5663=CARTESIAN_POINT('Ctrl Pts',(-0.449898447147642,0.827848441273288,
0.59765625));
#5664=CARTESIAN_POINT('Ctrl Pts',(-0.791224125632349,0.511558112315629,
0.6095703125));
#5665=CARTESIAN_POINT('Ctrl Pts',(-0.939556054318568,0.0704903961993583,
0.621484374999999));
#5666=CARTESIAN_POINT('Ctrl Pts',(-0.858697870967816,-0.387775359288868,
0.6333984375));
#5667=CARTESIAN_POINT('Ctrl Pts',(-0.568380080643003,-0.751449570687128,
0.645312499999999));
#5668=CARTESIAN_POINT('Ctrl Pts',(-0.139416446066869,-0.931823780302083,
0.6572265625));
#5669=CARTESIAN_POINT('Ctrl Pts',(0.323554446351788,-0.884898165428926,
0.669140625));
#5670=CARTESIAN_POINT('Ctrl Pts',(0.707601091525796,-0.622119869164695,
0.6810546875));
#5671=CARTESIAN_POINT('Ctrl Pts',(0.919042735944057,-0.207588009554681,
0.69296875));
#5672=CARTESIAN_POINT('Ctrl Pts',(0.906302694939939,0.257580667584077,0.7048828125));
#5673=CARTESIAN_POINT('Ctrl Pts',(0.672488545566467,0.65991781293558,0.716796875));
#5674=CARTESIAN_POINT('Ctrl Pts',(0.274634532443991,0.901281440970125,0.7287109375));
#5675=CARTESIAN_POINT('Ctrl Pts',(-0.190210985813861,0.922795832570036,
0.740625));
#5676=CARTESIAN_POINT('Ctrl Pts',(-0.608658408171278,0.719212975696575,
0.7525390625));
#5677=CARTESIAN_POINT('Ctrl Pts',(-0.878636010144281,0.34019277685677,0.764453125));
#5678=CARTESIAN_POINT('Ctrl Pts',(-0.934288268404435,-0.121810536039774,
0.7763671875));
#5679=CARTESIAN_POINT('Ctrl Pts',(-0.762039919888155,-0.554100616043031,
0.78828125));
#5680=CARTESIAN_POINT('Ctrl Pts',(-0.403907499834211,-0.851229209975594,
0.8001953125));
#5681=CARTESIAN_POINT('Ctrl Pts',(0.0527500079511328,-0.940717640737455,
0.812109375));
#5682=CARTESIAN_POINT('Ctrl Pts',(0.496540057975874,-0.800737456221261,
0.8240234375));
#5683=CARTESIAN_POINT('Ctrl Pts',(0.819209619259658,-0.465433102679711,
0.8359375));
#5684=CARTESIAN_POINT('Ctrl Pts',(0.942048991405608,-0.01659700780095,0.8478515625));
#5685=CARTESIAN_POINT('Ctrl Pts',(0.835096115269201,0.43628998776652,0.859765624999999));
#5686=CARTESIAN_POINT('Ctrl Pts',(0.524435694389835,0.782748057620365,0.8716796875));
#5687=CARTESIAN_POINT('Ctrl Pts',(0.0858556857319988,0.938280584735697,
0.883593750000001));
#5688=CARTESIAN_POINT('Ctrl Pts',(-0.373678885741364,0.864918570176136,
0.8955078125));
#5689=CARTESIAN_POINT('Ctrl Pts',(-0.742037934810341,0.580618262092182,
0.907421875));
#5690=CARTESIAN_POINT('Ctrl Pts',(-0.929442019181683,0.154603596123519,
0.9193359375));
#5691=CARTESIAN_POINT('Ctrl Pts',(-0.903127860172606,-0.154410001538253,
0.927278645833333));
#5692=CARTESIAN_POINT('Ctrl Pts',(-0.853813997208669,-0.296443406617191,
0.93125));
#5693=CARTESIAN_POINT('Ctrl Pts',(-0.930510241062762,-0.323072269434132,
0.884376396875));
#5694=CARTESIAN_POINT('Ctrl Pts',(-0.984253860474398,-0.168280314241263,
0.880405042708334));
#5695=CARTESIAN_POINT('Ctrl Pts',(-0.998592811652845,0.000105492381707956,
0.876433688541667));
#5696=CARTESIAN_POINT('Ctrl Pts',(-0.97172259001398,0.161678834294329,0.872462334375001));
#5697=CARTESIAN_POINT('Ctrl Pts',(-0.944852368375115,0.32325217620695,0.868490980208334));
#5698=CARTESIAN_POINT('Ctrl Pts',(-0.876772973918937,0.47801305340922,0.864519626041667));
#5699=CARTESIAN_POINT('Ctrl Pts',(-0.775825287232685,0.607033222496988,
0.860548271875));
#5700=CARTESIAN_POINT('Ctrl Pts',(-0.674877600546432,0.736053391584756,
0.856576917708333));
#5701=CARTESIAN_POINT('Ctrl Pts',(-0.541061621630103,0.83933285255802,0.852605563541667));
#5702=CARTESIAN_POINT('Ctrl Pts',(-0.39068470602091,0.904297910355566,0.848634209375));
#5703=CARTESIAN_POINT('Ctrl Pts',(-0.240307790411716,0.969262968153111,
0.844662855208333));
#5704=CARTESIAN_POINT('Ctrl Pts',(-0.0733699381096581,0.995913622774937,
0.840691501041667));
#5705=CARTESIAN_POINT('Ctrl Pts',(0.0897617699657137,0.980988337779904,
0.836720146875));
#5706=CARTESIAN_POINT('Ctrl Pts',(0.252893478041085,0.966063052784872,0.832748792708333));
#5707=CARTESIAN_POINT('Ctrl Pts',(0.41221904188977,0.909561828172982,0.828777438541667));
#5708=CARTESIAN_POINT('Ctrl Pts',(0.548309551645969,0.818381275788013,0.824806084375));
#5709=CARTESIAN_POINT('Ctrl Pts',(0.684400061402167,0.727200723403044,0.820834730208334));
#5710=CARTESIAN_POINT('Ctrl Pts',(0.797255517065879,0.601340843244996,0.816863376041667));
#5711=CARTESIAN_POINT('Ctrl Pts',(0.87310994807536,0.456149429199864,0.812892021875));
#5712=CARTESIAN_POINT('Ctrl Pts',(0.946286881814221,0.316082957885824,0.809060847916666));
#5713=CARTESIAN_POINT('Ctrl Pts',(0.985028802149658,0.158025589434985,0.805229673958333));
#5714=CARTESIAN_POINT('Ctrl Pts',(0.985081955772698,-6.21963345770818E-6,
0.8013985));
#5715=CARTESIAN_POINT('',(0.901446190178555,0.0653590190319417,0.55));
#5716=CARTESIAN_POINT('Ctrl Pts',(0.901446190178556,0.0653590190319401,
0.55));
#5717=CARTESIAN_POINT('Ctrl Pts',(0.890573606622799,0.215316120116106,0.553971354166667));
#5718=CARTESIAN_POINT('Ctrl Pts',(0.792544111085537,0.509547417752738,0.5619140625));
#5719=CARTESIAN_POINT('Ctrl Pts',(0.451949061893506,0.826728436928427,0.573828125));
#5720=CARTESIAN_POINT('Ctrl Pts',(0.00118959780974371,0.942188212376641,
0.5857421875));
#5721=CARTESIAN_POINT('Ctrl Pts',(-0.449898447147642,0.827848441273288,
0.59765625));
#5722=CARTESIAN_POINT('Ctrl Pts',(-0.791224125632349,0.511558112315629,
0.6095703125));
#5723=CARTESIAN_POINT('Ctrl Pts',(-0.897531242368675,0.195451946899381,
0.618108930208333));
#5724=CARTESIAN_POINT('Ctrl Pts',(-0.903872499483248,0.0225772766206403,
0.62267619375));
#5725=CARTESIAN_POINT('Ctrl Pts',(-0.903850920760526,2.00277858597199E-5,
0.623272103125));
#5726=CARTESIAN_POINT('Ctrl Pts',(-0.441757192040459,0.880468864650356,
0.55));
#5727=CARTESIAN_POINT('Ctrl Pts',(-0.407202623470535,0.896002546445929,
0.55));
#5728=CARTESIAN_POINT('Ctrl Pts',(-0.371711360030265,0.909528398500876,
0.55));
#5729=CARTESIAN_POINT('Ctrl Pts',(-0.335467869350366,0.920986798895781,
0.55));
#5730=CARTESIAN_POINT('Ctrl Pts',(-0.32677009506917,0.92373660523035,0.55));
#5731=CARTESIAN_POINT('Ctrl Pts',(-0.318028991432484,0.926367211428784,
0.55));
#5732=CARTESIAN_POINT('Ctrl Pts',(-0.30924710833449,0.928877538394402,0.55));
#5733=CARTESIAN_POINT('Ctrl Pts',(-0.30141149071673,0.931117372605202,0.55));
#5734=CARTESIAN_POINT('Ctrl Pts',(-0.293547667012521,0.933260165549809,
0.55));
#5735=CARTESIAN_POINT('Ctrl Pts',(-0.285665200687634,0.935303617915648,
0.55));
#5736=CARTESIAN_POINT('Ctrl Pts',(-0.243664945917545,0.946191773530704,
0.55));
#5737=CARTESIAN_POINT('Ctrl Pts',(-0.201070857665939,0.954282559724148,
0.55));
#5738=CARTESIAN_POINT('Ctrl Pts',(-0.158168027270985,0.959530365321802,
0.55));
#5739=CARTESIAN_POINT('Ctrl Pts',(-0.115736619918981,0.964720507206809,
0.55));
#5740=CARTESIAN_POINT('Ctrl Pts',(-0.0730020920783752,0.967129881435977,
0.55));
#5741=CARTESIAN_POINT('Ctrl Pts',(-0.0302374579596534,0.966664159756027,
0.55));
#5742=CARTESIAN_POINT('Ctrl Pts',(-0.019754523437812,0.966549996967618,
0.55));
#5743=CARTESIAN_POINT('Ctrl Pts',(-0.00926981114721026,0.966262830052761,
0.55));
#5744=CARTESIAN_POINT('Ctrl Pts',(0.00121256565759086,0.965800792691773,
0.55));
#5745=CARTESIAN_POINT('Ctrl Pts',(0.0181445228080368,0.965054473708605,
0.55));
#5746=CARTESIAN_POINT('Ctrl Pts',(0.0350704153353825,0.963851948229827,
0.55));
#5747=CARTESIAN_POINT('Ctrl Pts',(0.0519725937695022,0.962196052741146,
0.55));
#5748=CARTESIAN_POINT('Ctrl Pts',(0.0630535888687724,0.961110454818577,
0.55));
#5749=CARTESIAN_POINT('Ctrl Pts',(0.0741286291670624,0.959829226216435,
0.55));
#5750=CARTESIAN_POINT('Ctrl Pts',(0.085164667353757,0.958357175404502,0.55));
#5751=CARTESIAN_POINT('Ctrl Pts',(0.127605765158312,0.952696135507245,0.55));
#5752=CARTESIAN_POINT('Ctrl Pts',(0.169546013753263,0.944211948577313,0.55));
#5753=CARTESIAN_POINT('Ctrl Pts',(0.210714994681517,0.933012441104591,0.55));
#5754=CARTESIAN_POINT('Ctrl Pts',(0.253243320255761,0.921443140885546,0.55));
#5755=CARTESIAN_POINT('Ctrl Pts',(0.294949961146355,0.906976085501362,0.55));
#5756=CARTESIAN_POINT('Ctrl Pts',(0.33551793826104,0.88967517473966,0.55));
#5757=CARTESIAN_POINT('Ctrl Pts',(0.356270811572899,0.880824755400229,0.55));
#5758=CARTESIAN_POINT('Ctrl Pts',(0.376725277911724,0.871231884391313,0.55));
#5759=CARTESIAN_POINT('Ctrl Pts',(0.39683527573906,0.860900052825939,0.55));
#5760=CARTESIAN_POINT('Ctrl Pts',(0.404052177238189,0.857192254776775,0.55));
#5761=CARTESIAN_POINT('Ctrl Pts',(0.411224686919931,0.853389256698305,0.55));
#5762=CARTESIAN_POINT('Ctrl Pts',(0.418350574859733,0.849491120141888,0.55));
#5763=CARTESIAN_POINT('Ctrl Pts',(0.425788401024718,0.845422341300719,0.55));
#5764=CARTESIAN_POINT('Ctrl Pts',(0.433168014684846,0.841253930058293,0.55));
#5765=CARTESIAN_POINT('Ctrl Pts',(0.440483818955957,0.836988568818551,0.55));
#5766=CARTESIAN_POINT('Ctrl Pts',(0.444807123191259,0.834467936277069,0.55));
#5767=CARTESIAN_POINT('Ctrl Pts',(0.449108538519115,0.831913228796791,0.55));
#5768=CARTESIAN_POINT('Ctrl Pts',(0.453387630668934,0.829324590800626,0.55));
#5769=CARTESIAN_POINT('Ctrl Pts',(0.489528308293302,0.807461277735604,0.55));
#5770=CARTESIAN_POINT('Ctrl Pts',(0.524079022091313,0.783181322902578,0.55));
#5771=CARTESIAN_POINT('Ctrl Pts',(0.556852022412098,0.756712429913656,0.55));
#5772=CARTESIAN_POINT('Ctrl Pts',(0.589525781506344,0.730323688432976,0.55));
#5773=CARTESIAN_POINT('Ctrl Pts',(0.620433358630503,0.701758332449236,0.55));
#5774=CARTESIAN_POINT('Ctrl Pts',(0.649352600365356,0.671205334496011,0.55));
#5775=CARTESIAN_POINT('Ctrl Pts',(0.66391713853444,0.655817991046635,0.55));
#5776=CARTESIAN_POINT('Ctrl Pts',(0.677976710124074,0.639926005920081,0.55));
#5777=CARTESIAN_POINT('Ctrl Pts',(0.691498490101448,0.623551079541231,0.55));
#5778=CARTESIAN_POINT('Ctrl Pts',(0.697300948574048,0.61652428052038,0.55));
#5779=CARTESIAN_POINT('Ctrl Pts',(0.703004795089607,0.609407720298909,0.55));
#5780=CARTESIAN_POINT('Ctrl Pts',(0.708597278098842,0.602216529394734,0.55));
#5781=CARTESIAN_POINT('Ctrl Pts',(0.733904936741888,0.569674239263619,0.55));
#5782=CARTESIAN_POINT('Ctrl Pts',(0.756987375870576,0.535544405252844,0.55));
#5783=CARTESIAN_POINT('Ctrl Pts',(0.777644421482599,0.500014549438927,0.55));
#5784=CARTESIAN_POINT('Ctrl Pts',(0.796747234583519,0.467157953783214,0.55));
#5785=CARTESIAN_POINT('Ctrl Pts',(0.813775719493871,0.433103084039652,0.55));
#5786=CARTESIAN_POINT('Ctrl Pts',(0.828660485814621,0.398058729551226,0.55));
#5787=CARTESIAN_POINT('Ctrl Pts',(0.833040921733844,0.387745531086494,0.55));
#5788=CARTESIAN_POINT('Ctrl Pts',(0.837235466720552,0.377346580675887,0.55));
#5789=CARTESIAN_POINT('Ctrl Pts',(0.841241763394848,0.366867103146495,0.55));
#5790=CARTESIAN_POINT('Ctrl Pts',(0.845022809015706,0.356976826453907,0.55));
#5791=CARTESIAN_POINT('Ctrl Pts',(0.84863652376256,0.347013228583064,0.55));
#5792=CARTESIAN_POINT('Ctrl Pts',(0.85207427968952,0.337001149304137,0.55));
#5793=CARTESIAN_POINT('Ctrl Pts',(0.865499241988782,0.297902449538179,0.55));
#5794=CARTESIAN_POINT('Ctrl Pts',(0.876272330420355,0.257996653751895,0.55));
#5795=CARTESIAN_POINT('Ctrl Pts',(0.884320535877277,0.217557674904717,0.55));
#5796=CARTESIAN_POINT('Ctrl Pts',(0.892241440393131,0.177758331823622,0.55));
#5797=CARTESIAN_POINT('Ctrl Pts',(0.897523097625866,0.137441427731023,0.55));
#5798=CARTESIAN_POINT('Ctrl Pts',(0.900046202992181,0.0968644821921023,
0.55));
#5799=CARTESIAN_POINT('Ctrl Pts',(0.900698230325085,0.0863784842903364,
0.55));
#5800=CARTESIAN_POINT('Ctrl Pts',(0.901165768314405,0.0758751492209107,
0.55));
#5801=CARTESIAN_POINT('Ctrl Pts',(0.901446190178556,0.0653590190319401,
0.55));
#5802=CARTESIAN_POINT('Origin',(0.,0.,0.398272103125));
#5803=CARTESIAN_POINT('',(0.0653610041215822,-0.901516831459306,0.55));
#5804=CARTESIAN_POINT('Ctrl Pts',(0.0653610041215822,-0.901516831459306,
0.55));
#5805=CARTESIAN_POINT('Ctrl Pts',(0.207922417650673,-0.891146409440172,
0.553776449088542));
#5806=CARTESIAN_POINT('Ctrl Pts',(0.491932624829331,-0.800348722051243,
0.561433094869792));
#5807=CARTESIAN_POINT('Ctrl Pts',(0.808407821928684,-0.480479073417277,
0.57296993734375));
#5808=CARTESIAN_POINT('Ctrl Pts',(0.939302176476282,-0.0457382563832268,
0.584610527421875));
#5809=CARTESIAN_POINT('Ctrl Pts',(0.851265166972495,0.399661029201642,0.5962511175));
#5810=CARTESIAN_POINT('Ctrl Pts',(0.56481433434345,0.751908312319763,0.607891707578125));
#5811=CARTESIAN_POINT('Ctrl Pts',(0.146716778132071,0.928900063073649,0.61953229765625));
#5812=CARTESIAN_POINT('Ctrl Pts',(-0.305577737939083,0.889383808178497,
0.631172887734375));
#5813=CARTESIAN_POINT('Ctrl Pts',(-0.686648027291978,0.642569605508473,
0.6428134778125));
#5814=CARTESIAN_POINT('Ctrl Pts',(-0.87398683779019,0.306430058819488,0.652679882942709));
#5815=CARTESIAN_POINT('Ctrl Pts',(-0.903727335439063,0.0797417011444124,
0.658666091380208));
#5816=CARTESIAN_POINT('Ctrl Pts',(-0.903744370851461,-5.28578813401015E-6,
0.660772103125));
#5817=CARTESIAN_POINT('Origin',(0.,0.,0.55));
#5818=CARTESIAN_POINT('Origin',(0.,0.,0.48841920625));
#5819=CARTESIAN_POINT('Ctrl Pts',(0.933793734436354,-0.343702443528319,
0.93));
#5820=CARTESIAN_POINT('Ctrl Pts',(0.981240760620904,-0.214433727066775,
0.933304324192709));
#5821=CARTESIAN_POINT('Ctrl Pts',(1.02581200124837,0.0883118985975665,0.940488845078125));
#5822=CARTESIAN_POINT('Ctrl Pts',(0.88252353397006,0.541287709974463,0.95155356265625));
#5823=CARTESIAN_POINT('Ctrl Pts',(0.526075548566434,0.891670567994363,0.963194152734375));
#5824=CARTESIAN_POINT('Ctrl Pts',(0.0470160594472798,1.03423266867727,0.9748347428125));
#5825=CARTESIAN_POINT('Ctrl Pts',(-0.443014738577646,0.935715211732926,
0.986475332890624));
#5826=CARTESIAN_POINT('Ctrl Pts',(-0.829761513506989,0.619142224580243,
0.998115922968751));
#5827=CARTESIAN_POINT('Ctrl Pts',(-1.02316139857584,0.158174642649764,1.00975651304687));
#5828=CARTESIAN_POINT('Ctrl Pts',(-0.993000143768675,-0.17357787143005,
1.01751690643229));
#5829=CARTESIAN_POINT('Ctrl Pts',(-0.939957045540558,-0.326352190951226,
1.021397103125));
#5830=CARTESIAN_POINT('Ctrl Pts',(-0.857856148701103,0.284534467669492,
0.503126396875));
#5831=CARTESIAN_POINT('Ctrl Pts',(-0.904102474407963,0.145104277761721,
0.507006593567708));
#5832=CARTESIAN_POINT('Ctrl Pts',(-0.92730386314215,-0.156596574273538,
0.514766986953125));
#5833=CARTESIAN_POINT('Ctrl Pts',(-0.745819028570625,-0.572833503743552,
0.52640757703125));
#5834=CARTESIAN_POINT('Ctrl Pts',(-0.390548745287367,-0.855477947125408,
0.538048167109375));
#5835=CARTESIAN_POINT('Ctrl Pts',(0.0557749065814585,-0.938764472996404,
0.5496887571875));
#5836=CARTESIAN_POINT('Ctrl Pts',(0.48908665171742,-0.803225220518333,0.561329347265625));
#5837=CARTESIAN_POINT('Ctrl Pts',(0.808407821928684,-0.480479073417277,
0.57296993734375));
#5838=CARTESIAN_POINT('Ctrl Pts',(0.939302176476282,-0.0457382563832268,
0.584610527421875));
#5839=CARTESIAN_POINT('Ctrl Pts',(0.851265166972495,0.399661029201642,0.5962511175));
#5840=CARTESIAN_POINT('Ctrl Pts',(0.56481433434345,0.751908312319763,0.607891707578125));
#5841=CARTESIAN_POINT('Ctrl Pts',(0.146716778132071,0.928900063073649,0.61953229765625));
#5842=CARTESIAN_POINT('Ctrl Pts',(-0.305577737939083,0.889383808178497,
0.631172887734375));
#5843=CARTESIAN_POINT('Ctrl Pts',(-0.686648027291978,0.642569605508473,
0.6428134778125));
#5844=CARTESIAN_POINT('Ctrl Pts',(-0.90767425416527,0.245985173750944,0.654454067890625));
#5845=CARTESIAN_POINT('Ctrl Pts',(-0.917139502995497,-0.207933580353389,
0.66609465796875));
#5846=CARTESIAN_POINT('Ctrl Pts',(-0.712837642598152,-0.613387104069669,
0.677735248046875));
#5847=CARTESIAN_POINT('Ctrl Pts',(-0.342387389408779,-0.875872206130389,
0.689375838125));
#5848=CARTESIAN_POINT('Ctrl Pts',(0.107866605145312,-0.934208777144639,
0.701016428203125));
#5849=CARTESIAN_POINT('Ctrl Pts',(0.532979023920986,-0.774799719446998,
0.71265701828125));
#5850=CARTESIAN_POINT('Ctrl Pts',(0.83386454916329,-0.434800135842304,0.724297608359375));
#5851=CARTESIAN_POINT('Ctrl Pts',(0.940392703544466,0.00654277888770585,
0.7359381984375));
#5852=CARTESIAN_POINT('Ctrl Pts',(0.827733875777548,0.446360700969587,0.747578788515625));
#5853=CARTESIAN_POINT('Ctrl Pts',(0.52214661613031,0.782140752332073,0.75921937859375));
#5854=CARTESIAN_POINT('Ctrl Pts',(0.0948572834557767,0.935619227878011,
0.770859968671875));
#5855=CARTESIAN_POINT('Ctrl Pts',(-0.354541408859186,0.871023326497068,
0.78250055875));
#5856=CARTESIAN_POINT('Ctrl Pts',(-0.721303497663456,0.603409072190939,
0.794141148828125));
#5857=CARTESIAN_POINT('Ctrl Pts',(-0.919943970033133,0.195152078628654,
0.80578173890625));
#5858=CARTESIAN_POINT('Ctrl Pts',(-0.90416366702616,-0.258591029638629,
0.817422328984375));
#5859=CARTESIAN_POINT('Ctrl Pts',(-0.677640635016241,-0.652061639020474,
0.8290629190625));
#5860=CARTESIAN_POINT('Ctrl Pts',(-0.293172984998991,-0.893549614202161,
0.840703509140625));
#5861=CARTESIAN_POINT('Ctrl Pts',(0.159627586759996,-0.926768673245307,
0.85234409921875));
#5862=CARTESIAN_POINT('Ctrl Pts',(0.57522194769778,-0.743976513945272,0.863984689296875));
#5863=CARTESIAN_POINT('Ctrl Pts',(0.85674376817575,-0.387777563114786,0.875625279375));
#5864=CARTESIAN_POINT('Ctrl Pts',(0.938574827029047,0.058803578951054,0.887265869453125));
#5865=CARTESIAN_POINT('Ctrl Pts',(0.801644021654589,0.491681003388236,0.89890645953125));
#5866=CARTESIAN_POINT('Ctrl Pts',(0.477862971596683,0.809952769080809,0.910547049609375));
#5867=CARTESIAN_POINT('Ctrl Pts',(0.0427072384213014,0.939449662169727,
0.9221876396875));
#5868=CARTESIAN_POINT('Ctrl Pts',(-0.402414330061014,0.84996090935112,0.933828229765625));
#5869=CARTESIAN_POINT('Ctrl Pts',(-0.753717415001543,0.562400484274805,
0.94546881984375));
#5870=CARTESIAN_POINT('Ctrl Pts',(-0.929393026683744,0.143678612271246,
0.957109409921875));
#5871=CARTESIAN_POINT('Ctrl Pts',(-0.901995922050176,-0.157670200926505,
0.964869803307292));
#5872=CARTESIAN_POINT('Ctrl Pts',(-0.853813997208669,-0.296443406617191,
0.96875));
#5873=CARTESIAN_POINT('Ctrl Pts',(-0.886706438467945,0.294103556675088,
0.52067543125));
#5874=CARTESIAN_POINT('Ctrl Pts',(-0.934508059779219,0.149984233994677,
0.524555627942708));
#5875=CARTESIAN_POINT('Ctrl Pts',(-0.958489727105555,-0.161863024308461,
0.532316021328125));
#5876=CARTESIAN_POINT('Ctrl Pts',(-0.770901433261046,-0.592098286768282,
0.54395661140625));
#5877=CARTESIAN_POINT('Ctrl Pts',(-0.40368316705106,-0.884248256344594,
0.555597201484375));
#5878=CARTESIAN_POINT('Ctrl Pts',(0.0576506548861483,-0.970335765117783,
0.5672377915625));
#5879=CARTESIAN_POINT('Ctrl Pts',(0.505534970756115,-0.830238234757465,
0.578878381640625));
#5880=CARTESIAN_POINT('Ctrl Pts',(0.835595130602449,-0.496637913703007,
0.59051897171875));
#5881=CARTESIAN_POINT('Ctrl Pts',(0.970891551933925,-0.0472764652683463,
0.602159561796875));
#5882=CARTESIAN_POINT('Ctrl Pts',(0.879893797510097,0.413101903313742,0.613800151875));
#5883=CARTESIAN_POINT('Ctrl Pts',(0.583809427209483,0.777195503792793,0.625440741953125));
#5884=CARTESIAN_POINT('Ctrl Pts',(0.151650963856771,0.960139608333878,0.63708133203125));
#5885=CARTESIAN_POINT('Ctrl Pts',(-0.315854526534918,0.919294394724664,
0.648721922109375));
#5886=CARTESIAN_POINT('Ctrl Pts',(-0.709740470687294,0.664179661392964,
0.6603625121875));
#5887=CARTESIAN_POINT('Ctrl Pts',(-0.938199960935828,0.254257823602329,
0.672003102265625));
#5888=CARTESIAN_POINT('Ctrl Pts',(-0.947983532566307,-0.214926529059924,
0.68364369234375));
#5889=CARTESIAN_POINT('Ctrl Pts',(-0.736810860691661,-0.634015732445707,
0.695284282421875));
#5890=CARTESIAN_POINT('Ctrl Pts',(-0.353902111791911,-0.905328388246523,
0.7069248725));
#5891=CARTESIAN_POINT('Ctrl Pts',(0.111494232946686,-0.965626858094643,
0.718565462578125));
#5892=CARTESIAN_POINT('Ctrl Pts',(0.55090347349572,-0.800856764618451,0.730206052656249));
#5893=CARTESIAN_POINT('Ctrl Pts',(0.861907985007498,-0.449422762175059,
0.741846642734375));
#5894=CARTESIAN_POINT('Ctrl Pts',(0.972018754174236,0.0067628170223935,
0.7534872328125));
#5895=CARTESIAN_POINT('Ctrl Pts',(0.855571132877321,0.4613721170246,0.765127822890625));
#5896=CARTESIAN_POINT('Ctrl Pts',(0.539706764412681,0.808444681466814,0.77676841296875));
#5897=CARTESIAN_POINT('Ctrl Pts',(0.0980473988595522,0.967084743252098,
0.788409003046875));
#5898=CARTESIAN_POINT('Ctrl Pts',(-0.366464879239878,0.900316437470473,
0.800049593124999));
#5899=CARTESIAN_POINT('Ctrl Pts',(-0.745561428260486,0.623702132521634,
0.811690183203126));
#5900=CARTESIAN_POINT('Ctrl Pts',(-0.950882315751004,0.201715176679025,
0.823330773281249));
#5901=CARTESIAN_POINT('Ctrl Pts',(-0.934571310347073,-0.267287623056391,
0.834971363359375));
#5902=CARTESIAN_POINT('Ctrl Pts',(-0.700430153640788,-0.673990918492407,
0.8466119534375));
#5903=CARTESIAN_POINT('Ctrl Pts',(-0.303032593258298,-0.923600299657776,
0.858252543515625));
#5904=CARTESIAN_POINT('Ctrl Pts',(0.164995971820569,-0.957936538405967,
0.86989313359375));
#5905=CARTESIAN_POINT('Ctrl Pts',(0.59456705572837,-0.768996953607033,0.881533723671875));
#5906=CARTESIAN_POINT('Ctrl Pts',(0.885556647823731,-0.400818788124224,
0.89317431375));
#5907=CARTESIAN_POINT('Ctrl Pts',(0.970139741226668,0.0607811835816603,
0.904814903828125));
#5908=CARTESIAN_POINT('Ctrl Pts',(0.828603859093078,0.508216572250312,0.91645549390625));
#5909=CARTESIAN_POINT('Ctrl Pts',(0.4939338305866,0.837192035385326,0.928096083984375));
#5910=CARTESIAN_POINT('Ctrl Pts',(0.0441435120966274,0.971043997672242,
0.9397366740625));
#5911=CARTESIAN_POINT('Ctrl Pts',(-0.415947799566558,0.878545676811722,
0.951377264140625));
#5912=CARTESIAN_POINT('Ctrl Pts',(-0.779065447836692,0.581314397709951,
0.96301785421875));
#5913=CARTESIAN_POINT('Ctrl Pts',(-0.960649150647776,0.148510622397418,
0.974658444296875));
#5914=CARTESIAN_POINT('Ctrl Pts',(-0.932330662623009,-0.16297275776102,
0.982418837682292));
#5915=CARTESIAN_POINT('Ctrl Pts',(-0.882528346652632,-0.306413001395203,
0.986299034375));
#5916=CARTESIAN_POINT('Ctrl Pts',(-0.915556728234787,0.303672645680685,
0.538224465625));
#5917=CARTESIAN_POINT('Ctrl Pts',(-0.964913645150476,0.154864190227633,
0.542104662317708));
#5918=CARTESIAN_POINT('Ctrl Pts',(-0.98967559106896,-0.167129474343384,
0.549865055703125));
#5919=CARTESIAN_POINT('Ctrl Pts',(-0.795983837951466,-0.611363069793011,
0.56150564578125));
#5920=CARTESIAN_POINT('Ctrl Pts',(-0.416817588814753,-0.91301856556378,
0.573146235859375));
#5921=CARTESIAN_POINT('Ctrl Pts',(0.0595264031908381,-1.00190705723916,
0.5847868259375));
#5922=CARTESIAN_POINT('Ctrl Pts',(0.521983289794811,-0.857251248996596,
0.596427416015625));
#5923=CARTESIAN_POINT('Ctrl Pts',(0.862782439276214,-0.512796753988737,
0.60806800609375));
#5924=CARTESIAN_POINT('Ctrl Pts',(1.00248092739157,-0.048814674153465,0.619708596171875));
#5925=CARTESIAN_POINT('Ctrl Pts',(0.908522428047702,0.42654277742584,0.63134918625));
#5926=CARTESIAN_POINT('Ctrl Pts',(0.602804520075516,0.802482695265826,0.642989776328125));
#5927=CARTESIAN_POINT('Ctrl Pts',(0.156585149581472,0.991379153594105,0.65463036640625));
#5928=CARTESIAN_POINT('Ctrl Pts',(-0.326131315130754,0.949204981270833,
0.666270956484375));
#5929=CARTESIAN_POINT('Ctrl Pts',(-0.73283291408261,0.685789717277456,0.6779115465625));
#5930=CARTESIAN_POINT('Ctrl Pts',(-0.968725667706386,0.262530473453713,
0.689552136640625));
#5931=CARTESIAN_POINT('Ctrl Pts',(-0.978827562137116,-0.221919477766459,
0.70119272671875));
#5932=CARTESIAN_POINT('Ctrl Pts',(-0.76078407878517,-0.654644360821744,
0.712833316796875));
#5933=CARTESIAN_POINT('Ctrl Pts',(-0.365416834175043,-0.934784570362657,
0.724473906875));
#5934=CARTESIAN_POINT('Ctrl Pts',(0.11512186074806,-0.997044939044648,0.736114496953125));
#5935=CARTESIAN_POINT('Ctrl Pts',(0.568827923070455,-0.826913809789905,
0.74775508703125));
#5936=CARTESIAN_POINT('Ctrl Pts',(0.889951420851704,-0.464045388507814,
0.759395677109375));
#5937=CARTESIAN_POINT('Ctrl Pts',(1.00364480480401,0.00698285515708178,
0.7710362671875));
#5938=CARTESIAN_POINT('Ctrl Pts',(0.883408389977094,0.476383533079613,0.782676857265625));
#5939=CARTESIAN_POINT('Ctrl Pts',(0.557266912695052,0.834748610601556,0.79431744734375));
#5940=CARTESIAN_POINT('Ctrl Pts',(0.101237514263327,0.998550258626185,0.805958037421875));
#5941=CARTESIAN_POINT('Ctrl Pts',(-0.37838834962057,0.929609548443878,0.8175986275));
#5942=CARTESIAN_POINT('Ctrl Pts',(-0.769819358857517,0.643995192852331,
0.829239217578126));
#5943=CARTESIAN_POINT('Ctrl Pts',(-0.981820661468873,0.208278274729395,
0.84087980765625));
#5944=CARTESIAN_POINT('Ctrl Pts',(-0.964978953667987,-0.275984216474154,
0.852520397734375));
#5945=CARTESIAN_POINT('Ctrl Pts',(-0.723219672265334,-0.695920197964339,
0.8641609878125));
#5946=CARTESIAN_POINT('Ctrl Pts',(-0.312892201517606,-0.953650985113392,
0.875801577890625));
#5947=CARTESIAN_POINT('Ctrl Pts',(0.170364356881142,-0.989104403566626,
0.88744216796875));
#5948=CARTESIAN_POINT('Ctrl Pts',(0.613912163758959,-0.794017393268793,
0.899082758046875));
#5949=CARTESIAN_POINT('Ctrl Pts',(0.914369527471714,-0.413860013133663,
0.910723348125));
#5950=CARTESIAN_POINT('Ctrl Pts',(1.00170465542429,0.0627587882122665,0.922363938203125));
#5951=CARTESIAN_POINT('Ctrl Pts',(0.85556369653157,0.524752141112388,0.93400452828125));
#5952=CARTESIAN_POINT('Ctrl Pts',(0.510004689576517,0.864431301689845,0.945645118359374));
#5953=CARTESIAN_POINT('Ctrl Pts',(0.0455797857719538,1.00263833317476,0.9572857084375));
#5954=CARTESIAN_POINT('Ctrl Pts',(-0.429481269072102,0.907130444272325,
0.968926298515625));
#5955=CARTESIAN_POINT('Ctrl Pts',(-0.804413480671841,0.600228311145096,
0.98056688859375));
#5956=CARTESIAN_POINT('Ctrl Pts',(-0.991905274611807,0.153342632523591,
0.992207478671875));
#5957=CARTESIAN_POINT('Ctrl Pts',(-0.962665403195842,-0.168275314595535,
0.999967872057292));
#5958=CARTESIAN_POINT('Ctrl Pts',(-0.911242696096595,-0.316382596173214,
1.00384806875));
#5959=CARTESIAN_POINT('Ctrl Pts',(-0.944407018001629,0.313241734686281,
0.5557735));
#5960=CARTESIAN_POINT('Ctrl Pts',(-0.995319230521732,0.15974414646059,0.559653696692708));
#5961=CARTESIAN_POINT('Ctrl Pts',(-1.02086145503236,-0.172395924378308,
0.567414090078125));
#5962=CARTESIAN_POINT('Ctrl Pts',(-0.821066242641888,-0.630627852817741,
0.57905468015625));
#5963=CARTESIAN_POINT('Ctrl Pts',(-0.429952010578445,-0.941788874782967,
0.590695270234375));
#5964=CARTESIAN_POINT('Ctrl Pts',(0.0614021514955274,-1.03347834936054,
0.6023358603125));
#5965=CARTESIAN_POINT('Ctrl Pts',(0.538431608833506,-0.884264263235728,
0.613976450390625));
#5966=CARTESIAN_POINT('Ctrl Pts',(0.88996974794998,-0.528955594274467,0.62561704046875));
#5967=CARTESIAN_POINT('Ctrl Pts',(1.03407030284921,-0.0503528830385844,
0.637257630546875));
#5968=CARTESIAN_POINT('Ctrl Pts',(0.937151058585306,0.43998365153794,0.648898220625));
#5969=CARTESIAN_POINT('Ctrl Pts',(0.621799612941548,0.827769886738857,0.660538810703125));
#5970=CARTESIAN_POINT('Ctrl Pts',(0.161519335306173,1.02261869885433,0.67217940078125));
#5971=CARTESIAN_POINT('Ctrl Pts',(-0.336408103726589,0.979115567817001,
0.683819990859375));
#5972=CARTESIAN_POINT('Ctrl Pts',(-0.755925357477926,0.707399773161946,
0.6954605809375));
#5973=CARTESIAN_POINT('Ctrl Pts',(-0.999251374476945,0.270803123305098,
0.707101171015625));
#5974=CARTESIAN_POINT('Ctrl Pts',(-1.00967159170793,-0.228912426472994,
0.71874176109375));
#5975=CARTESIAN_POINT('Ctrl Pts',(-0.784757296878679,-0.675272989197782,
0.730382351171876));
#5976=CARTESIAN_POINT('Ctrl Pts',(-0.376931556558175,-0.964240752478791,
0.74202294125));
#5977=CARTESIAN_POINT('Ctrl Pts',(0.118749488549434,-1.02846301999465,0.753663531328125));
#5978=CARTESIAN_POINT('Ctrl Pts',(0.58675237264519,-0.852970854961358,0.76530412140625));
#5979=CARTESIAN_POINT('Ctrl Pts',(0.917994856695912,-0.478668014840569,
0.776944711484375));
#5980=CARTESIAN_POINT('Ctrl Pts',(1.03527085543378,0.00720289329176907,
0.7885853015625));
#5981=CARTESIAN_POINT('Ctrl Pts',(0.911245647076866,0.491394949134626,0.800225891640626));
#5982=CARTESIAN_POINT('Ctrl Pts',(0.574827060977425,0.861052539736298,0.81186648171875));
#5983=CARTESIAN_POINT('Ctrl Pts',(0.104427629667102,1.03001577400027,0.823507071796876));
#5984=CARTESIAN_POINT('Ctrl Pts',(-0.390311820001261,0.958902659417283,
0.835147661874999));
#5985=CARTESIAN_POINT('Ctrl Pts',(-0.794077289454548,0.664288253183026,
0.846788251953126));
#5986=CARTESIAN_POINT('Ctrl Pts',(-1.01275900718674,0.214841372779765,0.85842884203125));
#5987=CARTESIAN_POINT('Ctrl Pts',(-0.995386596988899,-0.284680809891914,
0.870069432109375));
#5988=CARTESIAN_POINT('Ctrl Pts',(-0.74600919088988,-0.717849477436274,
0.8817100221875));
#5989=CARTESIAN_POINT('Ctrl Pts',(-0.322751809776913,-0.983701670569005,
0.893350612265625));
#5990=CARTESIAN_POINT('Ctrl Pts',(0.175732741941715,-1.02027226872729,0.90499120234375));
#5991=CARTESIAN_POINT('Ctrl Pts',(0.633257271789548,-0.819037832930553,
0.916631792421875));
#5992=CARTESIAN_POINT('Ctrl Pts',(0.943182407119697,-0.426901238143102,
0.9282723825));
#5993=CARTESIAN_POINT('Ctrl Pts',(1.03326956962191,0.0647363928428732,0.939912972578125));
#5994=CARTESIAN_POINT('Ctrl Pts',(0.88252353397006,0.541287709974463,0.95155356265625));
#5995=CARTESIAN_POINT('Ctrl Pts',(0.526075548566434,0.891670567994363,0.963194152734375));
#5996=CARTESIAN_POINT('Ctrl Pts',(0.0470160594472798,1.03423266867727,0.9748347428125));
#5997=CARTESIAN_POINT('Ctrl Pts',(-0.443014738577646,0.935715211732926,
0.986475332890624));
#5998=CARTESIAN_POINT('Ctrl Pts',(-0.829761513506989,0.619142224580243,
0.998115922968751));
#5999=CARTESIAN_POINT('Ctrl Pts',(-1.02316139857584,0.158174642649764,1.00975651304687));
#6000=CARTESIAN_POINT('Ctrl Pts',(-0.993000143768675,-0.17357787143005,
1.01751690643229));
#6001=CARTESIAN_POINT('Ctrl Pts',(-0.939957045540558,-0.326352190951226,
1.021397103125));
#6002=CARTESIAN_POINT('Ctrl Pts',(0.98507680831152,2.20966343854236E-6,
0.78264570625));
#6003=CARTESIAN_POINT('Ctrl Pts',(0.98507711742365,0.00228599526326664,
0.782701071354167));
#6004=CARTESIAN_POINT('Ctrl Pts',(0.984523843468483,0.164625995685676,0.786636633151042));
#6005=CARTESIAN_POINT('Ctrl Pts',(0.902087399367551,0.486456306429755,0.794452391640626));
#6006=CARTESIAN_POINT('Ctrl Pts',(0.569049904585692,0.852398745367089,0.80609298171875));
#6007=CARTESIAN_POINT('Ctrl Pts',(0.10337810575085,1.01966385667364,0.817733571796875));
#6008=CARTESIAN_POINT('Ctrl Pts',(-0.386389088141952,0.949265446759823,
0.829374161875));
#6009=CARTESIAN_POINT('Ctrl Pts',(-0.786096613178623,0.657611989331941,
0.841014751953126));
#6010=CARTESIAN_POINT('Ctrl Pts',(-1.00258052470245,0.212682163003084,0.85265534203125));
#6011=CARTESIAN_POINT('Ctrl Pts',(-0.985382711592026,-0.281819696224659,
0.864295932109375));
#6012=CARTESIAN_POINT('Ctrl Pts',(-0.738511611081942,-0.710634909823849,
0.8759365221875));
#6013=CARTESIAN_POINT('Ctrl Pts',(-0.319508072995236,-0.973815221618564,
0.887577112265625));
#6014=CARTESIAN_POINT('Ctrl Pts',(0.173966583731246,-1.01001827607676,0.89921770234375));
#6015=CARTESIAN_POINT('Ctrl Pts',(0.626892877098196,-0.810806296921201,
0.910858292421875));
#6016=CARTESIAN_POINT('Ctrl Pts',(0.897335246382653,-0.468625758177587,
0.921119058307292));
#6017=CARTESIAN_POINT('Ctrl Pts',(0.967428525070397,-0.211452120381987,
0.9274996275));
#6018=CARTESIAN_POINT('Ctrl Pts',(0.978907837936969,-0.108914602531696,
0.93));
#6019=CARTESIAN_POINT('Ctrl Pts',(0.0653610041215822,-0.901516831459306,
0.55));
#6020=CARTESIAN_POINT('Ctrl Pts',(0.0614551816456785,-0.901981247590054,
0.55));
#6021=CARTESIAN_POINT('Ctrl Pts',(0.057547506832531,-0.902419549863064,
0.55));
#6022=CARTESIAN_POINT('Ctrl Pts',(0.0536382294827644,-0.902831692536476,
0.55));
#6023=CARTESIAN_POINT('Ctrl Pts',(0.0129206795417399,-0.907124414281705,
0.55));
#6024=CARTESIAN_POINT('Ctrl Pts',(-0.0279691611008728,-0.908583510439636,
0.55));
#6025=CARTESIAN_POINT('Ctrl Pts',(-0.0687495034945518,-0.907312755697826,
0.55));
#6026=CARTESIAN_POINT('Ctrl Pts',(-0.109969374560927,-0.906028304819294,
0.55));
#6027=CARTESIAN_POINT('Ctrl Pts',(-0.151078531530428,-0.901954815747794,
0.55));
#6028=CARTESIAN_POINT('Ctrl Pts',(-0.19179505023919,-0.895146580330861,
0.55));
#6029=CARTESIAN_POINT('Ctrl Pts',(-0.211799815159094,-0.891801570655321,
0.55));
#6030=CARTESIAN_POINT('Ctrl Pts',(-0.231709828349161,-0.887795611275846,
0.55));
#6031=CARTESIAN_POINT('Ctrl Pts',(-0.251491118505577,-0.883130561792117,
0.55));
#6032=CARTESIAN_POINT('Ctrl Pts',(-0.262292990600959,-0.880583141100978,
0.55));
#6033=CARTESIAN_POINT('Ctrl Pts',(-0.273056467154259,-0.877839136086465,
0.55));
#6034=CARTESIAN_POINT('Ctrl Pts',(-0.283775894903669,-0.874898475174563,
0.55));
#6035=CARTESIAN_POINT('Ctrl Pts',(-0.292283531297196,-0.872564575046686,
0.55));
#6036=CARTESIAN_POINT('Ctrl Pts',(-0.300755476701678,-0.870108911820745,
0.55));
#6037=CARTESIAN_POINT('Ctrl Pts',(-0.309183143682208,-0.867534007753826,
0.55));
#6038=CARTESIAN_POINT('Ctrl Pts',(-0.334519550467647,-0.859792978472099,
0.55));
#6039=CARTESIAN_POINT('Ctrl Pts',(-0.359472747509441,-0.850970234013006,
0.55));
#6040=CARTESIAN_POINT('Ctrl Pts',(-0.383970843380664,-0.841084724417889,
0.55));
#6041=CARTESIAN_POINT('Ctrl Pts',(-0.42263622520634,-0.825482409648375,
0.55));
#6042=CARTESIAN_POINT('Ctrl Pts',(-0.460169077524581,-0.807235320151258,
0.55));
#6043=CARTESIAN_POINT('Ctrl Pts',(-0.496356800029126,-0.786543304064816,
0.55));
#6044=CARTESIAN_POINT('Ctrl Pts',(-0.520271673453831,-0.772868861149899,
0.55));
#6045=CARTESIAN_POINT('Ctrl Pts',(-0.543598886915223,-0.758125514650967,
0.55));
#6046=CARTESIAN_POINT('Ctrl Pts',(-0.566271853078789,-0.742359592826329,
0.55));
#6047=CARTESIAN_POINT('Ctrl Pts',(-0.57678371413855,-0.735050042831677,
0.55));
#6048=CARTESIAN_POINT('Ctrl Pts',(-0.587154869020115,-0.727520570632094,
0.55));
#6049=CARTESIAN_POINT('Ctrl Pts',(-0.597378241661825,-0.719775220519074,
0.55));
#6050=CARTESIAN_POINT('Ctrl Pts',(-0.605102213578144,-0.713923446466454,
0.55));
#6051=CARTESIAN_POINT('Ctrl Pts',(-0.612742932480823,-0.707947327371354,
0.55));
#6052=CARTESIAN_POINT('Ctrl Pts',(-0.620281094832715,-0.70186215169633,
0.55));
#6053=CARTESIAN_POINT('Ctrl Pts',(-0.653322536418094,-0.675189473765403,
0.55));
#6054=CARTESIAN_POINT('Ctrl Pts',(-0.684468980237517,-0.646371190915644,
0.55));
#6055=CARTESIAN_POINT('Ctrl Pts',(-0.713504240126381,-0.615609369431341,
0.55));
#6056=CARTESIAN_POINT('Ctrl Pts',(-0.725810092205756,-0.602571758391284,
0.55));
#6057=CARTESIAN_POINT('Ctrl Pts',(-0.737736441699532,-0.589184451175989,
0.55));
#6058=CARTESIAN_POINT('Ctrl Pts',(-0.749265323753382,-0.575460449120123,
0.55));
#6059=CARTESIAN_POINT('Ctrl Pts',(-0.774197177865826,-0.545781524875991,
0.55));
#6060=CARTESIAN_POINT('Ctrl Pts',(-0.797272204071329,-0.514529450974242,
0.55));
#6061=CARTESIAN_POINT('Ctrl Pts',(-0.818401299238651,-0.481905238066071,
0.55));
#6062=CARTESIAN_POINT('Ctrl Pts',(-0.826364058460773,-0.469610402431047,
0.55));
#6063=CARTESIAN_POINT('Ctrl Pts',(-0.834050145669854,-0.457120461564236,
0.55));
#6064=CARTESIAN_POINT('Ctrl Pts',(-0.841453635099248,-0.444445462302832,
0.55));
#6065=CARTESIAN_POINT('Ctrl Pts',(-0.845668286166187,-0.437229851384496,
0.55));
#6066=CARTESIAN_POINT('Ctrl Pts',(-0.849791190101827,-0.429954272483517,
0.55));
#6067=CARTESIAN_POINT('Ctrl Pts',(-0.853814587405229,-0.422633274982848,
0.55));
#6068=CARTESIAN_POINT('Ctrl Pts',(-0.874413031154951,-0.385152225054744,
0.55));
#6069=CARTESIAN_POINT('Ctrl Pts',(-0.892454461112153,-0.346402883409734,
0.55));
#6070=CARTESIAN_POINT('Ctrl Pts',(-0.907850548103556,-0.306669497952059,
0.55));
#6071=CARTESIAN_POINT('Ctrl Pts',(-0.923310086410616,-0.266772360783691,
0.55));
#6072=CARTESIAN_POINT('Ctrl Pts',(-0.936103018273056,-0.225882024852712,
0.55));
#6073=CARTESIAN_POINT('Ctrl Pts',(-0.94609623032656,-0.184258725208598,
0.55));
#6074=CARTESIAN_POINT('Ctrl Pts',(-0.947974799490934,-0.176434189232347,
0.55));
#6075=CARTESIAN_POINT('Ctrl Pts',(-0.949754293256508,-0.168583699297173,
0.55));
#6076=CARTESIAN_POINT('Ctrl Pts',(-0.951433629060579,-0.160708922263265,
0.55));
#6077=CARTESIAN_POINT('Ctrl Pts',(-0.95643182528072,-0.137271274646908,
0.55));
#6078=CARTESIAN_POINT('Ctrl Pts',(-0.960543164629721,-0.113618512619626,
0.55));
#6079=CARTESIAN_POINT('Ctrl Pts',(-0.963767956144999,-0.0897989389813428,
0.55));
#6080=CARTESIAN_POINT('Ctrl Pts',(-0.964875952912466,-0.0816148407323206,
0.55));
#6081=CARTESIAN_POINT('Ctrl Pts',(-0.965878649586917,-0.0734149451167205,
0.55));
#6082=CARTESIAN_POINT('Ctrl Pts',(-0.966775549421858,-0.065209291643034,
0.55));
#6083=CARTESIAN_POINT('Ctrl Pts',(-0.971478708942504,-0.0221805210329767,
0.55));
#6084=CARTESIAN_POINT('Ctrl Pts',(-0.973285876631566,0.0210706792526039,
0.55));
#6085=CARTESIAN_POINT('Ctrl Pts',(-0.972252936198027,0.0642522192663723,
0.55));
#6086=CARTESIAN_POINT('Ctrl Pts',(-0.971260568860506,0.105737622008016,
0.55));
#6087=CARTESIAN_POINT('Ctrl Pts',(-0.96764652783986,0.147159767424015,0.55));
#6088=CARTESIAN_POINT('Ctrl Pts',(-0.961415994295114,0.1882650104402,0.55));
#6089=CARTESIAN_POINT('Ctrl Pts',(-0.959560437139294,0.20050683969489,0.55));
#6090=CARTESIAN_POINT('Ctrl Pts',(-0.95747251730903,0.212720543146799,0.55));
#6091=CARTESIAN_POINT('Ctrl Pts',(-0.955151623559743,0.224899315493604,
0.55));
#6092=CARTESIAN_POINT('Ctrl Pts',(-0.953578771639707,0.233152776245629,
0.55));
#6093=CARTESIAN_POINT('Ctrl Pts',(-0.951899386484112,0.241387332146422,
0.55));
#6094=CARTESIAN_POINT('Ctrl Pts',(-0.950115413228722,0.249592684494718,
0.55));
#6095=CARTESIAN_POINT('Ctrl Pts',(-0.945692738157242,0.269934697567996,
0.55));
#6096=CARTESIAN_POINT('Ctrl Pts',(-0.940624673457322,0.290112054765754,
0.55));
#6097=CARTESIAN_POINT('Ctrl Pts',(-0.934915490182519,0.310093576548727,
0.55));
#6098=CARTESIAN_POINT('Origin',(-4.63185536708313E-17,0.,0.55));
#6099=CARTESIAN_POINT('',(0.8938125,1.09460461716289E-16,0.55));
#6100=CARTESIAN_POINT('Origin',(0.,0.,0.55));
#6101=CARTESIAN_POINT('Origin',(0.,0.,0.4));
#6102=CARTESIAN_POINT('Origin',(0.,0.,0.095));
#6103=CARTESIAN_POINT('',(0.67,8.20513355428727E-17,0.08));
#6104=CARTESIAN_POINT('Origin',(0.,0.,0.08));
#6105=CARTESIAN_POINT('',(0.7,-8.57252759403147E-17,0.11));
#6106=CARTESIAN_POINT('',(0.685,-8.38883057415937E-17,0.095));
#6107=CARTESIAN_POINT('Origin',(0.,0.,0.11));
#6108=CARTESIAN_POINT('Origin',(0.,0.,0.08));
#6109=CARTESIAN_POINT('',(0.7,-8.57252759403147E-17,0.15));
#6110=CARTESIAN_POINT('Origin',(0.,0.,0.15));
#6111=CARTESIAN_POINT('',(0.7,8.57252759403147E-17,0.08));
#6112=CARTESIAN_POINT('Origin',(-6.00115360724146E-17,-1.32169407693471E-17,
0.08));
#6113=CARTESIAN_POINT('Origin',(0.,0.,0.15));
#6114=CARTESIAN_POINT('',(0.6,7.34788079488412E-17,0.36));
#6115=CARTESIAN_POINT('Origin',(0.,0.,0.36));
#6116=CARTESIAN_POINT('',(0.6,7.34788079488412E-17,0.15));
#6117=CARTESIAN_POINT('',(0.6,7.34788079488412E-17,0.15));
#6118=CARTESIAN_POINT('Origin',(0.,0.,0.15));
#6119=CARTESIAN_POINT('Origin',(-5.69972880335668E-17,-1.2335811384724E-17,
0.15));
#6120=CARTESIAN_POINT('Origin',(-5.69972880335668E-17,-1.2335811384724E-17,
0.36));
#6121=CARTESIAN_POINT('',(0.7,8.57252759403147E-17,0.36));
#6122=CARTESIAN_POINT('Origin',(0.,0.,0.36));
#6123=CARTESIAN_POINT('Origin',(0.,0.,0.08));
#6124=CARTESIAN_POINT('',(0.7,8.57252759403147E-17,0.4));
#6125=CARTESIAN_POINT('Origin',(0.,0.,0.4));
#6126=CARTESIAN_POINT('',(0.7,8.57252759403147E-17,0.08));
#6127=CARTESIAN_POINT('Origin',(0.,0.,0.4));
#6128=CARTESIAN_POINT('',(0.8938125,1.09460461716289E-16,0.4));
#6129=CARTESIAN_POINT('',(0.8938125,1.09460461716289E-16,0.4));
#6130=CARTESIAN_POINT('Origin',(0.,0.,0.4));
#6131=CARTESIAN_POINT('Origin',(-4.76233082842924E-17,0.,0.4));
#6132=CARTESIAN_POINT('',(0.,0.,0.));
#6133=CARTESIAN_POINT('Origin',(3.,1.2,0.));
#6134=CARTESIAN_POINT('',(3.,-1.2,0.));
#6135=CARTESIAN_POINT('',(3.,1.2,0.));
#6136=CARTESIAN_POINT('',(3.,-1.2,0.));
#6137=CARTESIAN_POINT('',(3.,-1.2,-0.017));
#6138=CARTESIAN_POINT('',(3.,-1.2,0.));
#6139=CARTESIAN_POINT('',(3.,1.2,-0.017));
#6140=CARTESIAN_POINT('',(3.,-1.2,-0.017));
#6141=CARTESIAN_POINT('',(3.,1.2,0.));
#6142=CARTESIAN_POINT('Origin',(-3.,1.2,0.));
#6143=CARTESIAN_POINT('',(-3.,1.2,0.));
#6144=CARTESIAN_POINT('',(3.,1.2,0.));
#6145=CARTESIAN_POINT('',(-3.,1.2,-0.017));
#6146=CARTESIAN_POINT('',(3.,1.2,-0.017));
#6147=CARTESIAN_POINT('',(-3.,1.2,0.));
#6148=CARTESIAN_POINT('Origin',(-3.,-1.2,0.));
#6149=CARTESIAN_POINT('',(-3.,-1.2,0.));
#6150=CARTESIAN_POINT('',(-3.,1.2,0.));
#6151=CARTESIAN_POINT('',(-3.,-1.2,-0.017));
#6152=CARTESIAN_POINT('',(-3.,1.2,-0.017));
#6153=CARTESIAN_POINT('',(-3.,-1.2,0.));
#6154=CARTESIAN_POINT('Origin',(3.,-1.2,0.));
#6155=CARTESIAN_POINT('',(-3.,-1.2,0.));
#6156=CARTESIAN_POINT('',(-3.,-1.2,-0.017));
#6157=CARTESIAN_POINT('Origin',(0.,0.,0.));
#6158=CARTESIAN_POINT('Origin',(0.,0.,-0.017));
#6159=CARTESIAN_POINT('',(0.,0.,0.));
#6160=CARTESIAN_POINT('Origin',(0.,0.,0.));
#6161=CARTESIAN_POINT('',(0.6,7.34788079488412E-17,0.017));
#6162=CARTESIAN_POINT('Origin',(0.,0.,0.017));
#6163=CARTESIAN_POINT('',(0.6,7.34788079488412E-17,0.));
#6164=CARTESIAN_POINT('',(0.6,7.34788079488412E-17,0.));
#6165=CARTESIAN_POINT('Origin',(0.,0.,0.));
#6166=CARTESIAN_POINT('Origin',(-3.69627624575467E-17,0.,0.));
#6167=CARTESIAN_POINT('Origin',(-3.69627624575467E-17,0.,0.017));
#6168=CARTESIAN_POINT('',(0.,0.,0.));
#6169=CARTESIAN_POINT('Origin',(0.,0.75,0.));
#6170=CARTESIAN_POINT('',(-7.34788079488412E-16,0.75,6.));
#6171=CARTESIAN_POINT('Origin',(-8.26636589424463E-16,0.75,6.75));
#6172=CARTESIAN_POINT('Origin',(0.,0.75,0.));
#6173=CARTESIAN_POINT('',(0.,0.,0.));
#6174=CARTESIAN_POINT('',(0.,0.,0.));
#6175=CARTESIAN_POINT('',(0.,0.,0.));
#6176=CARTESIAN_POINT('',(0.,0.,0.08));
#6177=CARTESIAN_POINT('',(0.,0.,0.18));
#6178=UNCERTAINTY_MEASURE_WITH_UNIT(LENGTH_MEASURE(0.001),#6192,
'DISTANCE_ACCURACY_VALUE',
'Maximum model space distance between geometric entities at asserted c
onnectivities');
#6179=UNCERTAINTY_MEASURE_WITH_UNIT(LENGTH_MEASURE(0.001),#6192,
'DISTANCE_ACCURACY_VALUE',
'Maximum model space distance between geometric entities at asserted c
onnectivities');
#6180=UNCERTAINTY_MEASURE_WITH_UNIT(LENGTH_MEASURE(0.001),#6192,
'DISTANCE_ACCURACY_VALUE',
'Maximum model space distance between geometric entities at asserted c
onnectivities');
#6181=UNCERTAINTY_MEASURE_WITH_UNIT(LENGTH_MEASURE(0.001),#6192,
'DISTANCE_ACCURACY_VALUE',
'Maximum model space distance between geometric entities at asserted c
onnectivities');
#6182=UNCERTAINTY_MEASURE_WITH_UNIT(LENGTH_MEASURE(0.001),#6192,
'DISTANCE_ACCURACY_VALUE',
'Maximum model space distance between geometric entities at asserted c
onnectivities');
#6183=UNCERTAINTY_MEASURE_WITH_UNIT(LENGTH_MEASURE(0.01),#6193,
'DISTANCE_ACCURACY_VALUE',
'Maximum model space distance between geometric entities at asserted c
onnectivities');
#6184=UNCERTAINTY_MEASURE_WITH_UNIT(LENGTH_MEASURE(0.001),#6192,
'DISTANCE_ACCURACY_VALUE',
'Maximum model space distance between geometric entities at asserted c
onnectivities');
#6185=(
GEOMETRIC_REPRESENTATION_CONTEXT(3)
GLOBAL_UNCERTAINTY_ASSIGNED_CONTEXT((#6178))
GLOBAL_UNIT_ASSIGNED_CONTEXT((#6192,#6194,#6195))
REPRESENTATION_CONTEXT('','3D')
);
#6186=(
GEOMETRIC_REPRESENTATION_CONTEXT(3)
GLOBAL_UNCERTAINTY_ASSIGNED_CONTEXT((#6179))
GLOBAL_UNIT_ASSIGNED_CONTEXT((#6192,#6194,#6195))
REPRESENTATION_CONTEXT('','3D')
);
#6187=(
GEOMETRIC_REPRESENTATION_CONTEXT(3)
GLOBAL_UNCERTAINTY_ASSIGNED_CONTEXT((#6180))
GLOBAL_UNIT_ASSIGNED_CONTEXT((#6192,#6194,#6195))
REPRESENTATION_CONTEXT('','3D')
);
#6188=(
GEOMETRIC_REPRESENTATION_CONTEXT(3)
GLOBAL_UNCERTAINTY_ASSIGNED_CONTEXT((#6181))
GLOBAL_UNIT_ASSIGNED_CONTEXT((#6192,#6194,#6195))
REPRESENTATION_CONTEXT('','3D')
);
#6189=(
GEOMETRIC_REPRESENTATION_CONTEXT(3)
GLOBAL_UNCERTAINTY_ASSIGNED_CONTEXT((#6182))
GLOBAL_UNIT_ASSIGNED_CONTEXT((#6192,#6194,#6195))
REPRESENTATION_CONTEXT('','3D')
);
#6190=(
GEOMETRIC_REPRESENTATION_CONTEXT(3)
GLOBAL_UNCERTAINTY_ASSIGNED_CONTEXT((#6183))
GLOBAL_UNIT_ASSIGNED_CONTEXT((#6193,#6194,#6195))
REPRESENTATION_CONTEXT('','3D')
);
#6191=(
GEOMETRIC_REPRESENTATION_CONTEXT(3)
GLOBAL_UNCERTAINTY_ASSIGNED_CONTEXT((#6184))
GLOBAL_UNIT_ASSIGNED_CONTEXT((#6192,#6194,#6195))
REPRESENTATION_CONTEXT('','3D')
);
#6192=(
LENGTH_UNIT()
NAMED_UNIT(*)
SI_UNIT(.CENTI.,.METRE.)
);
#6193=(
LENGTH_UNIT()
NAMED_UNIT(*)
SI_UNIT(.MILLI.,.METRE.)
);
#6194=(
NAMED_UNIT(*)
PLANE_ANGLE_UNIT()
SI_UNIT($,.RADIAN.)
);
#6195=(
NAMED_UNIT(*)
SI_UNIT($,.STERADIAN.)
SOLID_ANGLE_UNIT()
);
#6196=SHAPE_DEFINITION_REPRESENTATION(#6202,#6213);
#6197=SHAPE_DEFINITION_REPRESENTATION(#6203,#6214);
#6198=SHAPE_DEFINITION_REPRESENTATION(#6204,#6215);
#6199=SHAPE_DEFINITION_REPRESENTATION(#6205,#6216);
#6200=SHAPE_DEFINITION_REPRESENTATION(#6206,#6217);
#6201=SHAPE_DEFINITION_REPRESENTATION(#6207,#6218);
#6202=PRODUCT_DEFINITION_SHAPE('',$,#6220);
#6203=PRODUCT_DEFINITION_SHAPE('',$,#6221);
#6204=PRODUCT_DEFINITION_SHAPE('',$,#6222);
#6205=PRODUCT_DEFINITION_SHAPE('',$,#6223);
#6206=PRODUCT_DEFINITION_SHAPE('',$,#6224);
#6207=PRODUCT_DEFINITION_SHAPE('',$,#6225);
#6208=PRODUCT_DEFINITION_SHAPE($,$,#26);
#6209=PRODUCT_DEFINITION_SHAPE($,$,#27);
#6210=PRODUCT_DEFINITION_SHAPE($,$,#28);
#6211=PRODUCT_DEFINITION_SHAPE($,$,#29);
#6212=PRODUCT_DEFINITION_SHAPE($,$,#30);
#6213=SHAPE_REPRESENTATION('',(#2576,#2856,#2857,#2858,#2859,#2860),#6185);
#6214=SHAPE_REPRESENTATION('',(#2577),#6186);
#6215=SHAPE_REPRESENTATION('',(#2669),#6187);
#6216=SHAPE_REPRESENTATION('',(#2839),#6188);
#6217=SHAPE_REPRESENTATION('',(#2846),#6189);
#6218=SHAPE_REPRESENTATION('',(#2852),#6190);
#6219=PRODUCT_DEFINITION_CONTEXT('part definition',#6239,'design');
#6220=PRODUCT_DEFINITION('ASS - 9300 - MFLEAF - V04 - A',
'ASS - 9300 - MFLEAF - V04 - A',#6226,#6219);
#6221=PRODUCT_DEFINITION('PRT - 9301 - MFLEAFCHIP - V04 - A',
'PRT - 9301 - MFLEAFCHIP - V04 - A',#6227,#6219);
#6222=PRODUCT_DEFINITION('PRT - 9302 - MFLEAFPLUG - V04',
'PRT - 9302 - MFLEAFPLUG - V04',#6228,#6219);
#6223=PRODUCT_DEFINITION('BUY - Cover glass - 24 x 60 x 0.17',
'BUY - Cover glass - 24 x 60 x 0.17',#6229,#6219);
#6224=PRODUCT_DEFINITION('BUY - Cover glass - D12 x 0.17',
'BUY - Cover glass - D12 x 0.17',#6230,#6219);
#6225=PRODUCT_DEFINITION('ISO 3601-1 - O-ring - 12 x 1.5 - NBR70',
'ISO 3601-1 - O-ring - 12 x 1.5 - NBR70',#6231,#6219);
#6226=PRODUCT_DEFINITION_FORMATION('',$,#6241);
#6227=PRODUCT_DEFINITION_FORMATION('',$,#6242);
#6228=PRODUCT_DEFINITION_FORMATION('',$,#6243);
#6229=PRODUCT_DEFINITION_FORMATION('',$,#6244);
#6230=PRODUCT_DEFINITION_FORMATION('',$,#6245);
#6231=PRODUCT_DEFINITION_FORMATION('',$,#6246);
#6232=PRODUCT_RELATED_PRODUCT_CATEGORY('ASS - 9300 - MFLEAF - V04 - A',
'ASS - 9300 - MFLEAF - V04 - A',(#6241));
#6233=PRODUCT_RELATED_PRODUCT_CATEGORY(
'PRT - 9301 - MFLEAFCHIP - V04 - A','PRT - 9301 - MFLEAFCHIP - V04 - A',
(#6242));
#6234=PRODUCT_RELATED_PRODUCT_CATEGORY('PRT - 9302 - MFLEAFPLUG - V04',
'PRT - 9302 - MFLEAFPLUG - V04',(#6243));
#6235=PRODUCT_RELATED_PRODUCT_CATEGORY(
'BUY - Cover glass - 24 x 60 x 0.17',
'BUY - Cover glass - 24 x 60 x 0.17',(#6244));
#6236=PRODUCT_RELATED_PRODUCT_CATEGORY('BUY - Cover glass - D12 x 0.17',
'BUY - Cover glass - D12 x 0.17',(#6245));
#6237=PRODUCT_RELATED_PRODUCT_CATEGORY(
'ISO 3601-1 - O-ring - 12 x 1.5 - NBR70',
'ISO 3601-1 - O-ring - 12 x 1.5 - NBR70',(#6246));
#6238=APPLICATION_PROTOCOL_DEFINITION('international standard',
'automotive_design',2009,#6239);
#6239=APPLICATION_CONTEXT(
'Core Data for Automotive Mechanical Design Process');
#6240=PRODUCT_CONTEXT('part definition',#6239,'mechanical');
#6241=PRODUCT('ASS - 9300 - MFLEAF - V04 - A',
'ASS - 9300 - MFLEAF - V04 - A',$,(#6240));
#6242=PRODUCT('PRT - 9301 - MFLEAFCHIP - V04 - A',
'PRT - 9301 - MFLEAFCHIP - V04 - A',
'Leaf chamber chip A (luer inlet -> chamber -> open reservoir), print 
in black resin',(#6240));
#6243=PRODUCT('PRT - 9302 - MFLEAFPLUG - V04',
'PRT - 9302 - MFLEAFPLUG - V04',
'Leaf chamber screw plug: window D12 glued in the stub, O-ring 12 x 1.
5 on the stub',(#6240));
#6244=PRODUCT('BUY - Cover glass - 24 x 60 x 0.17',
'BUY - Cover glass - 24 x 60 x 0.17','Cover glass 24 x 60 mm, 0.17 mm',
(#6240));
#6245=PRODUCT('BUY - Cover glass - D12 x 0.17',
'BUY - Cover glass - D12 x 0.17','Round cover glass D12 mm, 0.17 mm',(#6240));
#6246=PRODUCT('ISO 3601-1 - O-ring - 12 x 1.5 - NBR70',
'ISO 3601-1 - O-ring - 12 x 1.5 - NBR70','O-ring',(#6240));
ENDSEC;
END-ISO-10303-21;
