ISO-10303-21;
HEADER;
/* Generated by software containing ST-Developer
 * from STEP Tools, Inc. (www.steptools.com) 
 */

FILE_DESCRIPTION(
/* description */ (
'Leaf chamber chip A (luer inlet -> chamber -> open reservoir), print 
in black resin'),
/* implementation_level */ '2;1');

FILE_NAME(
/* name */ 'PRT - 9301 - MFLEAFCHIP - V04 - A.stp',
/* time_stamp */ '2026-10-05T09:17:49+02:00',
/* author */ ('benir'),
/* organization */ (''),
/* preprocessor_version */ 'ST-DEVELOPER v20',
/* originating_system */ 'Autodesk Inventor 2025',
/* authorisation */ '');

FILE_SCHEMA (('AUTOMOTIVE_DESIGN { 1 0 10303 214 3 1 1 }'));
ENDSEC;

DATA;
#10=MECHANICAL_DESIGN_GEOMETRIC_PRESENTATION_REPRESENTATION('',(#13),#2616);
#11=SHAPE_REPRESENTATION_RELATIONSHIP('SRR','None',#2622,#12);
#12=ADVANCED_BREP_SHAPE_REPRESENTATION('',(#14),#2615);
#13=STYLED_ITEM('',(#2631),#14);
#14=MANIFOLD_SOLID_BREP('Solid1',#1030);
#15=B_SPLINE_SURFACE_WITH_KNOTS('',3,3,((#1656,#1657,#1658,#1659,#1660,
#1661,#1662,#1663,#1664,#1665,#1666,#1667,#1668,#1669,#1670,#1671,#1672,
#1673,#1674,#1675,#1676,#1677,#1678,#1679,#1680,#1681,#1682,#1683,#1684,
#1685,#1686,#1687,#1688,#1689,#1690,#1691,#1692),(#1693,#1694,#1695,#1696,
#1697,#1698,#1699,#1700,#1701,#1702,#1703,#1704,#1705,#1706,#1707,#1708,
#1709,#1710,#1711,#1712,#1713,#1714,#1715,#1716,#1717,#1718,#1719,#1720,
#1721,#1722,#1723,#1724,#1725,#1726,#1727,#1728,#1729),(#1730,#1731,#1732,
#1733,#1734,#1735,#1736,#1737,#1738,#1739,#1740,#1741,#1742,#1743,#1744,
#1745,#1746,#1747,#1748,#1749,#1750,#1751,#1752,#1753,#1754,#1755,#1756,
#1757,#1758,#1759,#1760,#1761,#1762,#1763,#1764,#1765,#1766),(#1767,#1768,
#1769,#1770,#1771,#1772,#1773,#1774,#1775,#1776,#1777,#1778,#1779,#1780,
#1781,#1782,#1783,#1784,#1785,#1786,#1787,#1788,#1789,#1790,#1791,#1792,
#1793,#1794,#1795,#1796,#1797,#1798,#1799,#1800,#1801,#1802,#1803)),
 .UNSPECIFIED.,.F.,.F.,.F.,(4,4),(4,1,1,1,1,1,1,1,1,1,1,1,1,1,1,1,1,1,1,
1,1,1,1,1,1,1,1,1,1,1,1,1,1,1,4),(0.0115470040378444,0.105294243070096),
(0.,0.491077620596906,0.982155241193812,1.47323286179072,1.96431048238762,
2.45538810298453,2.94646572358144,3.43754334417834,3.92862096477525,4.41969858537215,
4.91077620596906,5.40185382656597,5.89293144716287,6.38400906775978,6.87508668835668,
7.36616430895359,7.85724192955049,8.3483195501474,8.83939717074431,9.33047479134121,
9.82155241193812,10.312630032535,10.8037076531319,11.2947852737288,11.7858628943257,
12.2769405149226,12.7680181355196,13.2590957561165,13.7501733767134,14.2412509973103,
14.7323286179072,15.2234062385041,15.714483859101,16.2055614796979,16.6966391002948),
 .UNSPECIFIED.);
#16=B_SPLINE_SURFACE_WITH_KNOTS('',3,3,((#2052,#2053,#2054,#2055,#2056,
#2057,#2058,#2059,#2060,#2061,#2062,#2063,#2064,#2065,#2066,#2067,#2068,
#2069,#2070,#2071,#2072,#2073,#2074,#2075,#2076,#2077,#2078,#2079,#2080,
#2081,#2082,#2083,#2084,#2085,#2086,#2087,#2088,#2089,#2090),(#2091,#2092,
#2093,#2094,#2095,#2096,#2097,#2098,#2099,#2100,#2101,#2102,#2103,#2104,
#2105,#2106,#2107,#2108,#2109,#2110,#2111,#2112,#2113,#2114,#2115,#2116,
#2117,#2118,#2119,#2120,#2121,#2122,#2123,#2124,#2125,#2126,#2127,#2128,
#2129),(#2130,#2131,#2132,#2133,#2134,#2135,#2136,#2137,#2138,#2139,#2140,
#2141,#2142,#2143,#2144,#2145,#2146,#2147,#2148,#2149,#2150,#2151,#2152,
#2153,#2154,#2155,#2156,#2157,#2158,#2159,#2160,#2161,#2162,#2163,#2164,
#2165,#2166,#2167,#2168),(#2169,#2170,#2171,#2172,#2173,#2174,#2175,#2176,
#2177,#2178,#2179,#2180,#2181,#2182,#2183,#2184,#2185,#2186,#2187,#2188,
#2189,#2190,#2191,#2192,#2193,#2194,#2195,#2196,#2197,#2198,#2199,#2200,
#2201,#2202,#2203,#2204,#2205,#2206,#2207)),.UNSPECIFIED.,.F.,.F.,.F.,(4,
4),(4,1,1,1,1,1,1,1,1,1,1,1,1,1,1,1,1,1,1,1,1,1,1,1,1,1,1,1,1,1,1,1,1,1,
1,1,4),(0.,0.0937472390322513),(0.,0.499845426255074,0.999690852510147,
1.49953627876522,1.99938170502029,2.49922713127537,2.99907255753044,3.49891798378551,
3.99876341004059,4.49860883629566,4.99845426255074,5.49829968880581,5.99814511506088,
6.49799054131596,6.99783596757103,7.4976813938261,7.99752682008118,8.49737224633625,
8.99721767259132,9.4970630988464,9.99690852510147,10.4967539513565,10.9965993776116,
11.4964448038667,11.9962902301218,12.4961356563768,12.9959810826319,13.495826508887,
13.9956719351421,14.4955173613971,14.9953627876522,15.4952082139073,15.9950536401624,
16.4948990664174,16.9947444926725,17.4945899189276,17.9944353451826),
 .UNSPECIFIED.);
#17=B_SPLINE_SURFACE_WITH_KNOTS('',3,3,((#2312,#2313,#2314,#2315,#2316,
#2317,#2318),(#2319,#2320,#2321,#2322,#2323,#2324,#2325),(#2326,#2327,#2328,
#2329,#2330,#2331,#2332),(#2333,#2334,#2335,#2336,#2337,#2338,#2339)),
 .UNSPECIFIED.,.F.,.F.,.F.,(4,4),(4,1,1,1,4),(0.,0.0605753968061689),(0.,
0.785398163397448,1.5707963267949,2.35619449019234,3.14159265358979),
 .UNSPECIFIED.);
#18=B_SPLINE_SURFACE_WITH_KNOTS('',3,3,((#2373,#2374,#2375,#2376,#2377,
#2378,#2379),(#2380,#2381,#2382,#2383,#2384,#2385,#2386),(#2387,#2388,#2389,
#2390,#2391,#2392,#2393),(#2394,#2395,#2396,#2397,#2398,#2399,#2400)),
 .UNSPECIFIED.,.F.,.F.,.F.,(4,4),(4,1,1,1,4),(0.0110137085102128,0.0715891053163817),
(0.,0.785398163397448,1.5707963267949,2.35619449019234,3.14159265358979),
 .UNSPECIFIED.);
#19=B_SPLINE_SURFACE_WITH_KNOTS('',3,3,((#2421,#2422,#2423,#2424,#2425,
#2426,#2427),(#2428,#2429,#2430,#2431,#2432,#2433,#2434),(#2435,#2436,#2437,
#2438,#2439,#2440,#2441),(#2442,#2443,#2444,#2445,#2446,#2447,#2448)),
 .UNSPECIFIED.,.F.,.F.,.F.,(4,4),(4,1,1,1,4),(0.,0.0605753968061689),(0.,
0.785398163397448,1.5707963267949,2.35619449019234,3.14159265358979),
 .UNSPECIFIED.);
#20=B_SPLINE_SURFACE_WITH_KNOTS('',3,3,((#2482,#2483,#2484,#2485,#2486,
#2487,#2488),(#2489,#2490,#2491,#2492,#2493,#2494,#2495),(#2496,#2497,#2498,
#2499,#2500,#2501,#2502),(#2503,#2504,#2505,#2506,#2507,#2508,#2509)),
 .UNSPECIFIED.,.F.,.F.,.F.,(4,4),(4,1,1,1,4),(0.0110137085102128,0.0715891053163817),
(0.,0.785398163397448,1.5707963267949,2.35619449019234,3.14159265358979),
 .UNSPECIFIED.);
#21=CONICAL_SURFACE('',#1077,0.2145,0.0299910397345698);
#22=CONICAL_SURFACE('',#1088,0.9638125,0.785398163397448);
#23=CONICAL_SURFACE('',#1090,0.745,0.785398163397448);
#24=FACE_BOUND('',#130,.T.);
#25=FACE_BOUND('',#138,.T.);
#26=FACE_BOUND('',#141,.T.);
#27=FACE_BOUND('',#150,.T.);
#28=FACE_BOUND('',#153,.T.);
#29=FACE_BOUND('',#166,.T.);
#30=FACE_BOUND('',#169,.T.);
#31=FACE_BOUND('',#172,.T.);
#32=FACE_BOUND('',#182,.T.);
#33=FACE_BOUND('',#183,.T.);
#34=FACE_BOUND('',#184,.T.);
#35=PLANE('',#1060);
#36=PLANE('',#1067);
#37=PLANE('',#1070);
#38=PLANE('',#1071);
#39=PLANE('',#1072);
#40=PLANE('',#1073);
#41=PLANE('',#1076);
#42=PLANE('',#1080);
#43=PLANE('',#1084);
#44=PLANE('',#1085);
#45=PLANE('',#1093);
#46=PLANE('',#1095);
#47=PLANE('',#1097);
#48=PLANE('',#1099);
#49=PLANE('',#1100);
#50=PLANE('',#1102);
#51=PLANE('',#1106);
#52=PLANE('',#1110);
#53=PLANE('',#1114);
#54=PLANE('',#1117);
#55=PLANE('',#1118);
#56=PLANE('',#1119);
#57=PLANE('',#1120);
#58=PLANE('',#1123);
#59=PLANE('',#1128);
#60=PLANE('',#1129);
#61=PLANE('',#1136);
#62=PLANE('',#1137);
#63=FACE_OUTER_BOUND('',#121,.T.);
#64=FACE_OUTER_BOUND('',#122,.T.);
#65=FACE_OUTER_BOUND('',#123,.T.);
#66=FACE_OUTER_BOUND('',#124,.T.);
#67=FACE_OUTER_BOUND('',#125,.T.);
#68=FACE_OUTER_BOUND('',#126,.T.);
#69=FACE_OUTER_BOUND('',#127,.T.);
#70=FACE_OUTER_BOUND('',#128,.T.);
#71=FACE_OUTER_BOUND('',#129,.T.);
#72=FACE_OUTER_BOUND('',#131,.T.);
#73=FACE_OUTER_BOUND('',#132,.T.);
#74=FACE_OUTER_BOUND('',#133,.T.);
#75=FACE_OUTER_BOUND('',#134,.T.);
#76=FACE_OUTER_BOUND('',#135,.T.);
#77=FACE_OUTER_BOUND('',#136,.T.);
#78=FACE_OUTER_BOUND('',#137,.T.);
#79=FACE_OUTER_BOUND('',#139,.T.);
#80=FACE_OUTER_BOUND('',#140,.T.);
#81=FACE_OUTER_BOUND('',#142,.T.);
#82=FACE_OUTER_BOUND('',#143,.T.);
#83=FACE_OUTER_BOUND('',#144,.T.);
#84=FACE_OUTER_BOUND('',#145,.T.);
#85=FACE_OUTER_BOUND('',#146,.T.);
#86=FACE_OUTER_BOUND('',#147,.T.);
#87=FACE_OUTER_BOUND('',#148,.T.);
#88=FACE_OUTER_BOUND('',#149,.T.);
#89=FACE_OUTER_BOUND('',#151,.T.);
#90=FACE_OUTER_BOUND('',#152,.T.);
#91=FACE_OUTER_BOUND('',#154,.T.);
#92=FACE_OUTER_BOUND('',#155,.T.);
#93=FACE_OUTER_BOUND('',#156,.T.);
#94=FACE_OUTER_BOUND('',#157,.T.);
#95=FACE_OUTER_BOUND('',#158,.T.);
#96=FACE_OUTER_BOUND('',#159,.T.);
#97=FACE_OUTER_BOUND('',#160,.T.);
#98=FACE_OUTER_BOUND('',#161,.T.);
#99=FACE_OUTER_BOUND('',#162,.T.);
#100=FACE_OUTER_BOUND('',#163,.T.);
#101=FACE_OUTER_BOUND('',#164,.T.);
#102=FACE_OUTER_BOUND('',#165,.T.);
#103=FACE_OUTER_BOUND('',#167,.T.);
#104=FACE_OUTER_BOUND('',#168,.T.);
#105=FACE_OUTER_BOUND('',#170,.T.);
#106=FACE_OUTER_BOUND('',#171,.T.);
#107=FACE_OUTER_BOUND('',#173,.T.);
#108=FACE_OUTER_BOUND('',#174,.T.);
#109=FACE_OUTER_BOUND('',#175,.T.);
#110=FACE_OUTER_BOUND('',#176,.T.);
#111=FACE_OUTER_BOUND('',#177,.T.);
#112=FACE_OUTER_BOUND('',#178,.T.);
#113=FACE_OUTER_BOUND('',#179,.T.);
#114=FACE_OUTER_BOUND('',#180,.T.);
#115=FACE_OUTER_BOUND('',#181,.T.);
#116=FACE_OUTER_BOUND('',#185,.T.);
#117=FACE_OUTER_BOUND('',#186,.T.);
#118=FACE_OUTER_BOUND('',#187,.T.);
#119=FACE_OUTER_BOUND('',#188,.T.);
#120=FACE_OUTER_BOUND('',#189,.T.);
#121=EDGE_LOOP('',(#659,#660,#661,#662));
#122=EDGE_LOOP('',(#663,#664,#665,#666,#667,#668));
#123=EDGE_LOOP('',(#669,#670,#671,#672));
#124=EDGE_LOOP('',(#673,#674,#675,#676));
#125=EDGE_LOOP('',(#677,#678,#679,#680));
#126=EDGE_LOOP('',(#681,#682,#683,#684,#685,#686,#687,#688));
#127=EDGE_LOOP('',(#689,#690,#691,#692,#693));
#128=EDGE_LOOP('',(#694,#695,#696,#697,#698,#699,#700,#701));
#129=EDGE_LOOP('',(#702,#703,#704,#705));
#130=EDGE_LOOP('',(#706,#707,#708,#709,#710,#711,#712,#713,#714));
#131=EDGE_LOOP('',(#715,#716,#717,#718));
#132=EDGE_LOOP('',(#719,#720,#721,#722));
#133=EDGE_LOOP('',(#723,#724,#725,#726));
#134=EDGE_LOOP('',(#727,#728,#729,#730,#731));
#135=EDGE_LOOP('',(#732,#733,#734,#735));
#136=EDGE_LOOP('',(#736,#737,#738,#739));
#137=EDGE_LOOP('',(#740));
#138=EDGE_LOOP('',(#741));
#139=EDGE_LOOP('',(#742,#743,#744,#745));
#140=EDGE_LOOP('',(#746));
#141=EDGE_LOOP('',(#747));
#142=EDGE_LOOP('',(#748,#749,#750,#751,#752,#753,#754,#755,#756));
#143=EDGE_LOOP('',(#757,#758,#759,#760));
#144=EDGE_LOOP('',(#761,#762,#763,#764));
#145=EDGE_LOOP('',(#765,#766,#767,#768,#769,#770,#771,#772,#773,#774));
#146=EDGE_LOOP('',(#775,#776,#777,#778));
#147=EDGE_LOOP('',(#779,#780,#781,#782));
#148=EDGE_LOOP('',(#783,#784,#785,#786));
#149=EDGE_LOOP('',(#787));
#150=EDGE_LOOP('',(#788));
#151=EDGE_LOOP('',(#789,#790,#791,#792,#793,#794,#795,#796,#797,#798,#799,
#800));
#152=EDGE_LOOP('',(#801));
#153=EDGE_LOOP('',(#802,#803,#804,#805));
#154=EDGE_LOOP('',(#806,#807,#808,#809));
#155=EDGE_LOOP('',(#810,#811,#812,#813));
#156=EDGE_LOOP('',(#814,#815,#816,#817));
#157=EDGE_LOOP('',(#818,#819,#820,#821));
#158=EDGE_LOOP('',(#822,#823,#824,#825));
#159=EDGE_LOOP('',(#826,#827,#828,#829));
#160=EDGE_LOOP('',(#830,#831,#832,#833));
#161=EDGE_LOOP('',(#834,#835,#836,#837));
#162=EDGE_LOOP('',(#838,#839,#840,#841));
#163=EDGE_LOOP('',(#842,#843,#844,#845));
#164=EDGE_LOOP('',(#846,#847,#848,#849,#850,#851,#852,#853,#854,#855,#856,
#857,#858,#859,#860,#861));
#165=EDGE_LOOP('',(#862));
#166=EDGE_LOOP('',(#863));
#167=EDGE_LOOP('',(#864,#865,#866,#867));
#168=EDGE_LOOP('',(#868));
#169=EDGE_LOOP('',(#869));
#170=EDGE_LOOP('',(#870,#871,#872,#873));
#171=EDGE_LOOP('',(#874));
#172=EDGE_LOOP('',(#875));
#173=EDGE_LOOP('',(#876,#877,#878,#879));
#174=EDGE_LOOP('',(#880,#881,#882,#883));
#175=EDGE_LOOP('',(#884,#885,#886,#887));
#176=EDGE_LOOP('',(#888,#889,#890,#891,#892,#893,#894,#895));
#177=EDGE_LOOP('',(#896,#897,#898,#899,#900,#901));
#178=EDGE_LOOP('',(#902,#903,#904,#905,#906,#907));
#179=EDGE_LOOP('',(#908,#909,#910,#911));
#180=EDGE_LOOP('',(#912,#913,#914,#915,#916,#917,#918,#919));
#181=EDGE_LOOP('',(#920,#921,#922,#923,#924,#925,#926,#927));
#182=EDGE_LOOP('',(#928));
#183=EDGE_LOOP('',(#929));
#184=EDGE_LOOP('',(#930));
#185=EDGE_LOOP('',(#931,#932,#933,#934));
#186=EDGE_LOOP('',(#935,#936,#937,#938));
#187=EDGE_LOOP('',(#939,#940,#941,#942));
#188=EDGE_LOOP('',(#943,#944,#945,#946));
#189=EDGE_LOOP('',(#947,#948,#949,#950));
#190=CIRCLE('',#1048,0.9338125);
#191=CIRCLE('',#1050,0.9338125);
#192=CIRCLE('',#1052,1.015);
#193=CIRCLE('',#1056,0.0499999999999998);
#194=CIRCLE('',#1057,0.0499999999999998);
#195=CIRCLE('',#1058,0.0499999999999998);
#196=CIRCLE('',#1059,0.0499999999999998);
#197=CIRCLE('',#1061,0.715);
#198=CIRCLE('',#1063,0.0499999999999998);
#199=CIRCLE('',#1064,0.0499999999999998);
#200=CIRCLE('',#1065,0.0499999999999998);
#201=CIRCLE('',#1066,0.0499999999999998);
#202=CIRCLE('',#1068,0.715);
#203=CIRCLE('',#1069,0.715);
#204=CIRCLE('',#1074,0.715);
#205=CIRCLE('',#1075,0.715);
#206=CIRCLE('',#1078,0.2145);
#207=CIRCLE('',#1079,0.190499972072735);
#208=CIRCLE('',#1082,0.8);
#209=CIRCLE('',#1083,0.8);
#210=CIRCLE('',#1089,0.9938125);
#211=CIRCLE('',#1091,0.715);
#212=CIRCLE('',#1092,0.775);
#213=CIRCLE('',#1096,1.2);
#214=CIRCLE('',#1104,0.3365);
#215=CIRCLE('',#1105,0.3365);
#216=CIRCLE('',#1108,0.5);
#217=CIRCLE('',#1109,0.5);
#218=CIRCLE('',#1112,0.95);
#219=CIRCLE('',#1113,0.95);
#220=CIRCLE('',#1116,1.2);
#221=CIRCLE('',#1121,0.1);
#222=CIRCLE('',#1122,0.1);
#223=CIRCLE('',#1124,0.1);
#224=CIRCLE('',#1125,0.1);
#225=CIRCLE('',#1127,0.1);
#226=CIRCLE('',#1130,0.1);
#227=CIRCLE('',#1131,0.1);
#228=CIRCLE('',#1132,0.1);
#229=B_SPLINE_CURVE_WITH_KNOTS('',3,(#1410,#1411,#1412,#1413,#1414,#1415,
#1416,#1417,#1418,#1419,#1420,#1421),.UNSPECIFIED.,.F.,.F.,(4,1,1,1,1,1,
1,1,1,4),(12.5663706143592,12.9959810826319,13.495826508887,13.9956719351421,
14.4955173613971,14.9953627876522,15.4952082139073,15.9950536401624,16.4948990664174,
16.9322000371509),.UNSPECIFIED.);
#230=B_SPLINE_CURVE_WITH_KNOTS('',3,(#1424,#1425,#1426,#1427,#1428,#1429,
#1430,#1431,#1432,#1433,#1434,#1435,#1436,#1437,#1438,#1439,#1440,#1441,
#1442,#1443,#1444,#1445,#1446,#1447,#1448,#1449,#1450,#1451,#1452,#1453,
#1454,#1455,#1456,#1457,#1458,#1459,#1460,#1461,#1462,#1463),
 .UNSPECIFIED.,.F.,.F.,(4,3,3,3,3,3,3,3,3,3,3,3,3,4),(-12.2199280810925,
-11.7858628943257,-11.2947852737288,-10.8037076531319,-10.312630032535,
-9.82155241193812,-9.33047479134121,-8.83939717074431,-8.3483195501474,
-7.85724192955049,-7.36616430895359,-6.87508668835668,-6.38400906775978,
-6.28318530717959),.UNSPECIFIED.);
#231=B_SPLINE_CURVE_WITH_KNOTS('',3,(#1473,#1474,#1475,#1476,#1477,#1478,
#1479,#1480,#1481,#1482,#1483,#1484,#1485,#1486,#1487,#1488),
 .UNSPECIFIED.,.F.,.F.,(4,1,1,1,1,1,1,1,1,1,1,1,1,4),(0.,0.499845426255074,
0.999690852510147,1.49953627876522,1.99938170502029,2.49922713127537,2.99907255753044,
3.49891798378551,3.99876341004059,4.49860883629566,4.99845426255074,5.49829968880581,
5.99814511506088,6.28318530717959),.UNSPECIFIED.);
#232=B_SPLINE_CURVE_WITH_KNOTS('',3,(#1494,#1495,#1496,#1497,#1498,#1499),
 .UNSPECIFIED.,.F.,.F.,(4,1,1,4),(15.707963267949,15.714483859101,16.2055614796979,
16.6966391002948),.UNSPECIFIED.);
#233=B_SPLINE_CURVE_WITH_KNOTS('',3,(#1502,#1503,#1504,#1505,#1506,#1507,
#1508),.UNSPECIFIED.,.F.,.F.,(4,1,1,1,4),(15.707963267949,15.9950536401624,
16.4948990664174,16.9947444926725,17.4820372636922),.UNSPECIFIED.);
#234=B_SPLINE_CURVE_WITH_KNOTS('',3,(#1513,#1514,#1515,#1516,#1517,#1518,
#1519,#1520,#1521,#1522,#1523,#1524,#1525,#1526,#1527,#1528),
 .UNSPECIFIED.,.F.,.F.,(4,1,1,1,1,1,1,1,1,1,1,1,1,4),(9.42477796076938,
9.82155241193812,10.312630032535,10.8037076531319,11.2947852737288,11.7858628943257,
12.2769405149226,12.7680181355196,13.2590957561165,13.7501733767134,14.2412509973103,
14.7323286179072,15.2234062385041,15.707963267949),.UNSPECIFIED.);
#235=B_SPLINE_CURVE_WITH_KNOTS('',3,(#1529,#1530,#1531,#1532,#1533,#1534,
#1535,#1536,#1537,#1538,#1539,#1540,#1541,#1542,#1543,#1544,#1545),
 .UNSPECIFIED.,.F.,.F.,(4,1,1,1,1,1,1,1,1,1,1,1,1,1,4),(9.42477796076938,
9.4970630988464,9.99690852510147,10.4967539513565,10.9965993776116,11.4964448038667,
11.9962902301218,12.4961356563768,12.9959810826319,13.495826508887,13.9956719351421,
14.4955173613971,14.9953627876522,15.4952082139073,15.707963267949),
 .UNSPECIFIED.);
#236=B_SPLINE_CURVE_WITH_KNOTS('',3,(#1551,#1552,#1553,#1554,#1555,#1556,
#1557,#1558,#1559,#1560),.UNSPECIFIED.,.F.,.F.,(4,1,1,1,1,1,1,4),(0.,0.499845426255074,
0.999690852510147,1.49953627876522,1.99938170502029,2.49922713127537,2.99907255753044,
3.14159265358979),.UNSPECIFIED.);
#237=B_SPLINE_CURVE_WITH_KNOTS('',3,(#1563,#1564,#1565,#1566,#1567,#1568,
#1569,#1570,#1571,#1572),.UNSPECIFIED.,.F.,.F.,(4,1,1,1,1,1,1,4),(0.,0.491077620596906,
0.982155241193812,1.47323286179072,1.96431048238762,2.45538810298453,2.94646572358144,
3.14159265358979),.UNSPECIFIED.);
#238=B_SPLINE_CURVE_WITH_KNOTS('',3,(#1805,#1806,#1807,#1808,#1809,#1810,
#1811,#1812,#1813,#1814,#1815,#1816,#1817,#1818,#1819,#1820,#1821,#1822,
#1823),.UNSPECIFIED.,.F.,.F.,(4,3,3,3,3,3,4),(0.,0.133571668391899,0.267425282290928,
0.387893074930638,0.412883754970044,0.495440504659006,0.516749369245824),
 .UNSPECIFIED.);
#239=B_SPLINE_CURVE_WITH_KNOTS('',3,(#1824,#1825,#1826,#1827,#1828,#1829,
#1830,#1831,#1832,#1833,#1834,#1835,#1836,#1837,#1838,#1839,#1840),
 .UNSPECIFIED.,.F.,.F.,(4,1,1,1,1,1,1,1,1,1,1,1,1,1,4),(3.14159265358979,
3.43754334417834,3.92862096477525,4.41969858537215,4.91077620596906,5.40185382656597,
5.89293144716287,6.38400906775978,6.87508668835668,7.36616430895359,7.85724192955049,
8.3483195501474,8.83939717074431,9.33047479134121,9.42477796076938),
 .UNSPECIFIED.);
#240=B_SPLINE_CURVE_WITH_KNOTS('',3,(#1842,#1843,#1844,#1845,#1846,#1847,
#1848,#1849,#1850,#1851,#1852,#1853,#1854,#1855,#1856,#1857,#1858,#1859,
#1860,#1861,#1862,#1863,#1864,#1865,#1866,#1867,#1868,#1869,#1870,#1871,
#1872,#1873,#1874,#1875,#1876,#1877,#1878,#1879,#1880,#1881),
 .UNSPECIFIED.,.F.,.F.,(4,3,3,3,3,3,3,3,3,3,3,3,3,4),(-6.28318530717959,
-5.89293144716287,-5.40185382656596,-4.91077620596906,-4.41969858537215,
-3.92862096477525,-3.43754334417834,-2.94646572358143,-2.45538810298453,
-1.96431048238762,-1.47323286179072,-0.98215524119381,-0.491077620596904,
1.77635683940025E-15),.UNSPECIFIED.);
#241=B_SPLINE_CURVE_WITH_KNOTS('',3,(#1882,#1883,#1884,#1885,#1886,#1887,
#1888,#1889,#1890,#1891,#1892,#1893,#1894,#1895,#1896,#1897,#1898,#1899,
#1900,#1901,#1902,#1903,#1904,#1905,#1906,#1907,#1908,#1909,#1910,#1911,
#1912,#1913,#1914,#1915,#1916,#1917,#1918,#1919,#1920,#1921,#1922,#1923,
#1924,#1925,#1926,#1927,#1928,#1929,#1930,#1931,#1932,#1933,#1934,#1935,
#1936,#1937,#1938,#1939,#1940,#1941,#1942,#1943,#1944,#1945,#1946,#1947,
#1948,#1949,#1950,#1951,#1952,#1953,#1954,#1955,#1956,#1957,#1958,#1959,
#1960,#1961,#1962,#1963,#1964,#1965,#1966,#1967,#1968,#1969,#1970,#1971,
#1972,#1973,#1974,#1975,#1976,#1977,#1978,#1979,#1980,#1981,#1982,#1983,
#1984,#1985,#1986,#1987,#1988,#1989,#1990,#1991,#1992,#1993,#1994,#1995,
#1996,#1997,#1998,#1999,#2000,#2001,#2002,#2003,#2004,#2005,#2006,#2007,
#2008,#2009,#2010,#2011,#2012,#2013,#2014,#2015,#2016,#2017,#2018,#2019,
#2020,#2021,#2022,#2023,#2024,#2025,#2026,#2027,#2028,#2029,#2030,#2031,
#2032),.UNSPECIFIED.,.F.,.F.,(4,3,3,3,3,3,3,3,3,3,3,3,3,3,3,3,3,3,3,3,3,
3,3,3,3,3,3,3,3,3,3,3,3,3,3,3,3,3,3,3,3,3,3,3,3,3,3,3,3,3,4),(1.4112100919541,
1.52797834289912,1.56042708705891,1.58589453237401,1.71822195832304,1.84978712659247,
1.87828309573416,1.95170077102409,1.97938717953549,2.11109661132687,2.23694887957244,
2.29987501369522,2.33347752095034,2.35837912965716,2.362801147818,2.49376651877166,
2.6250712768312,2.68179335949874,2.71311228682562,2.73817287310638,2.84388455827682,
2.97471699473742,3.06142636868437,3.09554294270878,3.1207579095559,3.2509216433032,
3.32155449052524,3.44005378915979,3.47772267819846,3.50233420079881,3.63182586599152,
3.76037488908944,3.79555168506343,3.84412480186028,3.86970601817798,3.99842874865134,
4.13206945789547,4.20089210060895,4.22762818271829,4.26571016713959,4.39392373845001,
4.52220464730746,4.58288545625307,4.6139306861799,4.73249501154137,4.86039351433331,
4.94665366106894,4.98222404017716,5.10947454921592,5.19581329227213,5.2493940053366),
 .UNSPECIFIED.);
#242=B_SPLINE_CURVE_WITH_KNOTS('',3,(#2036,#2037,#2038,#2039,#2040,#2041,
#2042,#2043,#2044,#2045,#2046,#2047,#2048,#2049,#2050,#2051),
 .UNSPECIFIED.,.F.,.F.,(4,1,1,1,1,1,1,1,1,1,1,1,1,4),(3.14159265358979,
3.49891798378551,3.99876341004059,4.49860883629566,4.99845426255074,5.49829968880581,
5.99814511506088,6.49799054131596,6.99783596757103,7.4976813938261,7.99752682008118,
8.49737224633625,8.99721767259132,9.42477796076938),.UNSPECIFIED.);
#243=B_SPLINE_CURVE_WITH_KNOTS('',3,(#2209,#2210,#2211,#2212,#2213,#2214,
#2215,#2216,#2217,#2218,#2219,#2220,#2221,#2222,#2223,#2224,#2225,#2226,
#2227,#2228,#2229,#2230),.UNSPECIFIED.,.F.,.F.,(4,3,3,3,3,3,3,4),(1.62839366221016,
1.7540605196331,1.79636527059645,1.83448909665616,1.96788304076757,2.10099470303122,
2.13106109190194,2.14378918835027),.UNSPECIFIED.);
#244=B_SPLINE_CURVE_WITH_KNOTS('',3,(#2231,#2232,#2233,#2234,#2235,#2236,
#2237,#2238,#2239,#2240,#2241,#2242,#2243,#2244,#2245,#2246,#2247,#2248,
#2249,#2250,#2251,#2252,#2253,#2254,#2255,#2256,#2257,#2258,#2259,#2260,
#2261,#2262,#2263,#2264,#2265,#2266,#2267,#2268,#2269,#2270),
 .UNSPECIFIED.,.F.,.F.,(4,3,3,3,3,3,3,3,3,3,3,3,3,4),(0.165536528078105,
0.224524812225012,0.344150753458305,0.366804324078099,0.494252428861605,
0.6228763486913,0.703028577158184,0.733593523662304,0.758163123469815,0.887781277297616,
1.01873845909733,1.12001611006564,1.14909005197396,1.19505319774806),
 .UNSPECIFIED.);
#245=B_SPLINE_CURVE_WITH_KNOTS('',3,(#2271,#2272,#2273,#2274,#2275,#2276,
#2277,#2278,#2279,#2280,#2281,#2282,#2283,#2284,#2285,#2286,#2287),
 .UNSPECIFIED.,.F.,.F.,(4,1,1,1,1,1,1,1,1,1,1,1,1,1,4),(6.28318530717959,
6.49799054131596,6.99783596757103,7.4976813938261,7.99752682008118,8.49737224633625,
8.99721767259132,9.4970630988464,9.99690852510147,10.4967539513565,10.9965993776116,
11.4964448038667,11.9962902301218,12.4961356563768,12.5663706143592),
 .UNSPECIFIED.);
#246=B_SPLINE_CURVE_WITH_KNOTS('',3,(#2341,#2342,#2343,#2344,#2345,#2346,
#2347,#2348,#2349,#2350,#2351,#2352,#2353),.UNSPECIFIED.,.F.,.F.,(4,3,3,
3,4),(-3.14159265358979,-2.35619449019234,-1.5707963267949,-0.785398163397448,
0.),.UNSPECIFIED.);
#247=B_SPLINE_CURVE_WITH_KNOTS('',3,(#2356,#2357,#2358,#2359,#2360,#2361,
#2362),.UNSPECIFIED.,.F.,.F.,(4,1,1,1,4),(0.,0.785398163397448,1.5707963267949,
2.35619449019234,3.14159265358979),.UNSPECIFIED.);
#248=B_SPLINE_CURVE_WITH_KNOTS('',3,(#2366,#2367,#2368,#2369,#2370,#2371,
#2372),.UNSPECIFIED.,.F.,.F.,(4,1,1,1,4),(0.,0.785398163397448,1.5707963267949,
2.35619449019234,3.14159265358979),.UNSPECIFIED.);
#249=B_SPLINE_CURVE_WITH_KNOTS('',3,(#2402,#2403,#2404,#2405,#2406,#2407,
#2408),.UNSPECIFIED.,.F.,.F.,(4,1,1,1,4),(0.,0.785398163397448,1.5707963267949,
2.35619449019234,3.14159265358979),.UNSPECIFIED.);
#250=B_SPLINE_CURVE_WITH_KNOTS('',3,(#2450,#2451,#2452,#2453,#2454,#2455,
#2456,#2457,#2458,#2459,#2460,#2461,#2462),.UNSPECIFIED.,.F.,.F.,(4,3,3,
3,4),(-3.14159265358979,-2.35619449019234,-1.5707963267949,-0.785398163397448,
0.),.UNSPECIFIED.);
#251=B_SPLINE_CURVE_WITH_KNOTS('',3,(#2465,#2466,#2467,#2468,#2469,#2470,
#2471),.UNSPECIFIED.,.F.,.F.,(4,1,1,1,4),(0.,0.785398163397448,1.5707963267949,
2.35619449019234,3.14159265358979),.UNSPECIFIED.);
#252=B_SPLINE_CURVE_WITH_KNOTS('',3,(#2475,#2476,#2477,#2478,#2479,#2480,
#2481),.UNSPECIFIED.,.F.,.F.,(4,1,1,1,4),(0.,0.785398163397448,1.5707963267949,
2.35619449019234,3.14159265358979),.UNSPECIFIED.);
#253=B_SPLINE_CURVE_WITH_KNOTS('',3,(#2511,#2512,#2513,#2514,#2515,#2516,
#2517),.UNSPECIFIED.,.F.,.F.,(4,1,1,1,4),(0.,0.785398163397448,1.5707963267949,
2.35619449019234,3.14159265358979),.UNSPECIFIED.);
#254=LINE('',#1408,#336);
#255=LINE('',#1467,#337);
#256=LINE('',#1469,#338);
#257=LINE('',#1471,#339);
#258=LINE('',#1492,#340);
#259=LINE('',#1512,#341);
#260=LINE('',#1549,#342);
#261=LINE('',#1562,#343);
#262=LINE('',#1576,#344);
#263=LINE('',#1580,#345);
#264=LINE('',#1584,#346);
#265=LINE('',#1589,#347);
#266=LINE('',#1592,#348);
#267=LINE('',#1596,#349);
#268=LINE('',#1600,#350);
#269=LINE('',#1604,#351);
#270=LINE('',#1610,#352);
#271=LINE('',#1612,#353);
#272=LINE('',#1614,#354);
#273=LINE('',#1615,#355);
#274=LINE('',#1617,#356);
#275=LINE('',#1620,#357);
#276=LINE('',#1622,#358);
#277=LINE('',#1625,#359);
#278=LINE('',#1627,#360);
#279=LINE('',#1629,#361);
#280=LINE('',#1632,#362);
#281=LINE('',#1633,#363);
#282=LINE('',#1636,#364);
#283=LINE('',#1641,#365);
#284=LINE('',#1646,#366);
#285=LINE('',#1653,#367);
#286=LINE('',#1841,#368);
#287=LINE('',#2034,#369);
#288=LINE('',#2295,#370);
#289=LINE('',#2299,#371);
#290=LINE('',#2306,#372);
#291=LINE('',#2308,#373);
#292=LINE('',#2310,#374);
#293=LINE('',#2311,#375);
#294=LINE('',#2355,#376);
#295=LINE('',#2365,#377);
#296=LINE('',#2409,#378);
#297=LINE('',#2411,#379);
#298=LINE('',#2415,#380);
#299=LINE('',#2417,#381);
#300=LINE('',#2419,#382);
#301=LINE('',#2420,#383);
#302=LINE('',#2464,#384);
#303=LINE('',#2474,#385);
#304=LINE('',#2518,#386);
#305=LINE('',#2520,#387);
#306=LINE('',#2524,#388);
#307=LINE('',#2525,#389);
#308=LINE('',#2527,#390);
#309=LINE('',#2534,#391);
#310=LINE('',#2541,#392);
#311=LINE('',#2546,#393);
#312=LINE('',#2550,#394);
#313=LINE('',#2552,#395);
#314=LINE('',#2553,#396);
#315=LINE('',#2556,#397);
#316=LINE('',#2558,#398);
#317=LINE('',#2559,#399);
#318=LINE('',#2562,#400);
#319=LINE('',#2564,#401);
#320=LINE('',#2566,#402);
#321=LINE('',#2568,#403);
#322=LINE('',#2569,#404);
#323=LINE('',#2572,#405);
#324=LINE('',#2576,#406);
#325=LINE('',#2582,#407);
#326=LINE('',#2585,#408);
#327=LINE('',#2590,#409);
#328=LINE('',#2591,#410);
#329=LINE('',#2594,#411);
#330=LINE('',#2595,#412);
#331=LINE('',#2598,#413);
#332=LINE('',#2603,#414);
#333=LINE('',#2606,#415);
#334=LINE('',#2608,#416);
#335=LINE('',#2610,#417);
#336=VECTOR('',#1142,0.9338125);
#337=VECTOR('',#1147,0.9338125);
#338=VECTOR('',#1148,1.);
#339=VECTOR('',#1149,0.9338125);
#340=VECTOR('',#1154,1.015);
#341=VECTOR('',#1159,1.015);
#342=VECTOR('',#1162,1.015);
#343=VECTOR('',#1163,1.);
#344=VECTOR('',#1166,1.);
#345=VECTOR('',#1169,1.);
#346=VECTOR('',#1172,0.0499999999999998);
#347=VECTOR('',#1179,1.);
#348=VECTOR('',#1182,1.);
#349=VECTOR('',#1185,1.);
#350=VECTOR('',#1188,1.);
#351=VECTOR('',#1191,0.0499999999999998);
#352=VECTOR('',#1198,1.);
#353=VECTOR('',#1199,1.);
#354=VECTOR('',#1200,1.);
#355=VECTOR('',#1201,1.);
#356=VECTOR('',#1202,1.);
#357=VECTOR('',#1205,1.);
#358=VECTOR('',#1206,1.);
#359=VECTOR('',#1209,1.);
#360=VECTOR('',#1212,1.);
#361=VECTOR('',#1215,1.);
#362=VECTOR('',#1218,1.);
#363=VECTOR('',#1219,1.);
#364=VECTOR('',#1222,1.);
#365=VECTOR('',#1229,1.);
#366=VECTOR('',#1234,0.2145);
#367=VECTOR('',#1243,0.8);
#368=VECTOR('',#1248,1.);
#369=VECTOR('',#1251,1.);
#370=VECTOR('',#1264,0.745);
#371=VECTOR('',#1271,0.715);
#372=VECTOR('',#1278,1.);
#373=VECTOR('',#1279,1.);
#374=VECTOR('',#1280,1.);
#375=VECTOR('',#1281,1.);
#376=VECTOR('',#1282,1.);
#377=VECTOR('',#1285,1.);
#378=VECTOR('',#1286,1.);
#379=VECTOR('',#1289,1.);
#380=VECTOR('',#1292,1.);
#381=VECTOR('',#1293,1.);
#382=VECTOR('',#1294,1.);
#383=VECTOR('',#1295,1.);
#384=VECTOR('',#1296,1.);
#385=VECTOR('',#1299,1.);
#386=VECTOR('',#1300,1.);
#387=VECTOR('',#1303,1.);
#388=VECTOR('',#1308,0.3365);
#389=VECTOR('',#1309,0.3365);
#390=VECTOR('',#1310,0.3365);
#391=VECTOR('',#1319,0.5);
#392=VECTOR('',#1328,0.95);
#393=VECTOR('',#1335,1.2);
#394=VECTOR('',#1340,1.);
#395=VECTOR('',#1341,1.);
#396=VECTOR('',#1342,1.);
#397=VECTOR('',#1345,1.);
#398=VECTOR('',#1346,1.);
#399=VECTOR('',#1347,1.);
#400=VECTOR('',#1350,1.);
#401=VECTOR('',#1351,1.);
#402=VECTOR('',#1352,1.);
#403=VECTOR('',#1353,1.);
#404=VECTOR('',#1354,1.);
#405=VECTOR('',#1357,1.);
#406=VECTOR('',#1360,1.);
#407=VECTOR('',#1367,1.);
#408=VECTOR('',#1370,1.);
#409=VECTOR('',#1375,1.);
#410=VECTOR('',#1376,1.);
#411=VECTOR('',#1379,1.);
#412=VECTOR('',#1380,1.);
#413=VECTOR('',#1383,1.);
#414=VECTOR('',#1388,1.);
#415=VECTOR('',#1393,1.);
#416=VECTOR('',#1396,1.);
#417=VECTOR('',#1399,1.);
#418=VERTEX_POINT('',#1406);
#419=VERTEX_POINT('',#1407);
#420=VERTEX_POINT('',#1409);
#421=VERTEX_POINT('',#1422);
#422=VERTEX_POINT('',#1465);
#423=VERTEX_POINT('',#1466);
#424=VERTEX_POINT('',#1468);
#425=VERTEX_POINT('',#1470);
#426=VERTEX_POINT('',#1490);
#427=VERTEX_POINT('',#1491);
#428=VERTEX_POINT('',#1493);
#429=VERTEX_POINT('',#1500);
#430=VERTEX_POINT('',#1510);
#431=VERTEX_POINT('',#1511);
#432=VERTEX_POINT('',#1547);
#433=VERTEX_POINT('',#1548);
#434=VERTEX_POINT('',#1550);
#435=VERTEX_POINT('',#1561);
#436=VERTEX_POINT('',#1574);
#437=VERTEX_POINT('',#1575);
#438=VERTEX_POINT('',#1577);
#439=VERTEX_POINT('',#1579);
#440=VERTEX_POINT('',#1581);
#441=VERTEX_POINT('',#1583);
#442=VERTEX_POINT('',#1588);
#443=VERTEX_POINT('',#1590);
#444=VERTEX_POINT('',#1594);
#445=VERTEX_POINT('',#1595);
#446=VERTEX_POINT('',#1597);
#447=VERTEX_POINT('',#1599);
#448=VERTEX_POINT('',#1601);
#449=VERTEX_POINT('',#1603);
#450=VERTEX_POINT('',#1608);
#451=VERTEX_POINT('',#1609);
#452=VERTEX_POINT('',#1611);
#453=VERTEX_POINT('',#1613);
#454=VERTEX_POINT('',#1616);
#455=VERTEX_POINT('',#1618);
#456=VERTEX_POINT('',#1621);
#457=VERTEX_POINT('',#1623);
#458=VERTEX_POINT('',#1631);
#459=VERTEX_POINT('',#1635);
#460=VERTEX_POINT('',#1637);
#461=VERTEX_POINT('',#1643);
#462=VERTEX_POINT('',#1645);
#463=VERTEX_POINT('',#1650);
#464=VERTEX_POINT('',#1652);
#465=VERTEX_POINT('',#1804);
#466=VERTEX_POINT('',#2208);
#467=VERTEX_POINT('',#2292);
#468=VERTEX_POINT('',#2294);
#469=VERTEX_POINT('',#2301);
#470=VERTEX_POINT('',#2304);
#471=VERTEX_POINT('',#2305);
#472=VERTEX_POINT('',#2307);
#473=VERTEX_POINT('',#2309);
#474=VERTEX_POINT('',#2340);
#475=VERTEX_POINT('',#2354);
#476=VERTEX_POINT('',#2364);
#477=VERTEX_POINT('',#2401);
#478=VERTEX_POINT('',#2413);
#479=VERTEX_POINT('',#2414);
#480=VERTEX_POINT('',#2416);
#481=VERTEX_POINT('',#2418);
#482=VERTEX_POINT('',#2449);
#483=VERTEX_POINT('',#2463);
#484=VERTEX_POINT('',#2473);
#485=VERTEX_POINT('',#2510);
#486=VERTEX_POINT('',#2522);
#487=VERTEX_POINT('',#2526);
#488=VERTEX_POINT('',#2531);
#489=VERTEX_POINT('',#2533);
#490=VERTEX_POINT('',#2538);
#491=VERTEX_POINT('',#2540);
#492=VERTEX_POINT('',#2545);
#493=VERTEX_POINT('',#2549);
#494=VERTEX_POINT('',#2551);
#495=VERTEX_POINT('',#2555);
#496=VERTEX_POINT('',#2557);
#497=VERTEX_POINT('',#2561);
#498=VERTEX_POINT('',#2563);
#499=VERTEX_POINT('',#2565);
#500=VERTEX_POINT('',#2567);
#501=VERTEX_POINT('',#2571);
#502=VERTEX_POINT('',#2573);
#503=VERTEX_POINT('',#2575);
#504=VERTEX_POINT('',#2579);
#505=VERTEX_POINT('',#2581);
#506=VERTEX_POINT('',#2583);
#507=VERTEX_POINT('',#2587);
#508=VERTEX_POINT('',#2588);
#509=VERTEX_POINT('',#2593);
#510=VERTEX_POINT('',#2597);
#511=VERTEX_POINT('',#2600);
#512=VERTEX_POINT('',#2602);
#513=EDGE_CURVE('',#418,#419,#254,.T.);
#514=EDGE_CURVE('',#419,#420,#229,.T.);
#515=EDGE_CURVE('',#421,#420,#190,.T.);
#516=EDGE_CURVE('',#421,#418,#230,.T.);
#517=EDGE_CURVE('',#422,#423,#255,.T.);
#518=EDGE_CURVE('',#422,#424,#256,.T.);
#519=EDGE_CURVE('',#425,#424,#257,.T.);
#520=EDGE_CURVE('',#425,#425,#191,.T.);
#521=EDGE_CURVE('',#424,#423,#231,.T.);
#522=EDGE_CURVE('',#426,#427,#258,.T.);
#523=EDGE_CURVE('',#427,#428,#232,.T.);
#524=EDGE_CURVE('',#429,#428,#192,.T.);
#525=EDGE_CURVE('',#426,#429,#233,.T.);
#526=EDGE_CURVE('',#430,#431,#259,.T.);
#527=EDGE_CURVE('',#431,#427,#234,.T.);
#528=EDGE_CURVE('',#430,#426,#235,.T.);
#529=EDGE_CURVE('',#432,#433,#260,.T.);
#530=EDGE_CURVE('',#434,#432,#236,.T.);
#531=EDGE_CURVE('',#434,#435,#261,.T.);
#532=EDGE_CURVE('',#435,#433,#237,.T.);
#533=EDGE_CURVE('',#436,#437,#262,.T.);
#534=EDGE_CURVE('',#438,#436,#193,.T.);
#535=EDGE_CURVE('',#438,#439,#263,.T.);
#536=EDGE_CURVE('',#440,#439,#194,.T.);
#537=EDGE_CURVE('',#440,#441,#264,.T.);
#538=EDGE_CURVE('',#441,#441,#195,.T.);
#539=EDGE_CURVE('',#437,#440,#196,.T.);
#540=EDGE_CURVE('',#442,#439,#265,.T.);
#541=EDGE_CURVE('',#443,#442,#197,.T.);
#542=EDGE_CURVE('',#437,#443,#266,.T.);
#543=EDGE_CURVE('',#444,#445,#267,.T.);
#544=EDGE_CURVE('',#446,#445,#198,.T.);
#545=EDGE_CURVE('',#447,#446,#268,.T.);
#546=EDGE_CURVE('',#448,#447,#199,.T.);
#547=EDGE_CURVE('',#448,#449,#269,.T.);
#548=EDGE_CURVE('',#449,#449,#200,.T.);
#549=EDGE_CURVE('',#444,#448,#201,.T.);
#550=EDGE_CURVE('',#450,#451,#270,.T.);
#551=EDGE_CURVE('',#452,#450,#271,.T.);
#552=EDGE_CURVE('',#453,#452,#272,.T.);
#553=EDGE_CURVE('',#451,#453,#273,.T.);
#554=EDGE_CURVE('',#436,#454,#274,.T.);
#555=EDGE_CURVE('',#454,#455,#202,.T.);
#556=EDGE_CURVE('',#455,#444,#275,.T.);
#557=EDGE_CURVE('',#447,#456,#276,.T.);
#558=EDGE_CURVE('',#456,#457,#203,.T.);
#559=EDGE_CURVE('',#457,#438,#277,.T.);
#560=EDGE_CURVE('',#442,#457,#278,.T.);
#561=EDGE_CURVE('',#454,#443,#279,.T.);
#562=EDGE_CURVE('',#456,#458,#280,.T.);
#563=EDGE_CURVE('',#446,#458,#281,.T.);
#564=EDGE_CURVE('',#459,#445,#282,.T.);
#565=EDGE_CURVE('',#460,#459,#204,.T.);
#566=EDGE_CURVE('',#458,#460,#205,.T.);
#567=EDGE_CURVE('',#459,#455,#283,.T.);
#568=EDGE_CURVE('',#461,#461,#206,.T.);
#569=EDGE_CURVE('',#461,#462,#284,.T.);
#570=EDGE_CURVE('',#462,#462,#207,.T.);
#571=EDGE_CURVE('',#463,#463,#208,.T.);
#572=EDGE_CURVE('',#463,#464,#285,.T.);
#573=EDGE_CURVE('',#464,#464,#209,.T.);
#574=EDGE_CURVE('',#428,#465,#238,.T.);
#575=EDGE_CURVE('',#433,#431,#239,.T.);
#576=EDGE_CURVE('',#435,#422,#286,.T.);
#577=EDGE_CURVE('',#418,#422,#240,.T.);
#578=EDGE_CURVE('',#465,#421,#241,.T.);
#579=EDGE_CURVE('',#424,#434,#287,.T.);
#580=EDGE_CURVE('',#432,#430,#242,.T.);
#581=EDGE_CURVE('',#466,#429,#243,.T.);
#582=EDGE_CURVE('',#420,#466,#244,.T.);
#583=EDGE_CURVE('',#423,#419,#245,.T.);
#584=EDGE_CURVE('',#466,#465,#210,.T.);
#585=EDGE_CURVE('',#467,#467,#211,.T.);
#586=EDGE_CURVE('',#467,#468,#288,.T.);
#587=EDGE_CURVE('',#468,#468,#212,.T.);
#588=EDGE_CURVE('',#460,#467,#289,.T.);
#589=EDGE_CURVE('',#469,#469,#213,.T.);
#590=EDGE_CURVE('',#470,#471,#290,.T.);
#591=EDGE_CURVE('',#470,#472,#291,.T.);
#592=EDGE_CURVE('',#472,#473,#292,.T.);
#593=EDGE_CURVE('',#473,#471,#293,.T.);
#594=EDGE_CURVE('',#474,#470,#246,.T.);
#595=EDGE_CURVE('',#475,#474,#294,.T.);
#596=EDGE_CURVE('',#472,#475,#247,.T.);
#597=EDGE_CURVE('',#476,#475,#295,.T.);
#598=EDGE_CURVE('',#473,#476,#248,.T.);
#599=EDGE_CURVE('',#471,#477,#249,.T.);
#600=EDGE_CURVE('',#477,#476,#296,.T.);
#601=EDGE_CURVE('',#477,#474,#297,.T.);
#602=EDGE_CURVE('',#478,#479,#298,.T.);
#603=EDGE_CURVE('',#478,#480,#299,.T.);
#604=EDGE_CURVE('',#480,#481,#300,.T.);
#605=EDGE_CURVE('',#481,#479,#301,.T.);
#606=EDGE_CURVE('',#482,#478,#250,.T.);
#607=EDGE_CURVE('',#483,#482,#302,.T.);
#608=EDGE_CURVE('',#480,#483,#251,.T.);
#609=EDGE_CURVE('',#484,#483,#303,.T.);
#610=EDGE_CURVE('',#481,#484,#252,.T.);
#611=EDGE_CURVE('',#479,#485,#253,.T.);
#612=EDGE_CURVE('',#485,#484,#304,.T.);
#613=EDGE_CURVE('',#485,#482,#305,.T.);
#614=EDGE_CURVE('',#486,#486,#214,.T.);
#615=EDGE_CURVE('',#486,#477,#306,.T.);
#616=EDGE_CURVE('',#474,#479,#307,.T.);
#617=EDGE_CURVE('',#478,#487,#308,.T.);
#618=EDGE_CURVE('',#487,#487,#215,.T.);
#619=EDGE_CURVE('',#488,#488,#216,.T.);
#620=EDGE_CURVE('',#488,#489,#309,.T.);
#621=EDGE_CURVE('',#489,#489,#217,.T.);
#622=EDGE_CURVE('',#490,#490,#218,.T.);
#623=EDGE_CURVE('',#490,#491,#310,.T.);
#624=EDGE_CURVE('',#491,#491,#219,.T.);
#625=EDGE_CURVE('',#469,#492,#311,.T.);
#626=EDGE_CURVE('',#492,#492,#220,.T.);
#627=EDGE_CURVE('',#451,#493,#312,.T.);
#628=EDGE_CURVE('',#494,#453,#313,.T.);
#629=EDGE_CURVE('',#493,#494,#314,.T.);
#630=EDGE_CURVE('',#495,#450,#315,.T.);
#631=EDGE_CURVE('',#496,#495,#316,.T.);
#632=EDGE_CURVE('',#452,#496,#317,.T.);
#633=EDGE_CURVE('',#496,#497,#318,.T.);
#634=EDGE_CURVE('',#498,#497,#319,.T.);
#635=EDGE_CURVE('',#499,#498,#320,.T.);
#636=EDGE_CURVE('',#500,#499,#321,.T.);
#637=EDGE_CURVE('',#500,#494,#322,.T.);
#638=EDGE_CURVE('',#501,#495,#323,.T.);
#639=EDGE_CURVE('',#502,#501,#221,.T.);
#640=EDGE_CURVE('',#503,#502,#324,.T.);
#641=EDGE_CURVE('',#497,#503,#222,.T.);
#642=EDGE_CURVE('',#504,#500,#223,.T.);
#643=EDGE_CURVE('',#505,#504,#325,.T.);
#644=EDGE_CURVE('',#506,#505,#224,.T.);
#645=EDGE_CURVE('',#493,#506,#326,.T.);
#646=EDGE_CURVE('',#507,#508,#225,.T.);
#647=EDGE_CURVE('',#508,#506,#327,.T.);
#648=EDGE_CURVE('',#505,#507,#328,.T.);
#649=EDGE_CURVE('',#509,#508,#329,.T.);
#650=EDGE_CURVE('',#501,#509,#330,.T.);
#651=EDGE_CURVE('',#507,#510,#331,.T.);
#652=EDGE_CURVE('',#499,#510,#226,.T.);
#653=EDGE_CURVE('',#511,#498,#227,.T.);
#654=EDGE_CURVE('',#511,#512,#332,.T.);
#655=EDGE_CURVE('',#509,#512,#228,.T.);
#656=EDGE_CURVE('',#510,#504,#333,.T.);
#657=EDGE_CURVE('',#503,#511,#334,.T.);
#658=EDGE_CURVE('',#512,#502,#335,.T.);
#659=ORIENTED_EDGE('',*,*,#513,.T.);
#660=ORIENTED_EDGE('',*,*,#514,.T.);
#661=ORIENTED_EDGE('',*,*,#515,.F.);
#662=ORIENTED_EDGE('',*,*,#516,.T.);
#663=ORIENTED_EDGE('',*,*,#517,.F.);
#664=ORIENTED_EDGE('',*,*,#518,.T.);
#665=ORIENTED_EDGE('',*,*,#519,.F.);
#666=ORIENTED_EDGE('',*,*,#520,.T.);
#667=ORIENTED_EDGE('',*,*,#519,.T.);
#668=ORIENTED_EDGE('',*,*,#521,.T.);
#669=ORIENTED_EDGE('',*,*,#522,.T.);
#670=ORIENTED_EDGE('',*,*,#523,.T.);
#671=ORIENTED_EDGE('',*,*,#524,.F.);
#672=ORIENTED_EDGE('',*,*,#525,.F.);
#673=ORIENTED_EDGE('',*,*,#526,.T.);
#674=ORIENTED_EDGE('',*,*,#527,.T.);
#675=ORIENTED_EDGE('',*,*,#522,.F.);
#676=ORIENTED_EDGE('',*,*,#528,.F.);
#677=ORIENTED_EDGE('',*,*,#529,.F.);
#678=ORIENTED_EDGE('',*,*,#530,.F.);
#679=ORIENTED_EDGE('',*,*,#531,.T.);
#680=ORIENTED_EDGE('',*,*,#532,.T.);
#681=ORIENTED_EDGE('',*,*,#533,.F.);
#682=ORIENTED_EDGE('',*,*,#534,.F.);
#683=ORIENTED_EDGE('',*,*,#535,.T.);
#684=ORIENTED_EDGE('',*,*,#536,.F.);
#685=ORIENTED_EDGE('',*,*,#537,.T.);
#686=ORIENTED_EDGE('',*,*,#538,.F.);
#687=ORIENTED_EDGE('',*,*,#537,.F.);
#688=ORIENTED_EDGE('',*,*,#539,.F.);
#689=ORIENTED_EDGE('',*,*,#539,.T.);
#690=ORIENTED_EDGE('',*,*,#536,.T.);
#691=ORIENTED_EDGE('',*,*,#540,.F.);
#692=ORIENTED_EDGE('',*,*,#541,.F.);
#693=ORIENTED_EDGE('',*,*,#542,.F.);
#694=ORIENTED_EDGE('',*,*,#543,.T.);
#695=ORIENTED_EDGE('',*,*,#544,.F.);
#696=ORIENTED_EDGE('',*,*,#545,.F.);
#697=ORIENTED_EDGE('',*,*,#546,.F.);
#698=ORIENTED_EDGE('',*,*,#547,.T.);
#699=ORIENTED_EDGE('',*,*,#548,.F.);
#700=ORIENTED_EDGE('',*,*,#547,.F.);
#701=ORIENTED_EDGE('',*,*,#549,.F.);
#702=ORIENTED_EDGE('',*,*,#550,.F.);
#703=ORIENTED_EDGE('',*,*,#551,.F.);
#704=ORIENTED_EDGE('',*,*,#552,.F.);
#705=ORIENTED_EDGE('',*,*,#553,.F.);
#706=ORIENTED_EDGE('',*,*,#534,.T.);
#707=ORIENTED_EDGE('',*,*,#554,.T.);
#708=ORIENTED_EDGE('',*,*,#555,.T.);
#709=ORIENTED_EDGE('',*,*,#556,.T.);
#710=ORIENTED_EDGE('',*,*,#549,.T.);
#711=ORIENTED_EDGE('',*,*,#546,.T.);
#712=ORIENTED_EDGE('',*,*,#557,.T.);
#713=ORIENTED_EDGE('',*,*,#558,.T.);
#714=ORIENTED_EDGE('',*,*,#559,.T.);
#715=ORIENTED_EDGE('',*,*,#560,.F.);
#716=ORIENTED_EDGE('',*,*,#540,.T.);
#717=ORIENTED_EDGE('',*,*,#535,.F.);
#718=ORIENTED_EDGE('',*,*,#559,.F.);
#719=ORIENTED_EDGE('',*,*,#561,.F.);
#720=ORIENTED_EDGE('',*,*,#554,.F.);
#721=ORIENTED_EDGE('',*,*,#533,.T.);
#722=ORIENTED_EDGE('',*,*,#542,.T.);
#723=ORIENTED_EDGE('',*,*,#562,.F.);
#724=ORIENTED_EDGE('',*,*,#557,.F.);
#725=ORIENTED_EDGE('',*,*,#545,.T.);
#726=ORIENTED_EDGE('',*,*,#563,.T.);
#727=ORIENTED_EDGE('',*,*,#544,.T.);
#728=ORIENTED_EDGE('',*,*,#564,.F.);
#729=ORIENTED_EDGE('',*,*,#565,.F.);
#730=ORIENTED_EDGE('',*,*,#566,.F.);
#731=ORIENTED_EDGE('',*,*,#563,.F.);
#732=ORIENTED_EDGE('',*,*,#567,.F.);
#733=ORIENTED_EDGE('',*,*,#564,.T.);
#734=ORIENTED_EDGE('',*,*,#543,.F.);
#735=ORIENTED_EDGE('',*,*,#556,.F.);
#736=ORIENTED_EDGE('',*,*,#568,.F.);
#737=ORIENTED_EDGE('',*,*,#569,.T.);
#738=ORIENTED_EDGE('',*,*,#570,.F.);
#739=ORIENTED_EDGE('',*,*,#569,.F.);
#740=ORIENTED_EDGE('',*,*,#570,.T.);
#741=ORIENTED_EDGE('',*,*,#548,.T.);
#742=ORIENTED_EDGE('',*,*,#571,.F.);
#743=ORIENTED_EDGE('',*,*,#572,.T.);
#744=ORIENTED_EDGE('',*,*,#573,.T.);
#745=ORIENTED_EDGE('',*,*,#572,.F.);
#746=ORIENTED_EDGE('',*,*,#573,.F.);
#747=ORIENTED_EDGE('',*,*,#538,.T.);
#748=ORIENTED_EDGE('',*,*,#574,.F.);
#749=ORIENTED_EDGE('',*,*,#523,.F.);
#750=ORIENTED_EDGE('',*,*,#527,.F.);
#751=ORIENTED_EDGE('',*,*,#575,.F.);
#752=ORIENTED_EDGE('',*,*,#532,.F.);
#753=ORIENTED_EDGE('',*,*,#576,.T.);
#754=ORIENTED_EDGE('',*,*,#577,.F.);
#755=ORIENTED_EDGE('',*,*,#516,.F.);
#756=ORIENTED_EDGE('',*,*,#578,.F.);
#757=ORIENTED_EDGE('',*,*,#518,.F.);
#758=ORIENTED_EDGE('',*,*,#576,.F.);
#759=ORIENTED_EDGE('',*,*,#531,.F.);
#760=ORIENTED_EDGE('',*,*,#579,.F.);
#761=ORIENTED_EDGE('',*,*,#529,.T.);
#762=ORIENTED_EDGE('',*,*,#575,.T.);
#763=ORIENTED_EDGE('',*,*,#526,.F.);
#764=ORIENTED_EDGE('',*,*,#580,.F.);
#765=ORIENTED_EDGE('',*,*,#581,.F.);
#766=ORIENTED_EDGE('',*,*,#582,.F.);
#767=ORIENTED_EDGE('',*,*,#514,.F.);
#768=ORIENTED_EDGE('',*,*,#583,.F.);
#769=ORIENTED_EDGE('',*,*,#521,.F.);
#770=ORIENTED_EDGE('',*,*,#579,.T.);
#771=ORIENTED_EDGE('',*,*,#530,.T.);
#772=ORIENTED_EDGE('',*,*,#580,.T.);
#773=ORIENTED_EDGE('',*,*,#528,.T.);
#774=ORIENTED_EDGE('',*,*,#525,.T.);
#775=ORIENTED_EDGE('',*,*,#517,.T.);
#776=ORIENTED_EDGE('',*,*,#583,.T.);
#777=ORIENTED_EDGE('',*,*,#513,.F.);
#778=ORIENTED_EDGE('',*,*,#577,.T.);
#779=ORIENTED_EDGE('',*,*,#578,.T.);
#780=ORIENTED_EDGE('',*,*,#515,.T.);
#781=ORIENTED_EDGE('',*,*,#582,.T.);
#782=ORIENTED_EDGE('',*,*,#584,.T.);
#783=ORIENTED_EDGE('',*,*,#585,.T.);
#784=ORIENTED_EDGE('',*,*,#586,.T.);
#785=ORIENTED_EDGE('',*,*,#587,.T.);
#786=ORIENTED_EDGE('',*,*,#586,.F.);
#787=ORIENTED_EDGE('',*,*,#520,.F.);
#788=ORIENTED_EDGE('',*,*,#587,.F.);
#789=ORIENTED_EDGE('',*,*,#560,.T.);
#790=ORIENTED_EDGE('',*,*,#558,.F.);
#791=ORIENTED_EDGE('',*,*,#562,.T.);
#792=ORIENTED_EDGE('',*,*,#566,.T.);
#793=ORIENTED_EDGE('',*,*,#588,.T.);
#794=ORIENTED_EDGE('',*,*,#585,.F.);
#795=ORIENTED_EDGE('',*,*,#588,.F.);
#796=ORIENTED_EDGE('',*,*,#565,.T.);
#797=ORIENTED_EDGE('',*,*,#567,.T.);
#798=ORIENTED_EDGE('',*,*,#555,.F.);
#799=ORIENTED_EDGE('',*,*,#561,.T.);
#800=ORIENTED_EDGE('',*,*,#541,.T.);
#801=ORIENTED_EDGE('',*,*,#589,.T.);
#802=ORIENTED_EDGE('',*,*,#574,.T.);
#803=ORIENTED_EDGE('',*,*,#584,.F.);
#804=ORIENTED_EDGE('',*,*,#581,.T.);
#805=ORIENTED_EDGE('',*,*,#524,.T.);
#806=ORIENTED_EDGE('',*,*,#590,.F.);
#807=ORIENTED_EDGE('',*,*,#591,.T.);
#808=ORIENTED_EDGE('',*,*,#592,.T.);
#809=ORIENTED_EDGE('',*,*,#593,.T.);
#810=ORIENTED_EDGE('',*,*,#594,.F.);
#811=ORIENTED_EDGE('',*,*,#595,.F.);
#812=ORIENTED_EDGE('',*,*,#596,.F.);
#813=ORIENTED_EDGE('',*,*,#591,.F.);
#814=ORIENTED_EDGE('',*,*,#592,.F.);
#815=ORIENTED_EDGE('',*,*,#596,.T.);
#816=ORIENTED_EDGE('',*,*,#597,.F.);
#817=ORIENTED_EDGE('',*,*,#598,.F.);
#818=ORIENTED_EDGE('',*,*,#599,.F.);
#819=ORIENTED_EDGE('',*,*,#593,.F.);
#820=ORIENTED_EDGE('',*,*,#598,.T.);
#821=ORIENTED_EDGE('',*,*,#600,.F.);
#822=ORIENTED_EDGE('',*,*,#601,.F.);
#823=ORIENTED_EDGE('',*,*,#600,.T.);
#824=ORIENTED_EDGE('',*,*,#597,.T.);
#825=ORIENTED_EDGE('',*,*,#595,.T.);
#826=ORIENTED_EDGE('',*,*,#602,.F.);
#827=ORIENTED_EDGE('',*,*,#603,.T.);
#828=ORIENTED_EDGE('',*,*,#604,.T.);
#829=ORIENTED_EDGE('',*,*,#605,.T.);
#830=ORIENTED_EDGE('',*,*,#606,.F.);
#831=ORIENTED_EDGE('',*,*,#607,.F.);
#832=ORIENTED_EDGE('',*,*,#608,.F.);
#833=ORIENTED_EDGE('',*,*,#603,.F.);
#834=ORIENTED_EDGE('',*,*,#604,.F.);
#835=ORIENTED_EDGE('',*,*,#608,.T.);
#836=ORIENTED_EDGE('',*,*,#609,.F.);
#837=ORIENTED_EDGE('',*,*,#610,.F.);
#838=ORIENTED_EDGE('',*,*,#611,.F.);
#839=ORIENTED_EDGE('',*,*,#605,.F.);
#840=ORIENTED_EDGE('',*,*,#610,.T.);
#841=ORIENTED_EDGE('',*,*,#612,.F.);
#842=ORIENTED_EDGE('',*,*,#613,.F.);
#843=ORIENTED_EDGE('',*,*,#612,.T.);
#844=ORIENTED_EDGE('',*,*,#609,.T.);
#845=ORIENTED_EDGE('',*,*,#607,.T.);
#846=ORIENTED_EDGE('',*,*,#614,.F.);
#847=ORIENTED_EDGE('',*,*,#615,.T.);
#848=ORIENTED_EDGE('',*,*,#601,.T.);
#849=ORIENTED_EDGE('',*,*,#616,.T.);
#850=ORIENTED_EDGE('',*,*,#611,.T.);
#851=ORIENTED_EDGE('',*,*,#613,.T.);
#852=ORIENTED_EDGE('',*,*,#606,.T.);
#853=ORIENTED_EDGE('',*,*,#617,.T.);
#854=ORIENTED_EDGE('',*,*,#618,.F.);
#855=ORIENTED_EDGE('',*,*,#617,.F.);
#856=ORIENTED_EDGE('',*,*,#602,.T.);
#857=ORIENTED_EDGE('',*,*,#616,.F.);
#858=ORIENTED_EDGE('',*,*,#594,.T.);
#859=ORIENTED_EDGE('',*,*,#590,.T.);
#860=ORIENTED_EDGE('',*,*,#599,.T.);
#861=ORIENTED_EDGE('',*,*,#615,.F.);
#862=ORIENTED_EDGE('',*,*,#614,.T.);
#863=ORIENTED_EDGE('',*,*,#568,.T.);
#864=ORIENTED_EDGE('',*,*,#619,.F.);
#865=ORIENTED_EDGE('',*,*,#620,.T.);
#866=ORIENTED_EDGE('',*,*,#621,.F.);
#867=ORIENTED_EDGE('',*,*,#620,.F.);
#868=ORIENTED_EDGE('',*,*,#619,.T.);
#869=ORIENTED_EDGE('',*,*,#618,.T.);
#870=ORIENTED_EDGE('',*,*,#622,.F.);
#871=ORIENTED_EDGE('',*,*,#623,.T.);
#872=ORIENTED_EDGE('',*,*,#624,.F.);
#873=ORIENTED_EDGE('',*,*,#623,.F.);
#874=ORIENTED_EDGE('',*,*,#622,.T.);
#875=ORIENTED_EDGE('',*,*,#571,.T.);
#876=ORIENTED_EDGE('',*,*,#589,.F.);
#877=ORIENTED_EDGE('',*,*,#625,.T.);
#878=ORIENTED_EDGE('',*,*,#626,.F.);
#879=ORIENTED_EDGE('',*,*,#625,.F.);
#880=ORIENTED_EDGE('',*,*,#627,.F.);
#881=ORIENTED_EDGE('',*,*,#553,.T.);
#882=ORIENTED_EDGE('',*,*,#628,.F.);
#883=ORIENTED_EDGE('',*,*,#629,.F.);
#884=ORIENTED_EDGE('',*,*,#630,.F.);
#885=ORIENTED_EDGE('',*,*,#631,.F.);
#886=ORIENTED_EDGE('',*,*,#632,.F.);
#887=ORIENTED_EDGE('',*,*,#551,.T.);
#888=ORIENTED_EDGE('',*,*,#628,.T.);
#889=ORIENTED_EDGE('',*,*,#552,.T.);
#890=ORIENTED_EDGE('',*,*,#632,.T.);
#891=ORIENTED_EDGE('',*,*,#633,.T.);
#892=ORIENTED_EDGE('',*,*,#634,.F.);
#893=ORIENTED_EDGE('',*,*,#635,.F.);
#894=ORIENTED_EDGE('',*,*,#636,.F.);
#895=ORIENTED_EDGE('',*,*,#637,.T.);
#896=ORIENTED_EDGE('',*,*,#631,.T.);
#897=ORIENTED_EDGE('',*,*,#638,.F.);
#898=ORIENTED_EDGE('',*,*,#639,.F.);
#899=ORIENTED_EDGE('',*,*,#640,.F.);
#900=ORIENTED_EDGE('',*,*,#641,.F.);
#901=ORIENTED_EDGE('',*,*,#633,.F.);
#902=ORIENTED_EDGE('',*,*,#629,.T.);
#903=ORIENTED_EDGE('',*,*,#637,.F.);
#904=ORIENTED_EDGE('',*,*,#642,.F.);
#905=ORIENTED_EDGE('',*,*,#643,.F.);
#906=ORIENTED_EDGE('',*,*,#644,.F.);
#907=ORIENTED_EDGE('',*,*,#645,.F.);
#908=ORIENTED_EDGE('',*,*,#646,.T.);
#909=ORIENTED_EDGE('',*,*,#647,.T.);
#910=ORIENTED_EDGE('',*,*,#644,.T.);
#911=ORIENTED_EDGE('',*,*,#648,.T.);
#912=ORIENTED_EDGE('',*,*,#627,.T.);
#913=ORIENTED_EDGE('',*,*,#645,.T.);
#914=ORIENTED_EDGE('',*,*,#647,.F.);
#915=ORIENTED_EDGE('',*,*,#649,.F.);
#916=ORIENTED_EDGE('',*,*,#650,.F.);
#917=ORIENTED_EDGE('',*,*,#638,.T.);
#918=ORIENTED_EDGE('',*,*,#630,.T.);
#919=ORIENTED_EDGE('',*,*,#550,.T.);
#920=ORIENTED_EDGE('',*,*,#646,.F.);
#921=ORIENTED_EDGE('',*,*,#651,.T.);
#922=ORIENTED_EDGE('',*,*,#652,.F.);
#923=ORIENTED_EDGE('',*,*,#635,.T.);
#924=ORIENTED_EDGE('',*,*,#653,.F.);
#925=ORIENTED_EDGE('',*,*,#654,.T.);
#926=ORIENTED_EDGE('',*,*,#655,.F.);
#927=ORIENTED_EDGE('',*,*,#649,.T.);
#928=ORIENTED_EDGE('',*,*,#621,.T.);
#929=ORIENTED_EDGE('',*,*,#624,.T.);
#930=ORIENTED_EDGE('',*,*,#626,.T.);
#931=ORIENTED_EDGE('',*,*,#652,.T.);
#932=ORIENTED_EDGE('',*,*,#656,.T.);
#933=ORIENTED_EDGE('',*,*,#642,.T.);
#934=ORIENTED_EDGE('',*,*,#636,.T.);
#935=ORIENTED_EDGE('',*,*,#653,.T.);
#936=ORIENTED_EDGE('',*,*,#634,.T.);
#937=ORIENTED_EDGE('',*,*,#641,.T.);
#938=ORIENTED_EDGE('',*,*,#657,.T.);
#939=ORIENTED_EDGE('',*,*,#655,.T.);
#940=ORIENTED_EDGE('',*,*,#658,.T.);
#941=ORIENTED_EDGE('',*,*,#639,.T.);
#942=ORIENTED_EDGE('',*,*,#650,.T.);
#943=ORIENTED_EDGE('',*,*,#657,.F.);
#944=ORIENTED_EDGE('',*,*,#640,.T.);
#945=ORIENTED_EDGE('',*,*,#658,.F.);
#946=ORIENTED_EDGE('',*,*,#654,.F.);
#947=ORIENTED_EDGE('',*,*,#648,.F.);
#948=ORIENTED_EDGE('',*,*,#643,.T.);
#949=ORIENTED_EDGE('',*,*,#656,.F.);
#950=ORIENTED_EDGE('',*,*,#651,.F.);
#951=CYLINDRICAL_SURFACE('',#1047,0.9338125);
#952=CYLINDRICAL_SURFACE('',#1049,0.9338125);
#953=CYLINDRICAL_SURFACE('',#1051,1.015);
#954=CYLINDRICAL_SURFACE('',#1053,1.015);
#955=CYLINDRICAL_SURFACE('',#1054,1.015);
#956=CYLINDRICAL_SURFACE('',#1055,0.0499999999999998);
#957=CYLINDRICAL_SURFACE('',#1062,0.0499999999999998);
#958=CYLINDRICAL_SURFACE('',#1081,0.8);
#959=CYLINDRICAL_SURFACE('',#1086,1.015);
#960=CYLINDRICAL_SURFACE('',#1087,0.9338125);
#961=CYLINDRICAL_SURFACE('',#1094,0.715);
#962=CYLINDRICAL_SURFACE('',#1098,0.3915);
#963=CYLINDRICAL_SURFACE('',#1101,0.3915);
#964=CYLINDRICAL_SURFACE('',#1103,0.3365);
#965=CYLINDRICAL_SURFACE('',#1107,0.5);
#966=CYLINDRICAL_SURFACE('',#1111,0.95);
#967=CYLINDRICAL_SURFACE('',#1115,1.2);
#968=CYLINDRICAL_SURFACE('',#1126,0.1);
#969=CYLINDRICAL_SURFACE('',#1133,0.1);
#970=CYLINDRICAL_SURFACE('',#1134,0.1);
#971=CYLINDRICAL_SURFACE('',#1135,0.1);
#972=ADVANCED_FACE('',(#63),#951,.F.);
#973=ADVANCED_FACE('',(#64),#952,.F.);
#974=ADVANCED_FACE('',(#65),#953,.F.);
#975=ADVANCED_FACE('',(#66),#954,.F.);
#976=ADVANCED_FACE('',(#67),#955,.F.);
#977=ADVANCED_FACE('',(#68),#956,.F.);
#978=ADVANCED_FACE('',(#69),#35,.F.);
#979=ADVANCED_FACE('',(#70),#957,.F.);
#980=ADVANCED_FACE('',(#71,#24),#36,.F.);
#981=ADVANCED_FACE('',(#72),#37,.F.);
#982=ADVANCED_FACE('',(#73),#38,.F.);
#983=ADVANCED_FACE('',(#74),#39,.F.);
#984=ADVANCED_FACE('',(#75),#40,.F.);
#985=ADVANCED_FACE('',(#76),#41,.F.);
#986=ADVANCED_FACE('',(#77),#21,.F.);
#987=ADVANCED_FACE('',(#78,#25),#42,.T.);
#988=ADVANCED_FACE('',(#79),#958,.F.);
#989=ADVANCED_FACE('',(#80,#26),#43,.T.);
#990=ADVANCED_FACE('',(#81),#15,.F.);
#991=ADVANCED_FACE('',(#82),#44,.T.);
#992=ADVANCED_FACE('',(#83),#959,.F.);
#993=ADVANCED_FACE('',(#84),#16,.F.);
#994=ADVANCED_FACE('',(#85),#960,.F.);
#995=ADVANCED_FACE('',(#86),#22,.F.);
#996=ADVANCED_FACE('',(#87),#23,.F.);
#997=ADVANCED_FACE('',(#88,#27),#45,.T.);
#998=ADVANCED_FACE('',(#89),#961,.F.);
#999=ADVANCED_FACE('',(#90,#28),#46,.T.);
#1000=ADVANCED_FACE('',(#91),#47,.F.);
#1001=ADVANCED_FACE('',(#92),#17,.T.);
#1002=ADVANCED_FACE('',(#93),#962,.T.);
#1003=ADVANCED_FACE('',(#94),#18,.T.);
#1004=ADVANCED_FACE('',(#95),#48,.T.);
#1005=ADVANCED_FACE('',(#96),#49,.F.);
#1006=ADVANCED_FACE('',(#97),#19,.T.);
#1007=ADVANCED_FACE('',(#98),#963,.T.);
#1008=ADVANCED_FACE('',(#99),#20,.T.);
#1009=ADVANCED_FACE('',(#100),#50,.T.);
#1010=ADVANCED_FACE('',(#101),#964,.T.);
#1011=ADVANCED_FACE('',(#102,#29),#51,.T.);
#1012=ADVANCED_FACE('',(#103),#965,.T.);
#1013=ADVANCED_FACE('',(#104,#30),#52,.T.);
#1014=ADVANCED_FACE('',(#105),#966,.T.);
#1015=ADVANCED_FACE('',(#106,#31),#53,.T.);
#1016=ADVANCED_FACE('',(#107),#967,.T.);
#1017=ADVANCED_FACE('',(#108),#54,.F.);
#1018=ADVANCED_FACE('',(#109),#55,.F.);
#1019=ADVANCED_FACE('',(#110),#56,.T.);
#1020=ADVANCED_FACE('',(#111),#57,.F.);
#1021=ADVANCED_FACE('',(#112),#58,.F.);
#1022=ADVANCED_FACE('',(#113),#968,.T.);
#1023=ADVANCED_FACE('',(#114),#59,.T.);
#1024=ADVANCED_FACE('',(#115,#32,#33,#34),#60,.T.);
#1025=ADVANCED_FACE('',(#116),#969,.T.);
#1026=ADVANCED_FACE('',(#117),#970,.T.);
#1027=ADVANCED_FACE('',(#118),#971,.T.);
#1028=ADVANCED_FACE('',(#119),#61,.T.);
#1029=ADVANCED_FACE('',(#120),#62,.T.);
#1030=CLOSED_SHELL('',(#972,#973,#974,#975,#976,#977,#978,#979,#980,#981,
#982,#983,#984,#985,#986,#987,#988,#989,#990,#991,#992,#993,#994,#995,#996,
#997,#998,#999,#1000,#1001,#1002,#1003,#1004,#1005,#1006,#1007,#1008,#1009,
#1010,#1011,#1012,#1013,#1014,#1015,#1016,#1017,#1018,#1019,#1020,#1021,
#1022,#1023,#1024,#1025,#1026,#1027,#1028,#1029));
#1031=DERIVED_UNIT_ELEMENT(#1034,1.);
#1032=DERIVED_UNIT_ELEMENT(#2617,-3.);
#1033=DIMENSIONAL_EXPONENTS(0.,1.,0.,0.,0.,0.,0.);
#1034=(
CONVERSION_BASED_UNIT('gram',#1036)
MASS_UNIT()
NAMED_UNIT(#1033)
);
#1035=(
MASS_UNIT()
NAMED_UNIT(*)
SI_UNIT(.KILO.,.GRAM.)
);
#1036=MASS_MEASURE_WITH_UNIT(MASS_MEASURE(0.001),#1035);
#1037=DERIVED_UNIT((#1031,#1032));
#1038=MEASURE_REPRESENTATION_ITEM('density measure',
POSITIVE_RATIO_MEASURE(1.),#1037);
#1039=PROPERTY_DEFINITION_REPRESENTATION(#1044,#1041);
#1040=PROPERTY_DEFINITION_REPRESENTATION(#1045,#1042);
#1041=REPRESENTATION('material name',(#1043),#2615);
#1042=REPRESENTATION('density',(#1038),#2615);
#1043=DESCRIPTIVE_REPRESENTATION_ITEM('Generic','Generic');
#1044=PROPERTY_DEFINITION('material property','material name',#2624);
#1045=PROPERTY_DEFINITION('material property','density of part',#2624);
#1046=AXIS2_PLACEMENT_3D('',#1404,#1138,#1139);
#1047=AXIS2_PLACEMENT_3D('',#1405,#1140,#1141);
#1048=AXIS2_PLACEMENT_3D('',#1423,#1143,#1144);
#1049=AXIS2_PLACEMENT_3D('',#1464,#1145,#1146);
#1050=AXIS2_PLACEMENT_3D('',#1472,#1150,#1151);
#1051=AXIS2_PLACEMENT_3D('',#1489,#1152,#1153);
#1052=AXIS2_PLACEMENT_3D('',#1501,#1155,#1156);
#1053=AXIS2_PLACEMENT_3D('',#1509,#1157,#1158);
#1054=AXIS2_PLACEMENT_3D('',#1546,#1160,#1161);
#1055=AXIS2_PLACEMENT_3D('',#1573,#1164,#1165);
#1056=AXIS2_PLACEMENT_3D('',#1578,#1167,#1168);
#1057=AXIS2_PLACEMENT_3D('',#1582,#1170,#1171);
#1058=AXIS2_PLACEMENT_3D('',#1585,#1173,#1174);
#1059=AXIS2_PLACEMENT_3D('',#1586,#1175,#1176);
#1060=AXIS2_PLACEMENT_3D('',#1587,#1177,#1178);
#1061=AXIS2_PLACEMENT_3D('',#1591,#1180,#1181);
#1062=AXIS2_PLACEMENT_3D('',#1593,#1183,#1184);
#1063=AXIS2_PLACEMENT_3D('',#1598,#1186,#1187);
#1064=AXIS2_PLACEMENT_3D('',#1602,#1189,#1190);
#1065=AXIS2_PLACEMENT_3D('',#1605,#1192,#1193);
#1066=AXIS2_PLACEMENT_3D('',#1606,#1194,#1195);
#1067=AXIS2_PLACEMENT_3D('',#1607,#1196,#1197);
#1068=AXIS2_PLACEMENT_3D('',#1619,#1203,#1204);
#1069=AXIS2_PLACEMENT_3D('',#1624,#1207,#1208);
#1070=AXIS2_PLACEMENT_3D('',#1626,#1210,#1211);
#1071=AXIS2_PLACEMENT_3D('',#1628,#1213,#1214);
#1072=AXIS2_PLACEMENT_3D('',#1630,#1216,#1217);
#1073=AXIS2_PLACEMENT_3D('',#1634,#1220,#1221);
#1074=AXIS2_PLACEMENT_3D('',#1638,#1223,#1224);
#1075=AXIS2_PLACEMENT_3D('',#1639,#1225,#1226);
#1076=AXIS2_PLACEMENT_3D('',#1640,#1227,#1228);
#1077=AXIS2_PLACEMENT_3D('',#1642,#1230,#1231);
#1078=AXIS2_PLACEMENT_3D('',#1644,#1232,#1233);
#1079=AXIS2_PLACEMENT_3D('',#1647,#1235,#1236);
#1080=AXIS2_PLACEMENT_3D('',#1648,#1237,#1238);
#1081=AXIS2_PLACEMENT_3D('',#1649,#1239,#1240);
#1082=AXIS2_PLACEMENT_3D('',#1651,#1241,#1242);
#1083=AXIS2_PLACEMENT_3D('',#1654,#1244,#1245);
#1084=AXIS2_PLACEMENT_3D('',#1655,#1246,#1247);
#1085=AXIS2_PLACEMENT_3D('',#2033,#1249,#1250);
#1086=AXIS2_PLACEMENT_3D('',#2035,#1252,#1253);
#1087=AXIS2_PLACEMENT_3D('',#2288,#1254,#1255);
#1088=AXIS2_PLACEMENT_3D('',#2289,#1256,#1257);
#1089=AXIS2_PLACEMENT_3D('',#2290,#1258,#1259);
#1090=AXIS2_PLACEMENT_3D('',#2291,#1260,#1261);
#1091=AXIS2_PLACEMENT_3D('',#2293,#1262,#1263);
#1092=AXIS2_PLACEMENT_3D('',#2296,#1265,#1266);
#1093=AXIS2_PLACEMENT_3D('',#2297,#1267,#1268);
#1094=AXIS2_PLACEMENT_3D('',#2298,#1269,#1270);
#1095=AXIS2_PLACEMENT_3D('',#2300,#1272,#1273);
#1096=AXIS2_PLACEMENT_3D('',#2302,#1274,#1275);
#1097=AXIS2_PLACEMENT_3D('',#2303,#1276,#1277);
#1098=AXIS2_PLACEMENT_3D('',#2363,#1283,#1284);
#1099=AXIS2_PLACEMENT_3D('',#2410,#1287,#1288);
#1100=AXIS2_PLACEMENT_3D('',#2412,#1290,#1291);
#1101=AXIS2_PLACEMENT_3D('',#2472,#1297,#1298);
#1102=AXIS2_PLACEMENT_3D('',#2519,#1301,#1302);
#1103=AXIS2_PLACEMENT_3D('',#2521,#1304,#1305);
#1104=AXIS2_PLACEMENT_3D('',#2523,#1306,#1307);
#1105=AXIS2_PLACEMENT_3D('',#2528,#1311,#1312);
#1106=AXIS2_PLACEMENT_3D('',#2529,#1313,#1314);
#1107=AXIS2_PLACEMENT_3D('',#2530,#1315,#1316);
#1108=AXIS2_PLACEMENT_3D('',#2532,#1317,#1318);
#1109=AXIS2_PLACEMENT_3D('',#2535,#1320,#1321);
#1110=AXIS2_PLACEMENT_3D('',#2536,#1322,#1323);
#1111=AXIS2_PLACEMENT_3D('',#2537,#1324,#1325);
#1112=AXIS2_PLACEMENT_3D('',#2539,#1326,#1327);
#1113=AXIS2_PLACEMENT_3D('',#2542,#1329,#1330);
#1114=AXIS2_PLACEMENT_3D('',#2543,#1331,#1332);
#1115=AXIS2_PLACEMENT_3D('',#2544,#1333,#1334);
#1116=AXIS2_PLACEMENT_3D('',#2547,#1336,#1337);
#1117=AXIS2_PLACEMENT_3D('',#2548,#1338,#1339);
#1118=AXIS2_PLACEMENT_3D('',#2554,#1343,#1344);
#1119=AXIS2_PLACEMENT_3D('',#2560,#1348,#1349);
#1120=AXIS2_PLACEMENT_3D('',#2570,#1355,#1356);
#1121=AXIS2_PLACEMENT_3D('',#2574,#1358,#1359);
#1122=AXIS2_PLACEMENT_3D('',#2577,#1361,#1362);
#1123=AXIS2_PLACEMENT_3D('',#2578,#1363,#1364);
#1124=AXIS2_PLACEMENT_3D('',#2580,#1365,#1366);
#1125=AXIS2_PLACEMENT_3D('',#2584,#1368,#1369);
#1126=AXIS2_PLACEMENT_3D('',#2586,#1371,#1372);
#1127=AXIS2_PLACEMENT_3D('',#2589,#1373,#1374);
#1128=AXIS2_PLACEMENT_3D('',#2592,#1377,#1378);
#1129=AXIS2_PLACEMENT_3D('',#2596,#1381,#1382);
#1130=AXIS2_PLACEMENT_3D('',#2599,#1384,#1385);
#1131=AXIS2_PLACEMENT_3D('',#2601,#1386,#1387);
#1132=AXIS2_PLACEMENT_3D('',#2604,#1389,#1390);
#1133=AXIS2_PLACEMENT_3D('',#2605,#1391,#1392);
#1134=AXIS2_PLACEMENT_3D('',#2607,#1394,#1395);
#1135=AXIS2_PLACEMENT_3D('',#2609,#1397,#1398);
#1136=AXIS2_PLACEMENT_3D('',#2611,#1400,#1401);
#1137=AXIS2_PLACEMENT_3D('',#2612,#1402,#1403);
#1138=DIRECTION('axis',(0.,0.,1.));
#1139=DIRECTION('refdir',(1.,0.,0.));
#1140=DIRECTION('center_axis',(0.,0.,1.));
#1141=DIRECTION('ref_axis',(-0.985034297850575,0.172358440634698,0.));
#1142=DIRECTION('',(0.,0.,1.));
#1143=DIRECTION('center_axis',(0.,0.,-1.));
#1144=DIRECTION('ref_axis',(-1.,0.,0.));
#1145=DIRECTION('center_axis',(0.,0.,1.));
#1146=DIRECTION('ref_axis',(-1.,0.,0.));
#1147=DIRECTION('',(0.,0.,1.));
#1148=DIRECTION('',(0.,0.,-1.));
#1149=DIRECTION('',(0.,0.,1.));
#1150=DIRECTION('center_axis',(0.,0.,-1.));
#1151=DIRECTION('ref_axis',(-1.,0.,0.));
#1152=DIRECTION('center_axis',(0.,0.,1.));
#1153=DIRECTION('ref_axis',(-0.6317119847766,-0.77520317871485,0.));
#1154=DIRECTION('',(1.22464679914735E-16,1.49975978266186E-32,1.));
#1155=DIRECTION('center_axis',(0.,0.,-1.));
#1156=DIRECTION('ref_axis',(1.,0.,0.));
#1157=DIRECTION('center_axis',(0.,0.,1.));
#1158=DIRECTION('ref_axis',(1.,0.,0.));
#1159=DIRECTION('',(1.22464679914735E-16,1.49975978266186E-32,1.));
#1160=DIRECTION('center_axis',(0.,0.,1.));
#1161=DIRECTION('ref_axis',(1.,0.,0.));
#1162=DIRECTION('',(1.22464679914735E-16,1.49975978266186E-32,1.));
#1163=DIRECTION('',(0.,0.,1.));
#1164=DIRECTION('center_axis',(0.,0.,1.));
#1165=DIRECTION('ref_axis',(-1.,0.,0.));
#1166=DIRECTION('',(0.,0.,1.));
#1167=DIRECTION('center_axis',(0.,0.,1.));
#1168=DIRECTION('ref_axis',(-1.,0.,0.));
#1169=DIRECTION('',(0.,0.,1.));
#1170=DIRECTION('center_axis',(0.,0.,1.));
#1171=DIRECTION('ref_axis',(-1.,0.,0.));
#1172=DIRECTION('',(0.,0.,1.));
#1173=DIRECTION('center_axis',(0.,0.,-1.));
#1174=DIRECTION('ref_axis',(-1.,0.,0.));
#1175=DIRECTION('center_axis',(0.,0.,1.));
#1176=DIRECTION('ref_axis',(-1.,0.,0.));
#1177=DIRECTION('center_axis',(0.,0.,1.));
#1178=DIRECTION('ref_axis',(1.,0.,0.));
#1179=DIRECTION('',(-1.,0.,0.));
#1180=DIRECTION('center_axis',(0.,0.,-1.));
#1181=DIRECTION('ref_axis',(-1.,0.,0.));
#1182=DIRECTION('',(1.,0.,0.));
#1183=DIRECTION('center_axis',(0.,0.,1.));
#1184=DIRECTION('ref_axis',(-1.,0.,0.));
#1185=DIRECTION('',(0.,0.,1.));
#1186=DIRECTION('center_axis',(0.,0.,1.));
#1187=DIRECTION('ref_axis',(-1.,0.,0.));
#1188=DIRECTION('',(0.,0.,1.));
#1189=DIRECTION('center_axis',(0.,0.,1.));
#1190=DIRECTION('ref_axis',(-1.,0.,0.));
#1191=DIRECTION('',(0.,0.,1.));
#1192=DIRECTION('center_axis',(0.,0.,-1.));
#1193=DIRECTION('ref_axis',(-1.,0.,0.));
#1194=DIRECTION('center_axis',(0.,0.,1.));
#1195=DIRECTION('ref_axis',(-1.,0.,0.));
#1196=DIRECTION('center_axis',(0.,0.,1.));
#1197=DIRECTION('ref_axis',(1.,0.,0.));
#1198=DIRECTION('',(1.,0.,0.));
#1199=DIRECTION('',(0.,-1.,0.));
#1200=DIRECTION('',(-1.,0.,0.));
#1201=DIRECTION('',(0.,1.,0.));
#1202=DIRECTION('',(1.,0.,0.));
#1203=DIRECTION('center_axis',(0.,0.,1.));
#1204=DIRECTION('ref_axis',(-1.,0.,0.));
#1205=DIRECTION('',(1.,0.,0.));
#1206=DIRECTION('',(-1.,0.,0.));
#1207=DIRECTION('center_axis',(0.,0.,1.));
#1208=DIRECTION('ref_axis',(-1.,0.,0.));
#1209=DIRECTION('',(-1.,0.,0.));
#1210=DIRECTION('center_axis',(0.,1.,0.));
#1211=DIRECTION('ref_axis',(-1.,0.,0.));
#1212=DIRECTION('',(0.,0.,-1.));
#1213=DIRECTION('center_axis',(0.,-1.,0.));
#1214=DIRECTION('ref_axis',(1.,0.,0.));
#1215=DIRECTION('',(0.,0.,1.));
#1216=DIRECTION('center_axis',(0.,1.,0.));
#1217=DIRECTION('ref_axis',(-1.,0.,0.));
#1218=DIRECTION('',(0.,0.,1.));
#1219=DIRECTION('',(-1.,0.,0.));
#1220=DIRECTION('center_axis',(0.,0.,1.));
#1221=DIRECTION('ref_axis',(1.,0.,0.));
#1222=DIRECTION('',(1.,0.,0.));
#1223=DIRECTION('center_axis',(0.,0.,-1.));
#1224=DIRECTION('ref_axis',(-1.,0.,0.));
#1225=DIRECTION('center_axis',(0.,0.,-1.));
#1226=DIRECTION('ref_axis',(-1.,0.,0.));
#1227=DIRECTION('center_axis',(0.,-1.,0.));
#1228=DIRECTION('ref_axis',(1.,0.,0.));
#1229=DIRECTION('',(0.,0.,-1.));
#1230=DIRECTION('center_axis',(0.,0.,1.));
#1231=DIRECTION('ref_axis',(-1.,0.,0.));
#1232=DIRECTION('center_axis',(0.,0.,-1.));
#1233=DIRECTION('ref_axis',(-1.,0.,0.));
#1234=DIRECTION('',(-0.0299865439676785,3.67229250875088E-18,-0.999550302476506));
#1235=DIRECTION('center_axis',(0.,0.,1.));
#1236=DIRECTION('ref_axis',(-1.,0.,0.));
#1237=DIRECTION('center_axis',(0.,0.,1.));
#1238=DIRECTION('ref_axis',(1.,0.,0.));
#1239=DIRECTION('center_axis',(0.,0.,-1.));
#1240=DIRECTION('ref_axis',(-1.,0.,0.));
#1241=DIRECTION('center_axis',(0.,0.,-1.));
#1242=DIRECTION('ref_axis',(-1.,0.,0.));
#1243=DIRECTION('',(0.,0.,-1.));
#1244=DIRECTION('center_axis',(0.,0.,-1.));
#1245=DIRECTION('ref_axis',(-1.,0.,0.));
#1246=DIRECTION('center_axis',(0.,0.,1.));
#1247=DIRECTION('ref_axis',(1.,0.,0.));
#1248=DIRECTION('',(-0.866025504730543,0.,0.499999825156178));
#1249=DIRECTION('center_axis',(0.,1.,0.));
#1250=DIRECTION('ref_axis',(0.,0.,1.));
#1251=DIRECTION('',(0.866025504730543,0.,0.499999825156178));
#1252=DIRECTION('center_axis',(0.,0.,1.));
#1253=DIRECTION('ref_axis',(1.,0.,0.));
#1254=DIRECTION('center_axis',(0.,0.,1.));
#1255=DIRECTION('ref_axis',(-1.,0.,0.));
#1256=DIRECTION('center_axis',(0.,0.,1.));
#1257=DIRECTION('ref_axis',(0.659789849628808,0.751450167560561,0.));
#1258=DIRECTION('center_axis',(0.,0.,1.));
#1259=DIRECTION('ref_axis',(-1.,0.,0.));
#1260=DIRECTION('center_axis',(0.,0.,1.));
#1261=DIRECTION('ref_axis',(-1.,0.,0.));
#1262=DIRECTION('center_axis',(0.,0.,-1.));
#1263=DIRECTION('ref_axis',(-1.,0.,0.));
#1264=DIRECTION('',(0.707106781186547,-8.65956056235493E-17,0.707106781186548));
#1265=DIRECTION('center_axis',(0.,0.,1.));
#1266=DIRECTION('ref_axis',(-1.,0.,0.));
#1267=DIRECTION('center_axis',(0.,0.,1.));
#1268=DIRECTION('ref_axis',(1.,0.,0.));
#1269=DIRECTION('center_axis',(0.,0.,1.));
#1270=DIRECTION('ref_axis',(-1.,0.,0.));
#1271=DIRECTION('',(0.,0.,1.));
#1272=DIRECTION('center_axis',(0.,0.,1.));
#1273=DIRECTION('ref_axis',(1.,0.,0.));
#1274=DIRECTION('center_axis',(0.,0.,1.));
#1275=DIRECTION('ref_axis',(-1.,0.,0.));
#1276=DIRECTION('center_axis',(-1.22464679914735E-16,-1.,0.));
#1277=DIRECTION('ref_axis',(0.,0.,1.));
#1278=DIRECTION('',(0.,0.,1.));
#1279=DIRECTION('',(-0.907959384500452,1.11192955398428E-16,0.419058177461746));
#1280=DIRECTION('',(0.,0.,1.));
#1281=DIRECTION('',(0.907959384500452,-1.11192955398428E-16,0.419058177461746));
#1282=DIRECTION('',(-0.907959384500452,2.22385910796856E-16,-0.419058177461746));
#1283=DIRECTION('center_axis',(0.,0.,1.));
#1284=DIRECTION('ref_axis',(-1.,1.22464679914735E-16,0.));
#1285=DIRECTION('',(0.,0.,-1.));
#1286=DIRECTION('',(0.907959384500452,-2.22385910796856E-16,-0.419058177461746));
#1287=DIRECTION('center_axis',(2.44929359829471E-16,1.,0.));
#1288=DIRECTION('ref_axis',(0.,0.,1.));
#1289=DIRECTION('',(0.,0.,-1.));
#1290=DIRECTION('center_axis',(0.,1.,0.));
#1291=DIRECTION('ref_axis',(0.,0.,1.));
#1292=DIRECTION('',(0.,0.,1.));
#1293=DIRECTION('',(0.907959384500452,0.,0.419058177461746));
#1294=DIRECTION('',(0.,0.,1.));
#1295=DIRECTION('',(-0.907959384500452,0.,0.419058177461746));
#1296=DIRECTION('',(0.907959384500452,-1.11192955398428E-16,-0.419058177461746));
#1297=DIRECTION('center_axis',(0.,0.,1.));
#1298=DIRECTION('ref_axis',(1.,0.,0.));
#1299=DIRECTION('',(0.,0.,-1.));
#1300=DIRECTION('',(-0.907959384500452,1.11192955398428E-16,-0.419058177461746));
#1301=DIRECTION('center_axis',(-1.22464679914735E-16,-1.,0.));
#1302=DIRECTION('ref_axis',(0.,0.,1.));
#1303=DIRECTION('',(0.,0.,-1.));
#1304=DIRECTION('center_axis',(0.,0.,1.));
#1305=DIRECTION('ref_axis',(-1.,0.,0.));
#1306=DIRECTION('center_axis',(0.,0.,1.));
#1307=DIRECTION('ref_axis',(-1.,0.,0.));
#1308=DIRECTION('',(0.,0.,-1.));
#1309=DIRECTION('',(0.,0.,-1.));
#1310=DIRECTION('',(0.,0.,-1.));
#1311=DIRECTION('center_axis',(0.,0.,-1.));
#1312=DIRECTION('ref_axis',(-1.,0.,0.));
#1313=DIRECTION('center_axis',(0.,0.,1.));
#1314=DIRECTION('ref_axis',(1.,0.,0.));
#1315=DIRECTION('center_axis',(0.,0.,1.));
#1316=DIRECTION('ref_axis',(-1.,0.,0.));
#1317=DIRECTION('center_axis',(0.,0.,1.));
#1318=DIRECTION('ref_axis',(-1.,0.,0.));
#1319=DIRECTION('',(0.,0.,-1.));
#1320=DIRECTION('center_axis',(0.,0.,-1.));
#1321=DIRECTION('ref_axis',(-1.,0.,0.));
#1322=DIRECTION('center_axis',(0.,0.,1.));
#1323=DIRECTION('ref_axis',(1.,0.,0.));
#1324=DIRECTION('center_axis',(0.,0.,1.));
#1325=DIRECTION('ref_axis',(-1.,0.,0.));
#1326=DIRECTION('center_axis',(0.,0.,1.));
#1327=DIRECTION('ref_axis',(-1.,0.,0.));
#1328=DIRECTION('',(0.,0.,-1.));
#1329=DIRECTION('center_axis',(0.,0.,-1.));
#1330=DIRECTION('ref_axis',(-1.,0.,0.));
#1331=DIRECTION('center_axis',(0.,0.,1.));
#1332=DIRECTION('ref_axis',(1.,0.,0.));
#1333=DIRECTION('center_axis',(0.,0.,1.));
#1334=DIRECTION('ref_axis',(-1.,0.,0.));
#1335=DIRECTION('',(0.,0.,-1.));
#1336=DIRECTION('center_axis',(0.,0.,-1.));
#1337=DIRECTION('ref_axis',(-1.,0.,0.));
#1338=DIRECTION('center_axis',(1.,0.,0.));
#1339=DIRECTION('ref_axis',(0.,-1.,0.));
#1340=DIRECTION('',(0.,0.,-1.));
#1341=DIRECTION('',(0.,0.,1.));
#1342=DIRECTION('',(0.,1.,0.));
#1343=DIRECTION('center_axis',(-1.,0.,0.));
#1344=DIRECTION('ref_axis',(0.,1.,0.));
#1345=DIRECTION('',(0.,0.,1.));
#1346=DIRECTION('',(0.,-1.,0.));
#1347=DIRECTION('',(0.,0.,-1.));
#1348=DIRECTION('center_axis',(0.,1.,0.));
#1349=DIRECTION('ref_axis',(-1.,0.,0.));
#1350=DIRECTION('',(-1.,0.,0.));
#1351=DIRECTION('',(0.,0.,-1.));
#1352=DIRECTION('',(-1.,0.,0.));
#1353=DIRECTION('',(0.,0.,1.));
#1354=DIRECTION('',(-1.,0.,0.));
#1355=DIRECTION('center_axis',(0.,0.,1.));
#1356=DIRECTION('ref_axis',(1.,0.,0.));
#1357=DIRECTION('',(1.,0.,0.));
#1358=DIRECTION('center_axis',(0.,0.,1.));
#1359=DIRECTION('ref_axis',(-0.707106781186546,-0.707106781186549,0.));
#1360=DIRECTION('',(0.,-1.,0.));
#1361=DIRECTION('center_axis',(0.,0.,1.));
#1362=DIRECTION('ref_axis',(-0.707106781186546,0.707106781186549,0.));
#1363=DIRECTION('center_axis',(0.,0.,1.));
#1364=DIRECTION('ref_axis',(1.,0.,0.));
#1365=DIRECTION('center_axis',(0.,0.,1.));
#1366=DIRECTION('ref_axis',(0.707106781186546,0.707106781186549,0.));
#1367=DIRECTION('',(0.,1.,0.));
#1368=DIRECTION('center_axis',(0.,0.,1.));
#1369=DIRECTION('ref_axis',(0.707106781186546,-0.707106781186549,0.));
#1370=DIRECTION('',(1.,0.,0.));
#1371=DIRECTION('center_axis',(0.,0.,1.));
#1372=DIRECTION('ref_axis',(0.707106781186546,-0.707106781186549,0.));
#1373=DIRECTION('center_axis',(0.,0.,-1.));
#1374=DIRECTION('ref_axis',(0.707106781186546,-0.707106781186549,0.));
#1375=DIRECTION('',(0.,0.,-1.));
#1376=DIRECTION('',(0.,0.,1.));
#1377=DIRECTION('center_axis',(0.,-1.,0.));
#1378=DIRECTION('ref_axis',(1.,0.,0.));
#1379=DIRECTION('',(1.,0.,0.));
#1380=DIRECTION('',(0.,0.,1.));
#1381=DIRECTION('center_axis',(0.,0.,1.));
#1382=DIRECTION('ref_axis',(1.,0.,0.));
#1383=DIRECTION('',(0.,1.,0.));
#1384=DIRECTION('center_axis',(0.,0.,-1.));
#1385=DIRECTION('ref_axis',(0.707106781186546,0.707106781186549,0.));
#1386=DIRECTION('center_axis',(0.,0.,-1.));
#1387=DIRECTION('ref_axis',(-0.707106781186546,0.707106781186549,0.));
#1388=DIRECTION('',(0.,-1.,0.));
#1389=DIRECTION('center_axis',(0.,0.,-1.));
#1390=DIRECTION('ref_axis',(-0.707106781186546,-0.707106781186549,0.));
#1391=DIRECTION('center_axis',(0.,0.,1.));
#1392=DIRECTION('ref_axis',(0.707106781186546,0.707106781186549,0.));
#1393=DIRECTION('',(0.,0.,-1.));
#1394=DIRECTION('center_axis',(0.,0.,1.));
#1395=DIRECTION('ref_axis',(-0.707106781186546,0.707106781186549,0.));
#1396=DIRECTION('',(0.,0.,1.));
#1397=DIRECTION('center_axis',(0.,0.,1.));
#1398=DIRECTION('ref_axis',(-0.707106781186546,-0.707106781186549,0.));
#1399=DIRECTION('',(0.,0.,-1.));
#1400=DIRECTION('center_axis',(-1.,0.,0.));
#1401=DIRECTION('ref_axis',(0.,-1.,0.));
#1402=DIRECTION('center_axis',(1.,0.,0.));
#1403=DIRECTION('ref_axis',(0.,1.,0.));
#1404=CARTESIAN_POINT('',(0.,0.,0.));
#1405=CARTESIAN_POINT('Origin',(0.,0.,0.4));
#1406=CARTESIAN_POINT('',(0.933824474441702,2.18742525576743E-5,0.69827070625));
#1407=CARTESIAN_POINT('',(0.933856386817783,-1.97463309316934E-5,0.7357735));
#1408=CARTESIAN_POINT('',(0.9338125,1.14359048912879E-16,0.4));
#1409=CARTESIAN_POINT('',(-0.317189691716402,-0.878346960344671,0.84));
#1410=CARTESIAN_POINT('Ctrl Pts',(0.933856386817783,-1.9746330931672E-5,
0.7357735));
#1411=CARTESIAN_POINT('Ctrl Pts',(0.933731356040793,0.133684795405292,0.739192231481482));
#1412=CARTESIAN_POINT('Ctrl Pts',(0.870949786290735,0.423066199391004,0.746588606481482));
#1413=CARTESIAN_POINT('Ctrl Pts',(0.582474759617048,0.780138804639087,0.757962624999999));
#1414=CARTESIAN_POINT('Ctrl Pts',(0.137299706579831,0.963868275931538,0.769895555555556));
#1415=CARTESIAN_POINT('Ctrl Pts',(-0.341469281017546,0.91175176736877,0.781828486111111));
#1416=CARTESIAN_POINT('Ctrl Pts',(-0.736688266094705,0.63654224297604,0.793761416666668));
#1417=CARTESIAN_POINT('Ctrl Pts',(-0.951643408711641,0.205578295270956,
0.805694347222222));
#1418=CARTESIAN_POINT('Ctrl Pts',(-0.93375628335363,-0.275685875481528,
0.817627277777779));
#1419=CARTESIAN_POINT('Ctrl Pts',(-0.697643452916762,-0.672237779435398,
0.82906249537037));
#1420=CARTESIAN_POINT('Ctrl Pts',(-0.445154712257321,-0.832006913237569,
0.836520069444444));
#1421=CARTESIAN_POINT('Ctrl Pts',(-0.317189691716402,-0.878346960344671,
0.84));
#1422=CARTESIAN_POINT('',(0.878384366119308,-0.317082035200597,0.84));
#1423=CARTESIAN_POINT('Origin',(0.,0.,0.84));
#1424=CARTESIAN_POINT('Ctrl Pts',(0.878384366119309,-0.317082035200595,
0.84));
#1425=CARTESIAN_POINT('Ctrl Pts',(0.832412620056789,-0.4441075160579,0.836545818995098));
#1426=CARTESIAN_POINT('Ctrl Pts',(0.758626266138079,-0.561140788343758,
0.833091637990196));
#1427=CARTESIAN_POINT('Ctrl Pts',(0.663580065240968,-0.657121182637369,
0.829637456985294));
#1428=CARTESIAN_POINT('Ctrl Pts',(0.556049990021163,-0.765708153190677,
0.825729585447304));
#1429=CARTESIAN_POINT('Ctrl Pts',(0.421308538455239,-0.847348655747391,
0.821821713909313));
#1430=CARTESIAN_POINT('Ctrl Pts',(0.275278746913387,-0.892394759594576,
0.817913842371323));
#1431=CARTESIAN_POINT('Ctrl Pts',(0.129248955371535,-0.93744086344176,0.814005970833333));
#1432=CARTESIAN_POINT('Ctrl Pts',(-0.0280691761462442,-0.945892568579415,
0.810098099295343));
#1433=CARTESIAN_POINT('Ctrl Pts',(-0.178084602915826,-0.916751135715828,
0.806190227757353));
#1434=CARTESIAN_POINT('Ctrl Pts',(-0.328100029685406,-0.887609702852242,
0.802282356219363));
#1435=CARTESIAN_POINT('Ctrl Pts',(-0.470812751706789,-0.820875131987415,
0.798374484681372));
#1436=CARTESIAN_POINT('Ctrl Pts',(-0.589357722423233,-0.724433748929685,
0.794466613143382));
#1437=CARTESIAN_POINT('Ctrl Pts',(-0.707902693139678,-0.627992365871955,
0.790558741605392));
#1438=CARTESIAN_POINT('Ctrl Pts',(-0.802279912551186,-0.501844170621321,
0.786650870067402));
#1439=CARTESIAN_POINT('Ctrl Pts',(-0.861336369576598,-0.360896711747905,
0.782742998529412));
#1440=CARTESIAN_POINT('Ctrl Pts',(-0.92039282660201,-0.219949252874488,
0.778835126991422));
#1441=CARTESIAN_POINT('Ctrl Pts',(-0.944128521241327,-0.0642025303782884,
0.774927255453431));
#1442=CARTESIAN_POINT('Ctrl Pts',(-0.929738492934021,0.0879381212346461,
0.771019383915441));
#1443=CARTESIAN_POINT('Ctrl Pts',(-0.915348464626716,0.240078772847581,
0.767111512377451));
#1444=CARTESIAN_POINT('Ctrl Pts',(-0.862832713372789,0.388613353577249,
0.763203640839461));
#1445=CARTESIAN_POINT('Ctrl Pts',(-0.778397277609049,0.515988815106212,
0.759295769301471));
#1446=CARTESIAN_POINT('Ctrl Pts',(-0.693961841845309,0.643364276635174,
0.75538789776348));
#1447=CARTESIAN_POINT('Ctrl Pts',(-0.577606721571756,0.749580618963431,
0.75148002622549));
#1448=CARTESIAN_POINT('Ctrl Pts',(-0.443082161555113,0.822085747549023,
0.7475721546875));
#1449=CARTESIAN_POINT('Ctrl Pts',(-0.30855760153847,0.894590876134615,0.74366428314951));
#1450=CARTESIAN_POINT('Ctrl Pts',(-0.155863601778738,0.933384790977544,
0.73975641161152));
#1451=CARTESIAN_POINT('Ctrl Pts',(-0.00304474570095133,0.933883027272425,
0.735848540073529));
#1452=CARTESIAN_POINT('Ctrl Pts',(0.149774110376835,0.934381263567305,0.731940668535539));
#1453=CARTESIAN_POINT('Ctrl Pts',(0.302717822772675,0.896583821314136,0.728032796997549));
#1454=CARTESIAN_POINT('Ctrl Pts',(0.437712295546785,0.824957407831864,0.724124925459559));
#1455=CARTESIAN_POINT('Ctrl Pts',(0.572706768320895,0.753330994349592,0.720217053921568));
#1456=CARTESIAN_POINT('Ctrl Pts',(0.689752001473276,0.647875609638218,0.716309182383578));
#1457=CARTESIAN_POINT('Ctrl Pts',(0.775016200497891,0.521053420554609,0.712401310845588));
#1458=CARTESIAN_POINT('Ctrl Pts',(0.860280399522505,0.394231231470999,0.708493439307598));
#1459=CARTESIAN_POINT('Ctrl Pts',(0.913763564419353,0.246042238015154,0.704585567769608));
#1460=CARTESIAN_POINT('Ctrl Pts',(0.929145324958962,0.0939986525175968,
0.700677696231618));
#1461=CARTESIAN_POINT('Ctrl Pts',(0.932303373456595,0.0627823937857775,
0.699875366237745));
#1462=CARTESIAN_POINT('Ctrl Pts',(0.933855344515233,0.0314036535544136,
0.699073036243873));
#1463=CARTESIAN_POINT('Ctrl Pts',(0.933824474441702,2.18742525576743E-5,
0.69827070625));
#1464=CARTESIAN_POINT('Origin',(0.,0.,0.4));
#1465=CARTESIAN_POINT('',(0.9338125,0.,0.54827070625));
#1466=CARTESIAN_POINT('',(0.933738557409622,9.99721560640652E-6,0.5857735));
#1467=CARTESIAN_POINT('',(0.9338125,1.14359048912879E-16,0.4));
#1468=CARTESIAN_POINT('',(0.9338125,0.,0.4357735));
#1469=CARTESIAN_POINT('',(0.9338125,0.,0.4));
#1470=CARTESIAN_POINT('',(0.9338125,1.14359048912879E-16,0.4));
#1471=CARTESIAN_POINT('',(0.9338125,1.14359048912879E-16,0.4));
#1472=CARTESIAN_POINT('Origin',(0.,0.,0.4));
#1473=CARTESIAN_POINT('Ctrl Pts',(0.9338125,0.,0.4357735));
#1474=CARTESIAN_POINT('Ctrl Pts',(0.9338125,0.155587302368272,0.439751143518518));
#1475=CARTESIAN_POINT('Ctrl Pts',(0.854524256767365,0.466603993272773,0.447706430555556));
#1476=CARTESIAN_POINT('Ctrl Pts',(0.526271831867871,0.819107176965926,0.459639361111111));
#1477=CARTESIAN_POINT('Ctrl Pts',(0.0693290991638534,0.971119643177683,
0.471572291666667));
#1478=CARTESIAN_POINT('Ctrl Pts',(-0.404616840330513,0.885544302202521,
0.483505222222222));
#1479=CARTESIAN_POINT('Ctrl Pts',(-0.779539098903393,0.583272154411395,
0.495438152777778));
#1480=CARTESIAN_POINT('Ctrl Pts',(-0.963728072188549,0.138288941605364,
0.507371083333333));
#1481=CARTESIAN_POINT('Ctrl Pts',(-0.912100896276443,-0.340535622498475,
0.519304013888888));
#1482=CARTESIAN_POINT('Ctrl Pts',(-0.637297112061146,-0.736033731382379,
0.531236944444445));
#1483=CARTESIAN_POINT('Ctrl Pts',(-0.206554055895558,-0.951435138140133,
0.543169874999999));
#1484=CARTESIAN_POINT('Ctrl Pts',(0.274729456178933,-0.934032565694952,
0.555102805555556));
#1485=CARTESIAN_POINT('Ctrl Pts',(0.688790611035842,-0.688084894540648,
0.567035736111111));
#1486=CARTESIAN_POINT('Ctrl Pts',(0.899143094563982,-0.333121311902841,
0.577259300925926));
#1487=CARTESIAN_POINT('Ctrl Pts',(0.933705358404246,-0.0887331603151965,
0.583505222222222));
#1488=CARTESIAN_POINT('Ctrl Pts',(0.933738557409622,9.99721560647482E-6,
0.5857735));
#1489=CARTESIAN_POINT('Origin',(0.,0.,0.501397103125));
#1490=CARTESIAN_POINT('',(-1.01492142229189,1.16211392570398E-5,0.857647103125));
#1491=CARTESIAN_POINT('',(-1.01508227510541,3.66067092999529E-6,0.876397103125));
#1492=CARTESIAN_POINT('',(-1.015,-1.24301650113456E-16,0.501397103125));
#1493=CARTESIAN_POINT('',(-0.55804336404179,-0.847828168822505,0.9));
#1494=CARTESIAN_POINT('Ctrl Pts',(-1.01508227510541,3.66067093004714E-6,
0.876397103125));
#1495=CARTESIAN_POINT('Ctrl Pts',(-1.01508255185874,-0.00220199747828047,
0.876448992340687));
#1496=CARTESIAN_POINT('Ctrl Pts',(-1.01454446723761,-0.170519894860332,
0.880408753094363));
#1497=CARTESIAN_POINT('Ctrl Pts',(-0.928556916457895,-0.504433101197816,
0.888276385386029));
#1498=CARTESIAN_POINT('Ctrl Pts',(-0.696826510648589,-0.756480633021324,
0.89609212846201));
#1499=CARTESIAN_POINT('Ctrl Pts',(-0.558043364041793,-0.847828168822503,
0.9));
#1500=CARTESIAN_POINT('',(0.204936532200056,-0.994181622107425,0.9));
#1501=CARTESIAN_POINT('Origin',(0.,0.,0.9));
#1502=CARTESIAN_POINT('Ctrl Pts',(-1.01492142229189,1.16211392570051E-5,
0.857647103125));
#1503=CARTESIAN_POINT('Ctrl Pts',(-1.01488391441463,-0.0971404620262972,
0.859931695717593));
#1504=CARTESIAN_POINT('Ctrl Pts',(-0.976941700974942,-0.36347090294897,
0.866193931828704));
#1505=CARTESIAN_POINT('Ctrl Pts',(-0.747127762727864,-0.749443806659441,
0.876433811458333));
#1506=CARTESIAN_POINT('Ctrl Pts',(-0.300330608987644,-1.01361484974882,
0.888266851157408));
#1507=CARTESIAN_POINT('Ctrl Pts',(0.0435186628134572,-1.02742448171544,
0.896122247337963));
#1508=CARTESIAN_POINT('Ctrl Pts',(0.204936532200056,-0.994181622107425,
0.9));
#1509=CARTESIAN_POINT('Origin',(0.,0.,0.501397103125));
#1510=CARTESIAN_POINT('',(-1.01504569516846,-2.18738482778424E-5,0.707647103125));
#1511=CARTESIAN_POINT('',(-1.01501966035372,2.32449920730811E-5,0.726397103125));
#1512=CARTESIAN_POINT('',(-1.015,-1.24301650113456E-16,0.501397103125));
#1513=CARTESIAN_POINT('Ctrl Pts',(-1.01501966035372,2.32449920730994E-5,
0.726397103125));
#1514=CARTESIAN_POINT('Ctrl Pts',(-1.01488851039482,-0.134208900524237,
0.729554533884804));
#1515=CARTESIAN_POINT('Ctrl Pts',(-0.954915021393857,-0.434690493493254,
0.736619836182598));
#1516=CARTESIAN_POINT('Ctrl Pts',(-0.66686658813637,-0.81970702848744,0.747593010018382));
#1517=CARTESIAN_POINT('Ctrl Pts',(-0.201505245730788,-1.03731684660767,
0.759316624632353));
#1518=CARTESIAN_POINT('Ctrl Pts',(0.311481794463722,-1.00975730746661,0.771040239246323));
#1519=CARTESIAN_POINT('Ctrl Pts',(0.750850211590542,-0.743541840994282,
0.782763853860294));
#1520=CARTESIAN_POINT('Ctrl Pts',(1.01275550635835,-0.301590892185555,0.794487468474265));
#1521=CARTESIAN_POINT('Ctrl Pts',(1.03529634248505,0.211641657256253,0.806211083088235));
#1522=CARTESIAN_POINT('Ctrl Pts',(0.813145444457761,0.674851344614703,0.817934697702206));
#1523=CARTESIAN_POINT('Ctrl Pts',(0.398807600300296,0.97856308968433,0.829658312316176));
#1524=CARTESIAN_POINT('Ctrl Pts',(-0.109787599272989,1.05098590228017,0.841381926930147));
#1525=CARTESIAN_POINT('Ctrl Pts',(-0.592435899404392,0.875020609322789,
0.853105541544117));
#1526=CARTESIAN_POINT('Ctrl Pts',(-0.933542980014333,0.493914429901479,
0.864777266942403));
#1527=CARTESIAN_POINT('Ctrl Pts',(-1.01506170906031,0.163910143355464,0.872541120802696));
#1528=CARTESIAN_POINT('Ctrl Pts',(-1.01508227510541,3.66067093004714E-6,
0.876397103125));
#1529=CARTESIAN_POINT('Ctrl Pts',(-1.01504569516846,-2.18738482778355E-5,
0.707647103125));
#1530=CARTESIAN_POINT('Ctrl Pts',(-1.01506885169483,-0.0244747048686404,
0.708222329976852));
#1531=CARTESIAN_POINT('Ctrl Pts',(-1.00821747577298,-0.218003779290788,
0.712775200347222));
#1532=CARTESIAN_POINT('Ctrl Pts',(-0.889718480681406,-0.572959619153257,
0.721305714236112));
#1533=CARTESIAN_POINT('Ctrl Pts',(-0.506253596154277,-0.929294889881142,
0.733238644791666));
#1534=CARTESIAN_POINT('Ctrl Pts',(0.00108479034439654,-1.05824407350346,
0.745171575347223));
#1535=CARTESIAN_POINT('Ctrl Pts',(0.508157766604036,-0.928255027921613,
0.757104505902777));
#1536=CARTESIAN_POINT('Ctrl Pts',(0.890891256562379,-0.571134329679231,
0.769037436458334));
#1537=CARTESIAN_POINT('Ctrl Pts',(1.05563561506458,-0.0742646823036979,
0.780970367013889));
#1538=CARTESIAN_POINT('Ctrl Pts',(0.962079801501191,0.440776576473559,0.792903297569445));
#1539=CARTESIAN_POINT('Ctrl Pts',(0.633116263716006,0.847965610557444,0.804836228125));
#1540=CARTESIAN_POINT('Ctrl Pts',(0.149236813791344,1.04766888435367,0.816769158680556));
#1541=CARTESIAN_POINT('Ctrl Pts',(-0.37115729360317,0.991021263775438,0.828702089236111));
#1542=CARTESIAN_POINT('Ctrl Pts',(-0.800737396518172,0.691884480686091,
0.840635019791668));
#1543=CARTESIAN_POINT('Ctrl Pts',(-0.98964941709582,0.3131344346722,0.850283357754629));
#1544=CARTESIAN_POINT('Ctrl Pts',(-1.01494921838408,0.0720084510740008,
0.855954052199074));
#1545=CARTESIAN_POINT('Ctrl Pts',(-1.01492142229189,1.16211392570051E-5,
0.857647103125));
#1546=CARTESIAN_POINT('Origin',(0.,0.,0.501397103125));
#1547=CARTESIAN_POINT('',(-1.01497235273487,2.59500391083245E-5,0.557647103125));
#1548=CARTESIAN_POINT('',(-1.0149327378464,1.42785665316193E-5,0.576397103125));
#1549=CARTESIAN_POINT('',(-1.015,-1.24301650113456E-16,0.501397103125));
#1550=CARTESIAN_POINT('',(1.015,0.,0.482647103125));
#1551=CARTESIAN_POINT('Ctrl Pts',(1.015,0.,0.482647103125));
#1552=CARTESIAN_POINT('Ctrl Pts',(1.015,0.1691143692163,0.486624746643519));
#1553=CARTESIAN_POINT('Ctrl Pts',(0.928818280563684,0.507171464476931,0.494580033680555));
#1554=CARTESIAN_POINT('Ctrl Pts',(0.572026942609881,0.890321970010484,0.506512964236111));
#1555=CARTESIAN_POINT('Ctrl Pts',(0.0753567077451963,1.05555069976612,0.518445894791666));
#1556=CARTESIAN_POINT('Ctrl Pts',(-0.439795026234358,0.962535269912921,
0.530378825347223));
#1557=CARTESIAN_POINT('Ctrl Pts',(-0.847313765222616,0.633982985586043,
0.542311755902777));
#1558=CARTESIAN_POINT('Ctrl Pts',(-0.999810072633372,0.26556626876316,0.551401181828704));
#1559=CARTESIAN_POINT('Ctrl Pts',(-1.01501813613326,0.0482481774683988,
0.556512964236111));
#1560=CARTESIAN_POINT('Ctrl Pts',(-1.01497235273487,2.59500391083523E-5,
0.557647103125));
#1561=CARTESIAN_POINT('',(1.015,0.,0.501397103125));
#1562=CARTESIAN_POINT('',(1.015,0.,0.482647103125));
#1563=CARTESIAN_POINT('Ctrl Pts',(1.015,0.,0.501397103125));
#1564=CARTESIAN_POINT('Ctrl Pts',(1.015,0.166147928301953,0.50530497466299));
#1565=CARTESIAN_POINT('Ctrl Pts',(0.931869574232944,0.498286862464535,0.51312071773897));
#1566=CARTESIAN_POINT('Ctrl Pts',(0.58669876132757,0.878874476700543,0.524844332352941));
#1567=CARTESIAN_POINT('Ctrl Pts',(0.102941497649256,1.0516747982744,0.536567946966912));
#1568=CARTESIAN_POINT('Ctrl Pts',(-0.405184432119545,0.975944126275002,
0.548291561580882));
#1569=CARTESIAN_POINT('Ctrl Pts',(-0.817526317005016,0.66953372189159,0.560015176194853));
#1570=CARTESIAN_POINT('Ctrl Pts',(-0.992635652787927,0.298227666211525,
0.569383690042892));
#1571=CARTESIAN_POINT('Ctrl Pts',(-1.01496618809191,0.0660437378530632,
0.574844332352941));
#1572=CARTESIAN_POINT('Ctrl Pts',(-1.0149327378464,1.42785665316267E-5,
0.576397103125));
#1573=CARTESIAN_POINT('Origin',(-2.5,0.,0.));
#1574=CARTESIAN_POINT('',(-2.5,-0.05,0.));
#1575=CARTESIAN_POINT('',(-2.5,-0.05,0.05));
#1576=CARTESIAN_POINT('',(-2.5,-0.05,0.));
#1577=CARTESIAN_POINT('',(-2.5,0.05,0.));
#1578=CARTESIAN_POINT('Origin',(-2.5,0.,0.));
#1579=CARTESIAN_POINT('',(-2.5,0.05,0.05));
#1580=CARTESIAN_POINT('',(-2.5,0.05,0.));
#1581=CARTESIAN_POINT('',(-2.45,6.12323399573674E-18,0.05));
#1582=CARTESIAN_POINT('Origin',(-2.5,0.,0.05));
#1583=CARTESIAN_POINT('',(-2.45,-6.12323399573674E-18,0.15));
#1584=CARTESIAN_POINT('',(-2.45,6.12323399573674E-18,0.));
#1585=CARTESIAN_POINT('Origin',(-2.5,0.,0.15));
#1586=CARTESIAN_POINT('Origin',(-2.5,0.,0.05));
#1587=CARTESIAN_POINT('Origin',(-1.42875,0.,0.05));
#1588=CARTESIAN_POINT('',(-0.713249605678125,0.05,0.05));
#1589=CARTESIAN_POINT('',(-0.3575,0.05,0.05));
#1590=CARTESIAN_POINT('',(-0.713249605678125,-0.05,0.05));
#1591=CARTESIAN_POINT('Origin',(0.,0.,0.05));
#1592=CARTESIAN_POINT('',(-2.5,-0.05,0.05));
#1593=CARTESIAN_POINT('Origin',(2.7,0.,0.));
#1594=CARTESIAN_POINT('',(2.7,-0.05,0.));
#1595=CARTESIAN_POINT('',(2.7,-0.05,0.05));
#1596=CARTESIAN_POINT('',(2.7,-0.05,0.));
#1597=CARTESIAN_POINT('',(2.7,0.05,0.05));
#1598=CARTESIAN_POINT('Origin',(2.7,0.,0.05));
#1599=CARTESIAN_POINT('',(2.7,0.05,0.));
#1600=CARTESIAN_POINT('',(2.7,0.05,0.));
#1601=CARTESIAN_POINT('',(2.75,6.12323399573674E-18,0.));
#1602=CARTESIAN_POINT('Origin',(2.7,0.,0.));
#1603=CARTESIAN_POINT('',(2.75,-6.12323399573674E-18,0.4));
#1604=CARTESIAN_POINT('',(2.75,6.12323399573674E-18,0.));
#1605=CARTESIAN_POINT('Origin',(2.7,0.,0.4));
#1606=CARTESIAN_POINT('Origin',(2.7,0.,0.));
#1607=CARTESIAN_POINT('Origin',(0.,0.,0.));
#1608=CARTESIAN_POINT('',(-3.025,-1.25,0.));
#1609=CARTESIAN_POINT('',(3.025,-1.25,0.));
#1610=CARTESIAN_POINT('',(-1.875,-1.25,0.));
#1611=CARTESIAN_POINT('',(-3.025,1.25,0.));
#1612=CARTESIAN_POINT('',(-3.025,1.35,0.));
#1613=CARTESIAN_POINT('',(3.025,1.25,0.));
#1614=CARTESIAN_POINT('',(1.875,1.25,0.));
#1615=CARTESIAN_POINT('',(3.025,-1.35,0.));
#1616=CARTESIAN_POINT('',(-0.713249605678125,-0.05,0.));
#1617=CARTESIAN_POINT('',(-1.25,-0.05,0.));
#1618=CARTESIAN_POINT('',(0.713249605678125,-0.05,0.));
#1619=CARTESIAN_POINT('Origin',(0.,0.,0.));
#1620=CARTESIAN_POINT('',(0.17875,-0.05,0.));
#1621=CARTESIAN_POINT('',(0.713249605678125,0.05,0.));
#1622=CARTESIAN_POINT('',(1.35,0.05,0.));
#1623=CARTESIAN_POINT('',(-0.713249605678125,0.05,0.));
#1624=CARTESIAN_POINT('Origin',(0.,0.,0.));
#1625=CARTESIAN_POINT('',(-0.17875,0.05,0.));
#1626=CARTESIAN_POINT('Origin',(-0.3575,0.05,0.));
#1627=CARTESIAN_POINT('',(-0.713249605678125,0.05,0.));
#1628=CARTESIAN_POINT('Origin',(-2.5,-0.05,0.));
#1629=CARTESIAN_POINT('',(-0.713249605678125,-0.05,0.));
#1630=CARTESIAN_POINT('Origin',(2.7,0.05,0.));
#1631=CARTESIAN_POINT('',(0.713249605678125,0.05,0.05));
#1632=CARTESIAN_POINT('',(0.713249605678125,0.05,0.));
#1633=CARTESIAN_POINT('',(2.7,0.05,0.05));
#1634=CARTESIAN_POINT('Origin',(1.52875,0.,0.05));
#1635=CARTESIAN_POINT('',(0.713249605678125,-0.05,0.05));
#1636=CARTESIAN_POINT('',(0.3575,-0.05,0.05));
#1637=CARTESIAN_POINT('',(0.715,8.75622461390358E-17,0.05));
#1638=CARTESIAN_POINT('Origin',(0.,0.,0.05));
#1639=CARTESIAN_POINT('Origin',(0.,0.,0.05));
#1640=CARTESIAN_POINT('Origin',(0.3575,-0.05,0.));
#1641=CARTESIAN_POINT('',(0.713249605678125,-0.05,0.));
#1642=CARTESIAN_POINT('Origin',(2.7,0.,1.2));
#1643=CARTESIAN_POINT('',(2.9145,2.62686738417107E-17,1.2));
#1644=CARTESIAN_POINT('Origin',(2.7,0.,1.2));
#1645=CARTESIAN_POINT('',(2.89049997207273,-2.33295181036535E-17,0.4));
#1646=CARTESIAN_POINT('',(2.9145,-2.62686738417107E-17,1.2));
#1647=CARTESIAN_POINT('Origin',(2.7,0.,0.4));
#1648=CARTESIAN_POINT('Origin',(2.7,-5.39152595486187E-18,0.4));
#1649=CARTESIAN_POINT('Origin',(-2.5,0.,0.9));
#1650=CARTESIAN_POINT('',(-1.7,9.79717439317883E-17,0.9));
#1651=CARTESIAN_POINT('Origin',(-2.5,0.,0.9));
#1652=CARTESIAN_POINT('',(-1.7,9.79717439317883E-17,0.15));
#1653=CARTESIAN_POINT('',(-1.7,-9.79717439317883E-17,0.9));
#1654=CARTESIAN_POINT('Origin',(-2.5,0.,0.15));
#1655=CARTESIAN_POINT('Origin',(-2.5,-1.15648231731787E-17,0.15));
#1656=CARTESIAN_POINT('Ctrl Pts',(0.9338125,0.,0.54827070625));
#1657=CARTESIAN_POINT('Ctrl Pts',(0.9338125,0.152858140194549,0.55217857778799));
#1658=CARTESIAN_POINT('Ctrl Pts',(0.857331484520592,0.458430050005087,0.559994320863971));
#1659=CARTESIAN_POINT('Ctrl Pts',(0.539770085775568,0.808575342141798,0.571717935477941));
#1660=CARTESIAN_POINT('Ctrl Pts',(0.0947074455897498,0.967553766072521,
0.583441550091912));
#1661=CARTESIAN_POINT('Ctrl Pts',(-0.372774667506042,0.897880615189334,
0.595165164705882));
#1662=CARTESIAN_POINT('Ctrl Pts',(-0.752134279702706,0.615979269629449,
0.606888779319853));
#1663=CARTESIAN_POINT('Ctrl Pts',(-0.953735785706455,0.188498577759229,
0.618612393933824));
#1664=CARTESIAN_POINT('Ctrl Pts',(-0.929917991800735,-0.28353718921501,
0.630336008547795));
#1665=CARTESIAN_POINT('Ctrl Pts',(-0.686316508659799,-0.688557320922302,
0.642059623161764));
#1666=CARTESIAN_POINT('Ctrl Pts',(-0.280503357765087,-0.930838043497742,
0.653783237775736));
#1667=CARTESIAN_POINT('Ctrl Pts',(0.191606151402136,-0.953115129015742,
0.665506852389706));
#1668=CARTESIAN_POINT('Ctrl Pts',(0.618429867733556,-0.750124023232063,
0.677230467003676));
#1669=CARTESIAN_POINT('Ctrl Pts',(0.899087797863315,-0.369841288058496,
0.688954081617647));
#1670=CARTESIAN_POINT('Ctrl Pts',(0.9672467293162,0.0978532445593087,0.700677696231617));
#1671=CARTESIAN_POINT('Ctrl Pts',(0.806797234625657,0.542420224926844,0.712401310845589));
#1672=CARTESIAN_POINT('Ctrl Pts',(0.455661535168514,0.858786379060967,0.724124925459558));
#1673=CARTESIAN_POINT('Ctrl Pts',(-0.00316960201900404,0.972178705820474,
0.73584854007353));
#1674=CARTESIAN_POINT('Ctrl Pts',(-0.461251601298206,0.855796961291685,
0.7475721546875));
#1675=CARTESIAN_POINT('Ctrl Pts',(-0.810316962118861,0.537147934306919,
0.759295769301471));
#1676=CARTESIAN_POINT('Ctrl Pts',(-0.967864215880644,0.0915441921179113,
0.771019383915441));
#1677=CARTESIAN_POINT('Ctrl Pts',(-0.896657131962693,-0.375695975370687,
0.782742998529412));
#1678=CARTESIAN_POINT('Ctrl Pts',(-0.613525473728171,-0.754140561122588,
0.794466613143382));
#1679=CARTESIAN_POINT('Ctrl Pts',(-0.185387307664022,-0.954344273717069,
0.806190227757354));
#1680=CARTESIAN_POINT('Ctrl Pts',(0.286567086889314,-0.928989158304105,
0.817913842371323));
#1681=CARTESIAN_POINT('Ctrl Pts',(0.690791441587086,-0.684067650633964,
0.829637456985295));
#1682=CARTESIAN_POINT('Ctrl Pts',(0.931747538208137,-0.277467334984259,
0.841361071599265));
#1683=CARTESIAN_POINT('Ctrl Pts',(0.952485385041199,0.194712931100104,0.853084686213235));
#1684=CARTESIAN_POINT('Ctrl Pts',(0.748103823007599,0.620871548022677,0.864808300827206));
#1685=CARTESIAN_POINT('Ctrl Pts',(0.366907903699921,0.900290093779162,0.876531915441176));
#1686=CARTESIAN_POINT('Ctrl Pts',(-0.10100594339518,0.966919973273893,0.888255530055148));
#1687=CARTESIAN_POINT('Ctrl Pts',(-0.545048323460654,0.805029736692844,
0.899979144669117));
#1688=CARTESIAN_POINT('Ctrl Pts',(-0.860266206170729,0.452848589499705,
0.911702759283089));
#1689=CARTESIAN_POINT('Ctrl Pts',(-0.972165582422103,-0.00631741812631656,
0.923426373897059));
#1690=CARTESIAN_POINT('Ctrl Pts',(-0.854283798571268,-0.4640846653323,0.93514998851103));
#1691=CARTESIAN_POINT('Ctrl Pts',(-0.641088971403976,-0.695971498643571,
0.94296573158701));
#1692=CARTESIAN_POINT('Ctrl Pts',(-0.513406767373672,-0.780012356550309,
0.946873603125));
#1693=CARTESIAN_POINT('Ctrl Pts',(0.960875,0.,0.532646171875));
#1694=CARTESIAN_POINT('Ctrl Pts',(0.960875,0.157288069563684,0.53655404341299));
#1695=CARTESIAN_POINT('Ctrl Pts',(0.882177514424709,0.471715654158236,0.54436978648897));
#1696=CARTESIAN_POINT('Ctrl Pts',(0.555412977626236,0.832008386994714,0.556093401102941));
#1697=CARTESIAN_POINT('Ctrl Pts',(0.0974521296095852,0.995594110139811,
0.567817015716912));
#1698=CARTESIAN_POINT('Ctrl Pts',(-0.383577922377209,0.923901785551224,
0.579540630330882));
#1699=CARTESIAN_POINT('Ctrl Pts',(-0.773931625470143,0.633830753716829,
0.591264244944853));
#1700=CARTESIAN_POINT('Ctrl Pts',(-0.981375675620844,0.193961390433732,
0.602987859558823));
#1701=CARTESIAN_POINT('Ctrl Pts',(-0.956867626393449,-0.291754283313805,
0.614711474172795));
#1702=CARTESIAN_POINT('Ctrl Pts',(-0.706206412163559,-0.708512164638209,
0.626435088786764));
#1703=CARTESIAN_POINT('Ctrl Pts',(-0.288632529434473,-0.957814341793339,
0.638158703400736));
#1704=CARTESIAN_POINT('Ctrl Pts',(0.197159023603269,-0.980737031891308,
0.649882318014706));
#1705=CARTESIAN_POINT('Ctrl Pts',(0.636352371764653,-0.771863110445736,
0.661605932628677));
#1706=CARTESIAN_POINT('Ctrl Pts',(0.92514395317252,-0.380559531665305,0.673329547242647));
#1707=CARTESIAN_POINT('Ctrl Pts',(0.995278175256492,0.100689095900864,0.685053161856618));
#1708=CARTESIAN_POINT('Ctrl Pts',(0.83017874875409,0.558139919551925,0.696776776470588));
#1709=CARTESIAN_POINT('Ctrl Pts',(0.468866905942088,0.883674572765096,0.708500391084559));
#1710=CARTESIAN_POINT('Ctrl Pts',(-0.00326145916874173,1.00035308368141,
0.720224005698529));
#1711=CARTESIAN_POINT('Ctrl Pts',(-0.474618975862299,0.880598519704061,
0.7319476203125));
#1712=CARTESIAN_POINT('Ctrl Pts',(-0.833800480263395,0.552714834484611,
0.74367123492647));
#1713=CARTESIAN_POINT('Ctrl Pts',(-0.995913556987417,0.0941972029730786,
0.755394849540441));
#1714=CARTESIAN_POINT('Ctrl Pts',(-0.922642844976539,-0.386583891663807,
0.767118464154412));
#1715=CARTESIAN_POINT('Ctrl Pts',(-0.63130584519757,-0.775996050244206,
0.778842078768383));
#1716=CARTESIAN_POINT('Ctrl Pts',(-0.190759953686278,-0.982001798013936,
0.790565693382353));
#1717=CARTESIAN_POINT('Ctrl Pts',(0.294871989414117,-0.955911874691608,
0.802289307996324));
#1718=CARTESIAN_POINT('Ctrl Pts',(0.710811031588238,-0.70389238075407,0.814012922610294));
#1719=CARTESIAN_POINT('Ctrl Pts',(0.95875019425821,-0.285508520718024,0.825736537224264));
#1720=CARTESIAN_POINT('Ctrl Pts',(0.98008903752248,0.20035583981882,0.837460151838236));
#1721=CARTESIAN_POINT('Ctrl Pts',(0.769784363490986,0.638864813553353,0.849183766452205));
#1722=CARTESIAN_POINT('Ctrl Pts',(0.377541135900046,0.926381092414217,0.860907381066177));
#1723=CARTESIAN_POINT('Ctrl Pts',(-0.103933162021117,0.994941949609319,
0.872630995680147));
#1724=CARTESIAN_POINT('Ctrl Pts',(-0.560844182108567,0.828360027569492,
0.884354610294118));
#1725=CARTESIAN_POINT('Ctrl Pts',(-0.885197286237118,0.465972439258983,
0.896078224908088));
#1726=CARTESIAN_POINT('Ctrl Pts',(-1.00033957995833,-0.00650050105575189,
0.907801839522059));
#1727=CARTESIAN_POINT('Ctrl Pts',(-0.879041504533477,-0.477534143954139,
0.91952545413603));
#1728=CARTESIAN_POINT('Ctrl Pts',(-0.65966815115218,-0.716141210102822,
0.92734119721201));
#1729=CARTESIAN_POINT('Ctrl Pts',(-0.528285632929712,-0.802617627307707,
0.93124906875));
#1730=CARTESIAN_POINT('Ctrl Pts',(0.9879375,0.,0.5170216375));
#1731=CARTESIAN_POINT('Ctrl Pts',(0.9879375,0.161717998932819,0.52092950903799));
#1732=CARTESIAN_POINT('Ctrl Pts',(0.907023544328826,0.485001258311386,0.528745252113971));
#1733=CARTESIAN_POINT('Ctrl Pts',(0.571055869476903,0.855441431847627,0.540468866727941));
#1734=CARTESIAN_POINT('Ctrl Pts',(0.100196813629421,1.0236344542071,0.552192481341912));
#1735=CARTESIAN_POINT('Ctrl Pts',(-0.394381177248377,0.949922955913113,
0.563916095955882));
#1736=CARTESIAN_POINT('Ctrl Pts',(-0.795728971237579,0.65168223780421,0.575639710569853));
#1737=CARTESIAN_POINT('Ctrl Pts',(-1.00901556553524,0.199424203108235,0.587363325183823));
#1738=CARTESIAN_POINT('Ctrl Pts',(-0.98381726098616,-0.299971377412601,
0.599086939797794));
#1739=CARTESIAN_POINT('Ctrl Pts',(-0.726096315667321,-0.728467008354114,
0.610810554411764));
#1740=CARTESIAN_POINT('Ctrl Pts',(-0.296761701103858,-0.984790640088938,
0.622534169025736));
#1741=CARTESIAN_POINT('Ctrl Pts',(0.202711895804402,-1.00835893476687,0.634257783639706));
#1742=CARTESIAN_POINT('Ctrl Pts',(0.65427487579575,-0.793602197659409,0.645981398253677));
#1743=CARTESIAN_POINT('Ctrl Pts',(0.951200108481723,-0.391277775272114,
0.657705012867647));
#1744=CARTESIAN_POINT('Ctrl Pts',(1.02330962119679,0.10352494724242,0.669428627481617));
#1745=CARTESIAN_POINT('Ctrl Pts',(0.853560262882522,0.573859614177005,0.681152242095589));
#1746=CARTESIAN_POINT('Ctrl Pts',(0.482072276715662,0.908562766469226,0.692875856709558));
#1747=CARTESIAN_POINT('Ctrl Pts',(-0.00335331631847947,1.02852746154235,
0.70459947132353));
#1748=CARTESIAN_POINT('Ctrl Pts',(-0.487986350426393,0.905400078116437,
0.716323085937499));
#1749=CARTESIAN_POINT('Ctrl Pts',(-0.857283998407927,0.568281734662302,
0.728046700551471));
#1750=CARTESIAN_POINT('Ctrl Pts',(-1.02396289809419,0.0968502138282465,
0.739770315165441));
#1751=CARTESIAN_POINT('Ctrl Pts',(-0.948628557990382,-0.397471807956928,
0.751493929779411));
#1752=CARTESIAN_POINT('Ctrl Pts',(-0.649086216666971,-0.797851539365823,
0.763217544393383));
#1753=CARTESIAN_POINT('Ctrl Pts',(-0.196132599708533,-1.0096593223108,0.774941159007352));
#1754=CARTESIAN_POINT('Ctrl Pts',(0.303176891938919,-0.982834591079111,
0.786664773621324));
#1755=CARTESIAN_POINT('Ctrl Pts',(0.730830621589389,-0.723717110874177,
0.798388388235294));
#1756=CARTESIAN_POINT('Ctrl Pts',(0.985752850308282,-0.293549706451789,
0.810112002849265));
#1757=CARTESIAN_POINT('Ctrl Pts',(1.00769269000376,0.205998748537536,0.821835617463235));
#1758=CARTESIAN_POINT('Ctrl Pts',(0.791464903974373,0.656858079084029,0.833559232077206));
#1759=CARTESIAN_POINT('Ctrl Pts',(0.388174368100171,0.952472091049273,0.845282846691176));
#1760=CARTESIAN_POINT('Ctrl Pts',(-0.106860380647053,1.02296392594475,0.857006461305147));
#1761=CARTESIAN_POINT('Ctrl Pts',(-0.576640040756479,0.85169031844614,0.868730075919118));
#1762=CARTESIAN_POINT('Ctrl Pts',(-0.910128366303509,0.479096289018262,
0.880453690533088));
#1763=CARTESIAN_POINT('Ctrl Pts',(-1.02851357749456,-0.0066835839851877,
0.892177305147059));
#1764=CARTESIAN_POINT('Ctrl Pts',(-0.903799210495686,-0.490983622575977,
0.903900919761029));
#1765=CARTESIAN_POINT('Ctrl Pts',(-0.678247330900385,-0.736310921562073,
0.91171666283701));
#1766=CARTESIAN_POINT('Ctrl Pts',(-0.543164498485753,-0.825222898065105,
0.915624534375));
#1767=CARTESIAN_POINT('Ctrl Pts',(1.015,0.,0.501397103125));
#1768=CARTESIAN_POINT('Ctrl Pts',(1.015,0.166147928301953,0.50530497466299));
#1769=CARTESIAN_POINT('Ctrl Pts',(0.931869574232944,0.498286862464535,0.51312071773897));
#1770=CARTESIAN_POINT('Ctrl Pts',(0.58669876132757,0.878874476700543,0.524844332352941));
#1771=CARTESIAN_POINT('Ctrl Pts',(0.102941497649256,1.0516747982744,0.536567946966912));
#1772=CARTESIAN_POINT('Ctrl Pts',(-0.405184432119545,0.975944126275002,
0.548291561580882));
#1773=CARTESIAN_POINT('Ctrl Pts',(-0.817526317005016,0.66953372189159,0.560015176194853));
#1774=CARTESIAN_POINT('Ctrl Pts',(-1.03665545544962,0.204887015782738,0.571738790808824));
#1775=CARTESIAN_POINT('Ctrl Pts',(-1.01076689557887,-0.308188471511396,
0.583462405422794));
#1776=CARTESIAN_POINT('Ctrl Pts',(-0.745986219171081,-0.748421852070021,
0.595186020036765));
#1777=CARTESIAN_POINT('Ctrl Pts',(-0.304890872773243,-1.01176693838454,
0.606909634650735));
#1778=CARTESIAN_POINT('Ctrl Pts',(0.208264768005535,-1.03598083764244,0.618633249264706));
#1779=CARTESIAN_POINT('Ctrl Pts',(0.672197379826848,-0.815341284873081,
0.630356863878676));
#1780=CARTESIAN_POINT('Ctrl Pts',(0.977256263790927,-0.401996018878923,
0.642080478492647));
#1781=CARTESIAN_POINT('Ctrl Pts',(1.05134106713708,0.106360798583975,0.653804093106617));
#1782=CARTESIAN_POINT('Ctrl Pts',(0.876941777010955,0.589579308802086,0.665527707720588));
#1783=CARTESIAN_POINT('Ctrl Pts',(0.495277647489236,0.933450960173355,0.677251322334559));
#1784=CARTESIAN_POINT('Ctrl Pts',(-0.00344517346821692,1.05670183940329,
0.688974936948529));
#1785=CARTESIAN_POINT('Ctrl Pts',(-0.501353724990487,0.930201636528812,
0.700698551562501));
#1786=CARTESIAN_POINT('Ctrl Pts',(-0.88076751655246,0.583848634839995,0.71242216617647));
#1787=CARTESIAN_POINT('Ctrl Pts',(-1.05201223920097,0.0995032246834136,
0.724145780790442));
#1788=CARTESIAN_POINT('Ctrl Pts',(-0.974614271004226,-0.408359724250048,
0.735869395404411));
#1789=CARTESIAN_POINT('Ctrl Pts',(-0.66686658813637,-0.81970702848744,0.747593010018382));
#1790=CARTESIAN_POINT('Ctrl Pts',(-0.201505245730788,-1.03731684660767,
0.759316624632353));
#1791=CARTESIAN_POINT('Ctrl Pts',(0.311481794463722,-1.00975730746661,0.771040239246323));
#1792=CARTESIAN_POINT('Ctrl Pts',(0.750850211590542,-0.743541840994282,
0.782763853860294));
#1793=CARTESIAN_POINT('Ctrl Pts',(1.01275550635835,-0.301590892185555,0.794487468474265));
#1794=CARTESIAN_POINT('Ctrl Pts',(1.03529634248505,0.211641657256253,0.806211083088235));
#1795=CARTESIAN_POINT('Ctrl Pts',(0.813145444457761,0.674851344614703,0.817934697702206));
#1796=CARTESIAN_POINT('Ctrl Pts',(0.398807600300296,0.97856308968433,0.829658312316176));
#1797=CARTESIAN_POINT('Ctrl Pts',(-0.109787599272989,1.05098590228017,0.841381926930147));
#1798=CARTESIAN_POINT('Ctrl Pts',(-0.592435899404392,0.875020609322789,
0.853105541544117));
#1799=CARTESIAN_POINT('Ctrl Pts',(-0.935059446369898,0.492220138777539,
0.864829156158089));
#1800=CARTESIAN_POINT('Ctrl Pts',(-1.05668757503078,-0.00686666691462278,
0.876552770772059));
#1801=CARTESIAN_POINT('Ctrl Pts',(-0.928556916457895,-0.504433101197816,
0.888276385386029));
#1802=CARTESIAN_POINT('Ctrl Pts',(-0.696826510648589,-0.756480633021324,
0.89609212846201));
#1803=CARTESIAN_POINT('Ctrl Pts',(-0.558043364041793,-0.847828168822503,
0.9));
#1804=CARTESIAN_POINT('',(-0.883208752771216,-0.455637557916996,0.9));
#1805=CARTESIAN_POINT('Ctrl Pts',(-0.558043364041793,-0.847828168822503,
0.9));
#1806=CARTESIAN_POINT('Ctrl Pts',(-0.594206870442379,-0.821855538270049,
0.9));
#1807=CARTESIAN_POINT('Ctrl Pts',(-0.628506934853176,-0.793548796723596,
0.9));
#1808=CARTESIAN_POINT('Ctrl Pts',(-0.660782339100657,-0.763158342966816,
0.9));
#1809=CARTESIAN_POINT('Ctrl Pts',(-0.693125870858469,-0.732703740487485,
0.9));
#1810=CARTESIAN_POINT('Ctrl Pts',(-0.723436911376912,-0.700155695232307,
0.9));
#1811=CARTESIAN_POINT('Ctrl Pts',(-0.751516474379223,-0.665728974932368,
0.9));
#1812=CARTESIAN_POINT('Ctrl Pts',(-0.776787984610749,-0.634745044939363,
0.9));
#1813=CARTESIAN_POINT('Ctrl Pts',(-0.800251913516554,-0.602238462974943,
0.9));
#1814=CARTESIAN_POINT('Ctrl Pts',(-0.821730458954318,-0.568349285221853,
0.9));
#1815=CARTESIAN_POINT('Ctrl Pts',(-0.826186118388141,-0.561319077566609,
0.9));
#1816=CARTESIAN_POINT('Ctrl Pts',(-0.830554849646839,-0.554231323900896,
0.9));
#1817=CARTESIAN_POINT('Ctrl Pts',(-0.834829705256932,-0.547096727587198,
0.9));
#1818=CARTESIAN_POINT('Ctrl Pts',(-0.848951697295659,-0.523527577765225,
0.9));
#1819=CARTESIAN_POINT('Ctrl Pts',(-0.862067872485828,-0.499419183319689,
0.9));
#1820=CARTESIAN_POINT('Ctrl Pts',(-0.874134646422001,-0.474824081112431,
0.9));
#1821=CARTESIAN_POINT('Ctrl Pts',(-0.877249222186846,-0.468475796999891,
0.9));
#1822=CARTESIAN_POINT('Ctrl Pts',(-0.880293850280792,-0.462095065709766,
0.9));
#1823=CARTESIAN_POINT('Ctrl Pts',(-0.883268396016001,-0.455683140628386,
0.9));
#1824=CARTESIAN_POINT('Ctrl Pts',(-1.0149327378464,1.42785665316267E-5,
0.576397103125));
#1825=CARTESIAN_POINT('Ctrl Pts',(-1.01488200357174,-0.100133169426428,
0.578752203890931));
#1826=CARTESIAN_POINT('Ctrl Pts',(-0.975697191492726,-0.366496557261799,
0.585015176194853));
#1827=CARTESIAN_POINT('Ctrl Pts',(-0.745986219171081,-0.748421852070021,
0.595186020036765));
#1828=CARTESIAN_POINT('Ctrl Pts',(-0.304890872773243,-1.01176693838454,
0.606909634650735));
#1829=CARTESIAN_POINT('Ctrl Pts',(0.208264768005535,-1.03598083764244,0.618633249264706));
#1830=CARTESIAN_POINT('Ctrl Pts',(0.672197379826848,-0.815341284873081,
0.630356863878676));
#1831=CARTESIAN_POINT('Ctrl Pts',(0.977256263790927,-0.401996018878923,
0.642080478492647));
#1832=CARTESIAN_POINT('Ctrl Pts',(1.05134106713708,0.106360798583975,0.653804093106617));
#1833=CARTESIAN_POINT('Ctrl Pts',(0.876941777010955,0.589579308802086,0.665527707720588));
#1834=CARTESIAN_POINT('Ctrl Pts',(0.495277647489236,0.933450960173355,0.677251322334559));
#1835=CARTESIAN_POINT('Ctrl Pts',(-0.00344517346821692,1.05670183940329,
0.688974936948529));
#1836=CARTESIAN_POINT('Ctrl Pts',(-0.501353724990487,0.930201636528812,
0.700698551562501));
#1837=CARTESIAN_POINT('Ctrl Pts',(-0.88076751655246,0.583848634839995,0.71242216617647));
#1838=CARTESIAN_POINT('Ctrl Pts',(-1.00589221798327,0.229948240726149,0.720988350030637));
#1839=CARTESIAN_POINT('Ctrl Pts',(-1.01505083135468,0.0319268031068764,
0.725646662346814));
#1840=CARTESIAN_POINT('Ctrl Pts',(-1.01501966035372,2.32449920730994E-5,
0.726397103125));
#1841=CARTESIAN_POINT('',(1.015,0.,0.501397103125));
#1842=CARTESIAN_POINT('Ctrl Pts',(0.933824474441702,2.18742525576743E-5,
0.69827070625));
#1843=CARTESIAN_POINT('Ctrl Pts',(0.933704987077957,-0.121446125316865,
0.695165164705882));
#1844=CARTESIAN_POINT('Ctrl Pts',(0.909871437315756,-0.242959656118584,
0.692059623161765));
#1845=CARTESIAN_POINT('Ctrl Pts',(0.863671298083836,-0.355272655151123,
0.688954081617647));
#1846=CARTESIAN_POINT('Ctrl Pts',(0.805535154486728,-0.496602199783019,
0.685046210079657));
#1847=CARTESIAN_POINT('Ctrl Pts',(0.711982511110142,-0.623363111507541,
0.681138338541667));
#1848=CARTESIAN_POINT('Ctrl Pts',(0.594068903366612,-0.720575418333749,
0.677230467003676));
#1849=CARTESIAN_POINT('Ctrl Pts',(0.476155295623082,-0.817787725159956,
0.673322595465686));
#1850=CARTESIAN_POINT('Ctrl Pts',(0.333880723512609,-0.88545142708785,0.669414723927696));
#1851=CARTESIAN_POINT('Ctrl Pts',(0.184058519262835,-0.915570430465463,
0.665506852389706));
#1852=CARTESIAN_POINT('Ctrl Pts',(0.0342363150130612,-0.945689433843076,
0.661598980851716));
#1853=CARTESIAN_POINT('Ctrl Pts',(-0.123133521376013,-0.938263738670409,
0.657691109313726));
#1854=CARTESIAN_POINT('Ctrl Pts',(-0.269453964719669,-0.894170770654836,
0.653783237775735));
#1855=CARTESIAN_POINT('Ctrl Pts',(-0.415774408063324,-0.850077802639262,
0.649875366237745));
#1856=CARTESIAN_POINT('Ctrl Pts',(-0.551045458361561,-0.769317561780782,
0.645967494699755));
#1857=CARTESIAN_POINT('Ctrl Pts',(-0.659281230700836,-0.661434086066994,
0.642059623161764));
#1858=CARTESIAN_POINT('Ctrl Pts',(-0.767517003040111,-0.553550610353205,
0.638151751623774));
#1859=CARTESIAN_POINT('Ctrl Pts',(-0.848717497420423,-0.418543899784108,
0.634243880085785));
#1860=CARTESIAN_POINT('Ctrl Pts',(-0.893287376928199,-0.272367916670519,
0.630336008547794));
#1861=CARTESIAN_POINT('Ctrl Pts',(-0.937857256435975,-0.126191933556931,
0.626428137009804));
#1862=CARTESIAN_POINT('Ctrl Pts',(-0.945796521071215,0.0311533221011492,
0.622520265471814));
#1863=CARTESIAN_POINT('Ctrl Pts',(-0.91616590238821,0.181072731908559,0.618612393933824));
#1864=CARTESIAN_POINT('Ctrl Pts',(-0.886535283705205,0.330992141715969,
0.614704522395833));
#1865=CARTESIAN_POINT('Ctrl Pts',(-0.819334781703956,0.473485705672709,
0.610796650857843));
#1866=CARTESIAN_POINT('Ctrl Pts',(-0.722507928670553,0.591716045244393,
0.606888779319853));
#1867=CARTESIAN_POINT('Ctrl Pts',(-0.625681075637151,0.709946384816077,
0.602980907781863));
#1868=CARTESIAN_POINT('Ctrl Pts',(-0.499227871571596,0.803913500002706,
0.599073036243872));
#1869=CARTESIAN_POINT('Ctrl Pts',(-0.358087584022854,0.862509249409885,
0.595165164705882));
#1870=CARTESIAN_POINT('Ctrl Pts',(-0.216947296474111,0.921104998817063,
0.591257293167892));
#1871=CARTESIAN_POINT('Ctrl Pts',(-0.0611199254421806,0.944329382444792,
0.587349421629902));
#1872=CARTESIAN_POINT('Ctrl Pts',(0.0909708667714209,0.929445170270203,
0.583441550091912));
#1873=CARTESIAN_POINT('Ctrl Pts',(0.243061658985023,0.914560958095613,0.579533678553922));
#1874=CARTESIAN_POINT('Ctrl Pts',(0.391415872380295,0.861568150118705,0.575625807015931));
#1875=CARTESIAN_POINT('Ctrl Pts',(0.518519878868769,0.7767141974408,0.571717935477941));
#1876=CARTESIAN_POINT('Ctrl Pts',(0.645623885357243,0.691860244762894,0.567810063939951));
#1877=CARTESIAN_POINT('Ctrl Pts',(0.751477684938917,0.575145147383991,0.563902192401961));
#1878=CARTESIAN_POINT('Ctrl Pts',(0.823524838599607,0.440394621241904,0.55999432086397));
#1879=CARTESIAN_POINT('Ctrl Pts',(0.895571992260296,0.305644095099818,0.55608644932598));
#1880=CARTESIAN_POINT('Ctrl Pts',(0.9338125,0.152858140194549,0.55217857778799));
#1881=CARTESIAN_POINT('Ctrl Pts',(0.9338125,0.,0.54827070625));
#1882=CARTESIAN_POINT('Ctrl Pts',(-0.883268396016,-0.455683140628389,0.9));
#1883=CARTESIAN_POINT('Ctrl Pts',(-0.900478636105601,-0.421009691521845,
0.899410354443437));
#1884=CARTESIAN_POINT('Ctrl Pts',(-0.915643510626756,-0.385291458478681,
0.898819868599728));
#1885=CARTESIAN_POINT('Ctrl Pts',(-0.928704320031963,-0.348721236775299,
0.898227527209438));
#1886=CARTESIAN_POINT('Ctrl Pts',(-0.9323337900247,-0.338558733198202,0.898062921384882));
#1887=CARTESIAN_POINT('Ctrl Pts',(-0.935800598047621,-0.328330400690343,
0.897898172269595));
#1888=CARTESIAN_POINT('Ctrl Pts',(-0.939103061841441,-0.318040321649056,
0.89773325807663));
#1889=CARTESIAN_POINT('Ctrl Pts',(-0.941695005482156,-0.309964137745561,
0.897603824925987));
#1890=CARTESIAN_POINT('Ctrl Pts',(-0.944185478162801,-0.301850263555527,
0.897474296122197));
#1891=CARTESIAN_POINT('Ctrl Pts',(-0.946570102665579,-0.293713898129254,
0.897344869883555));
#1892=CARTESIAN_POINT('Ctrl Pts',(-0.958960478630013,-0.25143779700806,
0.896672378363583));
#1893=CARTESIAN_POINT('Ctrl Pts',(-0.96852680634367,-0.208465832320608,
0.896001207392685));
#1894=CARTESIAN_POINT('Ctrl Pts',(-0.975223903988193,-0.165091455988358,
0.895329853282593));
#1895=CARTESIAN_POINT('Ctrl Pts',(-0.981882423733434,-0.121966933012056,
0.894662366434503));
#1896=CARTESIAN_POINT('Ctrl Pts',(-0.985704865718936,-0.0784434881491178,
0.893994698551049));
#1897=CARTESIAN_POINT('Ctrl Pts',(-0.986596830593967,-0.0348007899260148,
0.893325371780059));
#1898=CARTESIAN_POINT('Ctrl Pts',(-0.986790023092321,-0.0253481285705499,
0.893180400924453));
#1899=CARTESIAN_POINT('Ctrl Pts',(-0.986845547073162,-0.0158898762103466,
0.893035352246925));
#1900=CARTESIAN_POINT('Ctrl Pts',(-0.98676211751747,-0.00642889959926927,
0.892890210731327));
#1901=CARTESIAN_POINT('Ctrl Pts',(-0.986547167676706,0.0179465797993726,
0.892516264766891));
#1902=CARTESIAN_POINT('Ctrl Pts',(-0.985410176198801,0.0423402540302813,
0.892141702547396));
#1903=CARTESIAN_POINT('Ctrl Pts',(-0.983358685558647,0.0667022944691947,
0.891766267263924));
#1904=CARTESIAN_POINT('Ctrl Pts',(-0.982585051584317,0.0758894200639434,
0.891624687534155));
#1905=CARTESIAN_POINT('Ctrl Pts',(-0.981681898826851,0.0850643575345902,
0.891483101724268));
#1906=CARTESIAN_POINT('Ctrl Pts',(-0.980651093713309,0.0942174387529733,
0.891341604779249));
#1907=CARTESIAN_POINT('Ctrl Pts',(-0.975747360687179,0.137760360758088,
0.89066847730513));
#1908=CARTESIAN_POINT('Ctrl Pts',(-0.967954842063273,0.180859044700653,
0.889996587291336));
#1909=CARTESIAN_POINT('Ctrl Pts',(-0.95737888751213,0.22323452612829,0.889324425665604));
#1910=CARTESIAN_POINT('Ctrl Pts',(-0.947273249282428,0.263725555382087,
0.888682155297602));
#1911=CARTESIAN_POINT('Ctrl Pts',(-0.934625622379709,0.303557157838909,
0.888039636937871));
#1912=CARTESIAN_POINT('Ctrl Pts',(-0.919484983795339,0.342475903717607,
0.88739555402067));
#1913=CARTESIAN_POINT('Ctrl Pts',(-0.911914664503154,0.361935276656956,
0.88707351256207));
#1914=CARTESIAN_POINT('Ctrl Pts',(-0.903720461871412,0.381166195173117,
0.886751079964102));
#1915=CARTESIAN_POINT('Ctrl Pts',(-0.894904863464942,0.400134966945403,
0.886428091656049));
#1916=CARTESIAN_POINT('Ctrl Pts',(-0.890197340691755,0.410264276491978,
0.886255616147805));
#1917=CARTESIAN_POINT('Ctrl Pts',(-0.885312583753525,0.420318806023469,
0.886082982175952));
#1918=CARTESIAN_POINT('Ctrl Pts',(-0.8802507029147,0.430293210557396,0.885910164680871));
#1919=CARTESIAN_POINT('Ctrl Pts',(-0.876499525212038,0.437684882759164,
0.885782095855306));
#1920=CARTESIAN_POINT('Ctrl Pts',(-0.872652311302972,0.445029910220179,
0.885653971200722));
#1921=CARTESIAN_POINT('Ctrl Pts',(-0.868714345046178,0.452317276988717,
0.885525938992855));
#1922=CARTESIAN_POINT('Ctrl Pts',(-0.868015042502741,0.453611364795438,
0.885503203082295));
#1923=CARTESIAN_POINT('Ctrl Pts',(-0.867312836046118,0.454903717678342,
0.885480468644663));
#1924=CARTESIAN_POINT('Ctrl Pts',(-0.866607729203262,0.45619432526306,0.885457735621827));
#1925=CARTESIAN_POINT('Ctrl Pts',(-0.845724825543089,0.494417800368802,
0.884784459606136));
#1926=CARTESIAN_POINT('Ctrl Pts',(-0.822301990487427,0.531112277666697,
0.88411242457292));
#1927=CARTESIAN_POINT('Ctrl Pts',(-0.796573043803126,0.566085288205121,
0.883440120350697));
#1928=CARTESIAN_POINT('Ctrl Pts',(-0.770777422449872,0.601148928722632,
0.882766073901634));
#1929=CARTESIAN_POINT('Ctrl Pts',(-0.742662916699619,0.634483032704217,
0.88209175686659));
#1930=CARTESIAN_POINT('Ctrl Pts',(-0.712422597575687,0.665863157192771,
0.881415647303138));
#1931=CARTESIAN_POINT('Ctrl Pts',(-0.699359141943236,0.679418995089754,
0.881123576070403));
#1932=CARTESIAN_POINT('Ctrl Pts',(-0.685898514413599,0.692609732049199,
0.880831170327398));
#1933=CARTESIAN_POINT('Ctrl Pts',(-0.672054403089119,0.705414895021611,
0.880538307382944));
#1934=CARTESIAN_POINT('Ctrl Pts',(-0.664410418663902,0.712485227239354,
0.880376603989084));
#1935=CARTESIAN_POINT('Ctrl Pts',(-0.656649505265363,0.719437983076955,
0.880214761209911));
#1936=CARTESIAN_POINT('Ctrl Pts',(-0.648773848785622,0.726269495955609,
0.880052758392693));
#1937=CARTESIAN_POINT('Ctrl Pts',(-0.642471954513566,0.731735893834973,
0.879923127976675));
#1938=CARTESIAN_POINT('Ctrl Pts',(-0.636097036547991,0.737124124019712,
0.879793405693125));
#1939=CARTESIAN_POINT('Ctrl Pts',(-0.629660578062725,0.742424174966044,
0.879663785450028));
#1940=CARTESIAN_POINT('Ctrl Pts',(-0.602510021192893,0.764781086761681,
0.879117015547022));
#1941=CARTESIAN_POINT('Ctrl Pts',(-0.574219717336078,0.785610653636766,
0.878571110061594));
#1942=CARTESIAN_POINT('Ctrl Pts',(-0.544897885683511,0.804804298918912,
0.878025260512326));
#1943=CARTESIAN_POINT('Ctrl Pts',(-0.508608173052337,0.828559017924428,
0.877349698237859));
#1944=CARTESIAN_POINT('Ctrl Pts',(-0.470738634689247,0.849809697320475,
0.876674221643011));
#1945=CARTESIAN_POINT('Ctrl Pts',(-0.431573978032423,0.868470145622973,
0.875997298062427));
#1946=CARTESIAN_POINT('Ctrl Pts',(-0.405617548943192,0.880837382935461,
0.875548666045244));
#1947=CARTESIAN_POINT('Ctrl Pts',(-0.379091616301842,0.892065976623445,
0.875099398454983));
#1948=CARTESIAN_POINT('Ctrl Pts',(-0.352074909991758,0.902118927236251,
0.874649049122837));
#1949=CARTESIAN_POINT('Ctrl Pts',(-0.341444946715958,0.906074350025434,
0.874471855174506));
#1950=CARTESIAN_POINT('Ctrl Pts',(-0.330738986067839,0.909847662796224,
0.874294493761824));
#1951=CARTESIAN_POINT('Ctrl Pts',(-0.319961772210557,0.913436177498999,
0.874116937708055));
#1952=CARTESIAN_POINT('Ctrl Pts',(-0.311996520778183,0.916088386340254,
0.873985709114994));
#1953=CARTESIAN_POINT('Ctrl Pts',(-0.303995828087552,0.918638397887687,
0.873854431908626));
#1954=CARTESIAN_POINT('Ctrl Pts',(-0.295971110230801,0.921082705184672,
0.873723248018029));
#1955=CARTESIAN_POINT('Ctrl Pts',(-0.254546219814056,0.933700614465715,
0.8730460555747));
#1956=CARTESIAN_POINT('Ctrl Pts',(-0.212409843512633,0.943530140010316,
0.872370149449624));
#1957=CARTESIAN_POINT('Ctrl Pts',(-0.169842212036442,0.95048987673843,0.871693993036409));
#1958=CARTESIAN_POINT('Ctrl Pts',(-0.146743051278662,0.954266550984551,
0.871327079371151));
#1959=CARTESIAN_POINT('Ctrl Pts',(-0.123516552446432,0.957197338355266,
0.870960092004839));
#1960=CARTESIAN_POINT('Ctrl Pts',(-0.100206095090606,0.959262947853924,
0.870592785402826));
#1961=CARTESIAN_POINT('Ctrl Pts',(-0.0610986124369264,0.962728379115308,
0.869976562548528));
#1962=CARTESIAN_POINT('Ctrl Pts',(-0.0217543621744597,0.963760539919807,
0.869359441170427));
#1963=CARTESIAN_POINT('Ctrl Pts',(0.0176056738323151,0.962382439730981,
0.868740261850673));
#1964=CARTESIAN_POINT('Ctrl Pts',(0.030117552349587,0.961944365382058,0.868543435393812));
#1965=CARTESIAN_POINT('Ctrl Pts',(0.0426309792867272,0.961262468842373,
0.868346400983025));
#1966=CARTESIAN_POINT('Ctrl Pts',(0.0551386657159726,0.960336752359167,
0.868149121375621));
#1967=CARTESIAN_POINT('Ctrl Pts',(0.0633107465786552,0.959731921881567,
0.868020225842991));
#1968=CARTESIAN_POINT('Ctrl Pts',(0.071470257637083,0.959023750017112,0.867891385156718));
#1969=CARTESIAN_POINT('Ctrl Pts',(0.0796152051833045,0.95821292485201,0.867762589151464));
#1970=CARTESIAN_POINT('Ctrl Pts',(0.122469230827883,0.953946829555343,0.867084938708567));
#1971=CARTESIAN_POINT('Ctrl Pts',(0.164920465532075,0.946843222422493,0.86640852135738));
#1972=CARTESIAN_POINT('Ctrl Pts',(0.206683235304978,0.936970438233818,0.865731796612342));
#1973=CARTESIAN_POINT('Ctrl Pts',(0.248141990570657,0.927169523550838,0.865059998124375));
#1974=CARTESIAN_POINT('Ctrl Pts',(0.288923386292746,0.914639334048166,0.86438789670165));
#1975=CARTESIAN_POINT('Ctrl Pts',(0.32873657020852,0.899397449869342,0.863713985256463));
#1976=CARTESIAN_POINT('Ctrl Pts',(0.339631248471565,0.895226584645345,0.863529572766654));
#1977=CARTESIAN_POINT('Ctrl Pts',(0.350453305707412,0.890852389676277,0.863345024739505));
#1978=CARTESIAN_POINT('Ctrl Pts',(0.361196462044528,0.886274614155666,0.863160310293326));
#1979=CARTESIAN_POINT('Ctrl Pts',(0.376030916777563,0.879953491981926,0.862905251351205));
#1980=CARTESIAN_POINT('Ctrl Pts',(0.390714960283655,0.873244230223241,0.862649875100101));
#1981=CARTESIAN_POINT('Ctrl Pts',(0.405235317036375,0.866154810658472,0.862394100234481));
#1982=CARTESIAN_POINT('Ctrl Pts',(0.412882518031423,0.862421140937178,0.862259395430722));
#1983=CARTESIAN_POINT('Ctrl Pts',(0.420484413140927,0.85858181587441,0.862124577085171));
#1984=CARTESIAN_POINT('Ctrl Pts',(0.428025965406158,0.854645146716967,0.861989869102379));
#1985=CARTESIAN_POINT('Ctrl Pts',(0.465974481517824,0.834836127606102,0.86131202880166));
#1986=CARTESIAN_POINT('Ctrl Pts',(0.502480859760766,0.812526202104601,0.860635508804655));
#1987=CARTESIAN_POINT('Ctrl Pts',(0.537331181565468,0.787922008345676,0.859958768170383));
#1988=CARTESIAN_POINT('Ctrl Pts',(0.573512994258838,0.762377787117375,0.859256171993268));
#1989=CARTESIAN_POINT('Ctrl Pts',(0.607911045998467,0.734360097138132,0.858553337997493));
#1990=CARTESIAN_POINT('Ctrl Pts',(0.640252761160169,0.704051558105994,0.857848541788711));
#1991=CARTESIAN_POINT('Ctrl Pts',(0.65690818240048,0.688443187237759,0.85748558398987));
#1992=CARTESIAN_POINT('Ctrl Pts',(0.673017599960616,0.672226543012601,0.857122105798208));
#1993=CARTESIAN_POINT('Ctrl Pts',(0.688538820288131,0.655422584127496,0.856757871701037));
#1994=CARTESIAN_POINT('Ctrl Pts',(0.69456847280876,0.648894615906563,0.856616374770012));
#1995=CARTESIAN_POINT('Ctrl Pts',(0.700510311408787,0.642276844801351,0.856474739615406));
#1996=CARTESIAN_POINT('Ctrl Pts',(0.706358594967055,0.635573973127425,0.85633302769177));
#1997=CARTESIAN_POINT('Ctrl Pts',(0.714688695183176,0.626026626077082,0.856131177950055));
#1998=CARTESIAN_POINT('Ctrl Pts',(0.72281716863374,0.616320334571843,0.855929460659571));
#1999=CARTESIAN_POINT('Ctrl Pts',(0.730738445000874,0.60646004962334,0.855727835183825));
#2000=CARTESIAN_POINT('Ctrl Pts',(0.757407620670172,0.573262663336955,0.855049007052743));
#2001=CARTESIAN_POINT('Ctrl Pts',(0.781731331507536,0.538322422162214,0.85437121965927));
#2002=CARTESIAN_POINT('Ctrl Pts',(0.803617801246342,0.50192437320758,0.853692922190129));
#2003=CARTESIAN_POINT('Ctrl Pts',(0.825515765721392,0.465507208060268,0.853014268480324));
#2004=CARTESIAN_POINT('Ctrl Pts',(0.844974407777301,0.427629615610566,0.85233510415893));
#2005=CARTESIAN_POINT('Ctrl Pts',(0.86185679985603,0.38855103493657,0.851653875967933));
#2006=CARTESIAN_POINT('Ctrl Pts',(0.869842689708219,0.370065666311845,0.851331634115466));
#2007=CARTESIAN_POINT('Ctrl Pts',(0.877251427083424,0.351311291273843,0.851008930455564));
#2008=CARTESIAN_POINT('Ctrl Pts',(0.884064528273048,0.332314404786923,0.850685600584519));
#2009=CARTESIAN_POINT('Ctrl Pts',(0.887550215043246,0.322595307116212,0.850520180077389));
#2010=CARTESIAN_POINT('Ctrl Pts',(0.890880654661313,0.312809980715238,0.85035455024983));
#2011=CARTESIAN_POINT('Ctrl Pts',(0.89404615024336,0.302985179117346,0.850189077692345));
#2012=CARTESIAN_POINT('Ctrl Pts',(0.906135442189488,0.265463441445891,0.849557124178382));
#2013=CARTESIAN_POINT('Ctrl Pts',(0.915847644846502,0.227299215752509,0.848926301348079));
#2014=CARTESIAN_POINT('Ctrl Pts',(0.923093419462477,0.188704216973645,0.848295360074324));
#2015=CARTESIAN_POINT('Ctrl Pts',(0.930909629963617,0.147070761513715,0.847614746879615));
#2016=CARTESIAN_POINT('Ctrl Pts',(0.935856616881757,0.104935151530858,0.846933995858032));
#2017=CARTESIAN_POINT('Ctrl Pts',(0.937958246231987,0.0625906776213551,
0.846251539028153));
#2018=CARTESIAN_POINT('Ctrl Pts',(0.939375673740342,0.0340317777660628,
0.845791261347015));
#2019=CARTESIAN_POINT('Ctrl Pts',(0.939497735857841,0.00537764866473327,
0.845330207740982));
#2020=CARTESIAN_POINT('Ctrl Pts',(0.938318425922953,-0.0232805214317432,
0.84486789717679));
#2021=CARTESIAN_POINT('Ctrl Pts',(0.937832123695823,-0.0350980526261187,
0.844677258015412));
#2022=CARTESIAN_POINT('Ctrl Pts',(0.937123769715851,-0.0469218772888272,
0.844486313632398));
#2023=CARTESIAN_POINT('Ctrl Pts',(0.93619555191535,-0.0587130325791998,
0.844295555360947));
#2024=CARTESIAN_POINT('Ctrl Pts',(0.932874918552035,-0.100895054544435,
0.843613131171098));
#2025=CARTESIAN_POINT('Ctrl Pts',(0.926744480777581,-0.14272538282885,0.842932020749269));
#2026=CARTESIAN_POINT('Ctrl Pts',(0.917838563233867,-0.183916033161984,
0.842250650980258));
#2027=CARTESIAN_POINT('Ctrl Pts',(0.91179594908407,-0.211863653979338,0.841788345486494));
#2028=CARTESIAN_POINT('Ctrl Pts',(0.904474536150519,-0.23951693725982,0.841325920601088));
#2029=CARTESIAN_POINT('Ctrl Pts',(0.895871558153883,-0.266783635799653,
0.840862884964824));
#2030=CARTESIAN_POINT('Ctrl Pts',(0.890532660699265,-0.28370499808688,0.8405755310066));
#2031=CARTESIAN_POINT('Ctrl Pts',(0.884699972145399,-0.300477418941268,
0.84028794183088));
#2032=CARTESIAN_POINT('Ctrl Pts',(0.87838436611931,-0.317082035200592,0.84));
#2033=CARTESIAN_POINT('Origin',(0.95582109764367,0.,0.492022103125));
#2034=CARTESIAN_POINT('',(0.9238125,0.,0.43));
#2035=CARTESIAN_POINT('Origin',(0.,0.,0.501397103125));
#2036=CARTESIAN_POINT('Ctrl Pts',(-1.01497235273487,2.59500391083523E-5,
0.557647103125));
#2037=CARTESIAN_POINT('Ctrl Pts',(-1.01485756493723,-0.120876461728623,
0.56049060775463));
#2038=CARTESIAN_POINT('Ctrl Pts',(-0.963011870679642,-0.410999783177691,
0.567311755902778));
#2039=CARTESIAN_POINT('Ctrl Pts',(-0.692704979577873,-0.800025955267374,
0.578110547569445));
#2040=CARTESIAN_POINT('Ctrl Pts',(-0.224512272789228,-1.03415478504757,
0.590043478124999));
#2041=CARTESIAN_POINT('Ctrl Pts',(0.298614976798466,-1.01523919864039,0.601976408680556));
#2042=CARTESIAN_POINT('Ctrl Pts',(0.748675424886023,-0.747908352007237,
0.613909339236111));
#2043=CARTESIAN_POINT('Ctrl Pts',(1.01554481407649,-0.297574165813811,0.625842269791667));
#2044=CARTESIAN_POINT('Ctrl Pts',(1.03392398535167,0.225572394446368,0.637775200347222));
#2045=CARTESIAN_POINT('Ctrl Pts',(0.799315687998899,0.693524424079022,0.649708130902779));
#2046=CARTESIAN_POINT('Ctrl Pts',(0.369125503929785,0.991780246993719,0.661641061458332));
#2047=CARTESIAN_POINT('Ctrl Pts',(-0.151384784916377,1.0473606575302,0.67357399201389));
#2048=CARTESIAN_POINT('Ctrl Pts',(-0.634853227904369,0.846665858085066,
0.685506922569444));
#2049=CARTESIAN_POINT('Ctrl Pts',(-0.947164119042152,0.458464216548692,
0.696864626273149));
#2050=CARTESIAN_POINT('Ctrl Pts',(-1.01490872633432,0.144614489254411,0.704244686458333));
#2051=CARTESIAN_POINT('Ctrl Pts',(-1.01504569516846,-2.18738482778355E-5,
0.707647103125));
#2052=CARTESIAN_POINT('Ctrl Pts',(1.015,0.,0.482647103125));
#2053=CARTESIAN_POINT('Ctrl Pts',(1.015,0.1691143692163,0.486624746643519));
#2054=CARTESIAN_POINT('Ctrl Pts',(0.928818280563684,0.507171464476931,0.494580033680555));
#2055=CARTESIAN_POINT('Ctrl Pts',(0.572026942609881,0.890321970010484,0.506512964236111));
#2056=CARTESIAN_POINT('Ctrl Pts',(0.0753567077451963,1.05555069976612,0.518445894791666));
#2057=CARTESIAN_POINT('Ctrl Pts',(-0.439795026234358,0.962535269912921,
0.530378825347223));
#2058=CARTESIAN_POINT('Ctrl Pts',(-0.847313765222616,0.633982985586043,
0.542311755902777));
#2059=CARTESIAN_POINT('Ctrl Pts',(-1.04751649102082,0.150312054860526,0.554244686458333));
#2060=CARTESIAN_POINT('Ctrl Pts',(-0.991400746638743,-0.370142460971504,
0.566177617013889));
#2061=CARTESIAN_POINT('Ctrl Pts',(-0.692704979577873,-0.800025955267374,
0.578110547569445));
#2062=CARTESIAN_POINT('Ctrl Pts',(-0.224512272789228,-1.03415478504757,
0.590043478124999));
#2063=CARTESIAN_POINT('Ctrl Pts',(0.298614976798466,-1.01523919864039,0.601976408680556));
#2064=CARTESIAN_POINT('Ctrl Pts',(0.748675424886023,-0.747908352007237,
0.613909339236111));
#2065=CARTESIAN_POINT('Ctrl Pts',(1.01554481407649,-0.297574165813811,0.625842269791667));
#2066=CARTESIAN_POINT('Ctrl Pts',(1.03392398535167,0.225572394446368,0.637775200347222));
#2067=CARTESIAN_POINT('Ctrl Pts',(0.799315687998899,0.693524424079022,0.649708130902779));
#2068=CARTESIAN_POINT('Ctrl Pts',(0.369125503929785,0.991780246993719,0.661641061458332));
#2069=CARTESIAN_POINT('Ctrl Pts',(-0.151384784916377,1.0473606575302,0.67357399201389));
#2070=CARTESIAN_POINT('Ctrl Pts',(-0.634853227904369,0.846665858085066,
0.685506922569444));
#2071=CARTESIAN_POINT('Ctrl Pts',(-0.962981542651262,0.438803199324596,
0.697439853125001));
#2072=CARTESIAN_POINT('Ctrl Pts',(-1.05548109448744,-0.076428760340081,
0.709372783680555));
#2073=CARTESIAN_POINT('Ctrl Pts',(-0.889718480681406,-0.572959619153257,
0.721305714236112));
#2074=CARTESIAN_POINT('Ctrl Pts',(-0.506253596154277,-0.929294889881142,
0.733238644791666));
#2075=CARTESIAN_POINT('Ctrl Pts',(0.00108479034439654,-1.05824407350346,
0.745171575347223));
#2076=CARTESIAN_POINT('Ctrl Pts',(0.508157766604036,-0.928255027921613,
0.757104505902777));
#2077=CARTESIAN_POINT('Ctrl Pts',(0.890891256562379,-0.571134329679231,
0.769037436458334));
#2078=CARTESIAN_POINT('Ctrl Pts',(1.05563561506458,-0.0742646823036979,
0.780970367013889));
#2079=CARTESIAN_POINT('Ctrl Pts',(0.962079801501191,0.440776576473559,0.792903297569445));
#2080=CARTESIAN_POINT('Ctrl Pts',(0.633116263716006,0.847965610557444,0.804836228125));
#2081=CARTESIAN_POINT('Ctrl Pts',(0.149236813791344,1.04766888435367,0.816769158680556));
#2082=CARTESIAN_POINT('Ctrl Pts',(-0.37115729360317,0.991021263775438,0.828702089236111));
#2083=CARTESIAN_POINT('Ctrl Pts',(-0.800737396518172,0.691884480686091,
0.840635019791668));
#2084=CARTESIAN_POINT('Ctrl Pts',(-1.03438116307322,0.223451677611963,0.852567950347222));
#2085=CARTESIAN_POINT('Ctrl Pts',(-1.01493889576755,-0.299654549081054,
0.864500880902779));
#2086=CARTESIAN_POINT('Ctrl Pts',(-0.747127762727864,-0.749443806659441,
0.876433811458333));
#2087=CARTESIAN_POINT('Ctrl Pts',(-0.296558885787552,-1.01584489988157,
0.888366742013889));
#2088=CARTESIAN_POINT('Ctrl Pts',(0.226686272941246,-1.03370190400761,0.900299672569444));
#2089=CARTESIAN_POINT('Ctrl Pts',(0.538347269718007,-0.876930377545786,
0.908254959606482));
#2090=CARTESIAN_POINT('Ctrl Pts',(0.665969434380616,-0.765969785612176,
0.912232603125));
#2091=CARTESIAN_POINT('Ctrl Pts',(0.9879375,0.,0.46702256875));
#2092=CARTESIAN_POINT('Ctrl Pts',(0.9879375,0.164605346933624,0.471000212268518));
#2093=CARTESIAN_POINT('Ctrl Pts',(0.904053605964911,0.493648974075544,0.478955499305555));
#2094=CARTESIAN_POINT('Ctrl Pts',(0.556775239029211,0.866583705662299,0.490888429861111));
#2095=CARTESIAN_POINT('Ctrl Pts',(0.0733475048847487,1.02740701423664,0.502821360416666));
#2096=CARTESIAN_POINT('Ctrl Pts',(-0.42806896426641,0.936871614009454,0.514754290972222));
#2097=CARTESIAN_POINT('Ctrl Pts',(-0.824722209782875,0.617079375194494,
0.526687221527778));
#2098=CARTESIAN_POINT('Ctrl Pts',(-1.01958701807673,0.146304350442138,0.538620152083333));
#2099=CARTESIAN_POINT('Ctrl Pts',(-0.964967463184643,-0.360273514813828,
0.550553082638889));
#2100=CARTESIAN_POINT('Ctrl Pts',(-0.674235690405631,-0.778695213972376,
0.562486013194444));
#2101=CARTESIAN_POINT('Ctrl Pts',(-0.218526200491338,-1.00658156941176,
0.57441894375));
#2102=CARTESIAN_POINT('Ctrl Pts',(0.290653136591955,-0.988170320991908,
0.586351874305556));
#2103=CARTESIAN_POINT('Ctrl Pts',(0.728713820269296,-0.727967199518374,
0.598284804861111));
#2104=CARTESIAN_POINT('Ctrl Pts',(0.988467787937629,-0.289640076294268,
0.610217735416667));
#2105=CARTESIAN_POINT('Ctrl Pts',(1.00635692342696,0.219558056589517,0.622150665972222));
#2106=CARTESIAN_POINT('Ctrl Pts',(0.778003884248682,0.675033286417309,0.634083596527778));
#2107=CARTESIAN_POINT('Ctrl Pts',(0.359283672451854,0.965336845088037,0.646016527083334));
#2108=CARTESIAN_POINT('Ctrl Pts',(-0.14734847876682,1.01943533950615,0.657949457638889));
#2109=CARTESIAN_POINT('Ctrl Pts',(-0.617926414623422,0.824091577509275,
0.669882388194444));
#2110=CARTESIAN_POINT('Ctrl Pts',(-0.93730598797343,0.427103582002702,0.68181531875));
#2111=CARTESIAN_POINT('Ctrl Pts',(-1.02733926481299,-0.0743909738113094,
0.693748249305556));
#2112=CARTESIAN_POINT('Ctrl Pts',(-0.865996306904617,-0.557683048026818,
0.705681179861111));
#2113=CARTESIAN_POINT('Ctrl Pts',(-0.492755578473562,-0.904517507657095,
0.717614110416667));
#2114=CARTESIAN_POINT('Ctrl Pts',(0.00105586705504167,-1.03002857573086,
0.729547040972223));
#2115=CARTESIAN_POINT('Ctrl Pts',(0.494608978861453,-0.903505371081094,
0.741479971527778));
#2116=CARTESIAN_POINT('Ctrl Pts',(0.867137813576448,-0.555906425445788,
0.753412902083334));
#2117=CARTESIAN_POINT('Ctrl Pts',(1.02748966547573,-0.0722845956388274,
0.765345832638888));
#2118=CARTESIAN_POINT('Ctrl Pts',(0.936428289552298,0.429024343861918,0.777278763194445));
#2119=CARTESIAN_POINT('Ctrl Pts',(0.616235762349687,0.825356675251325,0.789211693749999));
#2120=CARTESIAN_POINT('Ctrl Pts',(0.145257778054173,1.01973534821296,0.801144624305556));
#2121=CARTESIAN_POINT('Ctrl Pts',(-0.361261289407963,0.964598098306548,
0.813077554861111));
#2122=CARTESIAN_POINT('Ctrl Pts',(-0.779387686377015,0.673437068116074,
0.825010485416668));
#2123=CARTESIAN_POINT('Ctrl Pts',(-1.00680191161936,0.217493883498294,0.836943415972222));
#2124=CARTESIAN_POINT('Ctrl Pts',(-0.98787802496291,-0.291664991214546,
0.848876346527778));
#2125=CARTESIAN_POINT('Ctrl Pts',(-0.727207422748727,-0.729461715016366,
0.860809277083334));
#2126=CARTESIAN_POINT('Ctrl Pts',(-0.288651866234227,-0.988759872686456,
0.872742207638889));
#2127=CARTESIAN_POINT('Ctrl Pts',(0.220642236230436,-1.00614076334041,0.884675138194445));
#2128=CARTESIAN_POINT('Ctrl Pts',(0.523993552489688,-0.853549167356295,
0.892630425231482));
#2129=CARTESIAN_POINT('Ctrl Pts',(0.648212983328472,-0.745547069037664,
0.89660806875));
#2130=CARTESIAN_POINT('Ctrl Pts',(0.960875,0.,0.451398034375));
#2131=CARTESIAN_POINT('Ctrl Pts',(0.960875,0.160096324650948,0.455375677893518));
#2132=CARTESIAN_POINT('Ctrl Pts',(0.879288931366138,0.480126483674158,0.463330964930556));
#2133=CARTESIAN_POINT('Ctrl Pts',(0.541523535448541,0.842845441314113,0.475263895486111));
#2134=CARTESIAN_POINT('Ctrl Pts',(0.071338302024301,0.999263328707162,0.487196826041667));
#2135=CARTESIAN_POINT('Ctrl Pts',(-0.416342902298461,0.911207958105988,
0.499129756597222));
#2136=CARTESIAN_POINT('Ctrl Pts',(-0.802130654343135,0.600175764802945,
0.511062687152777));
#2137=CARTESIAN_POINT('Ctrl Pts',(-0.991657545132638,0.142296646023751,
0.522995617708334));
#2138=CARTESIAN_POINT('Ctrl Pts',(-0.938534179730543,-0.350404568656152,
0.534928548263888));
#2139=CARTESIAN_POINT('Ctrl Pts',(-0.655766401233388,-0.757364472677377,
0.546861478819444));
#2140=CARTESIAN_POINT('Ctrl Pts',(-0.212540128193448,-0.979008353775947,
0.558794409375));
#2141=CARTESIAN_POINT('Ctrl Pts',(0.282691296385444,-0.96110144334343,0.570727339930555));
#2142=CARTESIAN_POINT('Ctrl Pts',(0.708752215652568,-0.708026047029511,
0.582660270486111));
#2143=CARTESIAN_POINT('Ctrl Pts',(0.961390761798767,-0.281705986774724,
0.594593201041667));
#2144=CARTESIAN_POINT('Ctrl Pts',(0.978789861502257,0.213543718732664,0.606526131597222));
#2145=CARTESIAN_POINT('Ctrl Pts',(0.756692080498464,0.656542148755597,0.618459062152778));
#2146=CARTESIAN_POINT('Ctrl Pts',(0.349441840973924,0.938893443182354,0.630391992708333));
#2147=CARTESIAN_POINT('Ctrl Pts',(-0.143312172617265,0.991510021482101,
0.642324923263889));
#2148=CARTESIAN_POINT('Ctrl Pts',(-0.600999601342473,0.801517296933485,
0.654257853819444));
#2149=CARTESIAN_POINT('Ctrl Pts',(-0.911630433295598,0.415403964680809,
0.666190784375));
#2150=CARTESIAN_POINT('Ctrl Pts',(-0.999197435138536,-0.0723531872825374,
0.678123714930556));
#2151=CARTESIAN_POINT('Ctrl Pts',(-0.842274133127828,-0.54240647690038,
0.690056645486111));
#2152=CARTESIAN_POINT('Ctrl Pts',(-0.479257560792848,-0.879740125433047,
0.701989576041666));
#2153=CARTESIAN_POINT('Ctrl Pts',(0.00102694376568673,-1.00181307795827,
0.713922506597223));
#2154=CARTESIAN_POINT('Ctrl Pts',(0.48106019111887,-0.878755714240572,0.725855437152778));
#2155=CARTESIAN_POINT('Ctrl Pts',(0.843384370590518,-0.540678521212346,
0.737788367708333));
#2156=CARTESIAN_POINT('Ctrl Pts',(0.999343715886878,-0.0703045089739564,
0.749721298263889));
#2157=CARTESIAN_POINT('Ctrl Pts',(0.910776777603406,0.417272111250276,0.761654228819445));
#2158=CARTESIAN_POINT('Ctrl Pts',(0.599355260983367,0.802747739945207,0.773587159374999));
#2159=CARTESIAN_POINT('Ctrl Pts',(0.141278742317002,0.991801812072249,0.785520089930556));
#2160=CARTESIAN_POINT('Ctrl Pts',(-0.351365285212754,0.93817493283766,0.79745302048611));
#2161=CARTESIAN_POINT('Ctrl Pts',(-0.75803797623586,0.654989655546056,0.809385951041668));
#2162=CARTESIAN_POINT('Ctrl Pts',(-0.979222660165503,0.211536089384626,
0.821318881597221));
#2163=CARTESIAN_POINT('Ctrl Pts',(-0.960817154158269,-0.283675433348037,
0.833251812152779));
#2164=CARTESIAN_POINT('Ctrl Pts',(-0.707287082769592,-0.709479623373291,
0.845184742708332));
#2165=CARTESIAN_POINT('Ctrl Pts',(-0.280744846680901,-0.961674845491337,
0.85711767326389));
#2166=CARTESIAN_POINT('Ctrl Pts',(0.214598199519626,-0.978579622673215,
0.869050603819444));
#2167=CARTESIAN_POINT('Ctrl Pts',(0.509639835261369,-0.830167957166805,
0.877005890856482));
#2168=CARTESIAN_POINT('Ctrl Pts',(0.630456532276329,-0.725124352463152,
0.880983534375));
#2169=CARTESIAN_POINT('Ctrl Pts',(0.9338125,0.,0.4357735));
#2170=CARTESIAN_POINT('Ctrl Pts',(0.9338125,0.155587302368272,0.439751143518518));
#2171=CARTESIAN_POINT('Ctrl Pts',(0.854524256767365,0.466603993272773,0.447706430555556));
#2172=CARTESIAN_POINT('Ctrl Pts',(0.526271831867871,0.819107176965926,0.459639361111111));
#2173=CARTESIAN_POINT('Ctrl Pts',(0.0693290991638534,0.971119643177683,
0.471572291666667));
#2174=CARTESIAN_POINT('Ctrl Pts',(-0.404616840330513,0.885544302202521,
0.483505222222222));
#2175=CARTESIAN_POINT('Ctrl Pts',(-0.779539098903393,0.583272154411395,
0.495438152777778));
#2176=CARTESIAN_POINT('Ctrl Pts',(-0.963728072188549,0.138288941605364,
0.507371083333333));
#2177=CARTESIAN_POINT('Ctrl Pts',(-0.912100896276443,-0.340535622498475,
0.519304013888888));
#2178=CARTESIAN_POINT('Ctrl Pts',(-0.637297112061146,-0.736033731382379,
0.531236944444445));
#2179=CARTESIAN_POINT('Ctrl Pts',(-0.206554055895558,-0.951435138140133,
0.543169874999999));
#2180=CARTESIAN_POINT('Ctrl Pts',(0.274729456178933,-0.934032565694952,
0.555102805555556));
#2181=CARTESIAN_POINT('Ctrl Pts',(0.688790611035842,-0.688084894540648,
0.567035736111111));
#2182=CARTESIAN_POINT('Ctrl Pts',(0.934313735659903,-0.273771897255181,
0.578968666666667));
#2183=CARTESIAN_POINT('Ctrl Pts',(0.951222799577548,0.207529380875812,0.590901597222221));
#2184=CARTESIAN_POINT('Ctrl Pts',(0.735380276748247,0.638051011093884,0.602834527777778));
#2185=CARTESIAN_POINT('Ctrl Pts',(0.339600009495993,0.912450041276672,0.614767458333333));
#2186=CARTESIAN_POINT('Ctrl Pts',(-0.139275866467709,0.963584703458051,
0.626700388888889));
#2187=CARTESIAN_POINT('Ctrl Pts',(-0.584072788061525,0.778943016357695,
0.638633319444444));
#2188=CARTESIAN_POINT('Ctrl Pts',(-0.885954878617766,0.403704347358915,
0.65056625));
#2189=CARTESIAN_POINT('Ctrl Pts',(-0.971055605464087,-0.0703154007537655,
0.662499180555556));
#2190=CARTESIAN_POINT('Ctrl Pts',(-0.81855195935104,-0.527129905773942,
0.674432111111111));
#2191=CARTESIAN_POINT('Ctrl Pts',(-0.465759543112134,-0.854962743208999,
0.686365041666667));
#2192=CARTESIAN_POINT('Ctrl Pts',(0.000998020476331883,-0.973597580185667,
0.698297972222222));
#2193=CARTESIAN_POINT('Ctrl Pts',(0.467511403376287,-0.854006057400051,
0.710230902777778));
#2194=CARTESIAN_POINT('Ctrl Pts',(0.819630927604587,-0.525450616978903,
0.722163833333333));
#2195=CARTESIAN_POINT('Ctrl Pts',(0.971197766298025,-0.0683244223090857,
0.734096763888889));
#2196=CARTESIAN_POINT('Ctrl Pts',(0.885125265654513,0.405519878638636,0.746029694444445));
#2197=CARTESIAN_POINT('Ctrl Pts',(0.582474759617048,0.780138804639087,0.757962624999999));
#2198=CARTESIAN_POINT('Ctrl Pts',(0.137299706579831,0.963868275931538,0.769895555555556));
#2199=CARTESIAN_POINT('Ctrl Pts',(-0.341469281017546,0.91175176736877,0.781828486111111));
#2200=CARTESIAN_POINT('Ctrl Pts',(-0.736688266094705,0.63654224297604,0.793761416666668));
#2201=CARTESIAN_POINT('Ctrl Pts',(-0.951643408711641,0.205578295270956,
0.805694347222222));
#2202=CARTESIAN_POINT('Ctrl Pts',(-0.93375628335363,-0.275685875481528,
0.817627277777779));
#2203=CARTESIAN_POINT('Ctrl Pts',(-0.687366742790456,-0.689497531730216,
0.829560208333333));
#2204=CARTESIAN_POINT('Ctrl Pts',(-0.272837827127575,-0.934589818296219,
0.841493138888889));
#2205=CARTESIAN_POINT('Ctrl Pts',(0.208554162808816,-0.951018482006017,
0.853426069444444));
#2206=CARTESIAN_POINT('Ctrl Pts',(0.495286118033051,-0.806786746977314,
0.861381356481482));
#2207=CARTESIAN_POINT('Ctrl Pts',(0.612700081224186,-0.70470163588864,0.865359));
#2208=CARTESIAN_POINT('',(0.652067732517621,-0.749980637993794,0.9));
#2209=CARTESIAN_POINT('Ctrl Pts',(0.652067732517621,-0.749980637993794,
0.9));
#2210=CARTESIAN_POINT('Ctrl Pts',(0.621678137820757,-0.778706332593129,
0.9));
#2211=CARTESIAN_POINT('Ctrl Pts',(0.589458021347302,-0.805461842037014,
0.9));
#2212=CARTESIAN_POINT('Ctrl Pts',(0.555633505762549,-0.830142121059916,
0.9));
#2213=CARTESIAN_POINT('Ctrl Pts',(0.544246750832785,-0.838450541268561,
0.9));
#2214=CARTESIAN_POINT('Ctrl Pts',(0.53267792802808,-0.846523516089699,0.9));
#2215=CARTESIAN_POINT('Ctrl Pts',(0.520934996294864,-0.854356184496257,
0.9));
#2216=CARTESIAN_POINT('Ctrl Pts',(0.51035260361712,-0.861414760214474,0.9));
#2217=CARTESIAN_POINT('Ctrl Pts',(0.499624616121336,-0.868280521347008,
0.9));
#2218=CARTESIAN_POINT('Ctrl Pts',(0.488782449376208,-0.874934445984436,
0.9));
#2219=CARTESIAN_POINT('Ctrl Pts',(0.450846084264775,-0.898216297334196,
0.9));
#2220=CARTESIAN_POINT('Ctrl Pts',(0.411463589138993,-0.91894430826908,0.9));
#2221=CARTESIAN_POINT('Ctrl Pts',(0.37091057493719,-0.937005103933398,0.9));
#2222=CARTESIAN_POINT('Ctrl Pts',(0.330443377073282,-0.955027680210726,
0.9));
#2223=CARTESIAN_POINT('Ctrl Pts',(0.288809613840493,-0.970394905521627,
0.9));
#2224=CARTESIAN_POINT('Ctrl Pts',(0.246256162202165,-0.982950752080226,
0.9));
#2225=CARTESIAN_POINT('Ctrl Pts',(0.236644467757126,-0.985786784316712,
0.9));
#2226=CARTESIAN_POINT('Ctrl Pts',(0.226985777255855,-0.988479187402903,
0.9));
#2227=CARTESIAN_POINT('Ctrl Pts',(0.217282825240758,-0.991025807254337,
0.9));
#2228=CARTESIAN_POINT('Ctrl Pts',(0.213175244858802,-0.992103875632473,
0.9));
#2229=CARTESIAN_POINT('Ctrl Pts',(0.209059731986863,-0.993155816328279,
0.9));
#2230=CARTESIAN_POINT('Ctrl Pts',(0.204936532200056,-0.994181622107425,
0.9));
#2231=CARTESIAN_POINT('Ctrl Pts',(-0.317189691716402,-0.878346960344671,
0.84));
#2232=CARTESIAN_POINT('Ctrl Pts',(-0.299254888676777,-0.886096498979497,
0.841179755368202));
#2233=CARTESIAN_POINT('Ctrl Pts',(-0.281078266390989,-0.893276642346969,
0.842357150877149));
#2234=CARTESIAN_POINT('Ctrl Pts',(-0.262684022882381,-0.899870777379874,
0.843532802292415));
#2235=CARTESIAN_POINT('Ctrl Pts',(-0.225381213946432,-0.913243426225976,
0.845916977542591));
#2236=CARTESIAN_POINT('Ctrl Pts',(-0.187184114437777,-0.924208634269456,
0.848293979987885));
#2237=CARTESIAN_POINT('Ctrl Pts',(-0.148328132221611,-0.932750742555971,
0.850668945264099));
#2238=CARTESIAN_POINT('Ctrl Pts',(-0.140969972878741,-0.934368362039802,
0.851118692560125));
#2239=CARTESIAN_POINT('Ctrl Pts',(-0.133586969722818,-0.93589919993004,
0.85156843867244));
#2240=CARTESIAN_POINT('Ctrl Pts',(-0.126184363541346,-0.937342271010927,
0.852017995191147));
#2241=CARTESIAN_POINT('Ctrl Pts',(-0.0845375898772041,-0.945460932630048,
0.854547182632008));
#2242=CARTESIAN_POINT('Ctrl Pts',(-0.0424696218120385,-0.950767932241151,
0.85705841559157));
#2243=CARTESIAN_POINT('Ctrl Pts',(-0.000279542276349996,-0.953295209282464,
0.859557485219205));
#2244=CARTESIAN_POINT('Ctrl Pts',(0.0422997759255564,-0.955845802561991,
0.862079610848141));
#2245=CARTESIAN_POINT('Ctrl Pts',(0.0850046141546895,-0.955565391481525,
0.864589347676096));
#2246=CARTESIAN_POINT('Ctrl Pts',(0.127544365508205,-0.952437210622506,
0.867092648620295));
#2247=CARTESIAN_POINT('Ctrl Pts',(0.154053088566295,-0.950487879057819,
0.868652585134953));
#2248=CARTESIAN_POINT('Ctrl Pts',(0.180497976596694,-0.947431713505509,
0.870210022478954));
#2249=CARTESIAN_POINT('Ctrl Pts',(0.206808921640484,-0.943254388785986,
0.871766401146208));
#2250=CARTESIAN_POINT('Ctrl Pts',(0.216842237533486,-0.941661423636735,
0.872359904678357));
#2251=CARTESIAN_POINT('Ctrl Pts',(0.22685606512431,-0.939905337743964,0.872953254260593));
#2252=CARTESIAN_POINT('Ctrl Pts',(0.236847053074397,-0.937987496512649,
0.873546529772451));
#2253=CARTESIAN_POINT('Ctrl Pts',(0.24487829813423,-0.936445841874341,0.874023433662991));
#2254=CARTESIAN_POINT('Ctrl Pts',(0.252893035608927,-0.934799895974351,
0.874500186810923));
#2255=CARTESIAN_POINT('Ctrl Pts',(0.260878139038205,-0.93305322470012,0.874976149347687));
#2256=CARTESIAN_POINT('Ctrl Pts',(0.303003951942598,-0.923838572948212,
0.877487113538799));
#2257=CARTESIAN_POINT('Ctrl Pts',(0.344392621422722,-0.911808590078719,
0.879981288459859));
#2258=CARTESIAN_POINT('Ctrl Pts',(0.384799386792479,-0.897139182968369,
0.882464364210675));
#2259=CARTESIAN_POINT('Ctrl Pts',(0.425623576631625,-0.882318232683919,
0.884973091521774));
#2260=CARTESIAN_POINT('Ctrl Pts',(0.465446564726085,-0.864802729234074,
0.887470489156856));
#2261=CARTESIAN_POINT('Ctrl Pts',(0.504009843158246,-0.84472114009171,0.889962425389488));
#2262=CARTESIAN_POINT('Ctrl Pts',(0.533833318278681,-0.829190749561774,
0.891889600703857));
#2263=CARTESIAN_POINT('Ctrl Pts',(0.562903408418447,-0.81212448409682,0.89381350959256));
#2264=CARTESIAN_POINT('Ctrl Pts',(0.591091668745078,-0.793562227742842,
0.895736866389362));
#2265=CARTESIAN_POINT('Ctrl Pts',(0.59918371901873,-0.788233530268494,0.89628900758976));
#2266=CARTESIAN_POINT('Ctrl Pts',(0.607196237061747,-0.782785863625499,
0.896840641718146));
#2267=CARTESIAN_POINT('Ctrl Pts',(0.615122624853624,-0.777223355631525,
0.897391566532881));
#2268=CARTESIAN_POINT('Ctrl Pts',(0.627653492483784,-0.768429557851959,
0.898262526434022));
#2269=CARTESIAN_POINT('Ctrl Pts',(0.639972200785186,-0.759346748157182,
0.8991319241059));
#2270=CARTESIAN_POINT('Ctrl Pts',(0.652067732517621,-0.749980637993794,
0.9));
#2271=CARTESIAN_POINT('Ctrl Pts',(0.933738557409622,9.99721560647482E-6,
0.5857735));
#2272=CARTESIAN_POINT('Ctrl Pts',(0.933763576057237,0.0668865123825147,
0.58748286574074));
#2273=CARTESIAN_POINT('Ctrl Pts',(0.910194252922237,0.289365325711816,0.593169874999999));
#2274=CARTESIAN_POINT('Ctrl Pts',(0.735380276748247,0.638051011093884,0.602834527777778));
#2275=CARTESIAN_POINT('Ctrl Pts',(0.339600009495993,0.912450041276672,0.614767458333333));
#2276=CARTESIAN_POINT('Ctrl Pts',(-0.139275866467709,0.963584703458051,
0.626700388888889));
#2277=CARTESIAN_POINT('Ctrl Pts',(-0.584072788061525,0.778943016357695,
0.638633319444444));
#2278=CARTESIAN_POINT('Ctrl Pts',(-0.885954878617766,0.403704347358915,
0.65056625));
#2279=CARTESIAN_POINT('Ctrl Pts',(-0.971055605464087,-0.0703154007537655,
0.662499180555556));
#2280=CARTESIAN_POINT('Ctrl Pts',(-0.81855195935104,-0.527129905773942,
0.674432111111111));
#2281=CARTESIAN_POINT('Ctrl Pts',(-0.465759543112134,-0.854962743208999,
0.686365041666667));
#2282=CARTESIAN_POINT('Ctrl Pts',(0.000998020476331883,-0.973597580185667,
0.698297972222222));
#2283=CARTESIAN_POINT('Ctrl Pts',(0.467511403376287,-0.854006057400051,
0.710230902777778));
#2284=CARTESIAN_POINT('Ctrl Pts',(0.819630927604587,-0.525450616978903,
0.722163833333333));
#2285=CARTESIAN_POINT('Ctrl Pts',(0.927774541753351,-0.199289042060432,
0.730678032407407));
#2286=CARTESIAN_POINT('Ctrl Pts',(0.93387682750072,-0.0218784615262256,
0.735214587962963));
#2287=CARTESIAN_POINT('Ctrl Pts',(0.933856386817783,-1.9746330931672E-5,
0.7357735));
#2288=CARTESIAN_POINT('Origin',(0.,0.,0.4));
#2289=CARTESIAN_POINT('Origin',(0.,0.,0.87));
#2290=CARTESIAN_POINT('Origin',(0.,0.,0.9));
#2291=CARTESIAN_POINT('Origin',(0.,0.,0.37));
#2292=CARTESIAN_POINT('',(0.715,-8.75622461390358E-17,0.34));
#2293=CARTESIAN_POINT('Origin',(0.,0.,0.34));
#2294=CARTESIAN_POINT('',(0.775,9.49101269339199E-17,0.4));
#2295=CARTESIAN_POINT('',(0.745,-9.12361865364778E-17,0.37));
#2296=CARTESIAN_POINT('Origin',(0.,0.,0.4));
#2297=CARTESIAN_POINT('Origin',(-8.87908733519026E-17,-1.98152381522907E-17,
0.4));
#2298=CARTESIAN_POINT('Origin',(0.,0.,0.));
#2299=CARTESIAN_POINT('',(0.715,8.75622461390358E-17,0.));
#2300=CARTESIAN_POINT('Origin',(-7.39255249150933E-17,0.,0.9));
#2301=CARTESIAN_POINT('',(1.2,1.46957615897682E-16,0.9));
#2302=CARTESIAN_POINT('Origin',(0.,0.,0.9));
#2303=CARTESIAN_POINT('Origin',(2.34813819742608,4.3090643026437E-17,0.8725));
#2304=CARTESIAN_POINT('',(2.3635,4.12093647913084E-17,0.829615384615385));
#2305=CARTESIAN_POINT('',(2.3635,4.12093647913084E-17,0.915384615384615));
#2306=CARTESIAN_POINT('',(2.3635,4.12093647913085E-17,0.3));
#2307=CARTESIAN_POINT('',(2.3085,4.79449221866188E-17,0.855));
#2308=CARTESIAN_POINT('',(2.3735,3.9984717992161E-17,0.825));
#2309=CARTESIAN_POINT('',(2.3085,4.79449221866188E-17,0.89));
#2310=CARTESIAN_POINT('',(2.3085,4.79449221866188E-17,0.855));
#2311=CARTESIAN_POINT('',(2.3085,4.79449221866188E-17,0.89));
#2312=CARTESIAN_POINT('Ctrl Pts',(2.3085,4.79449221866188E-17,0.855));
#2313=CARTESIAN_POINT('Ctrl Pts',(2.3085,-0.102494460323367,0.875833333333333));
#2314=CARTESIAN_POINT('Ctrl Pts',(2.39304566446436,-0.306806227072275,0.9175));
#2315=CARTESIAN_POINT('Ctrl Pts',(2.7,-0.4342445301249,0.98));
#2316=CARTESIAN_POINT('Ctrl Pts',(3.00695433553564,-0.306806227072276,1.0425));
#2317=CARTESIAN_POINT('Ctrl Pts',(3.0915,-0.102494460323367,1.08416666666667));
#2318=CARTESIAN_POINT('Ctrl Pts',(3.0915,-9.58898443732377E-17,1.105));
#2319=CARTESIAN_POINT('Ctrl Pts',(2.32683333333333,4.5699736388182E-17,
0.846538461538461));
#2320=CARTESIAN_POINT('Ctrl Pts',(2.32683333333333,-0.0976948048803823,
0.867371794871795));
#2321=CARTESIAN_POINT('Ctrl Pts',(2.40741985642218,-0.292438970802395,0.909038461538461));
#2322=CARTESIAN_POINT('Ctrl Pts',(2.7,-0.41390953722846,0.971538461538461));
#2323=CARTESIAN_POINT('Ctrl Pts',(2.99258014357782,-0.292438970802395,1.03403846153846));
#2324=CARTESIAN_POINT('Ctrl Pts',(3.07316666666667,-0.0976948048803824,
1.07570512820513));
#2325=CARTESIAN_POINT('Ctrl Pts',(3.07316666666667,-9.13994727763641E-17,
1.09653846153846));
#2326=CARTESIAN_POINT('Ctrl Pts',(2.34516666666667,4.34545505897452E-17,
0.838076923076923));
#2327=CARTESIAN_POINT('Ctrl Pts',(2.34516666666667,-0.0928951494373983,
0.858910256410256));
#2328=CARTESIAN_POINT('Ctrl Pts',(2.42179404838,-0.278071714532514,0.900576923076923));
#2329=CARTESIAN_POINT('Ctrl Pts',(2.7,-0.393574544332019,0.963076923076923));
#2330=CARTESIAN_POINT('Ctrl Pts',(2.97820595162,-0.278071714532514,1.02557692307692));
#2331=CARTESIAN_POINT('Ctrl Pts',(3.05483333333333,-0.0928951494373984,
1.06724358974359));
#2332=CARTESIAN_POINT('Ctrl Pts',(3.05483333333333,-8.69091011794905E-17,
1.08807692307692));
#2333=CARTESIAN_POINT('Ctrl Pts',(2.3635,4.12093647913084E-17,0.829615384615385));
#2334=CARTESIAN_POINT('Ctrl Pts',(2.3635,-0.0880954939944137,0.850448717948718));
#2335=CARTESIAN_POINT('Ctrl Pts',(2.43616824033782,-0.263704458262633,0.892115384615385));
#2336=CARTESIAN_POINT('Ctrl Pts',(2.7,-0.373239551435579,0.954615384615385));
#2337=CARTESIAN_POINT('Ctrl Pts',(2.96383175966218,-0.263704458262633,1.01711538461538));
#2338=CARTESIAN_POINT('Ctrl Pts',(3.0365,-0.0880954939944139,1.05878205128205));
#2339=CARTESIAN_POINT('Ctrl Pts',(3.0365,-8.24187295826169E-17,1.07961538461538));
#2340=CARTESIAN_POINT('',(3.0365,-8.24187295826169E-17,1.07961538461538));
#2341=CARTESIAN_POINT('Ctrl Pts',(3.0365,-9.71445146547012E-17,1.07961538461538));
#2342=CARTESIAN_POINT('Ctrl Pts',(3.0365,-0.0880954939944139,1.05878205128205));
#2343=CARTESIAN_POINT('Ctrl Pts',(3.00016587983109,-0.175899976128523,1.03794871794872));
#2344=CARTESIAN_POINT('Ctrl Pts',(2.93802685980294,-0.238058066057736,1.01711538461538));
#2345=CARTESIAN_POINT('Ctrl Pts',(2.87588783977479,-0.300216155986948,0.996282051282051));
#2346=CARTESIAN_POINT('Ctrl Pts',(2.78794391988739,-0.336727853711263,0.975448717948718));
#2347=CARTESIAN_POINT('Ctrl Pts',(2.7,-0.336727853711263,0.954615384615385));
#2348=CARTESIAN_POINT('Ctrl Pts',(2.61205608011261,-0.336727853711263,0.933782051282051));
#2349=CARTESIAN_POINT('Ctrl Pts',(2.52411216022521,-0.300216155986948,0.912948717948718));
#2350=CARTESIAN_POINT('Ctrl Pts',(2.46197314019706,-0.238058066057736,0.892115384615385));
#2351=CARTESIAN_POINT('Ctrl Pts',(2.39983412016891,-0.175899976128523,0.871282051282051));
#2352=CARTESIAN_POINT('Ctrl Pts',(2.3635,-0.0880954939944137,0.850448717948718));
#2353=CARTESIAN_POINT('Ctrl Pts',(2.3635,4.12093647913084E-17,0.829615384615385));
#2354=CARTESIAN_POINT('',(3.0915,-9.58898443732377E-17,1.105));
#2355=CARTESIAN_POINT('',(3.0265,-7.99694359843221E-17,1.075));
#2356=CARTESIAN_POINT('Ctrl Pts',(2.3085,4.79449221866188E-17,0.855));
#2357=CARTESIAN_POINT('Ctrl Pts',(2.3085,-0.102494460323367,0.875833333333333));
#2358=CARTESIAN_POINT('Ctrl Pts',(2.39304566446436,-0.306806227072275,0.9175));
#2359=CARTESIAN_POINT('Ctrl Pts',(2.7,-0.4342445301249,0.98));
#2360=CARTESIAN_POINT('Ctrl Pts',(3.00695433553564,-0.306806227072276,1.0425));
#2361=CARTESIAN_POINT('Ctrl Pts',(3.0915,-0.102494460323367,1.08416666666667));
#2362=CARTESIAN_POINT('Ctrl Pts',(3.0915,-9.58898443732377E-17,1.105));
#2363=CARTESIAN_POINT('Origin',(2.7,0.,0.89));
#2364=CARTESIAN_POINT('',(3.0915,-9.58898443732377E-17,1.14));
#2365=CARTESIAN_POINT('',(3.0915,-9.58898443732377E-17,1.105));
#2366=CARTESIAN_POINT('Ctrl Pts',(2.3085,4.79449221866188E-17,0.89));
#2367=CARTESIAN_POINT('Ctrl Pts',(2.3085,-0.102494460323367,0.910833333333333));
#2368=CARTESIAN_POINT('Ctrl Pts',(2.39304614761493,-0.306806244283093,0.9525));
#2369=CARTESIAN_POINT('Ctrl Pts',(2.7,-0.434244506381861,1.015));
#2370=CARTESIAN_POINT('Ctrl Pts',(3.00695385238507,-0.306806244283094,1.0775));
#2371=CARTESIAN_POINT('Ctrl Pts',(3.0915,-0.102494460323367,1.11916666666667));
#2372=CARTESIAN_POINT('Ctrl Pts',(3.0915,-9.58898443732377E-17,1.14));
#2373=CARTESIAN_POINT('Ctrl Pts',(2.3635,4.12093647913084E-17,0.915384615384615));
#2374=CARTESIAN_POINT('Ctrl Pts',(2.3635,-0.0880954939944137,0.936217948717949));
#2375=CARTESIAN_POINT('Ctrl Pts',(2.43616865561283,-0.263704473055584,0.977884615384615));
#2376=CARTESIAN_POINT('Ctrl Pts',(2.7,-0.373239531028088,1.04038461538461));
#2377=CARTESIAN_POINT('Ctrl Pts',(2.96383134438717,-0.263704473055584,1.10288461538462));
#2378=CARTESIAN_POINT('Ctrl Pts',(3.0365,-0.0880954939944139,1.14455128205128));
#2379=CARTESIAN_POINT('Ctrl Pts',(3.0365,-8.24187295826169E-17,1.16538461538462));
#2380=CARTESIAN_POINT('Ctrl Pts',(2.34516666666667,4.34545505897452E-17,
0.906923076923077));
#2381=CARTESIAN_POINT('Ctrl Pts',(2.34516666666667,-0.0928951494373979,
0.92775641025641));
#2382=CARTESIAN_POINT('Ctrl Pts',(2.42179448628019,-0.278071730131421,0.969423076923077));
#2383=CARTESIAN_POINT('Ctrl Pts',(2.7,-0.393574522812678,1.03192307692308));
#2384=CARTESIAN_POINT('Ctrl Pts',(2.9782055137198,-0.278071730131421,1.09442307692308));
#2385=CARTESIAN_POINT('Ctrl Pts',(3.05483333333333,-0.0928951494373981,
1.13608974358974));
#2386=CARTESIAN_POINT('Ctrl Pts',(3.05483333333333,-8.69091011794905E-17,
1.15692307692308));
#2387=CARTESIAN_POINT('Ctrl Pts',(2.32683333333333,4.5699736388182E-17,
0.898461538461538));
#2388=CARTESIAN_POINT('Ctrl Pts',(2.32683333333333,-0.0976948048803826,
0.919294871794872));
#2389=CARTESIAN_POINT('Ctrl Pts',(2.40742031694756,-0.292438987207257,0.960961538461538));
#2390=CARTESIAN_POINT('Ctrl Pts',(2.7,-0.41390951459727,1.02346153846154));
#2391=CARTESIAN_POINT('Ctrl Pts',(2.99257968305244,-0.292438987207257,1.08596153846154));
#2392=CARTESIAN_POINT('Ctrl Pts',(3.07316666666667,-0.0976948048803828,
1.12762820512821));
#2393=CARTESIAN_POINT('Ctrl Pts',(3.07316666666667,-9.13994727763641E-17,
1.14846153846154));
#2394=CARTESIAN_POINT('Ctrl Pts',(2.3085,4.79449221866188E-17,0.89));
#2395=CARTESIAN_POINT('Ctrl Pts',(2.3085,-0.102494460323367,0.910833333333333));
#2396=CARTESIAN_POINT('Ctrl Pts',(2.39304614761493,-0.306806244283093,0.9525));
#2397=CARTESIAN_POINT('Ctrl Pts',(2.7,-0.434244506381861,1.015));
#2398=CARTESIAN_POINT('Ctrl Pts',(3.00695385238507,-0.306806244283094,1.0775));
#2399=CARTESIAN_POINT('Ctrl Pts',(3.0915,-0.102494460323367,1.11916666666667));
#2400=CARTESIAN_POINT('Ctrl Pts',(3.0915,-9.58898443732377E-17,1.14));
#2401=CARTESIAN_POINT('',(3.0365,-8.24187295826169E-17,1.16538461538462));
#2402=CARTESIAN_POINT('Ctrl Pts',(2.3635,4.12093647913084E-17,0.915384615384615));
#2403=CARTESIAN_POINT('Ctrl Pts',(2.3635,-0.0880954939944137,0.936217948717949));
#2404=CARTESIAN_POINT('Ctrl Pts',(2.43616865561283,-0.263704473055584,0.977884615384615));
#2405=CARTESIAN_POINT('Ctrl Pts',(2.7,-0.373239531028088,1.04038461538461));
#2406=CARTESIAN_POINT('Ctrl Pts',(2.96383134438717,-0.263704473055584,1.10288461538462));
#2407=CARTESIAN_POINT('Ctrl Pts',(3.0365,-0.0880954939944139,1.14455128205128));
#2408=CARTESIAN_POINT('Ctrl Pts',(3.0365,-8.24187295826169E-17,1.16538461538462));
#2409=CARTESIAN_POINT('',(3.0915,-9.58898443732377E-17,1.14));
#2410=CARTESIAN_POINT('Origin',(3.05186180257392,-8.61812860528739E-17,
1.1225));
#2411=CARTESIAN_POINT('',(3.0365,-8.24187295826169E-17,0.3));
#2412=CARTESIAN_POINT('Origin',(3.05186180257392,0.,0.8725));
#2413=CARTESIAN_POINT('',(3.0365,0.,0.829615384615385));
#2414=CARTESIAN_POINT('',(3.0365,0.,0.915384615384615));
#2415=CARTESIAN_POINT('',(3.0365,0.,0.3));
#2416=CARTESIAN_POINT('',(3.0915,0.,0.855));
#2417=CARTESIAN_POINT('',(3.0265,0.,0.825));
#2418=CARTESIAN_POINT('',(3.0915,0.,0.89));
#2419=CARTESIAN_POINT('',(3.0915,0.,0.855));
#2420=CARTESIAN_POINT('',(3.0915,0.,0.89));
#2421=CARTESIAN_POINT('Ctrl Pts',(3.0915,0.,0.855));
#2422=CARTESIAN_POINT('Ctrl Pts',(3.0915,0.102494460323367,0.875833333333333));
#2423=CARTESIAN_POINT('Ctrl Pts',(3.00695610055749,0.306806163698423,0.9175));
#2424=CARTESIAN_POINT('Ctrl Pts',(2.7,0.434244617339129,0.98));
#2425=CARTESIAN_POINT('Ctrl Pts',(2.39304389944251,0.306806163698423,1.0425));
#2426=CARTESIAN_POINT('Ctrl Pts',(2.3085,0.102494460323367,1.08416666666667));
#2427=CARTESIAN_POINT('Ctrl Pts',(2.3085,4.79449221866188E-17,1.105));
#2428=CARTESIAN_POINT('Ctrl Pts',(3.07316666666667,0.,0.846538461538461));
#2429=CARTESIAN_POINT('Ctrl Pts',(3.07316666666667,0.0976948048803824,0.867371794871795));
#2430=CARTESIAN_POINT('Ctrl Pts',(2.99258182594646,0.292438910396241,0.909038461538461));
#2431=CARTESIAN_POINT('Ctrl Pts',(2.7,0.413909620358582,0.971538461538461));
#2432=CARTESIAN_POINT('Ctrl Pts',(2.40741817405354,0.292438910396241,1.03403846153846));
#2433=CARTESIAN_POINT('Ctrl Pts',(2.32683333333333,0.0976948048803825,1.07570512820513));
#2434=CARTESIAN_POINT('Ctrl Pts',(2.32683333333333,4.5699736388182E-17,
1.09653846153846));
#2435=CARTESIAN_POINT('Ctrl Pts',(3.05483333333333,0.,0.838076923076923));
#2436=CARTESIAN_POINT('Ctrl Pts',(3.05483333333333,0.0928951494373982,0.858910256410256));
#2437=CARTESIAN_POINT('Ctrl Pts',(2.97820755133542,0.278071657094059,0.900576923076923));
#2438=CARTESIAN_POINT('Ctrl Pts',(2.7,0.393574623378036,0.963076923076923));
#2439=CARTESIAN_POINT('Ctrl Pts',(2.42179244866458,0.278071657094059,1.02557692307692));
#2440=CARTESIAN_POINT('Ctrl Pts',(2.34516666666667,0.0928951494373983,1.06724358974359));
#2441=CARTESIAN_POINT('Ctrl Pts',(2.34516666666667,4.34545505897452E-17,
1.08807692307692));
#2442=CARTESIAN_POINT('Ctrl Pts',(3.0365,0.,0.829615384615385));
#2443=CARTESIAN_POINT('Ctrl Pts',(3.0365,0.0880954939944138,0.850448717948718));
#2444=CARTESIAN_POINT('Ctrl Pts',(2.96383327672438,0.263704403791876,0.892115384615385));
#2445=CARTESIAN_POINT('Ctrl Pts',(2.7,0.373239626397489,0.954615384615385));
#2446=CARTESIAN_POINT('Ctrl Pts',(2.43616672327562,0.263704403791876,1.01711538461538));
#2447=CARTESIAN_POINT('Ctrl Pts',(2.3635,0.0880954939944138,1.05878205128205));
#2448=CARTESIAN_POINT('Ctrl Pts',(2.3635,4.12093647913084E-17,1.07961538461538));
#2449=CARTESIAN_POINT('',(2.3635,4.12093647913084E-17,1.07961538461538));
#2450=CARTESIAN_POINT('Ctrl Pts',(2.3635,4.85722573273506E-17,1.07961538461538));
#2451=CARTESIAN_POINT('Ctrl Pts',(2.3635,0.0880954939944138,1.05878205128205));
#2452=CARTESIAN_POINT('Ctrl Pts',(2.39983336163781,0.175899948893145,1.03794871794872));
#2453=CARTESIAN_POINT('Ctrl Pts',(2.46197225524411,0.238058046776779,1.01711538461538));
#2454=CARTESIAN_POINT('Ctrl Pts',(2.52411114885041,0.300216144660414,0.996282051282051));
#2455=CARTESIAN_POINT('Ctrl Pts',(2.61205557442521,0.336727885528952,0.975448717948718));
#2456=CARTESIAN_POINT('Ctrl Pts',(2.7,0.336727885528952,0.954615384615385));
#2457=CARTESIAN_POINT('Ctrl Pts',(2.7879444255748,0.336727885528952,0.933782051282051));
#2458=CARTESIAN_POINT('Ctrl Pts',(2.87588885114959,0.300216144660414,0.912948717948718));
#2459=CARTESIAN_POINT('Ctrl Pts',(2.93802774475589,0.238058046776779,0.892115384615385));
#2460=CARTESIAN_POINT('Ctrl Pts',(3.00016663836219,0.175899948893145,0.871282051282051));
#2461=CARTESIAN_POINT('Ctrl Pts',(3.0365,0.0880954939944138,0.850448717948718));
#2462=CARTESIAN_POINT('Ctrl Pts',(3.0365,0.,0.829615384615385));
#2463=CARTESIAN_POINT('',(2.3085,4.79449221866188E-17,1.105));
#2464=CARTESIAN_POINT('',(2.3735,3.9984717992161E-17,1.075));
#2465=CARTESIAN_POINT('Ctrl Pts',(3.0915,0.,0.855));
#2466=CARTESIAN_POINT('Ctrl Pts',(3.0915,0.102494460323367,0.875833333333333));
#2467=CARTESIAN_POINT('Ctrl Pts',(3.00695610055749,0.306806163698423,0.9175));
#2468=CARTESIAN_POINT('Ctrl Pts',(2.7,0.434244617339129,0.98));
#2469=CARTESIAN_POINT('Ctrl Pts',(2.39304389944251,0.306806163698423,1.0425));
#2470=CARTESIAN_POINT('Ctrl Pts',(2.3085,0.102494460323367,1.08416666666667));
#2471=CARTESIAN_POINT('Ctrl Pts',(2.3085,4.79449221866188E-17,1.105));
#2472=CARTESIAN_POINT('Origin',(2.7,0.,0.89));
#2473=CARTESIAN_POINT('',(2.3085,4.79449221866188E-17,1.14));
#2474=CARTESIAN_POINT('',(2.3085,4.79449221866188E-17,1.105));
#2475=CARTESIAN_POINT('Ctrl Pts',(3.0915,0.,0.89));
#2476=CARTESIAN_POINT('Ctrl Pts',(3.0915,0.102494460323367,0.910833333333333));
#2477=CARTESIAN_POINT('Ctrl Pts',(3.00695560002201,0.30680618175042,0.952499999999999));
#2478=CARTESIAN_POINT('Ctrl Pts',(2.7,0.434244592529718,1.015));
#2479=CARTESIAN_POINT('Ctrl Pts',(2.39304439997799,0.30680618175042,1.0775));
#2480=CARTESIAN_POINT('Ctrl Pts',(2.3085,0.102494460323367,1.11916666666667));
#2481=CARTESIAN_POINT('Ctrl Pts',(2.3085,4.79449221866188E-17,1.14));
#2482=CARTESIAN_POINT('Ctrl Pts',(3.0365,0.,0.915384615384615));
#2483=CARTESIAN_POINT('Ctrl Pts',(3.0365,0.0880954939944138,0.936217948717949));
#2484=CARTESIAN_POINT('Ctrl Pts',(2.96383284650679,0.263704419307832,0.977884615384616));
#2485=CARTESIAN_POINT('Ctrl Pts',(2.7,0.373239605073436,1.04038461538462));
#2486=CARTESIAN_POINT('Ctrl Pts',(2.43616715349321,0.263704419307832,1.10288461538462));
#2487=CARTESIAN_POINT('Ctrl Pts',(2.3635,0.0880954939944138,1.14455128205128));
#2488=CARTESIAN_POINT('Ctrl Pts',(2.3635,4.12093647913084E-17,1.16538461538462));
#2489=CARTESIAN_POINT('Ctrl Pts',(3.05483333333333,0.,0.906923076923077));
#2490=CARTESIAN_POINT('Ctrl Pts',(3.05483333333333,0.0928951494373982,0.92775641025641));
#2491=CARTESIAN_POINT('Ctrl Pts',(2.97820709767853,0.278071673455361,0.969423076923077));
#2492=CARTESIAN_POINT('Ctrl Pts',(2.7,0.393574600892197,1.03192307692308));
#2493=CARTESIAN_POINT('Ctrl Pts',(2.42179290232147,0.278071673455361,1.09442307692308));
#2494=CARTESIAN_POINT('Ctrl Pts',(2.34516666666667,0.0928951494373982,1.13608974358974));
#2495=CARTESIAN_POINT('Ctrl Pts',(2.34516666666667,4.34545505897452E-17,
1.15692307692308));
#2496=CARTESIAN_POINT('Ctrl Pts',(3.07316666666667,0.,0.898461538461538));
#2497=CARTESIAN_POINT('Ctrl Pts',(3.07316666666667,0.0976948048803826,0.919294871794872));
#2498=CARTESIAN_POINT('Ctrl Pts',(2.99258134885027,0.292438927602891,0.960961538461538));
#2499=CARTESIAN_POINT('Ctrl Pts',(2.7,0.413909596710958,1.02346153846154));
#2500=CARTESIAN_POINT('Ctrl Pts',(2.40741865114973,0.29243892760289,1.08596153846154));
#2501=CARTESIAN_POINT('Ctrl Pts',(2.32683333333333,0.0976948048803826,1.12762820512821));
#2502=CARTESIAN_POINT('Ctrl Pts',(2.32683333333333,4.5699736388182E-17,
1.14846153846154));
#2503=CARTESIAN_POINT('Ctrl Pts',(3.0915,0.,0.89));
#2504=CARTESIAN_POINT('Ctrl Pts',(3.0915,0.102494460323367,0.910833333333333));
#2505=CARTESIAN_POINT('Ctrl Pts',(3.00695560002201,0.30680618175042,0.952499999999999));
#2506=CARTESIAN_POINT('Ctrl Pts',(2.7,0.434244592529718,1.015));
#2507=CARTESIAN_POINT('Ctrl Pts',(2.39304439997799,0.30680618175042,1.0775));
#2508=CARTESIAN_POINT('Ctrl Pts',(2.3085,0.102494460323367,1.11916666666667));
#2509=CARTESIAN_POINT('Ctrl Pts',(2.3085,4.79449221866188E-17,1.14));
#2510=CARTESIAN_POINT('',(2.3635,4.12093647913084E-17,1.16538461538462));
#2511=CARTESIAN_POINT('Ctrl Pts',(3.0365,0.,0.915384615384615));
#2512=CARTESIAN_POINT('Ctrl Pts',(3.0365,0.0880954939944138,0.936217948717949));
#2513=CARTESIAN_POINT('Ctrl Pts',(2.96383284650679,0.263704419307832,0.977884615384616));
#2514=CARTESIAN_POINT('Ctrl Pts',(2.7,0.373239605073436,1.04038461538462));
#2515=CARTESIAN_POINT('Ctrl Pts',(2.43616715349321,0.263704419307832,1.10288461538462));
#2516=CARTESIAN_POINT('Ctrl Pts',(2.3635,0.0880954939944138,1.14455128205128));
#2517=CARTESIAN_POINT('Ctrl Pts',(2.3635,4.12093647913084E-17,1.16538461538462));
#2518=CARTESIAN_POINT('',(2.3085,4.79449221866188E-17,1.14));
#2519=CARTESIAN_POINT('Origin',(2.34813819742608,4.3090643026437E-17,1.1225));
#2520=CARTESIAN_POINT('',(2.3635,4.12093647913085E-17,0.3));
#2521=CARTESIAN_POINT('Origin',(2.7,0.,0.3));
#2522=CARTESIAN_POINT('',(3.0365,4.12093647913084E-17,1.2));
#2523=CARTESIAN_POINT('Origin',(2.7,0.,1.2));
#2524=CARTESIAN_POINT('',(3.0365,4.12093647913084E-17,0.3));
#2525=CARTESIAN_POINT('',(3.0365,4.12093647913084E-17,0.3));
#2526=CARTESIAN_POINT('',(3.0365,-4.12093647913084E-17,0.6));
#2527=CARTESIAN_POINT('',(3.0365,4.12093647913084E-17,0.3));
#2528=CARTESIAN_POINT('Origin',(2.7,0.,0.6));
#2529=CARTESIAN_POINT('Origin',(2.7,6.87359475374663E-18,1.2));
#2530=CARTESIAN_POINT('Origin',(2.7,0.,0.3));
#2531=CARTESIAN_POINT('',(3.2,6.12323399573677E-17,0.6));
#2532=CARTESIAN_POINT('Origin',(2.7,0.,0.6));
#2533=CARTESIAN_POINT('',(3.2,6.12323399573677E-17,0.3));
#2534=CARTESIAN_POINT('',(3.2,6.12323399573677E-17,0.3));
#2535=CARTESIAN_POINT('Origin',(2.7,0.,0.3));
#2536=CARTESIAN_POINT('Origin',(2.7,0.,0.6));
#2537=CARTESIAN_POINT('Origin',(-2.5,0.,0.3));
#2538=CARTESIAN_POINT('',(-1.55,1.16341445918999E-16,0.9));
#2539=CARTESIAN_POINT('Origin',(-2.5,0.,0.9));
#2540=CARTESIAN_POINT('',(-1.55,1.16341445918999E-16,0.3));
#2541=CARTESIAN_POINT('',(-1.55,1.16341445918999E-16,0.3));
#2542=CARTESIAN_POINT('Origin',(-2.5,0.,0.3));
#2543=CARTESIAN_POINT('Origin',(-2.5,0.,0.9));
#2544=CARTESIAN_POINT('Origin',(0.,0.,0.3));
#2545=CARTESIAN_POINT('',(1.2,1.46957615897682E-16,0.3));
#2546=CARTESIAN_POINT('',(1.2,1.46957615897682E-16,0.3));
#2547=CARTESIAN_POINT('Origin',(0.,0.,0.3));
#2548=CARTESIAN_POINT('Origin',(3.025,1.35,0.));
#2549=CARTESIAN_POINT('',(3.025,-1.25,-0.025));
#2550=CARTESIAN_POINT('',(3.025,-1.25,-0.0125));
#2551=CARTESIAN_POINT('',(3.025,1.25,-0.025));
#2552=CARTESIAN_POINT('',(3.025,1.25,-0.0125));
#2553=CARTESIAN_POINT('',(3.025,0.675,-0.025));
#2554=CARTESIAN_POINT('Origin',(-3.025,-1.35,0.));
#2555=CARTESIAN_POINT('',(-3.025,-1.25,-0.025));
#2556=CARTESIAN_POINT('',(-3.025,-1.25,-0.0125));
#2557=CARTESIAN_POINT('',(-3.025,1.25,-0.025));
#2558=CARTESIAN_POINT('',(-3.025,-0.675,-0.025));
#2559=CARTESIAN_POINT('',(-3.025,1.25,-0.0125));
#2560=CARTESIAN_POINT('Origin',(3.75,1.25,-0.025));
#2561=CARTESIAN_POINT('',(-3.65,1.25,-0.025));
#2562=CARTESIAN_POINT('',(3.75,1.25,-0.025));
#2563=CARTESIAN_POINT('',(-3.65,1.25,0.3));
#2564=CARTESIAN_POINT('',(-3.65,1.25,-0.025));
#2565=CARTESIAN_POINT('',(3.65,1.25,0.3));
#2566=CARTESIAN_POINT('',(3.75,1.25,0.3));
#2567=CARTESIAN_POINT('',(3.65,1.25,-0.025));
#2568=CARTESIAN_POINT('',(3.65,1.25,-0.025));
#2569=CARTESIAN_POINT('',(3.75,1.25,-0.025));
#2570=CARTESIAN_POINT('Origin',(0.,0.,-0.025));
#2571=CARTESIAN_POINT('',(-3.65,-1.25,-0.025));
#2572=CARTESIAN_POINT('',(-3.75,-1.25,-0.025));
#2573=CARTESIAN_POINT('',(-3.75,-1.15,-0.025));
#2574=CARTESIAN_POINT('Origin',(-3.65,-1.15,-0.025));
#2575=CARTESIAN_POINT('',(-3.75,1.15,-0.025));
#2576=CARTESIAN_POINT('',(-3.75,1.25,-0.025));
#2577=CARTESIAN_POINT('Origin',(-3.65,1.15,-0.025));
#2578=CARTESIAN_POINT('Origin',(0.,0.,-0.025));
#2579=CARTESIAN_POINT('',(3.75,1.15,-0.025));
#2580=CARTESIAN_POINT('Origin',(3.65,1.15,-0.025));
#2581=CARTESIAN_POINT('',(3.75,-1.15,-0.025));
#2582=CARTESIAN_POINT('',(3.75,-1.25,-0.025));
#2583=CARTESIAN_POINT('',(3.65,-1.25,-0.025));
#2584=CARTESIAN_POINT('Origin',(3.65,-1.15,-0.025));
#2585=CARTESIAN_POINT('',(-3.75,-1.25,-0.025));
#2586=CARTESIAN_POINT('Origin',(3.65,-1.15,-0.025));
#2587=CARTESIAN_POINT('',(3.75,-1.15,0.3));
#2588=CARTESIAN_POINT('',(3.65,-1.25,0.3));
#2589=CARTESIAN_POINT('Origin',(3.65,-1.15,0.3));
#2590=CARTESIAN_POINT('',(3.65,-1.25,-0.025));
#2591=CARTESIAN_POINT('',(3.75,-1.15,-0.025));
#2592=CARTESIAN_POINT('Origin',(-3.75,-1.25,-0.025));
#2593=CARTESIAN_POINT('',(-3.65,-1.25,0.3));
#2594=CARTESIAN_POINT('',(-3.75,-1.25,0.3));
#2595=CARTESIAN_POINT('',(-3.65,-1.25,-0.025));
#2596=CARTESIAN_POINT('Origin',(0.,0.,0.3));
#2597=CARTESIAN_POINT('',(3.75,1.15,0.3));
#2598=CARTESIAN_POINT('',(3.75,-1.25,0.3));
#2599=CARTESIAN_POINT('Origin',(3.65,1.15,0.3));
#2600=CARTESIAN_POINT('',(-3.75,1.15,0.3));
#2601=CARTESIAN_POINT('Origin',(-3.65,1.15,0.3));
#2602=CARTESIAN_POINT('',(-3.75,-1.15,0.3));
#2603=CARTESIAN_POINT('',(-3.75,1.25,0.3));
#2604=CARTESIAN_POINT('Origin',(-3.65,-1.15,0.3));
#2605=CARTESIAN_POINT('Origin',(3.65,1.15,-0.025));
#2606=CARTESIAN_POINT('',(3.75,1.15,-0.025));
#2607=CARTESIAN_POINT('Origin',(-3.65,1.15,-0.025));
#2608=CARTESIAN_POINT('',(-3.75,1.15,-0.025));
#2609=CARTESIAN_POINT('Origin',(-3.65,-1.15,-0.025));
#2610=CARTESIAN_POINT('',(-3.75,-1.15,-0.025));
#2611=CARTESIAN_POINT('Origin',(-3.75,1.25,-0.025));
#2612=CARTESIAN_POINT('Origin',(3.75,-1.25,-0.025));
#2613=UNCERTAINTY_MEASURE_WITH_UNIT(LENGTH_MEASURE(0.001),#2617,
'DISTANCE_ACCURACY_VALUE',
'Maximum model space distance between geometric entities at asserted c
onnectivities');
#2614=UNCERTAINTY_MEASURE_WITH_UNIT(LENGTH_MEASURE(0.001),#2617,
'DISTANCE_ACCURACY_VALUE',
'Maximum model space distance between geometric entities at asserted c
onnectivities');
#2615=(
GEOMETRIC_REPRESENTATION_CONTEXT(3)
GLOBAL_UNCERTAINTY_ASSIGNED_CONTEXT((#2613))
GLOBAL_UNIT_ASSIGNED_CONTEXT((#2617,#2618,#2619))
REPRESENTATION_CONTEXT('','3D')
);
#2616=(
GEOMETRIC_REPRESENTATION_CONTEXT(3)
GLOBAL_UNCERTAINTY_ASSIGNED_CONTEXT((#2614))
GLOBAL_UNIT_ASSIGNED_CONTEXT((#2617,#2618,#2619))
REPRESENTATION_CONTEXT('','3D')
);
#2617=(
LENGTH_UNIT()
NAMED_UNIT(*)
SI_UNIT(.CENTI.,.METRE.)
);
#2618=(
NAMED_UNIT(*)
PLANE_ANGLE_UNIT()
SI_UNIT($,.RADIAN.)
);
#2619=(
NAMED_UNIT(*)
SI_UNIT($,.STERADIAN.)
SOLID_ANGLE_UNIT()
);
#2620=SHAPE_DEFINITION_REPRESENTATION(#2621,#2622);
#2621=PRODUCT_DEFINITION_SHAPE('',$,#2624);
#2622=SHAPE_REPRESENTATION('',(#1046),#2615);
#2623=PRODUCT_DEFINITION_CONTEXT('part definition',#2628,'design');
#2624=PRODUCT_DEFINITION('PRT - 9301 - MFLEAFCHIP - V04 - A',
'PRT - 9301 - MFLEAFCHIP - V04 - A',#2625,#2623);
#2625=PRODUCT_DEFINITION_FORMATION('',$,#2630);
#2626=PRODUCT_RELATED_PRODUCT_CATEGORY(
'PRT - 9301 - MFLEAFCHIP - V04 - A','PRT - 9301 - MFLEAFCHIP - V04 - A',
(#2630));
#2627=APPLICATION_PROTOCOL_DEFINITION('international standard',
'automotive_design',2009,#2628);
#2628=APPLICATION_CONTEXT(
'Core Data for Automotive Mechanical Design Process');
#2629=PRODUCT_CONTEXT('part definition',#2628,'mechanical');
#2630=PRODUCT('PRT - 9301 - MFLEAFCHIP - V04 - A',
'PRT - 9301 - MFLEAFCHIP - V04 - A',
'Leaf chamber chip A (luer inlet -> chamber -> open reservoir), print 
in black resin',(#2629));
#2631=PRESENTATION_STYLE_ASSIGNMENT((#2632));
#2632=SURFACE_STYLE_USAGE(.BOTH.,#2635);
#2633=SURFACE_STYLE_RENDERING_WITH_PROPERTIES($,#2639,(#2634));
#2634=SURFACE_STYLE_TRANSPARENT(0.);
#2635=SURFACE_SIDE_STYLE('',(#2636,#2633));
#2636=SURFACE_STYLE_FILL_AREA(#2637);
#2637=FILL_AREA_STYLE('',(#2638));
#2638=FILL_AREA_STYLE_COLOUR('',#2639);
#2639=COLOUR_RGB('',0.0196078431372549,0.0196078431372549,0.0196078431372549);
ENDSEC;
END-ISO-10303-21;
