ISO-10303-21;
HEADER;
/* Generated by software containing ST-Developer
 * from STEP Tools, Inc. (www.steptools.com) 
 */

FILE_DESCRIPTION(
/* description */ (
'Leaf chamber screw plug: window D12 glued in the stub, O-ring 12 x 1.
5 on the stub'),
/* implementation_level */ '2;1');

FILE_NAME(
/* name */ 'PRT - 9302 - MFLEAFPLUG - V04.stp',
/* time_stamp */ '2026-10-05T09:18:05+02:00',
/* author */ ('benir'),
/* organization */ (''),
/* preprocessor_version */ 'ST-DEVELOPER v20',
/* originating_system */ 'Autodesk Inventor 2025',
/* authorisation */ '');

FILE_SCHEMA (('AUTOMOTIVE_DESIGN { 1 0 10303 214 3 1 1 }'));
ENDSEC;

DATA;
#10=MECHANICAL_DESIGN_GEOMETRIC_PRESENTATION_REPRESENTATION('',(#13),#3221);
#11=SHAPE_REPRESENTATION_RELATIONSHIP('SRR','None',#3227,#12);
#12=ADVANCED_BREP_SHAPE_REPRESENTATION('',(#14),#3220);
#13=STYLED_ITEM('',(#3236),#14);
#14=MANIFOLD_SOLID_BREP('Solid1',#1296);
#15=B_SPLINE_SURFACE_WITH_KNOTS('',3,3,((#2639,#2640,#2641,#2642,#2643,
#2644,#2645,#2646,#2647,#2648,#2649,#2650,#2651,#2652,#2653,#2654,#2655,
#2656,#2657,#2658,#2659,#2660,#2661,#2662,#2663,#2664,#2665,#2666,#2667,
#2668,#2669,#2670,#2671,#2672,#2673),(#2674,#2675,#2676,#2677,#2678,#2679,
#2680,#2681,#2682,#2683,#2684,#2685,#2686,#2687,#2688,#2689,#2690,#2691,
#2692,#2693,#2694,#2695,#2696,#2697,#2698,#2699,#2700,#2701,#2702,#2703,
#2704,#2705,#2706,#2707,#2708),(#2709,#2710,#2711,#2712,#2713,#2714,#2715,
#2716,#2717,#2718,#2719,#2720,#2721,#2722,#2723,#2724,#2725,#2726,#2727,
#2728,#2729,#2730,#2731,#2732,#2733,#2734,#2735,#2736,#2737,#2738,#2739,
#2740,#2741,#2742,#2743),(#2744,#2745,#2746,#2747,#2748,#2749,#2750,#2751,
#2752,#2753,#2754,#2755,#2756,#2757,#2758,#2759,#2760,#2761,#2762,#2763,
#2764,#2765,#2766,#2767,#2768,#2769,#2770,#2771,#2772,#2773,#2774,#2775,
#2776,#2777,#2778)),.UNSPECIFIED.,.F.,.F.,.F.,(4,4),(4,1,1,1,1,1,1,1,1,
1,1,1,1,1,1,1,1,1,1,1,1,1,1,1,1,1,1,1,1,1,1,1,4),(0.0115470040378443,0.105294243070096),
(6.3555632822284,6.85461836522053,7.35367344821265,7.85272853120478,8.35178361419691,
8.85083869718904,9.34989378018117,9.8489488631733,10.3480039461654,10.8470590291576,
11.3461141121497,11.8451691951418,12.3442242781339,12.8432793611261,13.3423344441182,
13.8413895271103,14.3404446101025,14.8394996930946,15.3385547760867,15.8376098590788,
16.336664942071,16.8357200250631,17.3347751080552,17.8338301910474,18.3328852740395,
18.8319403570316,19.3309954400237,19.8300505230159,20.329105606008,20.8281606890001,
21.3272157719923,21.8262708549844,22.3253259379765),.UNSPECIFIED.);
#16=B_SPLINE_SURFACE_WITH_KNOTS('',3,3,((#2916,#2917,#2918,#2919,#2920,
#2921,#2922,#2923,#2924,#2925,#2926,#2927,#2928,#2929,#2930,#2931,#2932,
#2933,#2934,#2935,#2936,#2937,#2938,#2939,#2940,#2941,#2942,#2943,#2944,
#2945,#2946,#2947,#2948,#2949,#2950,#2951,#2952,#2953,#2954,#2955,#2956,
#2957,#2958),(#2959,#2960,#2961,#2962,#2963,#2964,#2965,#2966,#2967,#2968,
#2969,#2970,#2971,#2972,#2973,#2974,#2975,#2976,#2977,#2978,#2979,#2980,
#2981,#2982,#2983,#2984,#2985,#2986,#2987,#2988,#2989,#2990,#2991,#2992,
#2993,#2994,#2995,#2996,#2997,#2998,#2999,#3000,#3001),(#3002,#3003,#3004,
#3005,#3006,#3007,#3008,#3009,#3010,#3011,#3012,#3013,#3014,#3015,#3016,
#3017,#3018,#3019,#3020,#3021,#3022,#3023,#3024,#3025,#3026,#3027,#3028,
#3029,#3030,#3031,#3032,#3033,#3034,#3035,#3036,#3037,#3038,#3039,#3040,
#3041,#3042,#3043,#3044),(#3045,#3046,#3047,#3048,#3049,#3050,#3051,#3052,
#3053,#3054,#3055,#3056,#3057,#3058,#3059,#3060,#3061,#3062,#3063,#3064,
#3065,#3066,#3067,#3068,#3069,#3070,#3071,#3072,#3073,#3074,#3075,#3076,
#3077,#3078,#3079,#3080,#3081,#3082,#3083,#3084,#3085,#3086,#3087)),
 .UNSPECIFIED.,.F.,.F.,.F.,(4,4),(4,1,1,1,1,1,1,1,1,1,1,1,1,1,1,1,1,1,1,
1,1,1,1,1,1,1,1,1,1,1,1,1,1,1,1,1,1,1,1,1,4),(0.,0.105294243070096),(2.82133005910305,
3.30892995607489,3.79652985304673,4.28412975001856,4.7717296469904,5.25932954396223,
5.74692944093407,6.23452933790591,6.72212923487774,7.20972913184958,7.69732902882142,
8.18492892579325,8.67252882276509,9.16012871973693,9.64772861670876,10.1353285136806,
10.6229284106524,11.1105283076243,11.5981282045961,12.0857281015679,12.5733279985398,
13.0609278955116,13.5485277924835,14.0361276894553,14.5237275864271,15.011327483399,
15.4989273803708,15.9865272773426,16.4741271743145,16.9617270712863,17.4493269682581,
17.93692686523,18.4245267622018,18.9121266591737,19.3997265561455,19.8873264531173,
20.3749263500892,20.862526247061,21.3501261440328,21.8377260410047,22.3253259379765),
 .UNSPECIFIED.);
#17=CONICAL_SURFACE('',#1414,1.175,0.785398163397448);
#18=CONICAL_SURFACE('',#1416,1.175,0.785398163397448);
#19=CONICAL_SURFACE('',#1418,1.175,0.785398163397448);
#20=CONICAL_SURFACE('',#1420,1.175,0.785398163397448);
#21=CONICAL_SURFACE('',#1422,1.175,0.785398163397448);
#22=CONICAL_SURFACE('',#1424,1.175,0.785398163397448);
#23=CONICAL_SURFACE('',#1426,1.175,0.785398163397448);
#24=CONICAL_SURFACE('',#1428,1.175,0.785398163397448);
#25=CONICAL_SURFACE('',#1430,1.175,0.785398163397448);
#26=CONICAL_SURFACE('',#1432,1.175,0.785398163397448);
#27=CONICAL_SURFACE('',#1434,1.175,0.785398163397448);
#28=CONICAL_SURFACE('',#1436,1.175,0.785398163397448);
#29=CONICAL_SURFACE('',#1438,1.175,0.785398163397448);
#30=CONICAL_SURFACE('',#1440,1.175,0.785398163397448);
#31=CONICAL_SURFACE('',#1442,1.175,0.785398163397448);
#32=CONICAL_SURFACE('',#1451,1.175,0.785398163397448);
#33=CONICAL_SURFACE('',#1465,0.685,0.785398163397449);
#34=FACE_BOUND('',#146,.T.);
#35=FACE_BOUND('',#180,.T.);
#36=FACE_BOUND('',#184,.T.);
#37=FACE_BOUND('',#192,.T.);
#38=FACE_BOUND('',#197,.T.);
#39=FACE_BOUND('',#200,.T.);
#40=FACE_BOUND('',#202,.T.);
#41=FACE_BOUND('',#206,.T.);
#42=PLANE('',#1364);
#43=PLANE('',#1448);
#44=PLANE('',#1455);
#45=PLANE('',#1458);
#46=PLANE('',#1462);
#47=PLANE('',#1470);
#48=PLANE('',#1474);
#49=PLANE('',#1475);
#50=PLANE('',#1481);
#51=FACE_OUTER_BOUND('',#125,.T.);
#52=FACE_OUTER_BOUND('',#126,.T.);
#53=FACE_OUTER_BOUND('',#127,.T.);
#54=FACE_OUTER_BOUND('',#128,.T.);
#55=FACE_OUTER_BOUND('',#129,.T.);
#56=FACE_OUTER_BOUND('',#130,.T.);
#57=FACE_OUTER_BOUND('',#131,.T.);
#58=FACE_OUTER_BOUND('',#132,.T.);
#59=FACE_OUTER_BOUND('',#133,.T.);
#60=FACE_OUTER_BOUND('',#134,.T.);
#61=FACE_OUTER_BOUND('',#135,.T.);
#62=FACE_OUTER_BOUND('',#136,.T.);
#63=FACE_OUTER_BOUND('',#137,.T.);
#64=FACE_OUTER_BOUND('',#138,.T.);
#65=FACE_OUTER_BOUND('',#139,.T.);
#66=FACE_OUTER_BOUND('',#140,.T.);
#67=FACE_OUTER_BOUND('',#141,.T.);
#68=FACE_OUTER_BOUND('',#142,.T.);
#69=FACE_OUTER_BOUND('',#143,.T.);
#70=FACE_OUTER_BOUND('',#144,.T.);
#71=FACE_OUTER_BOUND('',#145,.T.);
#72=FACE_OUTER_BOUND('',#147,.T.);
#73=FACE_OUTER_BOUND('',#148,.T.);
#74=FACE_OUTER_BOUND('',#149,.T.);
#75=FACE_OUTER_BOUND('',#150,.T.);
#76=FACE_OUTER_BOUND('',#151,.T.);
#77=FACE_OUTER_BOUND('',#152,.T.);
#78=FACE_OUTER_BOUND('',#153,.T.);
#79=FACE_OUTER_BOUND('',#154,.T.);
#80=FACE_OUTER_BOUND('',#155,.T.);
#81=FACE_OUTER_BOUND('',#156,.T.);
#82=FACE_OUTER_BOUND('',#157,.T.);
#83=FACE_OUTER_BOUND('',#158,.T.);
#84=FACE_OUTER_BOUND('',#159,.T.);
#85=FACE_OUTER_BOUND('',#160,.T.);
#86=FACE_OUTER_BOUND('',#161,.T.);
#87=FACE_OUTER_BOUND('',#162,.T.);
#88=FACE_OUTER_BOUND('',#163,.T.);
#89=FACE_OUTER_BOUND('',#164,.T.);
#90=FACE_OUTER_BOUND('',#165,.T.);
#91=FACE_OUTER_BOUND('',#166,.T.);
#92=FACE_OUTER_BOUND('',#167,.T.);
#93=FACE_OUTER_BOUND('',#168,.T.);
#94=FACE_OUTER_BOUND('',#169,.T.);
#95=FACE_OUTER_BOUND('',#170,.T.);
#96=FACE_OUTER_BOUND('',#171,.T.);
#97=FACE_OUTER_BOUND('',#172,.T.);
#98=FACE_OUTER_BOUND('',#173,.T.);
#99=FACE_OUTER_BOUND('',#174,.T.);
#100=FACE_OUTER_BOUND('',#175,.T.);
#101=FACE_OUTER_BOUND('',#176,.T.);
#102=FACE_OUTER_BOUND('',#177,.T.);
#103=FACE_OUTER_BOUND('',#178,.T.);
#104=FACE_OUTER_BOUND('',#179,.T.);
#105=FACE_OUTER_BOUND('',#181,.T.);
#106=FACE_OUTER_BOUND('',#182,.T.);
#107=FACE_OUTER_BOUND('',#183,.T.);
#108=FACE_OUTER_BOUND('',#185,.T.);
#109=FACE_OUTER_BOUND('',#186,.T.);
#110=FACE_OUTER_BOUND('',#187,.T.);
#111=FACE_OUTER_BOUND('',#188,.T.);
#112=FACE_OUTER_BOUND('',#189,.T.);
#113=FACE_OUTER_BOUND('',#190,.T.);
#114=FACE_OUTER_BOUND('',#191,.T.);
#115=FACE_OUTER_BOUND('',#193,.T.);
#116=FACE_OUTER_BOUND('',#194,.T.);
#117=FACE_OUTER_BOUND('',#195,.T.);
#118=FACE_OUTER_BOUND('',#196,.T.);
#119=FACE_OUTER_BOUND('',#198,.T.);
#120=FACE_OUTER_BOUND('',#199,.T.);
#121=FACE_OUTER_BOUND('',#201,.T.);
#122=FACE_OUTER_BOUND('',#203,.T.);
#123=FACE_OUTER_BOUND('',#204,.T.);
#124=FACE_OUTER_BOUND('',#205,.T.);
#125=EDGE_LOOP('',(#782,#783,#784,#785));
#126=EDGE_LOOP('',(#786,#787,#788,#789));
#127=EDGE_LOOP('',(#790,#791,#792,#793));
#128=EDGE_LOOP('',(#794,#795,#796,#797));
#129=EDGE_LOOP('',(#798,#799,#800,#801));
#130=EDGE_LOOP('',(#802,#803,#804,#805,#806,#807));
#131=EDGE_LOOP('',(#808,#809,#810,#811,#812,#813));
#132=EDGE_LOOP('',(#814,#815,#816,#817,#818,#819));
#133=EDGE_LOOP('',(#820,#821,#822,#823,#824,#825));
#134=EDGE_LOOP('',(#826,#827,#828,#829,#830,#831));
#135=EDGE_LOOP('',(#832,#833,#834,#835,#836,#837));
#136=EDGE_LOOP('',(#838,#839,#840,#841,#842,#843));
#137=EDGE_LOOP('',(#844,#845,#846,#847,#848,#849));
#138=EDGE_LOOP('',(#850,#851,#852,#853,#854,#855));
#139=EDGE_LOOP('',(#856,#857,#858,#859,#860,#861));
#140=EDGE_LOOP('',(#862,#863,#864,#865,#866,#867));
#141=EDGE_LOOP('',(#868,#869,#870,#871,#872,#873));
#142=EDGE_LOOP('',(#874,#875,#876,#877,#878,#879));
#143=EDGE_LOOP('',(#880,#881,#882,#883,#884,#885));
#144=EDGE_LOOP('',(#886,#887,#888,#889,#890,#891));
#145=EDGE_LOOP('',(#892,#893,#894,#895,#896,#897,#898,#899,#900,#901,#902,
#903,#904,#905,#906,#907,#908,#909,#910,#911,#912,#913,#914,#915,#916,#917,
#918,#919,#920,#921,#922,#923));
#146=EDGE_LOOP('',(#924,#925,#926,#927));
#147=EDGE_LOOP('',(#928,#929,#930,#931));
#148=EDGE_LOOP('',(#932,#933,#934,#935));
#149=EDGE_LOOP('',(#936,#937,#938,#939));
#150=EDGE_LOOP('',(#940,#941,#942,#943));
#151=EDGE_LOOP('',(#944,#945,#946,#947));
#152=EDGE_LOOP('',(#948,#949,#950,#951));
#153=EDGE_LOOP('',(#952,#953,#954,#955));
#154=EDGE_LOOP('',(#956,#957,#958,#959));
#155=EDGE_LOOP('',(#960,#961,#962,#963));
#156=EDGE_LOOP('',(#964,#965,#966,#967));
#157=EDGE_LOOP('',(#968,#969,#970,#971));
#158=EDGE_LOOP('',(#972,#973,#974,#975));
#159=EDGE_LOOP('',(#976,#977,#978,#979));
#160=EDGE_LOOP('',(#980,#981,#982,#983));
#161=EDGE_LOOP('',(#984,#985,#986,#987));
#162=EDGE_LOOP('',(#988,#989,#990,#991));
#163=EDGE_LOOP('',(#992,#993,#994,#995));
#164=EDGE_LOOP('',(#996,#997,#998,#999));
#165=EDGE_LOOP('',(#1000,#1001,#1002,#1003));
#166=EDGE_LOOP('',(#1004,#1005,#1006,#1007));
#167=EDGE_LOOP('',(#1008,#1009,#1010,#1011));
#168=EDGE_LOOP('',(#1012,#1013,#1014,#1015));
#169=EDGE_LOOP('',(#1016,#1017,#1018,#1019));
#170=EDGE_LOOP('',(#1020,#1021,#1022,#1023));
#171=EDGE_LOOP('',(#1024,#1025,#1026,#1027));
#172=EDGE_LOOP('',(#1028,#1029,#1030,#1031));
#173=EDGE_LOOP('',(#1032,#1033,#1034,#1035));
#174=EDGE_LOOP('',(#1036,#1037,#1038,#1039));
#175=EDGE_LOOP('',(#1040,#1041,#1042,#1043));
#176=EDGE_LOOP('',(#1044,#1045,#1046,#1047));
#177=EDGE_LOOP('',(#1048,#1049,#1050,#1051,#1052,#1053));
#178=EDGE_LOOP('',(#1054,#1055,#1056,#1057));
#179=EDGE_LOOP('',(#1058,#1059,#1060,#1061,#1062,#1063,#1064,#1065,#1066,
#1067,#1068,#1069,#1070,#1071,#1072,#1073,#1074,#1075,#1076,#1077,#1078,
#1079,#1080,#1081,#1082,#1083,#1084,#1085,#1086,#1087,#1088,#1089));
#180=EDGE_LOOP('',(#1090));
#181=EDGE_LOOP('',(#1091,#1092,#1093,#1094));
#182=EDGE_LOOP('',(#1095,#1096,#1097,#1098));
#183=EDGE_LOOP('',(#1099));
#184=EDGE_LOOP('',(#1100));
#185=EDGE_LOOP('',(#1101,#1102,#1103,#1104));
#186=EDGE_LOOP('',(#1105,#1106,#1107,#1108,#1109,#1110));
#187=EDGE_LOOP('',(#1111,#1112,#1113,#1114,#1115,#1116,#1117,#1118,#1119));
#188=EDGE_LOOP('',(#1120,#1121,#1122,#1123));
#189=EDGE_LOOP('',(#1124,#1125,#1126));
#190=EDGE_LOOP('',(#1127,#1128,#1129,#1130,#1131,#1132,#1133,#1134,#1135,
#1136,#1137));
#191=EDGE_LOOP('',(#1138,#1139,#1140,#1141));
#192=EDGE_LOOP('',(#1142));
#193=EDGE_LOOP('',(#1143,#1144,#1145,#1146,#1147));
#194=EDGE_LOOP('',(#1148,#1149,#1150,#1151));
#195=EDGE_LOOP('',(#1152,#1153,#1154,#1155));
#196=EDGE_LOOP('',(#1156));
#197=EDGE_LOOP('',(#1157));
#198=EDGE_LOOP('',(#1158,#1159,#1160,#1161));
#199=EDGE_LOOP('',(#1162));
#200=EDGE_LOOP('',(#1163));
#201=EDGE_LOOP('',(#1164));
#202=EDGE_LOOP('',(#1165));
#203=EDGE_LOOP('',(#1166,#1167,#1168,#1169));
#204=EDGE_LOOP('',(#1170,#1171,#1172,#1173));
#205=EDGE_LOOP('',(#1174));
#206=EDGE_LOOP('',(#1175));
#207=CIRCLE('',#1314,0.985);
#208=CIRCLE('',#1320,0.1);
#209=CIRCLE('',#1321,0.1);
#210=CIRCLE('',#1323,0.1);
#211=CIRCLE('',#1324,0.1);
#212=CIRCLE('',#1326,0.1);
#213=CIRCLE('',#1327,0.1);
#214=CIRCLE('',#1329,0.1);
#215=CIRCLE('',#1330,0.1);
#216=CIRCLE('',#1332,0.1);
#217=CIRCLE('',#1333,0.1);
#218=CIRCLE('',#1335,0.1);
#219=CIRCLE('',#1336,0.1);
#220=CIRCLE('',#1338,0.1);
#221=CIRCLE('',#1339,0.1);
#222=CIRCLE('',#1341,0.1);
#223=CIRCLE('',#1342,0.1);
#224=CIRCLE('',#1344,0.1);
#225=CIRCLE('',#1345,0.1);
#226=CIRCLE('',#1347,0.1);
#227=CIRCLE('',#1348,0.1);
#228=CIRCLE('',#1350,0.1);
#229=CIRCLE('',#1351,0.1);
#230=CIRCLE('',#1353,0.1);
#231=CIRCLE('',#1354,0.1);
#232=CIRCLE('',#1356,0.1);
#233=CIRCLE('',#1357,0.1);
#234=CIRCLE('',#1359,0.1);
#235=CIRCLE('',#1360,0.1);
#236=CIRCLE('',#1362,0.1);
#237=CIRCLE('',#1363,0.1);
#238=CIRCLE('',#1365,1.2);
#239=CIRCLE('',#1366,1.2);
#240=CIRCLE('',#1367,1.2);
#241=CIRCLE('',#1368,1.2);
#242=CIRCLE('',#1369,1.2);
#243=CIRCLE('',#1370,1.2);
#244=CIRCLE('',#1371,1.2);
#245=CIRCLE('',#1372,1.2);
#246=CIRCLE('',#1373,1.2);
#247=CIRCLE('',#1374,1.2);
#248=CIRCLE('',#1375,1.2);
#249=CIRCLE('',#1376,1.2);
#250=CIRCLE('',#1377,1.2);
#251=CIRCLE('',#1378,1.2);
#252=CIRCLE('',#1379,1.2);
#253=CIRCLE('',#1380,0.1);
#254=CIRCLE('',#1381,1.2);
#255=CIRCLE('',#1382,0.985);
#256=CIRCLE('',#1383,0.995);
#257=CIRCLE('',#1385,1.2);
#258=CIRCLE('',#1387,1.2);
#259=CIRCLE('',#1389,1.2);
#260=CIRCLE('',#1391,1.2);
#261=CIRCLE('',#1393,1.2);
#262=CIRCLE('',#1395,1.2);
#263=CIRCLE('',#1397,1.2);
#264=CIRCLE('',#1399,1.2);
#265=CIRCLE('',#1401,1.2);
#266=CIRCLE('',#1403,1.2);
#267=CIRCLE('',#1405,1.2);
#268=CIRCLE('',#1407,1.2);
#269=CIRCLE('',#1409,1.2);
#270=CIRCLE('',#1411,1.2);
#271=CIRCLE('',#1413,1.2);
#272=CIRCLE('',#1415,1.15);
#273=CIRCLE('',#1417,1.15);
#274=CIRCLE('',#1419,1.15);
#275=CIRCLE('',#1421,1.15);
#276=CIRCLE('',#1423,1.15);
#277=CIRCLE('',#1425,1.15);
#278=CIRCLE('',#1427,1.15);
#279=CIRCLE('',#1429,1.15);
#280=CIRCLE('',#1431,1.15);
#281=CIRCLE('',#1433,1.15);
#282=CIRCLE('',#1435,1.15);
#283=CIRCLE('',#1437,1.15);
#284=CIRCLE('',#1439,1.15);
#285=CIRCLE('',#1441,1.15);
#286=CIRCLE('',#1443,1.15);
#287=CIRCLE('',#1445,0.1);
#288=CIRCLE('',#1447,1.2);
#289=CIRCLE('',#1449,1.15);
#290=CIRCLE('',#1450,0.5);
#291=CIRCLE('',#1453,0.61);
#292=CIRCLE('',#1454,0.61);
#293=CIRCLE('',#1456,0.5);
#294=CIRCLE('',#1460,0.9038125);
#295=CIRCLE('',#1463,0.8938125);
#296=CIRCLE('',#1466,0.67);
#297=CIRCLE('',#1467,0.7);
#298=CIRCLE('',#1469,0.7);
#299=CIRCLE('',#1472,0.6);
#300=CIRCLE('',#1473,0.6);
#301=CIRCLE('',#1476,0.7);
#302=CIRCLE('',#1478,0.7);
#303=CIRCLE('',#1480,0.8938125);
#304=B_SPLINE_CURVE_WITH_KNOTS('',3,(#1878,#1879,#1880,#1881,#1882,#1883,
#1884,#1885,#1886,#1887,#1888,#1889,#1890,#1891,#1892,#1893,#1894,#1895,
#1896,#1897,#1898,#1899,#1900,#1901,#1902,#1903,#1904,#1905,#1906,#1907,
#1908),.UNSPECIFIED.,.F.,.F.,(4,3,3,3,3,3,3,3,3,3,4),(-12.5663706143592,
-12.3442242781339,-11.8451691951418,-11.3461141121497,-10.8470590291576,
-10.3480039461654,-9.8489488631733,-9.34989378018117,-8.85083869718904,
-8.35178361419691,-8.31900017855885),.UNSPECIFIED.);
#305=B_SPLINE_CURVE_WITH_KNOTS('',3,(#1911,#1912,#1913,#1914,#1915,#1916,
#1917,#1918,#1919,#1920,#1921),.UNSPECIFIED.,.F.,.F.,(4,1,1,1,1,1,1,1,4),
(2.82133005910305,3.30892995607489,3.79652985304673,4.28412975001856,4.7717296469904,
5.25932954396223,5.74692944093407,6.23452933790591,6.28318530717959),
 .UNSPECIFIED.);
#306=B_SPLINE_CURVE_WITH_KNOTS('',3,(#1926,#1927,#1928,#1929,#1930,#1931,
#1932,#1933,#1934,#1935,#1936,#1937,#1938,#1939,#1940,#1941,#1942,#1943,
#1944,#1945,#1946,#1947,#1948,#1949,#1950,#1951,#1952,#1953,#1954,#1955,
#1956,#1957,#1958,#1959,#1960,#1961,#1962,#1963,#1964,#1965,#1966,#1967,
#1968),.UNSPECIFIED.,.F.,.F.,(4,3,3,3,3,3,3,3,3,3,3,3,3,3,4),(-18.8495559215388,
-18.8319403570316,-18.3328852740395,-17.8338301910474,-17.3347751080552,
-16.8357200250631,-16.336664942071,-15.8376098590788,-15.3385547760867,
-14.8394996930946,-14.3404446101025,-13.8413895271103,-13.3423344441182,
-12.8432793611261,-12.5663706143592),.UNSPECIFIED.);
#307=B_SPLINE_CURVE_WITH_KNOTS('',3,(#1969,#1970,#1971,#1972,#1973,#1974,
#1975,#1976,#1977,#1978,#1979,#1980,#1981,#1982,#1983,#1984),
 .UNSPECIFIED.,.F.,.F.,(4,1,1,1,1,1,1,1,1,1,1,1,1,4),(6.28318530717959,
6.72212923487774,7.20972913184958,7.69732902882142,8.18492892579325,8.67252882276509,
9.16012871973693,9.64772861670876,10.1353285136806,10.6229284106524,11.1105283076243,
11.5981282045961,12.0857281015679,12.5663706143592),.UNSPECIFIED.);
#308=B_SPLINE_CURVE_WITH_KNOTS('',3,(#1990,#1991,#1992,#1993),
 .UNSPECIFIED.,.F.,.F.,(4,4),(21.9911485751286,22.3253259379765),
 .UNSPECIFIED.);
#309=B_SPLINE_CURVE_WITH_KNOTS('',3,(#1996,#1997,#1998,#1999),
 .UNSPECIFIED.,.F.,.F.,(4,4),(21.9911485751286,22.3253259379765),
 .UNSPECIFIED.);
#310=B_SPLINE_CURVE_WITH_KNOTS('',3,(#2004,#2005,#2006,#2007,#2008,#2009,
#2010,#2011,#2012,#2013,#2014,#2015,#2016,#2017,#2018,#2019,#2020),
 .UNSPECIFIED.,.F.,.F.,(4,1,1,1,1,1,1,1,1,1,1,1,1,1,4),(15.707963267949,
15.8376098590788,16.336664942071,16.8357200250631,17.3347751080552,17.8338301910474,
18.3328852740395,18.8319403570316,19.3309954400237,19.8300505230159,20.329105606008,
20.8281606890001,21.3272157719923,21.8262708549844,21.9911485751286),
 .UNSPECIFIED.);
#311=B_SPLINE_CURVE_WITH_KNOTS('',3,(#2021,#2022,#2023,#2024,#2025,#2026,
#2027,#2028,#2029,#2030,#2031,#2032,#2033,#2034,#2035,#2036,#2037),
 .UNSPECIFIED.,.F.,.F.,(4,1,1,1,1,1,1,1,1,1,1,1,1,1,4),(15.707963267949,
15.9865272773426,16.4741271743145,16.9617270712863,17.4493269682581,17.93692686523,
18.4245267622018,18.9121266591737,19.3997265561455,19.8873264531173,20.3749263500892,
20.862526247061,21.3501261440328,21.8377260410047,21.9911485751286),
 .UNSPECIFIED.);
#312=B_SPLINE_CURVE_WITH_KNOTS('',3,(#2042,#2043,#2044,#2045,#2046,#2047,
#2048,#2049,#2050,#2051,#2052,#2053,#2054,#2055,#2056,#2057),
 .UNSPECIFIED.,.F.,.F.,(4,1,1,1,1,1,1,1,1,1,1,1,1,4),(9.42477796076938,
9.8489488631733,10.3480039461654,10.8470590291576,11.3461141121497,11.8451691951418,
12.3442242781339,12.8432793611261,13.3423344441182,13.8413895271103,14.3404446101025,
14.8394996930946,15.3385547760867,15.707963267949),.UNSPECIFIED.);
#313=B_SPLINE_CURVE_WITH_KNOTS('',3,(#2058,#2059,#2060,#2061,#2062,#2063,
#2064,#2065,#2066,#2067,#2068,#2069,#2070,#2071,#2072,#2073,#2074),
 .UNSPECIFIED.,.F.,.F.,(4,1,1,1,1,1,1,1,1,1,1,1,1,1,4),(9.42477796076938,
9.64772861670876,10.1353285136806,10.6229284106524,11.1105283076243,11.5981282045961,
12.0857281015679,12.5733279985398,13.0609278955116,13.5485277924835,14.0361276894553,
14.5237275864271,15.011327483399,15.4989273803708,15.707963267949),
 .UNSPECIFIED.);
#314=B_SPLINE_CURVE_WITH_KNOTS('',3,(#2078,#2079,#2080,#2081,#2082,#2083,
#2084,#2085,#2086),.UNSPECIFIED.,.F.,.F.,(4,2,3,4),(-0.0626606480664352,
-0.0518307792750142,0.,0.00585143334686126),.UNSPECIFIED.);
#315=B_SPLINE_CURVE_WITH_KNOTS('',3,(#2090,#2091,#2092,#2093,#2094,#2095,
#2096,#2097),.UNSPECIFIED.,.F.,.F.,(4,2,2,4),(0.380116857450356,0.385968290797217,
0.437799070072231,0.448628938863652),.UNSPECIFIED.);
#316=B_SPLINE_CURVE_WITH_KNOTS('',3,(#2106,#2107,#2108,#2109,#2110,#2111,
#2112,#2113,#2114),.UNSPECIFIED.,.F.,.F.,(4,2,3,4),(-0.0626606480664353,
-0.0518307792750142,0.,0.00585143334686126),.UNSPECIFIED.);
#317=B_SPLINE_CURVE_WITH_KNOTS('',3,(#2118,#2119,#2120,#2121,#2122,#2123,
#2124,#2125),.UNSPECIFIED.,.F.,.F.,(4,2,2,4),(0.380116857450355,0.385968290797216,
0.437799070072231,0.448628938863652),.UNSPECIFIED.);
#318=B_SPLINE_CURVE_WITH_KNOTS('',3,(#2134,#2135,#2136,#2137,#2138,#2139,
#2140,#2141,#2142),.UNSPECIFIED.,.F.,.F.,(4,2,3,4),(-0.0626606480664355,
-0.0518307792750142,0.,0.00585143334686072),.UNSPECIFIED.);
#319=B_SPLINE_CURVE_WITH_KNOTS('',3,(#2146,#2147,#2148,#2149,#2150,#2151,
#2152,#2153),.UNSPECIFIED.,.F.,.F.,(4,2,2,4),(0.380116857450356,0.385968290797217,
0.437799070072231,0.448628938863652),.UNSPECIFIED.);
#320=B_SPLINE_CURVE_WITH_KNOTS('',3,(#2162,#2163,#2164,#2165,#2166,#2167,
#2168,#2169,#2170),.UNSPECIFIED.,.F.,.F.,(4,2,3,4),(-0.0626606480664351,
-0.0518307792750142,0.,0.00585143334686086),.UNSPECIFIED.);
#321=B_SPLINE_CURVE_WITH_KNOTS('',3,(#2174,#2175,#2176,#2177,#2178,#2179,
#2180,#2181),.UNSPECIFIED.,.F.,.F.,(4,2,2,4),(0.380116857450355,0.385968290797217,
0.437799070072231,0.448628938863652),.UNSPECIFIED.);
#322=B_SPLINE_CURVE_WITH_KNOTS('',3,(#2190,#2191,#2192,#2193,#2194,#2195,
#2196,#2197,#2198),.UNSPECIFIED.,.F.,.F.,(4,2,3,4),(-0.0626606480664352,
-0.0518307792750142,0.,0.00585143334686126),.UNSPECIFIED.);
#323=B_SPLINE_CURVE_WITH_KNOTS('',3,(#2202,#2203,#2204,#2205,#2206,#2207,
#2208,#2209),.UNSPECIFIED.,.F.,.F.,(4,2,2,4),(0.380116857450355,0.385968290797217,
0.437799070072231,0.448628938863652),.UNSPECIFIED.);
#324=B_SPLINE_CURVE_WITH_KNOTS('',3,(#2218,#2219,#2220,#2221,#2222,#2223,
#2224,#2225,#2226),.UNSPECIFIED.,.F.,.F.,(4,2,3,4),(-0.0626606480664354,
-0.051830779275014,0.,0.00585143334686104),.UNSPECIFIED.);
#325=B_SPLINE_CURVE_WITH_KNOTS('',3,(#2230,#2231,#2232,#2233,#2234,#2235,
#2236,#2237),.UNSPECIFIED.,.F.,.F.,(4,2,2,4),(0.380116857450356,0.385968290797217,
0.437799070072231,0.448628938863652),.UNSPECIFIED.);
#326=B_SPLINE_CURVE_WITH_KNOTS('',3,(#2246,#2247,#2248,#2249,#2250,#2251,
#2252,#2253,#2254),.UNSPECIFIED.,.F.,.F.,(4,2,3,4),(-0.0626606480664358,
-0.0518307792750142,0.,0.0058514333468607),.UNSPECIFIED.);
#327=B_SPLINE_CURVE_WITH_KNOTS('',3,(#2258,#2259,#2260,#2261,#2262,#2263,
#2264,#2265),.UNSPECIFIED.,.F.,.F.,(4,2,2,4),(0.380116857450355,0.385968290797217,
0.437799070072231,0.448628938863652),.UNSPECIFIED.);
#328=B_SPLINE_CURVE_WITH_KNOTS('',3,(#2274,#2275,#2276,#2277,#2278,#2279,
#2280,#2281,#2282),.UNSPECIFIED.,.F.,.F.,(4,2,3,4),(-0.0626606480664356,
-0.0518307792750142,0.,0.00585143334686086),.UNSPECIFIED.);
#329=B_SPLINE_CURVE_WITH_KNOTS('',3,(#2286,#2287,#2288,#2289,#2290,#2291,
#2292,#2293),.UNSPECIFIED.,.F.,.F.,(4,2,2,4),(0.380116857450356,0.385968290797217,
0.437799070072231,0.448628938863652),.UNSPECIFIED.);
#330=B_SPLINE_CURVE_WITH_KNOTS('',3,(#2302,#2303,#2304,#2305,#2306,#2307,
#2308,#2309,#2310),.UNSPECIFIED.,.F.,.F.,(4,2,3,4),(-0.0626606480664356,
-0.0518307792750143,0.,0.00585143334686078),.UNSPECIFIED.);
#331=B_SPLINE_CURVE_WITH_KNOTS('',3,(#2314,#2315,#2316,#2317,#2318,#2319,
#2320,#2321),.UNSPECIFIED.,.F.,.F.,(4,2,2,4),(0.380116857450356,0.385968290797217,
0.437799070072231,0.448628938863652),.UNSPECIFIED.);
#332=B_SPLINE_CURVE_WITH_KNOTS('',3,(#2330,#2331,#2332,#2333,#2334,#2335,
#2336,#2337,#2338),.UNSPECIFIED.,.F.,.F.,(4,2,3,4),(-0.0626606480664353,
-0.051830779275014,0.,0.00585143334686104),.UNSPECIFIED.);
#333=B_SPLINE_CURVE_WITH_KNOTS('',3,(#2342,#2343,#2344,#2345,#2346,#2347,
#2348,#2349),.UNSPECIFIED.,.F.,.F.,(4,2,2,4),(0.380116857450356,0.385968290797217,
0.437799070072231,0.448628938863652),.UNSPECIFIED.);
#334=B_SPLINE_CURVE_WITH_KNOTS('',3,(#2358,#2359,#2360,#2361,#2362,#2363,
#2364,#2365,#2366),.UNSPECIFIED.,.F.,.F.,(4,2,3,4),(-0.0626606480664357,
-0.0518307792750142,0.,0.00585143334686076),.UNSPECIFIED.);
#335=B_SPLINE_CURVE_WITH_KNOTS('',3,(#2370,#2371,#2372,#2373,#2374,#2375,
#2376,#2377),.UNSPECIFIED.,.F.,.F.,(4,2,2,4),(0.380116857450356,0.385968290797217,
0.437799070072231,0.448628938863652),.UNSPECIFIED.);
#336=B_SPLINE_CURVE_WITH_KNOTS('',3,(#2386,#2387,#2388,#2389,#2390,#2391,
#2392,#2393,#2394),.UNSPECIFIED.,.F.,.F.,(4,2,3,4),(-0.0626606480664351,
-0.0518307792750141,0.,0.00585143334686118),.UNSPECIFIED.);
#337=B_SPLINE_CURVE_WITH_KNOTS('',3,(#2398,#2399,#2400,#2401,#2402,#2403,
#2404,#2405),.UNSPECIFIED.,.F.,.F.,(4,2,2,4),(0.380116857450355,0.385968290797216,
0.437799070072231,0.448628938863652),.UNSPECIFIED.);
#338=B_SPLINE_CURVE_WITH_KNOTS('',3,(#2414,#2415,#2416,#2417,#2418,#2419,
#2420,#2421,#2422),.UNSPECIFIED.,.F.,.F.,(4,2,3,4),(-0.0626606480664362,
-0.0518307792750143,0.,0.00585143334686054),.UNSPECIFIED.);
#339=B_SPLINE_CURVE_WITH_KNOTS('',3,(#2426,#2427,#2428,#2429,#2430,#2431,
#2432,#2433),.UNSPECIFIED.,.F.,.F.,(4,2,2,4),(0.380116857450356,0.385968290797216,
0.437799070072231,0.448628938863652),.UNSPECIFIED.);
#340=B_SPLINE_CURVE_WITH_KNOTS('',3,(#2442,#2443,#2444,#2445,#2446,#2447,
#2448,#2449,#2450),.UNSPECIFIED.,.F.,.F.,(4,2,3,4),(-0.0626606480664353,
-0.0518307792750142,0.,0.00585143334686082),.UNSPECIFIED.);
#341=B_SPLINE_CURVE_WITH_KNOTS('',3,(#2454,#2455,#2456,#2457,#2458,#2459,
#2460,#2461),.UNSPECIFIED.,.F.,.F.,(4,2,2,4),(0.380116857450356,0.385968290797217,
0.437799070072231,0.448628938863652),.UNSPECIFIED.);
#342=B_SPLINE_CURVE_WITH_KNOTS('',3,(#2470,#2471,#2472,#2473,#2474,#2475,
#2476,#2477,#2478),.UNSPECIFIED.,.F.,.F.,(4,2,3,4),(-0.0626606480664356,
-0.0518307792750141,0.,0.005851433346861),.UNSPECIFIED.);
#343=B_SPLINE_CURVE_WITH_KNOTS('',3,(#2482,#2483,#2484,#2485,#2486,#2487,
#2488,#2489),.UNSPECIFIED.,.F.,.F.,(4,2,2,4),(0.380116857450356,0.385968290797217,
0.437799070072231,0.448628938863652),.UNSPECIFIED.);
#344=B_SPLINE_CURVE_WITH_KNOTS('',3,(#2521,#2522,#2523,#2524,#2525,#2526,
#2527),.UNSPECIFIED.,.F.,.F.,(4,3,4),(1.85980025633581,1.99154847039952,
2.09959642246073),.UNSPECIFIED.);
#345=B_SPLINE_CURVE_WITH_KNOTS('',3,(#2564,#2565,#2566,#2567,#2568,#2569,
#2570,#2571,#2572),.UNSPECIFIED.,.F.,.F.,(4,2,3,4),(-0.0626606480664356,
-0.0518307792750141,0.,0.00585143334686086),.UNSPECIFIED.);
#346=B_SPLINE_CURVE_WITH_KNOTS('',3,(#2604,#2605,#2606,#2607,#2608,#2609,
#2610,#2611),.UNSPECIFIED.,.F.,.F.,(4,2,2,4),(0.380116857450356,0.385968290797216,
0.437799070072231,0.448628938863652),.UNSPECIFIED.);
#347=B_SPLINE_CURVE_WITH_KNOTS('',3,(#2779,#2780,#2781,#2782,#2783,#2784,
#2785,#2786,#2787,#2788,#2789,#2790,#2791,#2792,#2793,#2794,#2795,#2796,
#2797,#2798,#2799,#2800),.UNSPECIFIED.,.F.,.F.,(4,3,3,3,3,3,3,4),(-22.3253259379765,
-21.8262708549844,-21.3272157719923,-20.8281606890001,-20.329105606008,
-19.8300505230159,-19.3309954400237,-18.8495559215388),.UNSPECIFIED.);
#348=B_SPLINE_CURVE_WITH_KNOTS('',3,(#2802,#2803,#2804,#2805,#2806,#2807,
#2808,#2809,#2810,#2811),.UNSPECIFIED.,.F.,.F.,(4,1,1,1,1,1,1,4),(6.3555632822284,
6.85461836522053,7.35367344821265,7.85272853120478,8.35178361419691,8.85083869718904,
9.34989378018117,9.42477796076938),.UNSPECIFIED.);
#349=B_SPLINE_CURVE_WITH_KNOTS('',3,(#2812,#2813,#2814,#2815,#2816,#2817,
#2818,#2819,#2820,#2821,#2822,#2823,#2824,#2825,#2826,#2827,#2828,#2829,
#2830,#2831,#2832,#2833,#2834,#2835,#2836,#2837,#2838,#2839,#2840,#2841,
#2842,#2843,#2844,#2845,#2846,#2847,#2848,#2849,#2850,#2851,#2852,#2853,
#2854,#2855,#2856,#2857,#2858,#2859,#2860,#2861,#2862,#2863,#2864,#2865,
#2866,#2867,#2868,#2869,#2870,#2871,#2872,#2873,#2874,#2875,#2876,#2877,
#2878,#2879,#2880,#2881,#2882,#2883,#2884,#2885,#2886,#2887),
 .UNSPECIFIED.,.F.,.F.,(4,3,3,3,3,3,3,3,3,3,3,3,3,3,3,3,3,3,3,3,3,3,3,3,
3,4),(0.240485191134839,0.354707261030865,0.382118466829473,0.406576060341353,
0.536893795454171,0.66577957881295,0.697373470718945,0.74840640284204,0.781863372484241,
0.910528251746856,1.0434414731061,1.11143429504399,1.13583496891709,1.1613037907832,
1.17635469446534,1.30347274635273,1.43020586700828,1.49403220761563,1.52142133030893,
1.64536530412346,1.75998375495294,1.7937148037447,1.82554934938363,1.9498681154907,
2.07222049343802,2.10383910744141),.UNSPECIFIED.);
#350=B_SPLINE_CURVE_WITH_KNOTS('',3,(#2890,#2891,#2892,#2893,#2894,#2895,
#2896,#2897,#2898,#2899,#2900,#2901,#2902),.UNSPECIFIED.,.F.,.F.,(4,1,1,
1,1,1,1,1,1,1,4),(4.7847669554335,5.25932954396223,5.74692944093407,6.23452933790591,
6.72212923487774,7.20972913184958,7.69732902882142,8.18492892579325,8.67252882276509,
9.16012871973693,9.42477796076938),.UNSPECIFIED.);
#351=B_SPLINE_CURVE_WITH_KNOTS('',3,(#2905,#2906,#2907,#2908,#2909,#2910,
#2911,#2912,#2913,#2914,#2915),.UNSPECIFIED.,.F.,.F.,(4,1,1,1,1,1,1,1,4),
(18.496893034818,18.9121266591737,19.3997265561455,19.8873264531173,20.3749263500892,
20.862526247061,21.3501261440328,21.8377260410047,22.3253259379765),
 .UNSPECIFIED.);
#352=B_SPLINE_CURVE_WITH_KNOTS('',3,(#3088,#3089,#3090,#3091,#3092,#3093,
#3094,#3095,#3096,#3097,#3098,#3099,#3100,#3101,#3102,#3103,#3104),
 .UNSPECIFIED.,.F.,.F.,(4,1,1,1,1,1,1,1,1,1,1,1,1,1,4),(12.5663706143592,
12.5733279985398,13.0609278955116,13.5485277924835,14.0361276894553,14.5237275864271,
15.011327483399,15.4989273803708,15.9865272773426,16.4741271743145,16.9617270712863,
17.4493269682581,17.93692686523,18.4245267622018,18.7387328372913),
 .UNSPECIFIED.);
#353=B_SPLINE_CURVE_WITH_KNOTS('',3,(#3105,#3106,#3107,#3108,#3109,#3110,
#3111,#3112,#3113,#3114,#3115,#3116,#3117,#3118,#3119,#3120,#3121,#3122,
#3123,#3124,#3125,#3126,#3127,#3128,#3129,#3130,#3131,#3132,#3133,#3134,
#3135,#3136,#3137,#3138,#3139,#3140,#3141,#3142,#3143,#3144,#3145,#3146,
#3147,#3148,#3149,#3150,#3151,#3152,#3153,#3154,#3155,#3156,#3157,#3158,
#3159,#3160,#3161,#3162,#3163,#3164,#3165,#3166,#3167,#3168,#3169,#3170,
#3171,#3172,#3173,#3174,#3175,#3176,#3177,#3178,#3179,#3180,#3181,#3182,
#3183),.UNSPECIFIED.,.F.,.F.,(4,3,3,3,3,3,3,3,3,3,3,3,3,3,3,3,3,3,3,3,3,
3,3,3,3,3,4),(0.,0.011802657080885,0.134734656049036,0.258991610502278,
0.320041308323458,0.353378417385187,0.379836919549556,0.459380092686152,
0.584923203347458,0.66788912087465,0.706354586374391,0.735416050304207,
0.862798908088048,0.916786873456224,1.03353887682481,1.07753830435175,1.10258625450277,
1.23082335199139,1.35958894821843,1.38379488693056,1.45583886472384,1.480592246185,
1.61039392208211,1.73509708920896,1.77223577925112,1.7974043850774,1.85980025633581),
 .UNSPECIFIED.);
#354=LINE('',#1876,#404);
#355=LINE('',#1925,#405);
#356=LINE('',#1988,#406);
#357=LINE('',#1995,#407);
#358=LINE('',#2003,#408);
#359=LINE('',#2041,#409);
#360=LINE('',#2099,#410);
#361=LINE('',#2102,#411);
#362=LINE('',#2127,#412);
#363=LINE('',#2130,#413);
#364=LINE('',#2155,#414);
#365=LINE('',#2158,#415);
#366=LINE('',#2183,#416);
#367=LINE('',#2186,#417);
#368=LINE('',#2211,#418);
#369=LINE('',#2214,#419);
#370=LINE('',#2239,#420);
#371=LINE('',#2242,#421);
#372=LINE('',#2267,#422);
#373=LINE('',#2270,#423);
#374=LINE('',#2295,#424);
#375=LINE('',#2298,#425);
#376=LINE('',#2323,#426);
#377=LINE('',#2326,#427);
#378=LINE('',#2351,#428);
#379=LINE('',#2354,#429);
#380=LINE('',#2379,#430);
#381=LINE('',#2382,#431);
#382=LINE('',#2407,#432);
#383=LINE('',#2410,#433);
#384=LINE('',#2435,#434);
#385=LINE('',#2438,#435);
#386=LINE('',#2463,#436);
#387=LINE('',#2466,#437);
#388=LINE('',#2491,#438);
#389=LINE('',#2494,#439);
#390=LINE('',#2517,#440);
#391=LINE('',#2532,#441);
#392=LINE('',#2612,#442);
#393=LINE('',#2625,#443);
#394=LINE('',#2631,#444);
#395=LINE('',#2634,#445);
#396=LINE('',#2635,#446);
#397=LINE('',#2637,#447);
#398=LINE('',#2638,#448);
#399=LINE('',#3192,#449);
#400=LINE('',#3197,#450);
#401=LINE('',#3203,#451);
#402=LINE('',#3212,#452);
#403=LINE('',#3215,#453);
#404=VECTOR('',#1486,0.985);
#405=VECTOR('',#1491,0.985);
#406=VECTOR('',#1494,0.9038125);
#407=VECTOR('',#1495,1.);
#408=VECTOR('',#1498,0.9038125);
#409=VECTOR('',#1501,0.9038125);
#410=VECTOR('',#1506,1.);
#411=VECTOR('',#1509,1.);
#412=VECTOR('',#1514,1.);
#413=VECTOR('',#1517,1.);
#414=VECTOR('',#1522,1.);
#415=VECTOR('',#1525,1.);
#416=VECTOR('',#1530,1.);
#417=VECTOR('',#1533,1.);
#418=VECTOR('',#1538,1.);
#419=VECTOR('',#1541,1.);
#420=VECTOR('',#1546,1.);
#421=VECTOR('',#1549,1.);
#422=VECTOR('',#1554,1.);
#423=VECTOR('',#1557,1.);
#424=VECTOR('',#1562,1.);
#425=VECTOR('',#1565,1.);
#426=VECTOR('',#1570,1.);
#427=VECTOR('',#1573,1.);
#428=VECTOR('',#1578,1.);
#429=VECTOR('',#1581,1.);
#430=VECTOR('',#1586,1.);
#431=VECTOR('',#1589,1.);
#432=VECTOR('',#1594,1.);
#433=VECTOR('',#1597,1.);
#434=VECTOR('',#1602,1.);
#435=VECTOR('',#1605,1.);
#436=VECTOR('',#1610,1.);
#437=VECTOR('',#1613,1.);
#438=VECTOR('',#1618,1.);
#439=VECTOR('',#1621,1.);
#440=VECTOR('',#1658,1.);
#441=VECTOR('',#1667,1.);
#442=VECTOR('',#1786,1.);
#443=VECTOR('',#1805,0.61);
#444=VECTOR('',#1814,0.5);
#445=VECTOR('',#1817,1.);
#446=VECTOR('',#1818,1.);
#447=VECTOR('',#1819,1.);
#448=VECTOR('',#1820,1.);
#449=VECTOR('',#1837,0.685);
#450=VECTOR('',#1844,0.7);
#451=VECTOR('',#1851,0.6);
#452=VECTOR('',#1864,0.7);
#453=VECTOR('',#1867,0.8938125);
#454=VERTEX_POINT('',#1874);
#455=VERTEX_POINT('',#1875);
#456=VERTEX_POINT('',#1877);
#457=VERTEX_POINT('',#1909);
#458=VERTEX_POINT('',#1923);
#459=VERTEX_POINT('',#1924);
#460=VERTEX_POINT('',#1986);
#461=VERTEX_POINT('',#1987);
#462=VERTEX_POINT('',#1989);
#463=VERTEX_POINT('',#1994);
#464=VERTEX_POINT('',#2001);
#465=VERTEX_POINT('',#2002);
#466=VERTEX_POINT('',#2039);
#467=VERTEX_POINT('',#2040);
#468=VERTEX_POINT('',#2076);
#469=VERTEX_POINT('',#2077);
#470=VERTEX_POINT('',#2087);
#471=VERTEX_POINT('',#2089);
#472=VERTEX_POINT('',#2098);
#473=VERTEX_POINT('',#2100);
#474=VERTEX_POINT('',#2104);
#475=VERTEX_POINT('',#2105);
#476=VERTEX_POINT('',#2115);
#477=VERTEX_POINT('',#2117);
#478=VERTEX_POINT('',#2126);
#479=VERTEX_POINT('',#2128);
#480=VERTEX_POINT('',#2132);
#481=VERTEX_POINT('',#2133);
#482=VERTEX_POINT('',#2143);
#483=VERTEX_POINT('',#2145);
#484=VERTEX_POINT('',#2154);
#485=VERTEX_POINT('',#2156);
#486=VERTEX_POINT('',#2160);
#487=VERTEX_POINT('',#2161);
#488=VERTEX_POINT('',#2171);
#489=VERTEX_POINT('',#2173);
#490=VERTEX_POINT('',#2182);
#491=VERTEX_POINT('',#2184);
#492=VERTEX_POINT('',#2188);
#493=VERTEX_POINT('',#2189);
#494=VERTEX_POINT('',#2199);
#495=VERTEX_POINT('',#2201);
#496=VERTEX_POINT('',#2210);
#497=VERTEX_POINT('',#2212);
#498=VERTEX_POINT('',#2216);
#499=VERTEX_POINT('',#2217);
#500=VERTEX_POINT('',#2227);
#501=VERTEX_POINT('',#2229);
#502=VERTEX_POINT('',#2238);
#503=VERTEX_POINT('',#2240);
#504=VERTEX_POINT('',#2244);
#505=VERTEX_POINT('',#2245);
#506=VERTEX_POINT('',#2255);
#507=VERTEX_POINT('',#2257);
#508=VERTEX_POINT('',#2266);
#509=VERTEX_POINT('',#2268);
#510=VERTEX_POINT('',#2272);
#511=VERTEX_POINT('',#2273);
#512=VERTEX_POINT('',#2283);
#513=VERTEX_POINT('',#2285);
#514=VERTEX_POINT('',#2294);
#515=VERTEX_POINT('',#2296);
#516=VERTEX_POINT('',#2300);
#517=VERTEX_POINT('',#2301);
#518=VERTEX_POINT('',#2311);
#519=VERTEX_POINT('',#2313);
#520=VERTEX_POINT('',#2322);
#521=VERTEX_POINT('',#2324);
#522=VERTEX_POINT('',#2328);
#523=VERTEX_POINT('',#2329);
#524=VERTEX_POINT('',#2339);
#525=VERTEX_POINT('',#2341);
#526=VERTEX_POINT('',#2350);
#527=VERTEX_POINT('',#2352);
#528=VERTEX_POINT('',#2356);
#529=VERTEX_POINT('',#2357);
#530=VERTEX_POINT('',#2367);
#531=VERTEX_POINT('',#2369);
#532=VERTEX_POINT('',#2378);
#533=VERTEX_POINT('',#2380);
#534=VERTEX_POINT('',#2384);
#535=VERTEX_POINT('',#2385);
#536=VERTEX_POINT('',#2395);
#537=VERTEX_POINT('',#2397);
#538=VERTEX_POINT('',#2406);
#539=VERTEX_POINT('',#2408);
#540=VERTEX_POINT('',#2412);
#541=VERTEX_POINT('',#2413);
#542=VERTEX_POINT('',#2423);
#543=VERTEX_POINT('',#2425);
#544=VERTEX_POINT('',#2434);
#545=VERTEX_POINT('',#2436);
#546=VERTEX_POINT('',#2440);
#547=VERTEX_POINT('',#2441);
#548=VERTEX_POINT('',#2451);
#549=VERTEX_POINT('',#2453);
#550=VERTEX_POINT('',#2462);
#551=VERTEX_POINT('',#2464);
#552=VERTEX_POINT('',#2468);
#553=VERTEX_POINT('',#2469);
#554=VERTEX_POINT('',#2479);
#555=VERTEX_POINT('',#2481);
#556=VERTEX_POINT('',#2490);
#557=VERTEX_POINT('',#2492);
#558=VERTEX_POINT('',#2510);
#559=VERTEX_POINT('',#2512);
#560=VERTEX_POINT('',#2515);
#561=VERTEX_POINT('',#2516);
#562=VERTEX_POINT('',#2518);
#563=VERTEX_POINT('',#2520);
#564=VERTEX_POINT('',#2530);
#565=VERTEX_POINT('',#2562);
#566=VERTEX_POINT('',#2602);
#567=VERTEX_POINT('',#2603);
#568=VERTEX_POINT('',#2618);
#569=VERTEX_POINT('',#2622);
#570=VERTEX_POINT('',#2624);
#571=VERTEX_POINT('',#2628);
#572=VERTEX_POINT('',#2633);
#573=VERTEX_POINT('',#2636);
#574=VERTEX_POINT('',#2801);
#575=VERTEX_POINT('',#2889);
#576=VERTEX_POINT('',#3185);
#577=VERTEX_POINT('',#3189);
#578=VERTEX_POINT('',#3191);
#579=VERTEX_POINT('',#3195);
#580=VERTEX_POINT('',#3200);
#581=VERTEX_POINT('',#3202);
#582=VERTEX_POINT('',#3207);
#583=VERTEX_POINT('',#3210);
#584=VERTEX_POINT('',#3214);
#585=EDGE_CURVE('',#454,#455,#354,.T.);
#586=EDGE_CURVE('',#454,#456,#304,.T.);
#587=EDGE_CURVE('',#456,#457,#207,.T.);
#588=EDGE_CURVE('',#457,#455,#305,.T.);
#589=EDGE_CURVE('',#458,#459,#355,.T.);
#590=EDGE_CURVE('',#458,#454,#306,.T.);
#591=EDGE_CURVE('',#455,#459,#307,.T.);
#592=EDGE_CURVE('',#460,#461,#356,.T.);
#593=EDGE_CURVE('',#460,#462,#308,.T.);
#594=EDGE_CURVE('',#462,#463,#357,.T.);
#595=EDGE_CURVE('',#461,#463,#309,.T.);
#596=EDGE_CURVE('',#464,#465,#358,.T.);
#597=EDGE_CURVE('',#464,#460,#310,.T.);
#598=EDGE_CURVE('',#465,#461,#311,.T.);
#599=EDGE_CURVE('',#466,#467,#359,.T.);
#600=EDGE_CURVE('',#466,#464,#312,.T.);
#601=EDGE_CURVE('',#467,#465,#313,.T.);
#602=EDGE_CURVE('',#468,#469,#314,.T.);
#603=EDGE_CURVE('',#470,#468,#208,.T.);
#604=EDGE_CURVE('',#471,#470,#315,.T.);
#605=EDGE_CURVE('',#472,#471,#360,.T.);
#606=EDGE_CURVE('',#473,#472,#209,.T.);
#607=EDGE_CURVE('',#469,#473,#361,.T.);
#608=EDGE_CURVE('',#474,#475,#316,.T.);
#609=EDGE_CURVE('',#476,#474,#210,.T.);
#610=EDGE_CURVE('',#477,#476,#317,.T.);
#611=EDGE_CURVE('',#478,#477,#362,.T.);
#612=EDGE_CURVE('',#479,#478,#211,.T.);
#613=EDGE_CURVE('',#475,#479,#363,.T.);
#614=EDGE_CURVE('',#480,#481,#318,.T.);
#615=EDGE_CURVE('',#482,#480,#212,.T.);
#616=EDGE_CURVE('',#483,#482,#319,.T.);
#617=EDGE_CURVE('',#484,#483,#364,.T.);
#618=EDGE_CURVE('',#485,#484,#213,.T.);
#619=EDGE_CURVE('',#481,#485,#365,.T.);
#620=EDGE_CURVE('',#486,#487,#320,.T.);
#621=EDGE_CURVE('',#488,#486,#214,.T.);
#622=EDGE_CURVE('',#489,#488,#321,.T.);
#623=EDGE_CURVE('',#490,#489,#366,.T.);
#624=EDGE_CURVE('',#491,#490,#215,.T.);
#625=EDGE_CURVE('',#487,#491,#367,.T.);
#626=EDGE_CURVE('',#492,#493,#322,.T.);
#627=EDGE_CURVE('',#494,#492,#216,.T.);
#628=EDGE_CURVE('',#495,#494,#323,.T.);
#629=EDGE_CURVE('',#496,#495,#368,.T.);
#630=EDGE_CURVE('',#497,#496,#217,.T.);
#631=EDGE_CURVE('',#493,#497,#369,.T.);
#632=EDGE_CURVE('',#498,#499,#324,.T.);
#633=EDGE_CURVE('',#500,#498,#218,.T.);
#634=EDGE_CURVE('',#501,#500,#325,.T.);
#635=EDGE_CURVE('',#502,#501,#370,.T.);
#636=EDGE_CURVE('',#503,#502,#219,.T.);
#637=EDGE_CURVE('',#499,#503,#371,.T.);
#638=EDGE_CURVE('',#504,#505,#326,.T.);
#639=EDGE_CURVE('',#506,#504,#220,.T.);
#640=EDGE_CURVE('',#507,#506,#327,.T.);
#641=EDGE_CURVE('',#508,#507,#372,.T.);
#642=EDGE_CURVE('',#509,#508,#221,.T.);
#643=EDGE_CURVE('',#505,#509,#373,.T.);
#644=EDGE_CURVE('',#510,#511,#328,.T.);
#645=EDGE_CURVE('',#512,#510,#222,.T.);
#646=EDGE_CURVE('',#513,#512,#329,.T.);
#647=EDGE_CURVE('',#514,#513,#374,.T.);
#648=EDGE_CURVE('',#515,#514,#223,.T.);
#649=EDGE_CURVE('',#511,#515,#375,.T.);
#650=EDGE_CURVE('',#516,#517,#330,.T.);
#651=EDGE_CURVE('',#518,#516,#224,.T.);
#652=EDGE_CURVE('',#519,#518,#331,.T.);
#653=EDGE_CURVE('',#520,#519,#376,.T.);
#654=EDGE_CURVE('',#521,#520,#225,.T.);
#655=EDGE_CURVE('',#517,#521,#377,.T.);
#656=EDGE_CURVE('',#522,#523,#332,.T.);
#657=EDGE_CURVE('',#524,#522,#226,.T.);
#658=EDGE_CURVE('',#525,#524,#333,.T.);
#659=EDGE_CURVE('',#526,#525,#378,.T.);
#660=EDGE_CURVE('',#527,#526,#227,.T.);
#661=EDGE_CURVE('',#523,#527,#379,.T.);
#662=EDGE_CURVE('',#528,#529,#334,.T.);
#663=EDGE_CURVE('',#530,#528,#228,.T.);
#664=EDGE_CURVE('',#531,#530,#335,.T.);
#665=EDGE_CURVE('',#532,#531,#380,.T.);
#666=EDGE_CURVE('',#533,#532,#229,.T.);
#667=EDGE_CURVE('',#529,#533,#381,.T.);
#668=EDGE_CURVE('',#534,#535,#336,.T.);
#669=EDGE_CURVE('',#536,#534,#230,.T.);
#670=EDGE_CURVE('',#537,#536,#337,.T.);
#671=EDGE_CURVE('',#538,#537,#382,.T.);
#672=EDGE_CURVE('',#539,#538,#231,.T.);
#673=EDGE_CURVE('',#535,#539,#383,.T.);
#674=EDGE_CURVE('',#540,#541,#338,.T.);
#675=EDGE_CURVE('',#542,#540,#232,.T.);
#676=EDGE_CURVE('',#543,#542,#339,.T.);
#677=EDGE_CURVE('',#544,#543,#384,.T.);
#678=EDGE_CURVE('',#545,#544,#233,.T.);
#679=EDGE_CURVE('',#541,#545,#385,.T.);
#680=EDGE_CURVE('',#546,#547,#340,.T.);
#681=EDGE_CURVE('',#548,#546,#234,.T.);
#682=EDGE_CURVE('',#549,#548,#341,.T.);
#683=EDGE_CURVE('',#550,#549,#386,.T.);
#684=EDGE_CURVE('',#551,#550,#235,.T.);
#685=EDGE_CURVE('',#547,#551,#387,.T.);
#686=EDGE_CURVE('',#552,#553,#342,.T.);
#687=EDGE_CURVE('',#554,#552,#236,.T.);
#688=EDGE_CURVE('',#555,#554,#343,.T.);
#689=EDGE_CURVE('',#556,#555,#388,.T.);
#690=EDGE_CURVE('',#557,#556,#237,.T.);
#691=EDGE_CURVE('',#553,#557,#389,.T.);
#692=EDGE_CURVE('',#472,#479,#238,.T.);
#693=EDGE_CURVE('',#478,#485,#239,.T.);
#694=EDGE_CURVE('',#484,#491,#240,.T.);
#695=EDGE_CURVE('',#490,#497,#241,.T.);
#696=EDGE_CURVE('',#496,#503,#242,.T.);
#697=EDGE_CURVE('',#502,#509,#243,.T.);
#698=EDGE_CURVE('',#508,#515,#244,.T.);
#699=EDGE_CURVE('',#514,#521,#245,.T.);
#700=EDGE_CURVE('',#520,#527,#246,.T.);
#701=EDGE_CURVE('',#526,#533,#247,.T.);
#702=EDGE_CURVE('',#532,#539,#248,.T.);
#703=EDGE_CURVE('',#538,#545,#249,.T.);
#704=EDGE_CURVE('',#544,#551,#250,.T.);
#705=EDGE_CURVE('',#550,#557,#251,.T.);
#706=EDGE_CURVE('',#556,#558,#252,.T.);
#707=EDGE_CURVE('',#558,#559,#253,.T.);
#708=EDGE_CURVE('',#559,#473,#254,.T.);
#709=EDGE_CURVE('',#560,#561,#390,.T.);
#710=EDGE_CURVE('',#561,#562,#255,.T.);
#711=EDGE_CURVE('',#562,#563,#344,.T.);
#712=EDGE_CURVE('',#563,#560,#256,.T.);
#713=EDGE_CURVE('',#564,#555,#257,.T.);
#714=EDGE_CURVE('',#564,#558,#391,.T.);
#715=EDGE_CURVE('',#553,#549,#258,.T.);
#716=EDGE_CURVE('',#547,#543,#259,.T.);
#717=EDGE_CURVE('',#541,#537,#260,.T.);
#718=EDGE_CURVE('',#535,#531,#261,.T.);
#719=EDGE_CURVE('',#529,#525,#262,.T.);
#720=EDGE_CURVE('',#523,#519,#263,.T.);
#721=EDGE_CURVE('',#517,#513,#264,.T.);
#722=EDGE_CURVE('',#511,#507,#265,.T.);
#723=EDGE_CURVE('',#505,#501,#266,.T.);
#724=EDGE_CURVE('',#499,#495,#267,.T.);
#725=EDGE_CURVE('',#493,#489,#268,.T.);
#726=EDGE_CURVE('',#487,#483,#269,.T.);
#727=EDGE_CURVE('',#481,#477,#270,.T.);
#728=EDGE_CURVE('',#475,#471,#271,.T.);
#729=EDGE_CURVE('',#554,#565,#272,.T.);
#730=EDGE_CURVE('',#565,#564,#345,.T.);
#731=EDGE_CURVE('',#548,#552,#273,.T.);
#732=EDGE_CURVE('',#542,#546,#274,.T.);
#733=EDGE_CURVE('',#536,#540,#275,.T.);
#734=EDGE_CURVE('',#530,#534,#276,.T.);
#735=EDGE_CURVE('',#524,#528,#277,.T.);
#736=EDGE_CURVE('',#518,#522,#278,.T.);
#737=EDGE_CURVE('',#512,#516,#279,.T.);
#738=EDGE_CURVE('',#506,#510,#280,.T.);
#739=EDGE_CURVE('',#500,#504,#281,.T.);
#740=EDGE_CURVE('',#494,#498,#282,.T.);
#741=EDGE_CURVE('',#488,#492,#283,.T.);
#742=EDGE_CURVE('',#482,#486,#284,.T.);
#743=EDGE_CURVE('',#476,#480,#285,.T.);
#744=EDGE_CURVE('',#470,#474,#286,.T.);
#745=EDGE_CURVE('',#566,#567,#346,.T.);
#746=EDGE_CURVE('',#559,#566,#392,.T.);
#747=EDGE_CURVE('',#567,#565,#287,.T.);
#748=EDGE_CURVE('',#469,#566,#288,.T.);
#749=EDGE_CURVE('',#567,#468,#289,.T.);
#750=EDGE_CURVE('',#568,#568,#290,.T.);
#751=EDGE_CURVE('',#569,#569,#291,.T.);
#752=EDGE_CURVE('',#569,#570,#393,.T.);
#753=EDGE_CURVE('',#570,#570,#292,.T.);
#754=EDGE_CURVE('',#571,#571,#293,.T.);
#755=EDGE_CURVE('',#568,#571,#394,.T.);
#756=EDGE_CURVE('',#572,#560,#395,.T.);
#757=EDGE_CURVE('',#463,#572,#396,.T.);
#758=EDGE_CURVE('',#573,#462,#397,.T.);
#759=EDGE_CURVE('',#561,#573,#398,.T.);
#760=EDGE_CURVE('',#573,#458,#347,.T.);
#761=EDGE_CURVE('',#574,#466,#348,.T.);
#762=EDGE_CURVE('',#456,#574,#349,.T.);
#763=EDGE_CURVE('',#575,#467,#350,.T.);
#764=EDGE_CURVE('',#574,#575,#294,.T.);
#765=EDGE_CURVE('',#563,#572,#351,.T.);
#766=EDGE_CURVE('',#459,#562,#352,.T.);
#767=EDGE_CURVE('',#575,#457,#353,.T.);
#768=EDGE_CURVE('',#576,#576,#295,.T.);
#769=EDGE_CURVE('',#577,#577,#296,.T.);
#770=EDGE_CURVE('',#577,#578,#399,.T.);
#771=EDGE_CURVE('',#578,#578,#297,.T.);
#772=EDGE_CURVE('',#579,#579,#298,.T.);
#773=EDGE_CURVE('',#579,#578,#400,.T.);
#774=EDGE_CURVE('',#580,#580,#299,.T.);
#775=EDGE_CURVE('',#580,#581,#401,.T.);
#776=EDGE_CURVE('',#581,#581,#300,.T.);
#777=EDGE_CURVE('',#582,#582,#301,.T.);
#778=EDGE_CURVE('',#583,#583,#302,.T.);
#779=EDGE_CURVE('',#583,#582,#402,.T.);
#780=EDGE_CURVE('',#576,#584,#403,.T.);
#781=EDGE_CURVE('',#584,#584,#303,.T.);
#782=ORIENTED_EDGE('',*,*,#585,.F.);
#783=ORIENTED_EDGE('',*,*,#586,.T.);
#784=ORIENTED_EDGE('',*,*,#587,.T.);
#785=ORIENTED_EDGE('',*,*,#588,.T.);
#786=ORIENTED_EDGE('',*,*,#589,.F.);
#787=ORIENTED_EDGE('',*,*,#590,.T.);
#788=ORIENTED_EDGE('',*,*,#585,.T.);
#789=ORIENTED_EDGE('',*,*,#591,.T.);
#790=ORIENTED_EDGE('',*,*,#592,.F.);
#791=ORIENTED_EDGE('',*,*,#593,.T.);
#792=ORIENTED_EDGE('',*,*,#594,.T.);
#793=ORIENTED_EDGE('',*,*,#595,.F.);
#794=ORIENTED_EDGE('',*,*,#596,.F.);
#795=ORIENTED_EDGE('',*,*,#597,.T.);
#796=ORIENTED_EDGE('',*,*,#592,.T.);
#797=ORIENTED_EDGE('',*,*,#598,.F.);
#798=ORIENTED_EDGE('',*,*,#599,.F.);
#799=ORIENTED_EDGE('',*,*,#600,.T.);
#800=ORIENTED_EDGE('',*,*,#596,.T.);
#801=ORIENTED_EDGE('',*,*,#601,.F.);
#802=ORIENTED_EDGE('',*,*,#602,.F.);
#803=ORIENTED_EDGE('',*,*,#603,.F.);
#804=ORIENTED_EDGE('',*,*,#604,.F.);
#805=ORIENTED_EDGE('',*,*,#605,.F.);
#806=ORIENTED_EDGE('',*,*,#606,.F.);
#807=ORIENTED_EDGE('',*,*,#607,.F.);
#808=ORIENTED_EDGE('',*,*,#608,.F.);
#809=ORIENTED_EDGE('',*,*,#609,.F.);
#810=ORIENTED_EDGE('',*,*,#610,.F.);
#811=ORIENTED_EDGE('',*,*,#611,.F.);
#812=ORIENTED_EDGE('',*,*,#612,.F.);
#813=ORIENTED_EDGE('',*,*,#613,.F.);
#814=ORIENTED_EDGE('',*,*,#614,.F.);
#815=ORIENTED_EDGE('',*,*,#615,.F.);
#816=ORIENTED_EDGE('',*,*,#616,.F.);
#817=ORIENTED_EDGE('',*,*,#617,.F.);
#818=ORIENTED_EDGE('',*,*,#618,.F.);
#819=ORIENTED_EDGE('',*,*,#619,.F.);
#820=ORIENTED_EDGE('',*,*,#620,.F.);
#821=ORIENTED_EDGE('',*,*,#621,.F.);
#822=ORIENTED_EDGE('',*,*,#622,.F.);
#823=ORIENTED_EDGE('',*,*,#623,.F.);
#824=ORIENTED_EDGE('',*,*,#624,.F.);
#825=ORIENTED_EDGE('',*,*,#625,.F.);
#826=ORIENTED_EDGE('',*,*,#626,.F.);
#827=ORIENTED_EDGE('',*,*,#627,.F.);
#828=ORIENTED_EDGE('',*,*,#628,.F.);
#829=ORIENTED_EDGE('',*,*,#629,.F.);
#830=ORIENTED_EDGE('',*,*,#630,.F.);
#831=ORIENTED_EDGE('',*,*,#631,.F.);
#832=ORIENTED_EDGE('',*,*,#632,.F.);
#833=ORIENTED_EDGE('',*,*,#633,.F.);
#834=ORIENTED_EDGE('',*,*,#634,.F.);
#835=ORIENTED_EDGE('',*,*,#635,.F.);
#836=ORIENTED_EDGE('',*,*,#636,.F.);
#837=ORIENTED_EDGE('',*,*,#637,.F.);
#838=ORIENTED_EDGE('',*,*,#638,.F.);
#839=ORIENTED_EDGE('',*,*,#639,.F.);
#840=ORIENTED_EDGE('',*,*,#640,.F.);
#841=ORIENTED_EDGE('',*,*,#641,.F.);
#842=ORIENTED_EDGE('',*,*,#642,.F.);
#843=ORIENTED_EDGE('',*,*,#643,.F.);
#844=ORIENTED_EDGE('',*,*,#644,.F.);
#845=ORIENTED_EDGE('',*,*,#645,.F.);
#846=ORIENTED_EDGE('',*,*,#646,.F.);
#847=ORIENTED_EDGE('',*,*,#647,.F.);
#848=ORIENTED_EDGE('',*,*,#648,.F.);
#849=ORIENTED_EDGE('',*,*,#649,.F.);
#850=ORIENTED_EDGE('',*,*,#650,.F.);
#851=ORIENTED_EDGE('',*,*,#651,.F.);
#852=ORIENTED_EDGE('',*,*,#652,.F.);
#853=ORIENTED_EDGE('',*,*,#653,.F.);
#854=ORIENTED_EDGE('',*,*,#654,.F.);
#855=ORIENTED_EDGE('',*,*,#655,.F.);
#856=ORIENTED_EDGE('',*,*,#656,.F.);
#857=ORIENTED_EDGE('',*,*,#657,.F.);
#858=ORIENTED_EDGE('',*,*,#658,.F.);
#859=ORIENTED_EDGE('',*,*,#659,.F.);
#860=ORIENTED_EDGE('',*,*,#660,.F.);
#861=ORIENTED_EDGE('',*,*,#661,.F.);
#862=ORIENTED_EDGE('',*,*,#662,.F.);
#863=ORIENTED_EDGE('',*,*,#663,.F.);
#864=ORIENTED_EDGE('',*,*,#664,.F.);
#865=ORIENTED_EDGE('',*,*,#665,.F.);
#866=ORIENTED_EDGE('',*,*,#666,.F.);
#867=ORIENTED_EDGE('',*,*,#667,.F.);
#868=ORIENTED_EDGE('',*,*,#668,.F.);
#869=ORIENTED_EDGE('',*,*,#669,.F.);
#870=ORIENTED_EDGE('',*,*,#670,.F.);
#871=ORIENTED_EDGE('',*,*,#671,.F.);
#872=ORIENTED_EDGE('',*,*,#672,.F.);
#873=ORIENTED_EDGE('',*,*,#673,.F.);
#874=ORIENTED_EDGE('',*,*,#674,.F.);
#875=ORIENTED_EDGE('',*,*,#675,.F.);
#876=ORIENTED_EDGE('',*,*,#676,.F.);
#877=ORIENTED_EDGE('',*,*,#677,.F.);
#878=ORIENTED_EDGE('',*,*,#678,.F.);
#879=ORIENTED_EDGE('',*,*,#679,.F.);
#880=ORIENTED_EDGE('',*,*,#680,.F.);
#881=ORIENTED_EDGE('',*,*,#681,.F.);
#882=ORIENTED_EDGE('',*,*,#682,.F.);
#883=ORIENTED_EDGE('',*,*,#683,.F.);
#884=ORIENTED_EDGE('',*,*,#684,.F.);
#885=ORIENTED_EDGE('',*,*,#685,.F.);
#886=ORIENTED_EDGE('',*,*,#686,.F.);
#887=ORIENTED_EDGE('',*,*,#687,.F.);
#888=ORIENTED_EDGE('',*,*,#688,.F.);
#889=ORIENTED_EDGE('',*,*,#689,.F.);
#890=ORIENTED_EDGE('',*,*,#690,.F.);
#891=ORIENTED_EDGE('',*,*,#691,.F.);
#892=ORIENTED_EDGE('',*,*,#606,.T.);
#893=ORIENTED_EDGE('',*,*,#692,.T.);
#894=ORIENTED_EDGE('',*,*,#612,.T.);
#895=ORIENTED_EDGE('',*,*,#693,.T.);
#896=ORIENTED_EDGE('',*,*,#618,.T.);
#897=ORIENTED_EDGE('',*,*,#694,.T.);
#898=ORIENTED_EDGE('',*,*,#624,.T.);
#899=ORIENTED_EDGE('',*,*,#695,.T.);
#900=ORIENTED_EDGE('',*,*,#630,.T.);
#901=ORIENTED_EDGE('',*,*,#696,.T.);
#902=ORIENTED_EDGE('',*,*,#636,.T.);
#903=ORIENTED_EDGE('',*,*,#697,.T.);
#904=ORIENTED_EDGE('',*,*,#642,.T.);
#905=ORIENTED_EDGE('',*,*,#698,.T.);
#906=ORIENTED_EDGE('',*,*,#648,.T.);
#907=ORIENTED_EDGE('',*,*,#699,.T.);
#908=ORIENTED_EDGE('',*,*,#654,.T.);
#909=ORIENTED_EDGE('',*,*,#700,.T.);
#910=ORIENTED_EDGE('',*,*,#660,.T.);
#911=ORIENTED_EDGE('',*,*,#701,.T.);
#912=ORIENTED_EDGE('',*,*,#666,.T.);
#913=ORIENTED_EDGE('',*,*,#702,.T.);
#914=ORIENTED_EDGE('',*,*,#672,.T.);
#915=ORIENTED_EDGE('',*,*,#703,.T.);
#916=ORIENTED_EDGE('',*,*,#678,.T.);
#917=ORIENTED_EDGE('',*,*,#704,.T.);
#918=ORIENTED_EDGE('',*,*,#684,.T.);
#919=ORIENTED_EDGE('',*,*,#705,.T.);
#920=ORIENTED_EDGE('',*,*,#690,.T.);
#921=ORIENTED_EDGE('',*,*,#706,.T.);
#922=ORIENTED_EDGE('',*,*,#707,.T.);
#923=ORIENTED_EDGE('',*,*,#708,.T.);
#924=ORIENTED_EDGE('',*,*,#709,.T.);
#925=ORIENTED_EDGE('',*,*,#710,.T.);
#926=ORIENTED_EDGE('',*,*,#711,.T.);
#927=ORIENTED_EDGE('',*,*,#712,.T.);
#928=ORIENTED_EDGE('',*,*,#689,.T.);
#929=ORIENTED_EDGE('',*,*,#713,.F.);
#930=ORIENTED_EDGE('',*,*,#714,.T.);
#931=ORIENTED_EDGE('',*,*,#706,.F.);
#932=ORIENTED_EDGE('',*,*,#683,.T.);
#933=ORIENTED_EDGE('',*,*,#715,.F.);
#934=ORIENTED_EDGE('',*,*,#691,.T.);
#935=ORIENTED_EDGE('',*,*,#705,.F.);
#936=ORIENTED_EDGE('',*,*,#677,.T.);
#937=ORIENTED_EDGE('',*,*,#716,.F.);
#938=ORIENTED_EDGE('',*,*,#685,.T.);
#939=ORIENTED_EDGE('',*,*,#704,.F.);
#940=ORIENTED_EDGE('',*,*,#671,.T.);
#941=ORIENTED_EDGE('',*,*,#717,.F.);
#942=ORIENTED_EDGE('',*,*,#679,.T.);
#943=ORIENTED_EDGE('',*,*,#703,.F.);
#944=ORIENTED_EDGE('',*,*,#665,.T.);
#945=ORIENTED_EDGE('',*,*,#718,.F.);
#946=ORIENTED_EDGE('',*,*,#673,.T.);
#947=ORIENTED_EDGE('',*,*,#702,.F.);
#948=ORIENTED_EDGE('',*,*,#659,.T.);
#949=ORIENTED_EDGE('',*,*,#719,.F.);
#950=ORIENTED_EDGE('',*,*,#667,.T.);
#951=ORIENTED_EDGE('',*,*,#701,.F.);
#952=ORIENTED_EDGE('',*,*,#653,.T.);
#953=ORIENTED_EDGE('',*,*,#720,.F.);
#954=ORIENTED_EDGE('',*,*,#661,.T.);
#955=ORIENTED_EDGE('',*,*,#700,.F.);
#956=ORIENTED_EDGE('',*,*,#647,.T.);
#957=ORIENTED_EDGE('',*,*,#721,.F.);
#958=ORIENTED_EDGE('',*,*,#655,.T.);
#959=ORIENTED_EDGE('',*,*,#699,.F.);
#960=ORIENTED_EDGE('',*,*,#641,.T.);
#961=ORIENTED_EDGE('',*,*,#722,.F.);
#962=ORIENTED_EDGE('',*,*,#649,.T.);
#963=ORIENTED_EDGE('',*,*,#698,.F.);
#964=ORIENTED_EDGE('',*,*,#635,.T.);
#965=ORIENTED_EDGE('',*,*,#723,.F.);
#966=ORIENTED_EDGE('',*,*,#643,.T.);
#967=ORIENTED_EDGE('',*,*,#697,.F.);
#968=ORIENTED_EDGE('',*,*,#629,.T.);
#969=ORIENTED_EDGE('',*,*,#724,.F.);
#970=ORIENTED_EDGE('',*,*,#637,.T.);
#971=ORIENTED_EDGE('',*,*,#696,.F.);
#972=ORIENTED_EDGE('',*,*,#623,.T.);
#973=ORIENTED_EDGE('',*,*,#725,.F.);
#974=ORIENTED_EDGE('',*,*,#631,.T.);
#975=ORIENTED_EDGE('',*,*,#695,.F.);
#976=ORIENTED_EDGE('',*,*,#617,.T.);
#977=ORIENTED_EDGE('',*,*,#726,.F.);
#978=ORIENTED_EDGE('',*,*,#625,.T.);
#979=ORIENTED_EDGE('',*,*,#694,.F.);
#980=ORIENTED_EDGE('',*,*,#611,.T.);
#981=ORIENTED_EDGE('',*,*,#727,.F.);
#982=ORIENTED_EDGE('',*,*,#619,.T.);
#983=ORIENTED_EDGE('',*,*,#693,.F.);
#984=ORIENTED_EDGE('',*,*,#605,.T.);
#985=ORIENTED_EDGE('',*,*,#728,.F.);
#986=ORIENTED_EDGE('',*,*,#613,.T.);
#987=ORIENTED_EDGE('',*,*,#692,.F.);
#988=ORIENTED_EDGE('',*,*,#688,.T.);
#989=ORIENTED_EDGE('',*,*,#729,.T.);
#990=ORIENTED_EDGE('',*,*,#730,.T.);
#991=ORIENTED_EDGE('',*,*,#713,.T.);
#992=ORIENTED_EDGE('',*,*,#682,.T.);
#993=ORIENTED_EDGE('',*,*,#731,.T.);
#994=ORIENTED_EDGE('',*,*,#686,.T.);
#995=ORIENTED_EDGE('',*,*,#715,.T.);
#996=ORIENTED_EDGE('',*,*,#676,.T.);
#997=ORIENTED_EDGE('',*,*,#732,.T.);
#998=ORIENTED_EDGE('',*,*,#680,.T.);
#999=ORIENTED_EDGE('',*,*,#716,.T.);
#1000=ORIENTED_EDGE('',*,*,#670,.T.);
#1001=ORIENTED_EDGE('',*,*,#733,.T.);
#1002=ORIENTED_EDGE('',*,*,#674,.T.);
#1003=ORIENTED_EDGE('',*,*,#717,.T.);
#1004=ORIENTED_EDGE('',*,*,#664,.T.);
#1005=ORIENTED_EDGE('',*,*,#734,.T.);
#1006=ORIENTED_EDGE('',*,*,#668,.T.);
#1007=ORIENTED_EDGE('',*,*,#718,.T.);
#1008=ORIENTED_EDGE('',*,*,#658,.T.);
#1009=ORIENTED_EDGE('',*,*,#735,.T.);
#1010=ORIENTED_EDGE('',*,*,#662,.T.);
#1011=ORIENTED_EDGE('',*,*,#719,.T.);
#1012=ORIENTED_EDGE('',*,*,#652,.T.);
#1013=ORIENTED_EDGE('',*,*,#736,.T.);
#1014=ORIENTED_EDGE('',*,*,#656,.T.);
#1015=ORIENTED_EDGE('',*,*,#720,.T.);
#1016=ORIENTED_EDGE('',*,*,#646,.T.);
#1017=ORIENTED_EDGE('',*,*,#737,.T.);
#1018=ORIENTED_EDGE('',*,*,#650,.T.);
#1019=ORIENTED_EDGE('',*,*,#721,.T.);
#1020=ORIENTED_EDGE('',*,*,#640,.T.);
#1021=ORIENTED_EDGE('',*,*,#738,.T.);
#1022=ORIENTED_EDGE('',*,*,#644,.T.);
#1023=ORIENTED_EDGE('',*,*,#722,.T.);
#1024=ORIENTED_EDGE('',*,*,#634,.T.);
#1025=ORIENTED_EDGE('',*,*,#739,.T.);
#1026=ORIENTED_EDGE('',*,*,#638,.T.);
#1027=ORIENTED_EDGE('',*,*,#723,.T.);
#1028=ORIENTED_EDGE('',*,*,#628,.T.);
#1029=ORIENTED_EDGE('',*,*,#740,.T.);
#1030=ORIENTED_EDGE('',*,*,#632,.T.);
#1031=ORIENTED_EDGE('',*,*,#724,.T.);
#1032=ORIENTED_EDGE('',*,*,#622,.T.);
#1033=ORIENTED_EDGE('',*,*,#741,.T.);
#1034=ORIENTED_EDGE('',*,*,#626,.T.);
#1035=ORIENTED_EDGE('',*,*,#725,.T.);
#1036=ORIENTED_EDGE('',*,*,#616,.T.);
#1037=ORIENTED_EDGE('',*,*,#742,.T.);
#1038=ORIENTED_EDGE('',*,*,#620,.T.);
#1039=ORIENTED_EDGE('',*,*,#726,.T.);
#1040=ORIENTED_EDGE('',*,*,#610,.T.);
#1041=ORIENTED_EDGE('',*,*,#743,.T.);
#1042=ORIENTED_EDGE('',*,*,#614,.T.);
#1043=ORIENTED_EDGE('',*,*,#727,.T.);
#1044=ORIENTED_EDGE('',*,*,#604,.T.);
#1045=ORIENTED_EDGE('',*,*,#744,.T.);
#1046=ORIENTED_EDGE('',*,*,#608,.T.);
#1047=ORIENTED_EDGE('',*,*,#728,.T.);
#1048=ORIENTED_EDGE('',*,*,#745,.F.);
#1049=ORIENTED_EDGE('',*,*,#746,.F.);
#1050=ORIENTED_EDGE('',*,*,#707,.F.);
#1051=ORIENTED_EDGE('',*,*,#714,.F.);
#1052=ORIENTED_EDGE('',*,*,#730,.F.);
#1053=ORIENTED_EDGE('',*,*,#747,.F.);
#1054=ORIENTED_EDGE('',*,*,#607,.T.);
#1055=ORIENTED_EDGE('',*,*,#708,.F.);
#1056=ORIENTED_EDGE('',*,*,#746,.T.);
#1057=ORIENTED_EDGE('',*,*,#748,.F.);
#1058=ORIENTED_EDGE('',*,*,#603,.T.);
#1059=ORIENTED_EDGE('',*,*,#749,.F.);
#1060=ORIENTED_EDGE('',*,*,#747,.T.);
#1061=ORIENTED_EDGE('',*,*,#729,.F.);
#1062=ORIENTED_EDGE('',*,*,#687,.T.);
#1063=ORIENTED_EDGE('',*,*,#731,.F.);
#1064=ORIENTED_EDGE('',*,*,#681,.T.);
#1065=ORIENTED_EDGE('',*,*,#732,.F.);
#1066=ORIENTED_EDGE('',*,*,#675,.T.);
#1067=ORIENTED_EDGE('',*,*,#733,.F.);
#1068=ORIENTED_EDGE('',*,*,#669,.T.);
#1069=ORIENTED_EDGE('',*,*,#734,.F.);
#1070=ORIENTED_EDGE('',*,*,#663,.T.);
#1071=ORIENTED_EDGE('',*,*,#735,.F.);
#1072=ORIENTED_EDGE('',*,*,#657,.T.);
#1073=ORIENTED_EDGE('',*,*,#736,.F.);
#1074=ORIENTED_EDGE('',*,*,#651,.T.);
#1075=ORIENTED_EDGE('',*,*,#737,.F.);
#1076=ORIENTED_EDGE('',*,*,#645,.T.);
#1077=ORIENTED_EDGE('',*,*,#738,.F.);
#1078=ORIENTED_EDGE('',*,*,#639,.T.);
#1079=ORIENTED_EDGE('',*,*,#739,.F.);
#1080=ORIENTED_EDGE('',*,*,#633,.T.);
#1081=ORIENTED_EDGE('',*,*,#740,.F.);
#1082=ORIENTED_EDGE('',*,*,#627,.T.);
#1083=ORIENTED_EDGE('',*,*,#741,.F.);
#1084=ORIENTED_EDGE('',*,*,#621,.T.);
#1085=ORIENTED_EDGE('',*,*,#742,.F.);
#1086=ORIENTED_EDGE('',*,*,#615,.T.);
#1087=ORIENTED_EDGE('',*,*,#743,.F.);
#1088=ORIENTED_EDGE('',*,*,#609,.T.);
#1089=ORIENTED_EDGE('',*,*,#744,.F.);
#1090=ORIENTED_EDGE('',*,*,#750,.T.);
#1091=ORIENTED_EDGE('',*,*,#602,.T.);
#1092=ORIENTED_EDGE('',*,*,#748,.T.);
#1093=ORIENTED_EDGE('',*,*,#745,.T.);
#1094=ORIENTED_EDGE('',*,*,#749,.T.);
#1095=ORIENTED_EDGE('',*,*,#751,.F.);
#1096=ORIENTED_EDGE('',*,*,#752,.T.);
#1097=ORIENTED_EDGE('',*,*,#753,.T.);
#1098=ORIENTED_EDGE('',*,*,#752,.F.);
#1099=ORIENTED_EDGE('',*,*,#753,.F.);
#1100=ORIENTED_EDGE('',*,*,#754,.F.);
#1101=ORIENTED_EDGE('',*,*,#750,.F.);
#1102=ORIENTED_EDGE('',*,*,#755,.T.);
#1103=ORIENTED_EDGE('',*,*,#754,.T.);
#1104=ORIENTED_EDGE('',*,*,#755,.F.);
#1105=ORIENTED_EDGE('',*,*,#709,.F.);
#1106=ORIENTED_EDGE('',*,*,#756,.F.);
#1107=ORIENTED_EDGE('',*,*,#757,.F.);
#1108=ORIENTED_EDGE('',*,*,#594,.F.);
#1109=ORIENTED_EDGE('',*,*,#758,.F.);
#1110=ORIENTED_EDGE('',*,*,#759,.F.);
#1111=ORIENTED_EDGE('',*,*,#760,.F.);
#1112=ORIENTED_EDGE('',*,*,#758,.T.);
#1113=ORIENTED_EDGE('',*,*,#593,.F.);
#1114=ORIENTED_EDGE('',*,*,#597,.F.);
#1115=ORIENTED_EDGE('',*,*,#600,.F.);
#1116=ORIENTED_EDGE('',*,*,#761,.F.);
#1117=ORIENTED_EDGE('',*,*,#762,.F.);
#1118=ORIENTED_EDGE('',*,*,#586,.F.);
#1119=ORIENTED_EDGE('',*,*,#590,.F.);
#1120=ORIENTED_EDGE('',*,*,#599,.T.);
#1121=ORIENTED_EDGE('',*,*,#763,.F.);
#1122=ORIENTED_EDGE('',*,*,#764,.F.);
#1123=ORIENTED_EDGE('',*,*,#761,.T.);
#1124=ORIENTED_EDGE('',*,*,#712,.F.);
#1125=ORIENTED_EDGE('',*,*,#765,.T.);
#1126=ORIENTED_EDGE('',*,*,#756,.T.);
#1127=ORIENTED_EDGE('',*,*,#711,.F.);
#1128=ORIENTED_EDGE('',*,*,#766,.F.);
#1129=ORIENTED_EDGE('',*,*,#591,.F.);
#1130=ORIENTED_EDGE('',*,*,#588,.F.);
#1131=ORIENTED_EDGE('',*,*,#767,.F.);
#1132=ORIENTED_EDGE('',*,*,#763,.T.);
#1133=ORIENTED_EDGE('',*,*,#601,.T.);
#1134=ORIENTED_EDGE('',*,*,#598,.T.);
#1135=ORIENTED_EDGE('',*,*,#595,.T.);
#1136=ORIENTED_EDGE('',*,*,#757,.T.);
#1137=ORIENTED_EDGE('',*,*,#765,.F.);
#1138=ORIENTED_EDGE('',*,*,#762,.T.);
#1139=ORIENTED_EDGE('',*,*,#764,.T.);
#1140=ORIENTED_EDGE('',*,*,#767,.T.);
#1141=ORIENTED_EDGE('',*,*,#587,.F.);
#1142=ORIENTED_EDGE('',*,*,#768,.F.);
#1143=ORIENTED_EDGE('',*,*,#589,.T.);
#1144=ORIENTED_EDGE('',*,*,#766,.T.);
#1145=ORIENTED_EDGE('',*,*,#710,.F.);
#1146=ORIENTED_EDGE('',*,*,#759,.T.);
#1147=ORIENTED_EDGE('',*,*,#760,.T.);
#1148=ORIENTED_EDGE('',*,*,#769,.T.);
#1149=ORIENTED_EDGE('',*,*,#770,.T.);
#1150=ORIENTED_EDGE('',*,*,#771,.T.);
#1151=ORIENTED_EDGE('',*,*,#770,.F.);
#1152=ORIENTED_EDGE('',*,*,#772,.T.);
#1153=ORIENTED_EDGE('',*,*,#773,.T.);
#1154=ORIENTED_EDGE('',*,*,#771,.F.);
#1155=ORIENTED_EDGE('',*,*,#773,.F.);
#1156=ORIENTED_EDGE('',*,*,#769,.F.);
#1157=ORIENTED_EDGE('',*,*,#751,.T.);
#1158=ORIENTED_EDGE('',*,*,#774,.T.);
#1159=ORIENTED_EDGE('',*,*,#775,.T.);
#1160=ORIENTED_EDGE('',*,*,#776,.T.);
#1161=ORIENTED_EDGE('',*,*,#775,.F.);
#1162=ORIENTED_EDGE('',*,*,#772,.F.);
#1163=ORIENTED_EDGE('',*,*,#776,.F.);
#1164=ORIENTED_EDGE('',*,*,#777,.F.);
#1165=ORIENTED_EDGE('',*,*,#774,.F.);
#1166=ORIENTED_EDGE('',*,*,#778,.F.);
#1167=ORIENTED_EDGE('',*,*,#779,.T.);
#1168=ORIENTED_EDGE('',*,*,#777,.T.);
#1169=ORIENTED_EDGE('',*,*,#779,.F.);
#1170=ORIENTED_EDGE('',*,*,#768,.T.);
#1171=ORIENTED_EDGE('',*,*,#780,.T.);
#1172=ORIENTED_EDGE('',*,*,#781,.F.);
#1173=ORIENTED_EDGE('',*,*,#780,.F.);
#1174=ORIENTED_EDGE('',*,*,#781,.T.);
#1175=ORIENTED_EDGE('',*,*,#778,.T.);
#1176=CYLINDRICAL_SURFACE('',#1313,0.985);
#1177=CYLINDRICAL_SURFACE('',#1315,0.985);
#1178=CYLINDRICAL_SURFACE('',#1316,0.9038125);
#1179=CYLINDRICAL_SURFACE('',#1317,0.9038125);
#1180=CYLINDRICAL_SURFACE('',#1318,0.9038125);
#1181=CYLINDRICAL_SURFACE('',#1319,0.1);
#1182=CYLINDRICAL_SURFACE('',#1322,0.1);
#1183=CYLINDRICAL_SURFACE('',#1325,0.1);
#1184=CYLINDRICAL_SURFACE('',#1328,0.1);
#1185=CYLINDRICAL_SURFACE('',#1331,0.1);
#1186=CYLINDRICAL_SURFACE('',#1334,0.1);
#1187=CYLINDRICAL_SURFACE('',#1337,0.1);
#1188=CYLINDRICAL_SURFACE('',#1340,0.1);
#1189=CYLINDRICAL_SURFACE('',#1343,0.1);
#1190=CYLINDRICAL_SURFACE('',#1346,0.1);
#1191=CYLINDRICAL_SURFACE('',#1349,0.1);
#1192=CYLINDRICAL_SURFACE('',#1352,0.1);
#1193=CYLINDRICAL_SURFACE('',#1355,0.1);
#1194=CYLINDRICAL_SURFACE('',#1358,0.1);
#1195=CYLINDRICAL_SURFACE('',#1361,0.1);
#1196=CYLINDRICAL_SURFACE('',#1384,1.2);
#1197=CYLINDRICAL_SURFACE('',#1386,1.2);
#1198=CYLINDRICAL_SURFACE('',#1388,1.2);
#1199=CYLINDRICAL_SURFACE('',#1390,1.2);
#1200=CYLINDRICAL_SURFACE('',#1392,1.2);
#1201=CYLINDRICAL_SURFACE('',#1394,1.2);
#1202=CYLINDRICAL_SURFACE('',#1396,1.2);
#1203=CYLINDRICAL_SURFACE('',#1398,1.2);
#1204=CYLINDRICAL_SURFACE('',#1400,1.2);
#1205=CYLINDRICAL_SURFACE('',#1402,1.2);
#1206=CYLINDRICAL_SURFACE('',#1404,1.2);
#1207=CYLINDRICAL_SURFACE('',#1406,1.2);
#1208=CYLINDRICAL_SURFACE('',#1408,1.2);
#1209=CYLINDRICAL_SURFACE('',#1410,1.2);
#1210=CYLINDRICAL_SURFACE('',#1412,1.2);
#1211=CYLINDRICAL_SURFACE('',#1444,0.1);
#1212=CYLINDRICAL_SURFACE('',#1446,1.2);
#1213=CYLINDRICAL_SURFACE('',#1452,0.61);
#1214=CYLINDRICAL_SURFACE('',#1457,0.5);
#1215=CYLINDRICAL_SURFACE('',#1459,0.9038125);
#1216=CYLINDRICAL_SURFACE('',#1461,0.995);
#1217=CYLINDRICAL_SURFACE('',#1464,0.985);
#1218=CYLINDRICAL_SURFACE('',#1468,0.7);
#1219=CYLINDRICAL_SURFACE('',#1471,0.6);
#1220=CYLINDRICAL_SURFACE('',#1477,0.7);
#1221=CYLINDRICAL_SURFACE('',#1479,0.8938125);
#1222=ADVANCED_FACE('',(#51),#1176,.T.);
#1223=ADVANCED_FACE('',(#52),#1177,.T.);
#1224=ADVANCED_FACE('',(#53),#1178,.T.);
#1225=ADVANCED_FACE('',(#54),#1179,.T.);
#1226=ADVANCED_FACE('',(#55),#1180,.T.);
#1227=ADVANCED_FACE('',(#56),#1181,.F.);
#1228=ADVANCED_FACE('',(#57),#1182,.F.);
#1229=ADVANCED_FACE('',(#58),#1183,.F.);
#1230=ADVANCED_FACE('',(#59),#1184,.F.);
#1231=ADVANCED_FACE('',(#60),#1185,.F.);
#1232=ADVANCED_FACE('',(#61),#1186,.F.);
#1233=ADVANCED_FACE('',(#62),#1187,.F.);
#1234=ADVANCED_FACE('',(#63),#1188,.F.);
#1235=ADVANCED_FACE('',(#64),#1189,.F.);
#1236=ADVANCED_FACE('',(#65),#1190,.F.);
#1237=ADVANCED_FACE('',(#66),#1191,.F.);
#1238=ADVANCED_FACE('',(#67),#1192,.F.);
#1239=ADVANCED_FACE('',(#68),#1193,.F.);
#1240=ADVANCED_FACE('',(#69),#1194,.F.);
#1241=ADVANCED_FACE('',(#70),#1195,.F.);
#1242=ADVANCED_FACE('',(#71,#34),#42,.F.);
#1243=ADVANCED_FACE('',(#72),#1196,.T.);
#1244=ADVANCED_FACE('',(#73),#1197,.T.);
#1245=ADVANCED_FACE('',(#74),#1198,.T.);
#1246=ADVANCED_FACE('',(#75),#1199,.T.);
#1247=ADVANCED_FACE('',(#76),#1200,.T.);
#1248=ADVANCED_FACE('',(#77),#1201,.T.);
#1249=ADVANCED_FACE('',(#78),#1202,.T.);
#1250=ADVANCED_FACE('',(#79),#1203,.T.);
#1251=ADVANCED_FACE('',(#80),#1204,.T.);
#1252=ADVANCED_FACE('',(#81),#1205,.T.);
#1253=ADVANCED_FACE('',(#82),#1206,.T.);
#1254=ADVANCED_FACE('',(#83),#1207,.T.);
#1255=ADVANCED_FACE('',(#84),#1208,.T.);
#1256=ADVANCED_FACE('',(#85),#1209,.T.);
#1257=ADVANCED_FACE('',(#86),#1210,.T.);
#1258=ADVANCED_FACE('',(#87),#17,.T.);
#1259=ADVANCED_FACE('',(#88),#18,.T.);
#1260=ADVANCED_FACE('',(#89),#19,.T.);
#1261=ADVANCED_FACE('',(#90),#20,.T.);
#1262=ADVANCED_FACE('',(#91),#21,.T.);
#1263=ADVANCED_FACE('',(#92),#22,.T.);
#1264=ADVANCED_FACE('',(#93),#23,.T.);
#1265=ADVANCED_FACE('',(#94),#24,.T.);
#1266=ADVANCED_FACE('',(#95),#25,.T.);
#1267=ADVANCED_FACE('',(#96),#26,.T.);
#1268=ADVANCED_FACE('',(#97),#27,.T.);
#1269=ADVANCED_FACE('',(#98),#28,.T.);
#1270=ADVANCED_FACE('',(#99),#29,.T.);
#1271=ADVANCED_FACE('',(#100),#30,.T.);
#1272=ADVANCED_FACE('',(#101),#31,.T.);
#1273=ADVANCED_FACE('',(#102),#1211,.F.);
#1274=ADVANCED_FACE('',(#103),#1212,.T.);
#1275=ADVANCED_FACE('',(#104,#35),#43,.T.);
#1276=ADVANCED_FACE('',(#105),#32,.T.);
#1277=ADVANCED_FACE('',(#106),#1213,.F.);
#1278=ADVANCED_FACE('',(#107,#36),#44,.F.);
#1279=ADVANCED_FACE('',(#108),#1214,.F.);
#1280=ADVANCED_FACE('',(#109),#45,.F.);
#1281=ADVANCED_FACE('',(#110),#15,.F.);
#1282=ADVANCED_FACE('',(#111),#1215,.T.);
#1283=ADVANCED_FACE('',(#112),#1216,.F.);
#1284=ADVANCED_FACE('',(#113),#16,.F.);
#1285=ADVANCED_FACE('',(#114,#37),#46,.F.);
#1286=ADVANCED_FACE('',(#115),#1217,.T.);
#1287=ADVANCED_FACE('',(#116),#33,.T.);
#1288=ADVANCED_FACE('',(#117),#1218,.T.);
#1289=ADVANCED_FACE('',(#118,#38),#47,.F.);
#1290=ADVANCED_FACE('',(#119),#1219,.T.);
#1291=ADVANCED_FACE('',(#120,#39),#48,.T.);
#1292=ADVANCED_FACE('',(#121,#40),#49,.F.);
#1293=ADVANCED_FACE('',(#122),#1220,.T.);
#1294=ADVANCED_FACE('',(#123),#1221,.T.);
#1295=ADVANCED_FACE('',(#124,#41),#50,.F.);
#1296=CLOSED_SHELL('',(#1222,#1223,#1224,#1225,#1226,#1227,#1228,#1229,
#1230,#1231,#1232,#1233,#1234,#1235,#1236,#1237,#1238,#1239,#1240,#1241,
#1242,#1243,#1244,#1245,#1246,#1247,#1248,#1249,#1250,#1251,#1252,#1253,
#1254,#1255,#1256,#1257,#1258,#1259,#1260,#1261,#1262,#1263,#1264,#1265,
#1266,#1267,#1268,#1269,#1270,#1271,#1272,#1273,#1274,#1275,#1276,#1277,
#1278,#1279,#1280,#1281,#1282,#1283,#1284,#1285,#1286,#1287,#1288,#1289,
#1290,#1291,#1292,#1293,#1294,#1295));
#1297=DERIVED_UNIT_ELEMENT(#1300,1.);
#1298=DERIVED_UNIT_ELEMENT(#3222,-3.);
#1299=DIMENSIONAL_EXPONENTS(0.,1.,0.,0.,0.,0.,0.);
#1300=(
CONVERSION_BASED_UNIT('gram',#1302)
MASS_UNIT()
NAMED_UNIT(#1299)
);
#1301=(
MASS_UNIT()
NAMED_UNIT(*)
SI_UNIT(.KILO.,.GRAM.)
);
#1302=MASS_MEASURE_WITH_UNIT(MASS_MEASURE(0.001),#1301);
#1303=DERIVED_UNIT((#1297,#1298));
#1304=MEASURE_REPRESENTATION_ITEM('density measure',
POSITIVE_RATIO_MEASURE(1.),#1303);
#1305=PROPERTY_DEFINITION_REPRESENTATION(#1310,#1307);
#1306=PROPERTY_DEFINITION_REPRESENTATION(#1311,#1308);
#1307=REPRESENTATION('material name',(#1309),#3220);
#1308=REPRESENTATION('density',(#1304),#3220);
#1309=DESCRIPTIVE_REPRESENTATION_ITEM('Generic','Generic');
#1310=PROPERTY_DEFINITION('material property','material name',#3229);
#1311=PROPERTY_DEFINITION('material property','density of part',#3229);
#1312=AXIS2_PLACEMENT_3D('',#1872,#1482,#1483);
#1313=AXIS2_PLACEMENT_3D('',#1873,#1484,#1485);
#1314=AXIS2_PLACEMENT_3D('',#1910,#1487,#1488);
#1315=AXIS2_PLACEMENT_3D('',#1922,#1489,#1490);
#1316=AXIS2_PLACEMENT_3D('',#1985,#1492,#1493);
#1317=AXIS2_PLACEMENT_3D('',#2000,#1496,#1497);
#1318=AXIS2_PLACEMENT_3D('',#2038,#1499,#1500);
#1319=AXIS2_PLACEMENT_3D('',#2075,#1502,#1503);
#1320=AXIS2_PLACEMENT_3D('',#2088,#1504,#1505);
#1321=AXIS2_PLACEMENT_3D('',#2101,#1507,#1508);
#1322=AXIS2_PLACEMENT_3D('',#2103,#1510,#1511);
#1323=AXIS2_PLACEMENT_3D('',#2116,#1512,#1513);
#1324=AXIS2_PLACEMENT_3D('',#2129,#1515,#1516);
#1325=AXIS2_PLACEMENT_3D('',#2131,#1518,#1519);
#1326=AXIS2_PLACEMENT_3D('',#2144,#1520,#1521);
#1327=AXIS2_PLACEMENT_3D('',#2157,#1523,#1524);
#1328=AXIS2_PLACEMENT_3D('',#2159,#1526,#1527);
#1329=AXIS2_PLACEMENT_3D('',#2172,#1528,#1529);
#1330=AXIS2_PLACEMENT_3D('',#2185,#1531,#1532);
#1331=AXIS2_PLACEMENT_3D('',#2187,#1534,#1535);
#1332=AXIS2_PLACEMENT_3D('',#2200,#1536,#1537);
#1333=AXIS2_PLACEMENT_3D('',#2213,#1539,#1540);
#1334=AXIS2_PLACEMENT_3D('',#2215,#1542,#1543);
#1335=AXIS2_PLACEMENT_3D('',#2228,#1544,#1545);
#1336=AXIS2_PLACEMENT_3D('',#2241,#1547,#1548);
#1337=AXIS2_PLACEMENT_3D('',#2243,#1550,#1551);
#1338=AXIS2_PLACEMENT_3D('',#2256,#1552,#1553);
#1339=AXIS2_PLACEMENT_3D('',#2269,#1555,#1556);
#1340=AXIS2_PLACEMENT_3D('',#2271,#1558,#1559);
#1341=AXIS2_PLACEMENT_3D('',#2284,#1560,#1561);
#1342=AXIS2_PLACEMENT_3D('',#2297,#1563,#1564);
#1343=AXIS2_PLACEMENT_3D('',#2299,#1566,#1567);
#1344=AXIS2_PLACEMENT_3D('',#2312,#1568,#1569);
#1345=AXIS2_PLACEMENT_3D('',#2325,#1571,#1572);
#1346=AXIS2_PLACEMENT_3D('',#2327,#1574,#1575);
#1347=AXIS2_PLACEMENT_3D('',#2340,#1576,#1577);
#1348=AXIS2_PLACEMENT_3D('',#2353,#1579,#1580);
#1349=AXIS2_PLACEMENT_3D('',#2355,#1582,#1583);
#1350=AXIS2_PLACEMENT_3D('',#2368,#1584,#1585);
#1351=AXIS2_PLACEMENT_3D('',#2381,#1587,#1588);
#1352=AXIS2_PLACEMENT_3D('',#2383,#1590,#1591);
#1353=AXIS2_PLACEMENT_3D('',#2396,#1592,#1593);
#1354=AXIS2_PLACEMENT_3D('',#2409,#1595,#1596);
#1355=AXIS2_PLACEMENT_3D('',#2411,#1598,#1599);
#1356=AXIS2_PLACEMENT_3D('',#2424,#1600,#1601);
#1357=AXIS2_PLACEMENT_3D('',#2437,#1603,#1604);
#1358=AXIS2_PLACEMENT_3D('',#2439,#1606,#1607);
#1359=AXIS2_PLACEMENT_3D('',#2452,#1608,#1609);
#1360=AXIS2_PLACEMENT_3D('',#2465,#1611,#1612);
#1361=AXIS2_PLACEMENT_3D('',#2467,#1614,#1615);
#1362=AXIS2_PLACEMENT_3D('',#2480,#1616,#1617);
#1363=AXIS2_PLACEMENT_3D('',#2493,#1619,#1620);
#1364=AXIS2_PLACEMENT_3D('',#2495,#1622,#1623);
#1365=AXIS2_PLACEMENT_3D('',#2496,#1624,#1625);
#1366=AXIS2_PLACEMENT_3D('',#2497,#1626,#1627);
#1367=AXIS2_PLACEMENT_3D('',#2498,#1628,#1629);
#1368=AXIS2_PLACEMENT_3D('',#2499,#1630,#1631);
#1369=AXIS2_PLACEMENT_3D('',#2500,#1632,#1633);
#1370=AXIS2_PLACEMENT_3D('',#2501,#1634,#1635);
#1371=AXIS2_PLACEMENT_3D('',#2502,#1636,#1637);
#1372=AXIS2_PLACEMENT_3D('',#2503,#1638,#1639);
#1373=AXIS2_PLACEMENT_3D('',#2504,#1640,#1641);
#1374=AXIS2_PLACEMENT_3D('',#2505,#1642,#1643);
#1375=AXIS2_PLACEMENT_3D('',#2506,#1644,#1645);
#1376=AXIS2_PLACEMENT_3D('',#2507,#1646,#1647);
#1377=AXIS2_PLACEMENT_3D('',#2508,#1648,#1649);
#1378=AXIS2_PLACEMENT_3D('',#2509,#1650,#1651);
#1379=AXIS2_PLACEMENT_3D('',#2511,#1652,#1653);
#1380=AXIS2_PLACEMENT_3D('',#2513,#1654,#1655);
#1381=AXIS2_PLACEMENT_3D('',#2514,#1656,#1657);
#1382=AXIS2_PLACEMENT_3D('',#2519,#1659,#1660);
#1383=AXIS2_PLACEMENT_3D('',#2528,#1661,#1662);
#1384=AXIS2_PLACEMENT_3D('',#2529,#1663,#1664);
#1385=AXIS2_PLACEMENT_3D('',#2531,#1665,#1666);
#1386=AXIS2_PLACEMENT_3D('',#2533,#1668,#1669);
#1387=AXIS2_PLACEMENT_3D('',#2534,#1670,#1671);
#1388=AXIS2_PLACEMENT_3D('',#2535,#1672,#1673);
#1389=AXIS2_PLACEMENT_3D('',#2536,#1674,#1675);
#1390=AXIS2_PLACEMENT_3D('',#2537,#1676,#1677);
#1391=AXIS2_PLACEMENT_3D('',#2538,#1678,#1679);
#1392=AXIS2_PLACEMENT_3D('',#2539,#1680,#1681);
#1393=AXIS2_PLACEMENT_3D('',#2540,#1682,#1683);
#1394=AXIS2_PLACEMENT_3D('',#2541,#1684,#1685);
#1395=AXIS2_PLACEMENT_3D('',#2542,#1686,#1687);
#1396=AXIS2_PLACEMENT_3D('',#2543,#1688,#1689);
#1397=AXIS2_PLACEMENT_3D('',#2544,#1690,#1691);
#1398=AXIS2_PLACEMENT_3D('',#2545,#1692,#1693);
#1399=AXIS2_PLACEMENT_3D('',#2546,#1694,#1695);
#1400=AXIS2_PLACEMENT_3D('',#2547,#1696,#1697);
#1401=AXIS2_PLACEMENT_3D('',#2548,#1698,#1699);
#1402=AXIS2_PLACEMENT_3D('',#2549,#1700,#1701);
#1403=AXIS2_PLACEMENT_3D('',#2550,#1702,#1703);
#1404=AXIS2_PLACEMENT_3D('',#2551,#1704,#1705);
#1405=AXIS2_PLACEMENT_3D('',#2552,#1706,#1707);
#1406=AXIS2_PLACEMENT_3D('',#2553,#1708,#1709);
#1407=AXIS2_PLACEMENT_3D('',#2554,#1710,#1711);
#1408=AXIS2_PLACEMENT_3D('',#2555,#1712,#1713);
#1409=AXIS2_PLACEMENT_3D('',#2556,#1714,#1715);
#1410=AXIS2_PLACEMENT_3D('',#2557,#1716,#1717);
#1411=AXIS2_PLACEMENT_3D('',#2558,#1718,#1719);
#1412=AXIS2_PLACEMENT_3D('',#2559,#1720,#1721);
#1413=AXIS2_PLACEMENT_3D('',#2560,#1722,#1723);
#1414=AXIS2_PLACEMENT_3D('',#2561,#1724,#1725);
#1415=AXIS2_PLACEMENT_3D('',#2563,#1726,#1727);
#1416=AXIS2_PLACEMENT_3D('',#2573,#1728,#1729);
#1417=AXIS2_PLACEMENT_3D('',#2574,#1730,#1731);
#1418=AXIS2_PLACEMENT_3D('',#2575,#1732,#1733);
#1419=AXIS2_PLACEMENT_3D('',#2576,#1734,#1735);
#1420=AXIS2_PLACEMENT_3D('',#2577,#1736,#1737);
#1421=AXIS2_PLACEMENT_3D('',#2578,#1738,#1739);
#1422=AXIS2_PLACEMENT_3D('',#2579,#1740,#1741);
#1423=AXIS2_PLACEMENT_3D('',#2580,#1742,#1743);
#1424=AXIS2_PLACEMENT_3D('',#2581,#1744,#1745);
#1425=AXIS2_PLACEMENT_3D('',#2582,#1746,#1747);
#1426=AXIS2_PLACEMENT_3D('',#2583,#1748,#1749);
#1427=AXIS2_PLACEMENT_3D('',#2584,#1750,#1751);
#1428=AXIS2_PLACEMENT_3D('',#2585,#1752,#1753);
#1429=AXIS2_PLACEMENT_3D('',#2586,#1754,#1755);
#1430=AXIS2_PLACEMENT_3D('',#2587,#1756,#1757);
#1431=AXIS2_PLACEMENT_3D('',#2588,#1758,#1759);
#1432=AXIS2_PLACEMENT_3D('',#2589,#1760,#1761);
#1433=AXIS2_PLACEMENT_3D('',#2590,#1762,#1763);
#1434=AXIS2_PLACEMENT_3D('',#2591,#1764,#1765);
#1435=AXIS2_PLACEMENT_3D('',#2592,#1766,#1767);
#1436=AXIS2_PLACEMENT_3D('',#2593,#1768,#1769);
#1437=AXIS2_PLACEMENT_3D('',#2594,#1770,#1771);
#1438=AXIS2_PLACEMENT_3D('',#2595,#1772,#1773);
#1439=AXIS2_PLACEMENT_3D('',#2596,#1774,#1775);
#1440=AXIS2_PLACEMENT_3D('',#2597,#1776,#1777);
#1441=AXIS2_PLACEMENT_3D('',#2598,#1778,#1779);
#1442=AXIS2_PLACEMENT_3D('',#2599,#1780,#1781);
#1443=AXIS2_PLACEMENT_3D('',#2600,#1782,#1783);
#1444=AXIS2_PLACEMENT_3D('',#2601,#1784,#1785);
#1445=AXIS2_PLACEMENT_3D('',#2613,#1787,#1788);
#1446=AXIS2_PLACEMENT_3D('',#2614,#1789,#1790);
#1447=AXIS2_PLACEMENT_3D('',#2615,#1791,#1792);
#1448=AXIS2_PLACEMENT_3D('',#2616,#1793,#1794);
#1449=AXIS2_PLACEMENT_3D('',#2617,#1795,#1796);
#1450=AXIS2_PLACEMENT_3D('',#2619,#1797,#1798);
#1451=AXIS2_PLACEMENT_3D('',#2620,#1799,#1800);
#1452=AXIS2_PLACEMENT_3D('',#2621,#1801,#1802);
#1453=AXIS2_PLACEMENT_3D('',#2623,#1803,#1804);
#1454=AXIS2_PLACEMENT_3D('',#2626,#1806,#1807);
#1455=AXIS2_PLACEMENT_3D('',#2627,#1808,#1809);
#1456=AXIS2_PLACEMENT_3D('',#2629,#1810,#1811);
#1457=AXIS2_PLACEMENT_3D('',#2630,#1812,#1813);
#1458=AXIS2_PLACEMENT_3D('',#2632,#1815,#1816);
#1459=AXIS2_PLACEMENT_3D('',#2888,#1821,#1822);
#1460=AXIS2_PLACEMENT_3D('',#2903,#1823,#1824);
#1461=AXIS2_PLACEMENT_3D('',#2904,#1825,#1826);
#1462=AXIS2_PLACEMENT_3D('',#3184,#1827,#1828);
#1463=AXIS2_PLACEMENT_3D('',#3186,#1829,#1830);
#1464=AXIS2_PLACEMENT_3D('',#3187,#1831,#1832);
#1465=AXIS2_PLACEMENT_3D('',#3188,#1833,#1834);
#1466=AXIS2_PLACEMENT_3D('',#3190,#1835,#1836);
#1467=AXIS2_PLACEMENT_3D('',#3193,#1838,#1839);
#1468=AXIS2_PLACEMENT_3D('',#3194,#1840,#1841);
#1469=AXIS2_PLACEMENT_3D('',#3196,#1842,#1843);
#1470=AXIS2_PLACEMENT_3D('',#3198,#1845,#1846);
#1471=AXIS2_PLACEMENT_3D('',#3199,#1847,#1848);
#1472=AXIS2_PLACEMENT_3D('',#3201,#1849,#1850);
#1473=AXIS2_PLACEMENT_3D('',#3204,#1852,#1853);
#1474=AXIS2_PLACEMENT_3D('',#3205,#1854,#1855);
#1475=AXIS2_PLACEMENT_3D('',#3206,#1856,#1857);
#1476=AXIS2_PLACEMENT_3D('',#3208,#1858,#1859);
#1477=AXIS2_PLACEMENT_3D('',#3209,#1860,#1861);
#1478=AXIS2_PLACEMENT_3D('',#3211,#1862,#1863);
#1479=AXIS2_PLACEMENT_3D('',#3213,#1865,#1866);
#1480=AXIS2_PLACEMENT_3D('',#3216,#1868,#1869);
#1481=AXIS2_PLACEMENT_3D('',#3217,#1870,#1871);
#1482=DIRECTION('axis',(0.,0.,1.));
#1483=DIRECTION('refdir',(1.,0.,0.));
#1484=DIRECTION('center_axis',(0.,0.,1.));
#1485=DIRECTION('ref_axis',(-1.,0.,0.));
#1486=DIRECTION('',(0.,0.,-1.));
#1487=DIRECTION('center_axis',(0.,0.,1.));
#1488=DIRECTION('ref_axis',(-1.,0.,0.));
#1489=DIRECTION('center_axis',(0.,0.,1.));
#1490=DIRECTION('ref_axis',(-1.,0.,0.));
#1491=DIRECTION('',(0.,0.,-1.));
#1492=DIRECTION('center_axis',(0.,0.,1.));
#1493=DIRECTION('ref_axis',(-0.986076699695545,-0.166291137218858,0.));
#1494=DIRECTION('',(0.,0.,1.));
#1495=DIRECTION('',(0.,0.,1.));
#1496=DIRECTION('center_axis',(0.,0.,1.));
#1497=DIRECTION('ref_axis',(1.,0.,0.));
#1498=DIRECTION('',(0.,0.,1.));
#1499=DIRECTION('center_axis',(0.,0.,1.));
#1500=DIRECTION('ref_axis',(1.,0.,0.));
#1501=DIRECTION('',(0.,0.,1.));
#1502=DIRECTION('center_axis',(0.,0.,-1.));
#1503=DIRECTION('ref_axis',(-0.923879532511287,0.38268343236509,0.));
#1504=DIRECTION('center_axis',(0.,0.,-1.));
#1505=DIRECTION('ref_axis',(-0.923879532511287,0.38268343236509,0.));
#1506=DIRECTION('',(0.,0.,1.));
#1507=DIRECTION('center_axis',(0.,0.,1.));
#1508=DIRECTION('ref_axis',(-0.923879532511287,0.38268343236509,0.));
#1509=DIRECTION('',(0.,0.,-1.));
#1510=DIRECTION('center_axis',(0.,0.,-1.));
#1511=DIRECTION('ref_axis',(-0.707106781186547,0.707106781186548,0.));
#1512=DIRECTION('center_axis',(0.,0.,-1.));
#1513=DIRECTION('ref_axis',(-0.707106781186547,0.707106781186548,0.));
#1514=DIRECTION('',(0.,0.,1.));
#1515=DIRECTION('center_axis',(0.,0.,1.));
#1516=DIRECTION('ref_axis',(-0.707106781186547,0.707106781186548,0.));
#1517=DIRECTION('',(0.,0.,-1.));
#1518=DIRECTION('center_axis',(0.,0.,-1.));
#1519=DIRECTION('ref_axis',(-0.382683432365089,0.923879532511287,0.));
#1520=DIRECTION('center_axis',(0.,0.,-1.));
#1521=DIRECTION('ref_axis',(-0.382683432365089,0.923879532511287,0.));
#1522=DIRECTION('',(0.,0.,1.));
#1523=DIRECTION('center_axis',(0.,0.,1.));
#1524=DIRECTION('ref_axis',(-0.382683432365089,0.923879532511287,0.));
#1525=DIRECTION('',(0.,0.,-1.));
#1526=DIRECTION('center_axis',(0.,0.,-1.));
#1527=DIRECTION('ref_axis',(1.11022302462516E-15,1.,0.));
#1528=DIRECTION('center_axis',(0.,0.,-1.));
#1529=DIRECTION('ref_axis',(1.11022302462516E-15,1.,0.));
#1530=DIRECTION('',(0.,0.,1.));
#1531=DIRECTION('center_axis',(0.,0.,1.));
#1532=DIRECTION('ref_axis',(1.11022302462516E-15,1.,0.));
#1533=DIRECTION('',(0.,0.,-1.));
#1534=DIRECTION('center_axis',(0.,0.,-1.));
#1535=DIRECTION('ref_axis',(0.38268343236509,0.923879532511287,0.));
#1536=DIRECTION('center_axis',(0.,0.,-1.));
#1537=DIRECTION('ref_axis',(0.38268343236509,0.923879532511287,0.));
#1538=DIRECTION('',(0.,0.,1.));
#1539=DIRECTION('center_axis',(0.,0.,1.));
#1540=DIRECTION('ref_axis',(0.38268343236509,0.923879532511287,0.));
#1541=DIRECTION('',(0.,0.,-1.));
#1542=DIRECTION('center_axis',(0.,0.,-1.));
#1543=DIRECTION('ref_axis',(0.707106781186548,0.707106781186547,0.));
#1544=DIRECTION('center_axis',(0.,0.,-1.));
#1545=DIRECTION('ref_axis',(0.707106781186548,0.707106781186547,0.));
#1546=DIRECTION('',(0.,0.,1.));
#1547=DIRECTION('center_axis',(0.,0.,1.));
#1548=DIRECTION('ref_axis',(0.707106781186548,0.707106781186547,0.));
#1549=DIRECTION('',(0.,0.,-1.));
#1550=DIRECTION('center_axis',(0.,0.,-1.));
#1551=DIRECTION('ref_axis',(0.923879532511287,0.382683432365089,0.));
#1552=DIRECTION('center_axis',(0.,0.,-1.));
#1553=DIRECTION('ref_axis',(0.923879532511287,0.382683432365089,0.));
#1554=DIRECTION('',(0.,0.,1.));
#1555=DIRECTION('center_axis',(0.,0.,1.));
#1556=DIRECTION('ref_axis',(0.923879532511287,0.382683432365089,0.));
#1557=DIRECTION('',(0.,0.,-1.));
#1558=DIRECTION('center_axis',(0.,0.,-1.));
#1559=DIRECTION('ref_axis',(1.,-5.55111512312578E-16,0.));
#1560=DIRECTION('center_axis',(0.,0.,-1.));
#1561=DIRECTION('ref_axis',(1.,-5.55111512312578E-16,0.));
#1562=DIRECTION('',(0.,0.,1.));
#1563=DIRECTION('center_axis',(0.,0.,1.));
#1564=DIRECTION('ref_axis',(1.,-5.55111512312578E-16,0.));
#1565=DIRECTION('',(0.,0.,-1.));
#1566=DIRECTION('center_axis',(0.,0.,-1.));
#1567=DIRECTION('ref_axis',(0.923879532511287,-0.38268343236509,0.));
#1568=DIRECTION('center_axis',(0.,0.,-1.));
#1569=DIRECTION('ref_axis',(0.923879532511287,-0.38268343236509,0.));
#1570=DIRECTION('',(0.,0.,1.));
#1571=DIRECTION('center_axis',(0.,0.,1.));
#1572=DIRECTION('ref_axis',(0.923879532511287,-0.38268343236509,0.));
#1573=DIRECTION('',(0.,0.,-1.));
#1574=DIRECTION('center_axis',(0.,0.,-1.));
#1575=DIRECTION('ref_axis',(0.707106781186547,-0.707106781186548,0.));
#1576=DIRECTION('center_axis',(0.,0.,-1.));
#1577=DIRECTION('ref_axis',(0.707106781186547,-0.707106781186548,0.));
#1578=DIRECTION('',(0.,0.,1.));
#1579=DIRECTION('center_axis',(0.,0.,1.));
#1580=DIRECTION('ref_axis',(0.707106781186547,-0.707106781186548,0.));
#1581=DIRECTION('',(0.,0.,-1.));
#1582=DIRECTION('center_axis',(0.,0.,-1.));
#1583=DIRECTION('ref_axis',(0.38268343236509,-0.923879532511287,0.));
#1584=DIRECTION('center_axis',(0.,0.,-1.));
#1585=DIRECTION('ref_axis',(0.38268343236509,-0.923879532511287,0.));
#1586=DIRECTION('',(0.,0.,1.));
#1587=DIRECTION('center_axis',(0.,0.,1.));
#1588=DIRECTION('ref_axis',(0.38268343236509,-0.923879532511287,0.));
#1589=DIRECTION('',(0.,0.,-1.));
#1590=DIRECTION('center_axis',(0.,0.,-1.));
#1591=DIRECTION('ref_axis',(-2.08166817117217E-16,-1.,0.));
#1592=DIRECTION('center_axis',(0.,0.,-1.));
#1593=DIRECTION('ref_axis',(-2.08166817117217E-16,-1.,0.));
#1594=DIRECTION('',(0.,0.,1.));
#1595=DIRECTION('center_axis',(0.,0.,1.));
#1596=DIRECTION('ref_axis',(-2.08166817117217E-16,-1.,0.));
#1597=DIRECTION('',(0.,0.,-1.));
#1598=DIRECTION('center_axis',(0.,0.,-1.));
#1599=DIRECTION('ref_axis',(-0.38268343236509,-0.923879532511287,0.));
#1600=DIRECTION('center_axis',(0.,0.,-1.));
#1601=DIRECTION('ref_axis',(-0.38268343236509,-0.923879532511287,0.));
#1602=DIRECTION('',(0.,0.,1.));
#1603=DIRECTION('center_axis',(0.,0.,1.));
#1604=DIRECTION('ref_axis',(-0.38268343236509,-0.923879532511287,0.));
#1605=DIRECTION('',(0.,0.,-1.));
#1606=DIRECTION('center_axis',(0.,0.,-1.));
#1607=DIRECTION('ref_axis',(-0.707106781186548,-0.707106781186547,0.));
#1608=DIRECTION('center_axis',(0.,0.,-1.));
#1609=DIRECTION('ref_axis',(-0.707106781186548,-0.707106781186547,0.));
#1610=DIRECTION('',(0.,0.,1.));
#1611=DIRECTION('center_axis',(0.,0.,1.));
#1612=DIRECTION('ref_axis',(-0.707106781186548,-0.707106781186547,0.));
#1613=DIRECTION('',(0.,0.,-1.));
#1614=DIRECTION('center_axis',(0.,0.,-1.));
#1615=DIRECTION('ref_axis',(-0.923879532511287,-0.38268343236509,0.));
#1616=DIRECTION('center_axis',(0.,0.,-1.));
#1617=DIRECTION('ref_axis',(-0.923879532511287,-0.38268343236509,0.));
#1618=DIRECTION('',(0.,0.,1.));
#1619=DIRECTION('center_axis',(0.,0.,1.));
#1620=DIRECTION('ref_axis',(-0.923879532511287,-0.38268343236509,0.));
#1621=DIRECTION('',(0.,0.,-1.));
#1622=DIRECTION('center_axis',(0.,0.,1.));
#1623=DIRECTION('ref_axis',(1.,0.,0.));
#1624=DIRECTION('center_axis',(0.,0.,-1.));
#1625=DIRECTION('ref_axis',(-1.,0.,0.));
#1626=DIRECTION('center_axis',(0.,0.,-1.));
#1627=DIRECTION('ref_axis',(-1.,0.,0.));
#1628=DIRECTION('center_axis',(0.,0.,-1.));
#1629=DIRECTION('ref_axis',(-1.,0.,0.));
#1630=DIRECTION('center_axis',(0.,0.,-1.));
#1631=DIRECTION('ref_axis',(-1.,0.,0.));
#1632=DIRECTION('center_axis',(0.,0.,-1.));
#1633=DIRECTION('ref_axis',(-1.,0.,0.));
#1634=DIRECTION('center_axis',(0.,0.,-1.));
#1635=DIRECTION('ref_axis',(-1.,0.,0.));
#1636=DIRECTION('center_axis',(0.,0.,-1.));
#1637=DIRECTION('ref_axis',(-1.,0.,0.));
#1638=DIRECTION('center_axis',(0.,0.,-1.));
#1639=DIRECTION('ref_axis',(-1.,0.,0.));
#1640=DIRECTION('center_axis',(0.,0.,-1.));
#1641=DIRECTION('ref_axis',(-1.,0.,0.));
#1642=DIRECTION('center_axis',(0.,0.,-1.));
#1643=DIRECTION('ref_axis',(-1.,0.,0.));
#1644=DIRECTION('center_axis',(0.,0.,-1.));
#1645=DIRECTION('ref_axis',(-1.,0.,0.));
#1646=DIRECTION('center_axis',(0.,0.,-1.));
#1647=DIRECTION('ref_axis',(-1.,0.,0.));
#1648=DIRECTION('center_axis',(0.,0.,-1.));
#1649=DIRECTION('ref_axis',(-1.,0.,0.));
#1650=DIRECTION('center_axis',(0.,0.,-1.));
#1651=DIRECTION('ref_axis',(-1.,0.,0.));
#1652=DIRECTION('center_axis',(0.,0.,-1.));
#1653=DIRECTION('ref_axis',(-1.,0.,0.));
#1654=DIRECTION('center_axis',(0.,0.,1.));
#1655=DIRECTION('ref_axis',(-1.,0.,0.));
#1656=DIRECTION('center_axis',(0.,0.,-1.));
#1657=DIRECTION('ref_axis',(-1.,0.,0.));
#1658=DIRECTION('',(0.944680447779455,0.327992151709775,0.));
#1659=DIRECTION('center_axis',(0.,0.,1.));
#1660=DIRECTION('ref_axis',(-1.,0.,0.));
#1661=DIRECTION('center_axis',(0.,0.,1.));
#1662=DIRECTION('ref_axis',(1.,0.,0.));
#1663=DIRECTION('center_axis',(0.,0.,1.));
#1664=DIRECTION('ref_axis',(-1.,0.,0.));
#1665=DIRECTION('center_axis',(0.,0.,1.));
#1666=DIRECTION('ref_axis',(-1.,0.,0.));
#1667=DIRECTION('',(0.,0.,-1.));
#1668=DIRECTION('center_axis',(0.,0.,1.));
#1669=DIRECTION('ref_axis',(-1.,0.,0.));
#1670=DIRECTION('center_axis',(0.,0.,1.));
#1671=DIRECTION('ref_axis',(-1.,0.,0.));
#1672=DIRECTION('center_axis',(0.,0.,1.));
#1673=DIRECTION('ref_axis',(-1.,0.,0.));
#1674=DIRECTION('center_axis',(0.,0.,1.));
#1675=DIRECTION('ref_axis',(-1.,0.,0.));
#1676=DIRECTION('center_axis',(0.,0.,1.));
#1677=DIRECTION('ref_axis',(-1.,0.,0.));
#1678=DIRECTION('center_axis',(0.,0.,1.));
#1679=DIRECTION('ref_axis',(-1.,0.,0.));
#1680=DIRECTION('center_axis',(0.,0.,1.));
#1681=DIRECTION('ref_axis',(-1.,0.,0.));
#1682=DIRECTION('center_axis',(0.,0.,1.));
#1683=DIRECTION('ref_axis',(-1.,0.,0.));
#1684=DIRECTION('center_axis',(0.,0.,1.));
#1685=DIRECTION('ref_axis',(-1.,0.,0.));
#1686=DIRECTION('center_axis',(0.,0.,1.));
#1687=DIRECTION('ref_axis',(-1.,0.,0.));
#1688=DIRECTION('center_axis',(0.,0.,1.));
#1689=DIRECTION('ref_axis',(-1.,0.,0.));
#1690=DIRECTION('center_axis',(0.,0.,1.));
#1691=DIRECTION('ref_axis',(-1.,0.,0.));
#1692=DIRECTION('center_axis',(0.,0.,1.));
#1693=DIRECTION('ref_axis',(-1.,0.,0.));
#1694=DIRECTION('center_axis',(0.,0.,1.));
#1695=DIRECTION('ref_axis',(-1.,0.,0.));
#1696=DIRECTION('center_axis',(0.,0.,1.));
#1697=DIRECTION('ref_axis',(-1.,0.,0.));
#1698=DIRECTION('center_axis',(0.,0.,1.));
#1699=DIRECTION('ref_axis',(-1.,0.,0.));
#1700=DIRECTION('center_axis',(0.,0.,1.));
#1701=DIRECTION('ref_axis',(-1.,0.,0.));
#1702=DIRECTION('center_axis',(0.,0.,1.));
#1703=DIRECTION('ref_axis',(-1.,0.,0.));
#1704=DIRECTION('center_axis',(0.,0.,1.));
#1705=DIRECTION('ref_axis',(-1.,0.,0.));
#1706=DIRECTION('center_axis',(0.,0.,1.));
#1707=DIRECTION('ref_axis',(-1.,0.,0.));
#1708=DIRECTION('center_axis',(0.,0.,1.));
#1709=DIRECTION('ref_axis',(-1.,0.,0.));
#1710=DIRECTION('center_axis',(0.,0.,1.));
#1711=DIRECTION('ref_axis',(-1.,0.,0.));
#1712=DIRECTION('center_axis',(0.,0.,1.));
#1713=DIRECTION('ref_axis',(-1.,0.,0.));
#1714=DIRECTION('center_axis',(0.,0.,1.));
#1715=DIRECTION('ref_axis',(-1.,0.,0.));
#1716=DIRECTION('center_axis',(0.,0.,1.));
#1717=DIRECTION('ref_axis',(-1.,0.,0.));
#1718=DIRECTION('center_axis',(0.,0.,1.));
#1719=DIRECTION('ref_axis',(-1.,0.,0.));
#1720=DIRECTION('center_axis',(0.,0.,1.));
#1721=DIRECTION('ref_axis',(-1.,0.,0.));
#1722=DIRECTION('center_axis',(0.,0.,1.));
#1723=DIRECTION('ref_axis',(-1.,0.,0.));
#1724=DIRECTION('center_axis',(0.,0.,-1.));
#1725=DIRECTION('ref_axis',(-1.,0.,0.));
#1726=DIRECTION('center_axis',(0.,0.,-1.));
#1727=DIRECTION('ref_axis',(-1.,0.,0.));
#1728=DIRECTION('center_axis',(0.,0.,-1.));
#1729=DIRECTION('ref_axis',(-1.,0.,0.));
#1730=DIRECTION('center_axis',(0.,0.,-1.));
#1731=DIRECTION('ref_axis',(-1.,0.,0.));
#1732=DIRECTION('center_axis',(0.,0.,-1.));
#1733=DIRECTION('ref_axis',(-1.,0.,0.));
#1734=DIRECTION('center_axis',(0.,0.,-1.));
#1735=DIRECTION('ref_axis',(-1.,0.,0.));
#1736=DIRECTION('center_axis',(0.,0.,-1.));
#1737=DIRECTION('ref_axis',(-1.,0.,0.));
#1738=DIRECTION('center_axis',(0.,0.,-1.));
#1739=DIRECTION('ref_axis',(-1.,0.,0.));
#1740=DIRECTION('center_axis',(0.,0.,-1.));
#1741=DIRECTION('ref_axis',(-1.,0.,0.));
#1742=DIRECTION('center_axis',(0.,0.,-1.));
#1743=DIRECTION('ref_axis',(-1.,0.,0.));
#1744=DIRECTION('center_axis',(0.,0.,-1.));
#1745=DIRECTION('ref_axis',(-1.,0.,0.));
#1746=DIRECTION('center_axis',(0.,0.,-1.));
#1747=DIRECTION('ref_axis',(-1.,0.,0.));
#1748=DIRECTION('center_axis',(0.,0.,-1.));
#1749=DIRECTION('ref_axis',(-1.,0.,0.));
#1750=DIRECTION('center_axis',(0.,0.,-1.));
#1751=DIRECTION('ref_axis',(-1.,0.,0.));
#1752=DIRECTION('center_axis',(0.,0.,-1.));
#1753=DIRECTION('ref_axis',(-1.,0.,0.));
#1754=DIRECTION('center_axis',(0.,0.,-1.));
#1755=DIRECTION('ref_axis',(-1.,0.,0.));
#1756=DIRECTION('center_axis',(0.,0.,-1.));
#1757=DIRECTION('ref_axis',(-1.,0.,0.));
#1758=DIRECTION('center_axis',(0.,0.,-1.));
#1759=DIRECTION('ref_axis',(-1.,0.,0.));
#1760=DIRECTION('center_axis',(0.,0.,-1.));
#1761=DIRECTION('ref_axis',(-1.,0.,0.));
#1762=DIRECTION('center_axis',(0.,0.,-1.));
#1763=DIRECTION('ref_axis',(-1.,0.,0.));
#1764=DIRECTION('center_axis',(0.,0.,-1.));
#1765=DIRECTION('ref_axis',(-1.,0.,0.));
#1766=DIRECTION('center_axis',(0.,0.,-1.));
#1767=DIRECTION('ref_axis',(-1.,0.,0.));
#1768=DIRECTION('center_axis',(0.,0.,-1.));
#1769=DIRECTION('ref_axis',(-1.,0.,0.));
#1770=DIRECTION('center_axis',(0.,0.,-1.));
#1771=DIRECTION('ref_axis',(-1.,0.,0.));
#1772=DIRECTION('center_axis',(0.,0.,-1.));
#1773=DIRECTION('ref_axis',(-1.,0.,0.));
#1774=DIRECTION('center_axis',(0.,0.,-1.));
#1775=DIRECTION('ref_axis',(-1.,0.,0.));
#1776=DIRECTION('center_axis',(0.,0.,-1.));
#1777=DIRECTION('ref_axis',(-1.,0.,0.));
#1778=DIRECTION('center_axis',(0.,0.,-1.));
#1779=DIRECTION('ref_axis',(-1.,0.,0.));
#1780=DIRECTION('center_axis',(0.,0.,-1.));
#1781=DIRECTION('ref_axis',(-1.,0.,0.));
#1782=DIRECTION('center_axis',(0.,0.,-1.));
#1783=DIRECTION('ref_axis',(-1.,0.,0.));
#1784=DIRECTION('center_axis',(0.,0.,-1.));
#1785=DIRECTION('ref_axis',(-1.,0.,0.));
#1786=DIRECTION('',(0.,0.,1.));
#1787=DIRECTION('center_axis',(0.,0.,-1.));
#1788=DIRECTION('ref_axis',(-1.,0.,0.));
#1789=DIRECTION('center_axis',(0.,0.,1.));
#1790=DIRECTION('ref_axis',(-1.,0.,0.));
#1791=DIRECTION('center_axis',(0.,0.,1.));
#1792=DIRECTION('ref_axis',(-1.,0.,0.));
#1793=DIRECTION('center_axis',(0.,0.,1.));
#1794=DIRECTION('ref_axis',(1.,0.,0.));
#1795=DIRECTION('center_axis',(0.,0.,-1.));
#1796=DIRECTION('ref_axis',(-1.,0.,0.));
#1797=DIRECTION('center_axis',(0.,0.,-1.));
#1798=DIRECTION('ref_axis',(-1.,0.,0.));
#1799=DIRECTION('center_axis',(0.,0.,-1.));
#1800=DIRECTION('ref_axis',(-1.,0.,0.));
#1801=DIRECTION('center_axis',(0.,0.,1.));
#1802=DIRECTION('ref_axis',(-1.,0.,0.));
#1803=DIRECTION('center_axis',(0.,0.,1.));
#1804=DIRECTION('ref_axis',(-1.,0.,0.));
#1805=DIRECTION('',(0.,0.,1.));
#1806=DIRECTION('center_axis',(0.,0.,1.));
#1807=DIRECTION('ref_axis',(-1.,0.,0.));
#1808=DIRECTION('center_axis',(0.,0.,1.));
#1809=DIRECTION('ref_axis',(1.,0.,0.));
#1810=DIRECTION('center_axis',(0.,0.,-1.));
#1811=DIRECTION('ref_axis',(-1.,0.,0.));
#1812=DIRECTION('center_axis',(0.,0.,-1.));
#1813=DIRECTION('ref_axis',(-1.,0.,0.));
#1814=DIRECTION('',(0.,0.,-1.));
#1815=DIRECTION('center_axis',(0.327992151709775,-0.944680447779455,0.));
#1816=DIRECTION('ref_axis',(0.,0.,1.));
#1817=DIRECTION('',(0.,0.,-1.));
#1818=DIRECTION('',(-0.818117361597278,-0.284049568732115,0.499999825156179));
#1819=DIRECTION('',(0.818117361597278,0.284049568732115,0.499999825156179));
#1820=DIRECTION('',(0.,0.,-1.));
#1821=DIRECTION('center_axis',(0.,0.,1.));
#1822=DIRECTION('ref_axis',(0.681059035601319,0.732228509432542,0.));
#1823=DIRECTION('center_axis',(0.,0.,-1.));
#1824=DIRECTION('ref_axis',(1.,0.,0.));
#1825=DIRECTION('center_axis',(0.,0.,1.));
#1826=DIRECTION('ref_axis',(0.00924263033751891,0.999957285979978,0.));
#1827=DIRECTION('center_axis',(0.,0.,1.));
#1828=DIRECTION('ref_axis',(1.,0.,0.));
#1829=DIRECTION('center_axis',(0.,0.,-1.));
#1830=DIRECTION('ref_axis',(-1.,0.,0.));
#1831=DIRECTION('center_axis',(0.,0.,1.));
#1832=DIRECTION('ref_axis',(-0.99846548202399,0.0553776236994829,0.));
#1833=DIRECTION('center_axis',(0.,0.,1.));
#1834=DIRECTION('ref_axis',(-1.,0.,0.));
#1835=DIRECTION('center_axis',(0.,0.,1.));
#1836=DIRECTION('ref_axis',(-1.,0.,0.));
#1837=DIRECTION('',(0.707106781186548,-8.65956056235494E-17,0.707106781186547));
#1838=DIRECTION('center_axis',(0.,0.,-1.));
#1839=DIRECTION('ref_axis',(-1.,0.,0.));
#1840=DIRECTION('center_axis',(0.,0.,1.));
#1841=DIRECTION('ref_axis',(-1.,0.,0.));
#1842=DIRECTION('center_axis',(0.,0.,-1.));
#1843=DIRECTION('ref_axis',(-1.,0.,0.));
#1844=DIRECTION('',(0.,0.,-1.));
#1845=DIRECTION('center_axis',(0.,0.,1.));
#1846=DIRECTION('ref_axis',(1.,0.,0.));
#1847=DIRECTION('center_axis',(0.,0.,1.));
#1848=DIRECTION('ref_axis',(-1.,0.,0.));
#1849=DIRECTION('center_axis',(0.,0.,-1.));
#1850=DIRECTION('ref_axis',(-1.,0.,0.));
#1851=DIRECTION('',(0.,0.,-1.));
#1852=DIRECTION('center_axis',(0.,0.,1.));
#1853=DIRECTION('ref_axis',(-1.,0.,0.));
#1854=DIRECTION('center_axis',(0.,0.,1.));
#1855=DIRECTION('ref_axis',(1.,0.,0.));
#1856=DIRECTION('center_axis',(0.,0.,1.));
#1857=DIRECTION('ref_axis',(1.,0.,0.));
#1858=DIRECTION('center_axis',(0.,0.,1.));
#1859=DIRECTION('ref_axis',(-1.,0.,0.));
#1860=DIRECTION('center_axis',(0.,0.,1.));
#1861=DIRECTION('ref_axis',(-1.,0.,0.));
#1862=DIRECTION('center_axis',(0.,0.,1.));
#1863=DIRECTION('ref_axis',(-1.,0.,0.));
#1864=DIRECTION('',(0.,0.,-1.));
#1865=DIRECTION('center_axis',(0.,0.,1.));
#1866=DIRECTION('ref_axis',(-1.,0.,0.));
#1867=DIRECTION('',(0.,0.,-1.));
#1868=DIRECTION('center_axis',(0.,0.,-1.));
#1869=DIRECTION('ref_axis',(-1.,0.,0.));
#1870=DIRECTION('center_axis',(0.,0.,1.));
#1871=DIRECTION('ref_axis',(1.,0.,0.));
#1872=CARTESIAN_POINT('',(0.,0.,0.));
#1873=CARTESIAN_POINT('Origin',(0.,0.,0.4));
#1874=CARTESIAN_POINT('',(0.984919967585997,-8.25671988299858E-6,0.6513985));
#1875=CARTESIAN_POINT('',(0.985057562620846,-1.40006704939911E-5,0.63264570625));
#1876=CARTESIAN_POINT('',(0.985,1.20627709716014E-16,0.4));
#1877=CARTESIAN_POINT('',(-0.441712786264191,0.880406050893975,0.55));
#1878=CARTESIAN_POINT('Ctrl Pts',(0.984919967585997,-8.25671988299858E-6,
0.6513985));
#1879=CARTESIAN_POINT('Ctrl Pts',(0.984941343952883,-0.0729619348461779,
0.649630715625));
#1880=CARTESIAN_POINT('Ctrl Pts',(0.976944092751211,-0.145910998683928,
0.64786293125));
#1881=CARTESIAN_POINT('Ctrl Pts',(0.960878428746437,-0.217037617721661,
0.646095146875));
#1882=CARTESIAN_POINT('Ctrl Pts',(0.924786673107052,-0.376824636359845,
0.642123792708334));
#1883=CARTESIAN_POINT('Ctrl Pts',(0.847975011487713,-0.527414086316137,
0.638152438541667));
#1884=CARTESIAN_POINT('Ctrl Pts',(0.73981172812817,-0.650439327269714,0.634181084375));
#1885=CARTESIAN_POINT('Ctrl Pts',(0.631648444768626,-0.773464568223292,
0.630209730208333));
#1886=CARTESIAN_POINT('Ctrl Pts',(0.492133539668878,-0.868925600174154,
0.626238376041667));
#1887=CARTESIAN_POINT('Ctrl Pts',(0.338282994611362,-0.92517958951935,0.622267021875));
#1888=CARTESIAN_POINT('Ctrl Pts',(0.184432449553846,-0.981433578864545,
0.618295667708333));
#1889=CARTESIAN_POINT('Ctrl Pts',(0.0162462645385626,-0.998480525604074,
0.614324313541667));
#1890=CARTESIAN_POINT('Ctrl Pts',(-0.1457629112381,-0.974241193917345,0.610352959375));
#1891=CARTESIAN_POINT('Ctrl Pts',(-0.307772087014762,-0.950001862230616,
0.606381605208333));
#1892=CARTESIAN_POINT('Ctrl Pts',(-0.463604253552804,-0.884476252117629,
0.602410251041666));
#1893=CARTESIAN_POINT('Ctrl Pts',(-0.594253070559914,-0.78565640200159,
0.598438896875));
#1894=CARTESIAN_POINT('Ctrl Pts',(-0.724901887567025,-0.68683655188555,
0.594467542708333));
#1895=CARTESIAN_POINT('Ctrl Pts',(-0.830367355043204,-0.554722461766458,
0.590496188541667));
#1896=CARTESIAN_POINT('Ctrl Pts',(-0.897787004965142,-0.405426955714191,
0.586524834375));
#1897=CARTESIAN_POINT('Ctrl Pts',(-0.965206654887081,-0.256131449661924,
0.582553480208333));
#1898=CARTESIAN_POINT('Ctrl Pts',(-0.994580487254778,-0.0896545276764812,
0.578582126041667));
#1899=CARTESIAN_POINT('Ctrl Pts',(-0.982324693205416,0.0736985773702752,
0.574610771875));
#1900=CARTESIAN_POINT('Ctrl Pts',(-0.970068899156054,0.237051682417032,
0.570639417708333));
#1901=CARTESIAN_POINT('Ctrl Pts',(-0.916183478689631,0.397280970525102,
0.566668063541667));
#1902=CARTESIAN_POINT('Ctrl Pts',(-0.82724306552072,0.534845947478806,0.562696709375));
#1903=CARTESIAN_POINT('Ctrl Pts',(-0.738302652351808,0.672410924432511,
0.558725355208334));
#1904=CARTESIAN_POINT('Ctrl Pts',(-0.614307246480407,0.787311590231849,
0.554754001041667));
#1905=CARTESIAN_POINT('Ctrl Pts',(-0.470374827313367,0.865530366906602,
0.550782646875));
#1906=CARTESIAN_POINT('Ctrl Pts',(-0.460919760406318,0.870668637847417,
0.550521764583333));
#1907=CARTESIAN_POINT('Ctrl Pts',(-0.451378659113706,0.875648615078671,
0.550260882291667));
#1908=CARTESIAN_POINT('Ctrl Pts',(-0.441757192040457,0.880468864650357,
0.55));
#1909=CARTESIAN_POINT('',(-0.934915490182518,0.310093576548727,0.55));
#1910=CARTESIAN_POINT('Origin',(0.,0.,0.55));
#1911=CARTESIAN_POINT('Ctrl Pts',(-0.934915490182517,0.310093576548731,
0.55));
#1912=CARTESIAN_POINT('Ctrl Pts',(-0.985316022174781,0.158138677651941,
0.553880196692708));
#1913=CARTESIAN_POINT('Ctrl Pts',(-1.01060154091144,-0.170663302022747,
0.561640590078125));
#1914=CARTESIAN_POINT('Ctrl Pts',(-0.812814320605286,-0.624289884447713,
0.57328118015625));
#1915=CARTESIAN_POINT('Ctrl Pts',(-0.425630884843988,-0.932323659961028,
0.584921770234375));
#1916=CARTESIAN_POINT('Ctrl Pts',(0.0607850444453212,-1.02309163228154,
0.5965623603125));
#1917=CARTESIAN_POINT('Ctrl Pts',(0.533020235880405,-0.875377185213258,
0.608202950390625));
#1918=CARTESIAN_POINT('Ctrl Pts',(0.881025328372593,-0.523639457648593,
0.61984354046875));
#1919=CARTESIAN_POINT('Ctrl Pts',(0.980871799976469,-0.192018305666428,
0.627991125755208));
#1920=CARTESIAN_POINT('Ctrl Pts',(0.985069003457552,-0.0159864012022109,
0.632258514348959));
#1921=CARTESIAN_POINT('Ctrl Pts',(0.985057562620846,-1.40006704939903E-5,
0.63264570625));
#1922=CARTESIAN_POINT('Origin',(0.,0.,0.4));
#1923=CARTESIAN_POINT('',(0.985081955772698,-6.21963345770818E-6,0.8013985));
#1924=CARTESIAN_POINT('',(0.98507680831152,2.20966343848781E-6,0.78264570625));
#1925=CARTESIAN_POINT('',(0.985,1.20627709716014E-16,0.4));
#1926=CARTESIAN_POINT('Ctrl Pts',(0.985081955772698,-6.21963345770818E-6,
0.8013985));
#1927=CARTESIAN_POINT('Ctrl Pts',(0.985083900629818,-0.00578850259931356,
0.801258319791666));
#1928=CARTESIAN_POINT('Ctrl Pts',(0.985034049687085,-0.0115707513467446,
0.801118139583333));
#1929=CARTESIAN_POINT('Ctrl Pts',(0.984932194573731,-0.0173520833368344,
0.800977959375));
#1930=CARTESIAN_POINT('Ctrl Pts',(0.982046603707374,-0.181139233896185,
0.797006605208333));
#1931=CARTESIAN_POINT('Ctrl Pts',(0.937422015619409,-0.34419058708267,0.793035251041667));
#1932=CARTESIAN_POINT('Ctrl Pts',(0.856500677873602,-0.486620265379516,
0.789063896875));
#1933=CARTESIAN_POINT('Ctrl Pts',(0.775579340127796,-0.629049943676361,
0.785092542708334));
#1934=CARTESIAN_POINT('Ctrl Pts',(0.658361252724149,-0.750857947083568,
0.781121188541667));
#1935=CARTESIAN_POINT('Ctrl Pts',(0.519143085766787,-0.837187665173488,
0.777149834375));
#1936=CARTESIAN_POINT('Ctrl Pts',(0.379924918809428,-0.923517383263408,
0.773178480208333));
#1937=CARTESIAN_POINT('Ctrl Pts',(0.218706672298356,-0.974368816036043,
0.769207126041667));
#1938=CARTESIAN_POINT('Ctrl Pts',(0.0551512068961624,-0.983540035628606,
0.765235771875));
#1939=CARTESIAN_POINT('Ctrl Pts',(-0.108404258506035,-0.99271125522117,
0.761264417708333));
#1940=CARTESIAN_POINT('Ctrl Pts',(-0.274296942799355,-0.960202261633659,
0.757293063541667));
#1941=CARTESIAN_POINT('Ctrl Pts',(-0.422293730282324,-0.889977930568678,
0.753321709375));
#1942=CARTESIAN_POINT('Ctrl Pts',(-0.570290517765292,-0.819753599503697,
0.749350355208333));
#1943=CARTESIAN_POINT('Ctrl Pts',(-0.700391408437909,-0.711813930961246,
0.745379001041667));
#1944=CARTESIAN_POINT('Ctrl Pts',(-0.796728693926081,-0.579323804630327,
0.741407646875));
#1945=CARTESIAN_POINT('Ctrl Pts',(-0.893065979414253,-0.446833678299407,
0.737436292708333));
#1946=CARTESIAN_POINT('Ctrl Pts',(-0.95563965971798,-0.289793094180021,
0.733464938541666));
#1947=CARTESIAN_POINT('Ctrl Pts',(-0.976817936720914,-0.127355458791725,
0.729493584375));
#1948=CARTESIAN_POINT('Ctrl Pts',(-0.997996213723847,0.0350821765965707,
0.725522230208333));
#1949=CARTESIAN_POINT('Ctrl Pts',(-0.977779087425988,0.202916863253776,
0.721550876041667));
#1950=CARTESIAN_POINT('Ctrl Pts',(-0.91863234103599,0.355678665629878,0.717579521875));
#1951=CARTESIAN_POINT('Ctrl Pts',(-0.859485594645992,0.508440468005979,
0.713608167708333));
#1952=CARTESIAN_POINT('Ctrl Pts',(-0.761409228163856,0.646129386100978,
0.709636813541667));
#1953=CARTESIAN_POINT('Ctrl Pts',(-0.636365105080535,0.75195222175136,0.705665459375));
#1954=CARTESIAN_POINT('Ctrl Pts',(-0.511320981997214,0.857775057401743,
0.701694105208333));
#1955=CARTESIAN_POINT('Ctrl Pts',(-0.359309102312709,0.931731810607508,
0.697722751041667));
#1956=CARTESIAN_POINT('Ctrl Pts',(-0.198869566733142,0.964802356820439,
0.693751396875));
#1957=CARTESIAN_POINT('Ctrl Pts',(-0.0384300311535763,0.99787290303337,
0.689780042708333));
#1958=CARTESIAN_POINT('Ctrl Pts',(0.130437160321051,0.990057242253466,0.685808688541666));
#1959=CARTESIAN_POINT('Ctrl Pts',(0.287136150876729,0.942308612727626,0.681837334375));
#1960=CARTESIAN_POINT('Ctrl Pts',(0.443835141432408,0.894559983201786,0.677865980208333));
#1961=CARTESIAN_POINT('Ctrl Pts',(0.588365931069137,0.80687838493001,0.673894626041667));
#1962=CARTESIAN_POINT('Ctrl Pts',(0.703100853053972,0.689957883943862,0.669923271875));
#1963=CARTESIAN_POINT('Ctrl Pts',(0.817835775038806,0.573037382957714,0.665951917708334));
#1964=CARTESIAN_POINT('Ctrl Pts',(0.902774829371745,0.426877979257194,0.661980563541666));
#1965=CARTESIAN_POINT('Ctrl Pts',(0.947558431708499,0.269305983746896,0.658009209375));
#1966=CARTESIAN_POINT('Ctrl Pts',(0.972407334407629,0.181874625387194,0.655805639583333));
#1967=CARTESIAN_POINT('Ctrl Pts',(0.984893321623406,0.0909295994935363,
0.653602069791666));
#1968=CARTESIAN_POINT('Ctrl Pts',(0.984919967585997,-8.25671988299858E-6,
0.6513985));
#1969=CARTESIAN_POINT('Ctrl Pts',(0.985057562620846,-1.40006704939903E-5,
0.63264570625));
#1970=CARTESIAN_POINT('Ctrl Pts',(0.984954350499607,0.144079074214621,0.636138711041667));
#1971=CARTESIAN_POINT('Ctrl Pts',(0.917348584927477,0.448330702962543,0.643511912526042));
#1972=CARTESIAN_POINT('Ctrl Pts',(0.615550370600427,0.819450591394749,0.654765310703125));
#1973=CARTESIAN_POINT('Ctrl Pts',(0.159896025403598,1.01234112399148,0.66640590078125));
#1974=CARTESIAN_POINT('Ctrl Pts',(-0.333027117759488,0.969275210351504,
0.678046490859375));
#1975=CARTESIAN_POINT('Ctrl Pts',(-0.748328117704279,0.700290227703032,
0.6896870809375));
#1976=CARTESIAN_POINT('Ctrl Pts',(-0.989208647095267,0.268081483874896,
0.701327671015625));
#1977=CARTESIAN_POINT('Ctrl Pts',(-0.999524138524931,-0.226611799071255,
0.71296826109375));
#1978=CARTESIAN_POINT('Ctrl Pts',(-0.776870288869848,-0.668486325989764,
0.724608851171875));
#1979=CARTESIAN_POINT('Ctrl Pts',(-0.373143299708344,-0.954549890644834,
0.73624944125));
#1980=CARTESIAN_POINT('Ctrl Pts',(0.117556026352958,-1.01812670823591,0.747890031328125));
#1981=CARTESIAN_POINT('Ctrl Pts',(0.580855363874887,-0.844398283554712,
0.75953062140625));
#1982=CARTESIAN_POINT('Ctrl Pts',(0.907209152303292,-0.4756196522659,0.771115846380209));
#1983=CARTESIAN_POINT('Ctrl Pts',(0.985055453672019,-0.157770369927203,
0.778820874661459));
#1984=CARTESIAN_POINT('Ctrl Pts',(0.98507680831152,2.20966343852848E-6,
0.78264570625));
#1985=CARTESIAN_POINT('Origin',(0.,0.,0.398272103125));
#1986=CARTESIAN_POINT('',(-0.90374437359891,3.8763996373317E-5,0.923272103125));
#1987=CARTESIAN_POINT('',(-0.903757845243487,3.42647957695952E-5,0.960772103125));
#1988=CARTESIAN_POINT('',(-0.9038125,-1.10685108515437E-16,0.398272103125));
#1989=CARTESIAN_POINT('',(-0.853813997208669,-0.296443406617191,0.93125));
#1990=CARTESIAN_POINT('Ctrl Pts',(-0.90374437359891,3.8763996373363E-5,
0.923272103125));
#1991=CARTESIAN_POINT('Ctrl Pts',(-0.903644730639081,-0.100633573226764,
0.925931402083333));
#1992=CARTESIAN_POINT('Ctrl Pts',(-0.886835555827669,-0.201334969967234,
0.928590701041667));
#1993=CARTESIAN_POINT('Ctrl Pts',(-0.853813997208669,-0.296443406617191,
0.93125));
#1994=CARTESIAN_POINT('',(-0.853813997208669,-0.296443406617191,0.96875));
#1995=CARTESIAN_POINT('',(-0.853813997208669,-0.296443406617191,0.96875));
#1996=CARTESIAN_POINT('Ctrl Pts',(-0.903757845243487,3.42647957696021E-5,
0.960772103125));
#1997=CARTESIAN_POINT('Ctrl Pts',(-0.903660039995779,-0.100636458360811,
0.963431402083333));
#1998=CARTESIAN_POINT('Ctrl Pts',(-0.886835555827669,-0.201334969967234,
0.966090701041667));
#1999=CARTESIAN_POINT('Ctrl Pts',(-0.853813997208669,-0.296443406617191,
0.96875));
#2000=CARTESIAN_POINT('Origin',(0.,0.,0.398272103125));
#2001=CARTESIAN_POINT('',(-0.903799153753586,-2.33778169621804E-5,0.773272103125));
#2002=CARTESIAN_POINT('',(-0.903748027904682,8.64970036235091E-6,0.810772103125));
#2003=CARTESIAN_POINT('',(-0.9038125,-1.10685108515437E-16,0.398272103125));
#2004=CARTESIAN_POINT('Ctrl Pts',(-0.903799153753586,-2.33778169622424E-5,
0.773272103125));
#2005=CARTESIAN_POINT('Ctrl Pts',(-0.903838020378487,-0.0390830397750325,
0.774303797916667));
#2006=CARTESIAN_POINT('Ctrl Pts',(-0.891787948085976,-0.228473195095077,
0.779306846875));
#2007=CARTESIAN_POINT('Ctrl Pts',(-0.762039919888155,-0.554100616043031,
0.78828125));
#2008=CARTESIAN_POINT('Ctrl Pts',(-0.403907499834211,-0.851229209975594,
0.8001953125));
#2009=CARTESIAN_POINT('Ctrl Pts',(0.0527500079511328,-0.940717640737455,
0.812109375));
#2010=CARTESIAN_POINT('Ctrl Pts',(0.496540057975874,-0.800737456221261,
0.8240234375));
#2011=CARTESIAN_POINT('Ctrl Pts',(0.819209619259658,-0.465433102679711,
0.8359375));
#2012=CARTESIAN_POINT('Ctrl Pts',(0.942048991405608,-0.01659700780095,0.8478515625));
#2013=CARTESIAN_POINT('Ctrl Pts',(0.835096115269201,0.43628998776652,0.859765624999999));
#2014=CARTESIAN_POINT('Ctrl Pts',(0.524435694389835,0.782748057620365,0.8716796875));
#2015=CARTESIAN_POINT('Ctrl Pts',(0.0858556857319988,0.938280584735697,
0.883593750000001));
#2016=CARTESIAN_POINT('Ctrl Pts',(-0.373678885741364,0.864918570176136,
0.8955078125));
#2017=CARTESIAN_POINT('Ctrl Pts',(-0.742037934810341,0.580618262092182,
0.907421875));
#2018=CARTESIAN_POINT('Ctrl Pts',(-0.887612165900644,0.249692937600887,
0.916676638541666));
#2019=CARTESIAN_POINT('Ctrl Pts',(-0.903793535827927,0.0497088712157156,
0.921960047916667));
#2020=CARTESIAN_POINT('Ctrl Pts',(-0.90374437359891,3.8763996373363E-5,
0.923272103125));
#2021=CARTESIAN_POINT('Ctrl Pts',(-0.903748027904682,8.64970036235785E-6,
0.810772103125));
#2022=CARTESIAN_POINT('Ctrl Pts',(-0.903718528048451,-0.0839303127231484,
0.812988845078125));
#2023=CARTESIAN_POINT('Ctrl Pts',(-0.871793245192495,-0.314818467051183,
0.819085783723958));
#2024=CARTESIAN_POINT('Ctrl Pts',(-0.677640635016241,-0.652061639020474,
0.8290629190625));
#2025=CARTESIAN_POINT('Ctrl Pts',(-0.293172984998991,-0.893549614202161,
0.840703509140625));
#2026=CARTESIAN_POINT('Ctrl Pts',(0.159627586759996,-0.926768673245307,
0.85234409921875));
#2027=CARTESIAN_POINT('Ctrl Pts',(0.57522194769778,-0.743976513945272,0.863984689296875));
#2028=CARTESIAN_POINT('Ctrl Pts',(0.85674376817575,-0.387777563114786,0.875625279375));
#2029=CARTESIAN_POINT('Ctrl Pts',(0.938574827029047,0.058803578951054,0.887265869453125));
#2030=CARTESIAN_POINT('Ctrl Pts',(0.801644021654589,0.491681003388236,0.89890645953125));
#2031=CARTESIAN_POINT('Ctrl Pts',(0.477862971596683,0.809952769080809,0.910547049609375));
#2032=CARTESIAN_POINT('Ctrl Pts',(0.0427072384213014,0.939449662169727,
0.9221876396875));
#2033=CARTESIAN_POINT('Ctrl Pts',(-0.402414330061014,0.84996090935112,0.933828229765625));
#2034=CARTESIAN_POINT('Ctrl Pts',(-0.753717415001543,0.562400484274805,
0.94546881984375));
#2035=CARTESIAN_POINT('Ctrl Pts',(-0.889259840306108,0.239335845330501,
0.954450110963541));
#2036=CARTESIAN_POINT('Ctrl Pts',(-0.903802748132259,0.0462527079815589,
0.959551205390625));
#2037=CARTESIAN_POINT('Ctrl Pts',(-0.903757845243487,3.42647957696021E-5,
0.960772103125));
#2038=CARTESIAN_POINT('Origin',(0.,0.,0.398272103125));
#2039=CARTESIAN_POINT('',(-0.903850920760526,2.00277858597169E-5,0.623272103124999));
#2040=CARTESIAN_POINT('',(-0.903744370851461,-5.28578813402403E-6,0.660772103125));
#2041=CARTESIAN_POINT('',(-0.9038125,-1.10685108515437E-16,0.398272103125));
#2042=CARTESIAN_POINT('Ctrl Pts',(-0.903850920760526,2.00277858597199E-5,
0.623272103125));
#2043=CARTESIAN_POINT('Ctrl Pts',(-0.903728691122468,-0.127752333730847,
0.626647547916666));
#2044=CARTESIAN_POINT('Ctrl Pts',(-0.844176955622288,-0.405965365595948,
0.633994346875));
#2045=CARTESIAN_POINT('Ctrl Pts',(-0.568380080643003,-0.751449570687128,
0.645312499999999));
#2046=CARTESIAN_POINT('Ctrl Pts',(-0.139416446066869,-0.931823780302083,
0.6572265625));
#2047=CARTESIAN_POINT('Ctrl Pts',(0.323554446351788,-0.884898165428926,
0.669140625));
#2048=CARTESIAN_POINT('Ctrl Pts',(0.707601091525796,-0.622119869164695,
0.6810546875));
#2049=CARTESIAN_POINT('Ctrl Pts',(0.919042735944057,-0.207588009554681,
0.69296875));
#2050=CARTESIAN_POINT('Ctrl Pts',(0.906302694939939,0.257580667584077,0.7048828125));
#2051=CARTESIAN_POINT('Ctrl Pts',(0.672488545566467,0.65991781293558,0.716796875));
#2052=CARTESIAN_POINT('Ctrl Pts',(0.274634532443991,0.901281440970125,0.7287109375));
#2053=CARTESIAN_POINT('Ctrl Pts',(-0.190210985813861,0.922795832570036,
0.740625));
#2054=CARTESIAN_POINT('Ctrl Pts',(-0.608658408171278,0.719212975696575,
0.7525390625));
#2055=CARTESIAN_POINT('Ctrl Pts',(-0.855257377891662,0.373013921204426,
0.763421430208333));
#2056=CARTESIAN_POINT('Ctrl Pts',(-0.903688409142693,0.111271263182318,
0.77033244375));
#2057=CARTESIAN_POINT('Ctrl Pts',(-0.903799153753586,-2.33778169622424E-5,
0.773272103125));
#2058=CARTESIAN_POINT('Ctrl Pts',(-0.903744370851461,-5.28578813401015E-6,
0.660772103125));
#2059=CARTESIAN_POINT('Ctrl Pts',(-0.903758722135272,-0.0671872016569979,
0.662546288072917));
#2060=CARTESIAN_POINT('Ctrl Pts',(-0.880177277318627,-0.281288099083353,
0.668200669713542));
#2061=CARTESIAN_POINT('Ctrl Pts',(-0.712837642598152,-0.613387104069669,
0.677735248046875));
#2062=CARTESIAN_POINT('Ctrl Pts',(-0.342387389408779,-0.875872206130389,
0.689375838125));
#2063=CARTESIAN_POINT('Ctrl Pts',(0.107866605145312,-0.934208777144639,
0.701016428203125));
#2064=CARTESIAN_POINT('Ctrl Pts',(0.532979023920986,-0.774799719446998,
0.71265701828125));
#2065=CARTESIAN_POINT('Ctrl Pts',(0.83386454916329,-0.434800135842304,0.724297608359375));
#2066=CARTESIAN_POINT('Ctrl Pts',(0.940392703544466,0.00654277888770585,
0.7359381984375));
#2067=CARTESIAN_POINT('Ctrl Pts',(0.827733875777548,0.446360700969587,0.747578788515625));
#2068=CARTESIAN_POINT('Ctrl Pts',(0.52214661613031,0.782140752332073,0.75921937859375));
#2069=CARTESIAN_POINT('Ctrl Pts',(0.0948572834557767,0.935619227878011,
0.770859968671875));
#2070=CARTESIAN_POINT('Ctrl Pts',(-0.354541408859186,0.871023326497068,
0.78250055875));
#2071=CARTESIAN_POINT('Ctrl Pts',(-0.721303497663456,0.603409072190939,
0.794141148828125));
#2072=CARTESIAN_POINT('Ctrl Pts',(-0.882116448770451,0.272897313123844,
0.803564996953125));
#2073=CARTESIAN_POINT('Ctrl Pts',(-0.903770164750875,0.0629968855129497,
0.809108648385417));
#2074=CARTESIAN_POINT('Ctrl Pts',(-0.903748027904682,8.64970036235785E-6,
0.810772103125));
#2075=CARTESIAN_POINT('Origin',(1.10865543901354,-0.459220118838108,1.23));
#2076=CARTESIAN_POINT('',(1.09199585735806,-0.360617591796129,1.23));
#2077=CARTESIAN_POINT('',(1.14304105071946,-0.365317883999899,1.18));
#2078=CARTESIAN_POINT('Ctrl Pts',(1.09199585735806,-0.360617591796129,1.23));
#2079=CARTESIAN_POINT('Ctrl Pts',(1.09484297038209,-0.360136552279909,1.22744733537758));
#2080=CARTESIAN_POINT('Ctrl Pts',(1.09769281233569,-0.359782027462068,1.22485005128565));
#2081=CARTESIAN_POINT('Ctrl Pts',(1.11411867053061,-0.358443219470306,1.20965212073124));
#2082=CARTESIAN_POINT('Ctrl Pts',(1.12745464866364,-0.360246204042951,1.19639055752304));
#2083=CARTESIAN_POINT('Ctrl Pts',(1.13909167846167,-0.363964487360194,1.18417392568986));
#2084=CARTESIAN_POINT('Ctrl Pts',(1.14040544038405,-0.364384262777426,1.18279472962345));
#2085=CARTESIAN_POINT('Ctrl Pts',(1.14172280622147,-0.364835162331782,1.18140262869536));
#2086=CARTESIAN_POINT('Ctrl Pts',(1.14304105071946,-0.365317883999899,1.18));
#2087=CARTESIAN_POINT('',(1.0271528203397,-0.517162531191297,1.23));
#2088=CARTESIAN_POINT('Origin',(1.10865543901354,-0.459220118838108,1.23));
#2089=CARTESIAN_POINT('',(1.06657083120337,-0.549933325073276,1.18));
#2090=CARTESIAN_POINT('Ctrl Pts',(1.06657083120337,-0.549933325073276,1.18));
#2091=CARTESIAN_POINT('Ctrl Pts',(1.06529735581464,-0.549342521214443,1.18140262869536));
#2092=CARTESIAN_POINT('Ctrl Pts',(1.06404700336517,-0.548729837030015,1.18279472962345));
#2093=CARTESIAN_POINT('Ctrl Pts',(1.05196336132584,-0.542498293774877,1.19639055752304));
#2094=CARTESIAN_POINT('Ctrl Pts',(1.04125849813652,-0.534343235820942,1.20965212073124));
#2095=CARTESIAN_POINT('Ctrl Pts',(1.03059034262977,-0.521781719894824,1.22485005128565));
#2096=CARTESIAN_POINT('Ctrl Pts',(1.02882588696187,-0.519515890421335,1.22744733537758));
#2097=CARTESIAN_POINT('Ctrl Pts',(1.02715282033971,-0.517162531191297,1.23));
#2098=CARTESIAN_POINT('',(1.06657083120337,-0.549933325073276,0.93));
#2099=CARTESIAN_POINT('',(1.06657083120337,-0.549933325073276,1.23));
#2100=CARTESIAN_POINT('',(1.14304105071946,-0.365317883999899,0.93));
#2101=CARTESIAN_POINT('Origin',(1.10865543901354,-0.459220118838108,0.93));
#2102=CARTESIAN_POINT('',(1.14304105071946,-0.365317883999899,1.23));
#2103=CARTESIAN_POINT('Origin',(0.848528137423856,-0.848528137423858,1.23));
#2104=CARTESIAN_POINT('',(0.870870244400449,-0.751055934946194,1.23));
#2105=CARTESIAN_POINT('',(0.916231129826467,-0.774932588511359,1.18));
#2106=CARTESIAN_POINT('Ctrl Pts',(0.870870244400448,-0.751055934946195,
1.23));
#2107=CARTESIAN_POINT('Ctrl Pts',(0.873684719703272,-0.7517010553672,1.22744733537758));
#2108=CARTESIAN_POINT('Ctrl Pts',(0.876453301129237,-0.752464104444727,
1.22485005128565));
#2109=CARTESIAN_POINT('Ctrl Pts',(0.892141154957022,-0.75751311093675,1.20965212073124));
#2110=CARTESIAN_POINT('Ctrl Pts',(0.903772019875393,-0.764282309366747,
1.19639055752304));
#2111=CARTESIAN_POINT('Ctrl Pts',(0.913100308102667,-0.772170853725271,
1.18417392568986));
#2112=CARTESIAN_POINT('Ctrl Pts',(0.914153424755855,-0.773061430563268,
1.18279472962345));
#2113=CARTESIAN_POINT('Ctrl Pts',(0.915197960300769,-0.773982141513102,
1.18140262869536));
#2114=CARTESIAN_POINT('Ctrl Pts',(0.916231129826467,-0.774932588511359,
1.18));
#2115=CARTESIAN_POINT('',(0.751055934946193,-0.870870244400451,1.23));
#2116=CARTESIAN_POINT('Origin',(0.848528137423856,-0.848528137423858,1.23));
#2117=CARTESIAN_POINT('',(0.774932588511357,-0.916231129826469,1.18));
#2118=CARTESIAN_POINT('Ctrl Pts',(0.774932588511357,-0.916231129826469,
1.18));
#2119=CARTESIAN_POINT('Ctrl Pts',(0.773982141513101,-0.915197960300771,
1.18140262869536));
#2120=CARTESIAN_POINT('Ctrl Pts',(0.773061430563266,-0.914153424755856,
1.18279472962345));
#2121=CARTESIAN_POINT('Ctrl Pts',(0.764282309366745,-0.903772019875394,
1.19639055752304));
#2122=CARTESIAN_POINT('Ctrl Pts',(0.757513110936748,-0.892141154957024,
1.20965212073124));
#2123=CARTESIAN_POINT('Ctrl Pts',(0.752464104444725,-0.876453301129239,
1.22485005128565));
#2124=CARTESIAN_POINT('Ctrl Pts',(0.751701055367198,-0.873684719703273,
1.22744733537758));
#2125=CARTESIAN_POINT('Ctrl Pts',(0.751055934946193,-0.87087024440045,1.23));
#2126=CARTESIAN_POINT('',(0.774932588511357,-0.916231129826469,0.93));
#2127=CARTESIAN_POINT('',(0.774932588511357,-0.916231129826469,1.23));
#2128=CARTESIAN_POINT('',(0.916231129826467,-0.774932588511359,0.93));
#2129=CARTESIAN_POINT('Origin',(0.848528137423856,-0.848528137423858,0.93));
#2130=CARTESIAN_POINT('',(0.916231129826467,-0.774932588511359,1.23));
#2131=CARTESIAN_POINT('Origin',(0.459220118838107,-1.10865543901354,1.23));
#2132=CARTESIAN_POINT('',(0.517162531191296,-1.02715282033971,1.23));
#2133=CARTESIAN_POINT('',(0.549933325073274,-1.06657083120337,1.18));
#2134=CARTESIAN_POINT('Ctrl Pts',(0.517162531191295,-1.02715282033971,1.23));
#2135=CARTESIAN_POINT('Ctrl Pts',(0.519515890421333,-1.02882588696187,1.22744733537758));
#2136=CARTESIAN_POINT('Ctrl Pts',(0.521781719894822,-1.03059034262977,1.22485005128565));
#2137=CARTESIAN_POINT('Ctrl Pts',(0.534343235820941,-1.04125849813652,1.20965212073124));
#2138=CARTESIAN_POINT('Ctrl Pts',(0.542498293774876,-1.05196336132584,1.19639055752304));
#2139=CARTESIAN_POINT('Ctrl Pts',(0.548097693109936,-1.06282120735689,1.18417392568986));
#2140=CARTESIAN_POINT('Ctrl Pts',(0.548729837030013,-1.06404700336517,1.18279472962345));
#2141=CARTESIAN_POINT('Ctrl Pts',(0.549342521214442,-1.06529735581464,1.18140262869536));
#2142=CARTESIAN_POINT('Ctrl Pts',(0.549933325073274,-1.06657083120337,1.18));
#2143=CARTESIAN_POINT('',(0.360617591796127,-1.09199585735806,1.23));
#2144=CARTESIAN_POINT('Origin',(0.459220118838107,-1.10865543901354,1.23));
#2145=CARTESIAN_POINT('',(0.365317883999898,-1.14304105071946,1.18));
#2146=CARTESIAN_POINT('Ctrl Pts',(0.365317883999897,-1.14304105071946,1.18));
#2147=CARTESIAN_POINT('Ctrl Pts',(0.36483516233178,-1.14172280622148,1.18140262869536));
#2148=CARTESIAN_POINT('Ctrl Pts',(0.364384262777424,-1.14040544038405,1.18279472962345));
#2149=CARTESIAN_POINT('Ctrl Pts',(0.360246204042949,-1.12745464866364,1.19639055752304));
#2150=CARTESIAN_POINT('Ctrl Pts',(0.358443219470304,-1.11411867053061,1.20965212073124));
#2151=CARTESIAN_POINT('Ctrl Pts',(0.359782027462067,-1.09769281233569,1.22485005128565));
#2152=CARTESIAN_POINT('Ctrl Pts',(0.360136552279908,-1.09484297038209,1.22744733537758));
#2153=CARTESIAN_POINT('Ctrl Pts',(0.360617591796128,-1.09199585735806,1.23));
#2154=CARTESIAN_POINT('',(0.365317883999898,-1.14304105071946,0.93));
#2155=CARTESIAN_POINT('',(0.365317883999897,-1.14304105071946,1.23));
#2156=CARTESIAN_POINT('',(0.549933325073274,-1.06657083120337,0.93));
#2157=CARTESIAN_POINT('Origin',(0.459220118838107,-1.10865543901354,0.93));
#2158=CARTESIAN_POINT('',(0.549933325073274,-1.06657083120337,1.23));
#2159=CARTESIAN_POINT('Origin',(-1.33226762955019E-15,-1.2,1.23));
#2160=CARTESIAN_POINT('',(0.0847215106982867,-1.146875,1.23));
#2161=CARTESIAN_POINT('',(0.0999131567356801,-1.19583333333333,1.18));
#2162=CARTESIAN_POINT('Ctrl Pts',(0.084721510698286,-1.146875,1.23));
#2163=CARTESIAN_POINT('Ctrl Pts',(0.08625547624602,-1.14932130359648,1.22744733537758));
#2164=CARTESIAN_POINT('Ctrl Pts',(0.0876736017694894,-1.15181854347415,
1.22485005128565));
#2165=CARTESIAN_POINT('Ctrl Pts',(0.0951964028646155,-1.1664817180268,1.20965212073124));
#2166=CARTESIAN_POINT('Ctrl Pts',(0.0986341202064119,-1.17949252759469,
1.19639055752304));
#2167=CARTESIAN_POINT('Ctrl Pts',(0.0996521728591771,-1.19166666666667,
1.18417392568986));
#2168=CARTESIAN_POINT('Ctrl Pts',(0.0997671058647111,-1.19304106551483,
1.18279472962345));
#2169=CARTESIAN_POINT('Ctrl Pts',(0.0998546630755698,-1.19443070463797,
1.18140262869536));
#2170=CARTESIAN_POINT('Ctrl Pts',(0.0999131567356804,-1.19583333333333,
1.18));
#2171=CARTESIAN_POINT('',(-0.0847215106982893,-1.146875,1.23));
#2172=CARTESIAN_POINT('Origin',(-1.33226762955019E-15,-1.2,1.23));
#2173=CARTESIAN_POINT('',(-0.0999131567356827,-1.19583333333333,1.18));
#2174=CARTESIAN_POINT('Ctrl Pts',(-0.0999131567356831,-1.19583333333333,
1.18));
#2175=CARTESIAN_POINT('Ctrl Pts',(-0.0998546630755724,-1.19443070463797,
1.18140262869536));
#2176=CARTESIAN_POINT('Ctrl Pts',(-0.0997671058647138,-1.19304106551483,
1.18279472962345));
#2177=CARTESIAN_POINT('Ctrl Pts',(-0.0986341202064145,-1.17949252759469,
1.19639055752304));
#2178=CARTESIAN_POINT('Ctrl Pts',(-0.095196402864618,-1.1664817180268,1.20965212073124));
#2179=CARTESIAN_POINT('Ctrl Pts',(-0.0876736017694919,-1.15181854347415,
1.22485005128565));
#2180=CARTESIAN_POINT('Ctrl Pts',(-0.0862554762460226,-1.14932130359648,
1.22744733537758));
#2181=CARTESIAN_POINT('Ctrl Pts',(-0.0847215106982887,-1.146875,1.23));
#2182=CARTESIAN_POINT('',(-0.0999131567356827,-1.19583333333333,0.93));
#2183=CARTESIAN_POINT('',(-0.0999131567356831,-1.19583333333333,1.23));
#2184=CARTESIAN_POINT('',(0.0999131567356801,-1.19583333333333,0.93));
#2185=CARTESIAN_POINT('Origin',(-1.33226762955019E-15,-1.2,0.93));
#2186=CARTESIAN_POINT('',(0.0999131567356804,-1.19583333333333,1.23));
#2187=CARTESIAN_POINT('Origin',(-0.459220118838108,-1.10865543901354,1.23));
#2188=CARTESIAN_POINT('',(-0.360617591796129,-1.09199585735806,1.23));
#2189=CARTESIAN_POINT('',(-0.365317883999899,-1.14304105071946,1.18));
#2190=CARTESIAN_POINT('Ctrl Pts',(-0.360617591796129,-1.09199585735806,
1.23));
#2191=CARTESIAN_POINT('Ctrl Pts',(-0.360136552279909,-1.09484297038209,
1.22744733537758));
#2192=CARTESIAN_POINT('Ctrl Pts',(-0.359782027462068,-1.09769281233569,
1.22485005128565));
#2193=CARTESIAN_POINT('Ctrl Pts',(-0.358443219470306,-1.11411867053061,
1.20965212073124));
#2194=CARTESIAN_POINT('Ctrl Pts',(-0.360246204042951,-1.12745464866364,
1.19639055752304));
#2195=CARTESIAN_POINT('Ctrl Pts',(-0.363964487360194,-1.13909167846167,
1.18417392568986));
#2196=CARTESIAN_POINT('Ctrl Pts',(-0.364384262777426,-1.14040544038405,
1.18279472962345));
#2197=CARTESIAN_POINT('Ctrl Pts',(-0.364835162331782,-1.14172280622147,
1.18140262869536));
#2198=CARTESIAN_POINT('Ctrl Pts',(-0.365317883999899,-1.14304105071946,
1.18));
#2199=CARTESIAN_POINT('',(-0.517162531191297,-1.0271528203397,1.23));
#2200=CARTESIAN_POINT('Origin',(-0.459220118838108,-1.10865543901354,1.23));
#2201=CARTESIAN_POINT('',(-0.549933325073276,-1.06657083120337,1.18));
#2202=CARTESIAN_POINT('Ctrl Pts',(-0.549933325073276,-1.06657083120337,
1.18));
#2203=CARTESIAN_POINT('Ctrl Pts',(-0.549342521214443,-1.06529735581464,
1.18140262869536));
#2204=CARTESIAN_POINT('Ctrl Pts',(-0.548729837030015,-1.06404700336517,
1.18279472962345));
#2205=CARTESIAN_POINT('Ctrl Pts',(-0.542498293774877,-1.05196336132584,
1.19639055752304));
#2206=CARTESIAN_POINT('Ctrl Pts',(-0.534343235820942,-1.04125849813652,
1.20965212073124));
#2207=CARTESIAN_POINT('Ctrl Pts',(-0.521781719894824,-1.03059034262977,
1.22485005128565));
#2208=CARTESIAN_POINT('Ctrl Pts',(-0.519515890421335,-1.02882588696187,
1.22744733537758));
#2209=CARTESIAN_POINT('Ctrl Pts',(-0.517162531191297,-1.02715282033971,
1.23));
#2210=CARTESIAN_POINT('',(-0.549933325073276,-1.06657083120337,0.93));
#2211=CARTESIAN_POINT('',(-0.549933325073276,-1.06657083120337,1.23));
#2212=CARTESIAN_POINT('',(-0.365317883999899,-1.14304105071946,0.93));
#2213=CARTESIAN_POINT('Origin',(-0.459220118838108,-1.10865543901354,0.93));
#2214=CARTESIAN_POINT('',(-0.365317883999899,-1.14304105071946,1.23));
#2215=CARTESIAN_POINT('Origin',(-0.848528137423857,-0.848528137423856,1.23));
#2216=CARTESIAN_POINT('',(-0.751055934946194,-0.870870244400449,1.23));
#2217=CARTESIAN_POINT('',(-0.774932588511359,-0.916231129826467,1.18));
#2218=CARTESIAN_POINT('Ctrl Pts',(-0.751055934946194,-0.870870244400449,
1.23));
#2219=CARTESIAN_POINT('Ctrl Pts',(-0.751701055367199,-0.873684719703272,
1.22744733537758));
#2220=CARTESIAN_POINT('Ctrl Pts',(-0.752464104444727,-0.876453301129237,
1.22485005128565));
#2221=CARTESIAN_POINT('Ctrl Pts',(-0.757513110936749,-0.892141154957022,
1.20965212073124));
#2222=CARTESIAN_POINT('Ctrl Pts',(-0.764282309366746,-0.903772019875393,
1.19639055752304));
#2223=CARTESIAN_POINT('Ctrl Pts',(-0.772170853725271,-0.913100308102668,
1.18417392568986));
#2224=CARTESIAN_POINT('Ctrl Pts',(-0.773061430563267,-0.914153424755855,
1.18279472962345));
#2225=CARTESIAN_POINT('Ctrl Pts',(-0.773982141513102,-0.91519796030077,
1.18140262869536));
#2226=CARTESIAN_POINT('Ctrl Pts',(-0.774932588511359,-0.916231129826467,
1.18));
#2227=CARTESIAN_POINT('',(-0.87087024440045,-0.751055934946193,1.23));
#2228=CARTESIAN_POINT('Origin',(-0.848528137423857,-0.848528137423856,1.23));
#2229=CARTESIAN_POINT('',(-0.916231129826468,-0.774932588511358,1.18));
#2230=CARTESIAN_POINT('Ctrl Pts',(-0.916231129826468,-0.774932588511357,
1.18));
#2231=CARTESIAN_POINT('Ctrl Pts',(-0.91519796030077,-0.773982141513101,
1.18140262869536));
#2232=CARTESIAN_POINT('Ctrl Pts',(-0.914153424755856,-0.773061430563266,
1.18279472962345));
#2233=CARTESIAN_POINT('Ctrl Pts',(-0.903772019875394,-0.764282309366745,
1.19639055752304));
#2234=CARTESIAN_POINT('Ctrl Pts',(-0.892141154957023,-0.757513110936748,
1.20965212073124));
#2235=CARTESIAN_POINT('Ctrl Pts',(-0.876453301129238,-0.752464104444726,
1.22485005128565));
#2236=CARTESIAN_POINT('Ctrl Pts',(-0.873684719703273,-0.751701055367198,
1.22744733537758));
#2237=CARTESIAN_POINT('Ctrl Pts',(-0.87087024440045,-0.751055934946194,
1.23));
#2238=CARTESIAN_POINT('',(-0.916231129826468,-0.774932588511358,0.93));
#2239=CARTESIAN_POINT('',(-0.916231129826468,-0.774932588511357,1.23));
#2240=CARTESIAN_POINT('',(-0.774932588511359,-0.916231129826467,0.93));
#2241=CARTESIAN_POINT('Origin',(-0.848528137423857,-0.848528137423856,0.93));
#2242=CARTESIAN_POINT('',(-0.774932588511359,-0.916231129826467,1.23));
#2243=CARTESIAN_POINT('Origin',(-1.10865543901354,-0.459220118838107,1.23));
#2244=CARTESIAN_POINT('',(-1.02715282033971,-0.517162531191296,1.23));
#2245=CARTESIAN_POINT('',(-1.06657083120337,-0.549933325073274,1.18));
#2246=CARTESIAN_POINT('Ctrl Pts',(-1.02715282033971,-0.517162531191295,
1.23));
#2247=CARTESIAN_POINT('Ctrl Pts',(-1.02882588696187,-0.519515890421333,
1.22744733537758));
#2248=CARTESIAN_POINT('Ctrl Pts',(-1.03059034262977,-0.521781719894822,
1.22485005128565));
#2249=CARTESIAN_POINT('Ctrl Pts',(-1.04125849813652,-0.534343235820941,
1.20965212073124));
#2250=CARTESIAN_POINT('Ctrl Pts',(-1.05196336132584,-0.542498293774876,
1.19639055752304));
#2251=CARTESIAN_POINT('Ctrl Pts',(-1.06282120735689,-0.548097693109936,
1.18417392568986));
#2252=CARTESIAN_POINT('Ctrl Pts',(-1.06404700336517,-0.548729837030014,
1.18279472962345));
#2253=CARTESIAN_POINT('Ctrl Pts',(-1.06529735581464,-0.549342521214442,
1.18140262869536));
#2254=CARTESIAN_POINT('Ctrl Pts',(-1.06657083120337,-0.549933325073274,
1.18));
#2255=CARTESIAN_POINT('',(-1.09199585735806,-0.360617591796127,1.23));
#2256=CARTESIAN_POINT('Origin',(-1.10865543901354,-0.459220118838107,1.23));
#2257=CARTESIAN_POINT('',(-1.14304105071946,-0.365317883999898,1.18));
#2258=CARTESIAN_POINT('Ctrl Pts',(-1.14304105071946,-0.365317883999897,
1.18));
#2259=CARTESIAN_POINT('Ctrl Pts',(-1.14172280622148,-0.36483516233178,1.18140262869536));
#2260=CARTESIAN_POINT('Ctrl Pts',(-1.14040544038405,-0.364384262777424,
1.18279472962345));
#2261=CARTESIAN_POINT('Ctrl Pts',(-1.12745464866364,-0.360246204042949,
1.19639055752304));
#2262=CARTESIAN_POINT('Ctrl Pts',(-1.11411867053061,-0.358443219470304,
1.20965212073124));
#2263=CARTESIAN_POINT('Ctrl Pts',(-1.09769281233569,-0.359782027462067,
1.22485005128565));
#2264=CARTESIAN_POINT('Ctrl Pts',(-1.09484297038209,-0.360136552279908,
1.22744733537758));
#2265=CARTESIAN_POINT('Ctrl Pts',(-1.09199585735806,-0.360617591796128,
1.23));
#2266=CARTESIAN_POINT('',(-1.14304105071946,-0.365317883999898,0.93));
#2267=CARTESIAN_POINT('',(-1.14304105071946,-0.365317883999897,1.23));
#2268=CARTESIAN_POINT('',(-1.06657083120337,-0.549933325073274,0.93));
#2269=CARTESIAN_POINT('Origin',(-1.10865543901354,-0.459220118838107,0.93));
#2270=CARTESIAN_POINT('',(-1.06657083120337,-0.549933325073274,1.23));
#2271=CARTESIAN_POINT('Origin',(-1.2,7.21644966006352E-16,1.23));
#2272=CARTESIAN_POINT('',(-1.146875,-0.0847215106982873,1.23));
#2273=CARTESIAN_POINT('',(-1.19583333333333,-0.0999131567356807,1.18));
#2274=CARTESIAN_POINT('Ctrl Pts',(-1.146875,-0.0847215106982866,1.23));
#2275=CARTESIAN_POINT('Ctrl Pts',(-1.14932130359648,-0.0862554762460206,
1.22744733537758));
#2276=CARTESIAN_POINT('Ctrl Pts',(-1.15181854347415,-0.08767360176949,1.22485005128565));
#2277=CARTESIAN_POINT('Ctrl Pts',(-1.1664817180268,-0.0951964028646161,
1.20965212073124));
#2278=CARTESIAN_POINT('Ctrl Pts',(-1.17949252759469,-0.0986341202064125,
1.19639055752304));
#2279=CARTESIAN_POINT('Ctrl Pts',(-1.19166666666667,-0.0996521728591777,
1.18417392568986));
#2280=CARTESIAN_POINT('Ctrl Pts',(-1.19304106551483,-0.0997671058647118,
1.18279472962345));
#2281=CARTESIAN_POINT('Ctrl Pts',(-1.19443070463797,-0.0998546630755704,
1.18140262869536));
#2282=CARTESIAN_POINT('Ctrl Pts',(-1.19583333333333,-0.099913156735681,
1.18));
#2283=CARTESIAN_POINT('',(-1.146875,0.0847215106982887,1.23));
#2284=CARTESIAN_POINT('Origin',(-1.2,7.21644966006352E-16,1.23));
#2285=CARTESIAN_POINT('',(-1.19583333333333,0.0999131567356821,1.18));
#2286=CARTESIAN_POINT('Ctrl Pts',(-1.19583333333333,0.0999131567356825,
1.18));
#2287=CARTESIAN_POINT('Ctrl Pts',(-1.19443070463797,0.0998546630755719,
1.18140262869536));
#2288=CARTESIAN_POINT('Ctrl Pts',(-1.19304106551483,0.0997671058647132,
1.18279472962345));
#2289=CARTESIAN_POINT('Ctrl Pts',(-1.17949252759469,0.098634120206414,1.19639055752304));
#2290=CARTESIAN_POINT('Ctrl Pts',(-1.1664817180268,0.0951964028646175,1.20965212073124));
#2291=CARTESIAN_POINT('Ctrl Pts',(-1.15181854347415,0.0876736017694914,
1.22485005128565));
#2292=CARTESIAN_POINT('Ctrl Pts',(-1.14932130359648,0.0862554762460221,
1.22744733537758));
#2293=CARTESIAN_POINT('Ctrl Pts',(-1.146875,0.0847215106982881,1.23));
#2294=CARTESIAN_POINT('',(-1.19583333333333,0.0999131567356821,0.93));
#2295=CARTESIAN_POINT('',(-1.19583333333333,0.0999131567356825,1.23));
#2296=CARTESIAN_POINT('',(-1.19583333333333,-0.0999131567356807,0.93));
#2297=CARTESIAN_POINT('Origin',(-1.2,7.21644966006352E-16,0.93));
#2298=CARTESIAN_POINT('',(-1.19583333333333,-0.099913156735681,1.23));
#2299=CARTESIAN_POINT('Origin',(-1.10865543901354,0.459220118838108,1.23));
#2300=CARTESIAN_POINT('',(-1.09199585735806,0.360617591796129,1.23));
#2301=CARTESIAN_POINT('',(-1.14304105071946,0.365317883999899,1.18));
#2302=CARTESIAN_POINT('Ctrl Pts',(-1.09199585735806,0.360617591796129,1.23));
#2303=CARTESIAN_POINT('Ctrl Pts',(-1.09484297038209,0.360136552279909,1.22744733537758));
#2304=CARTESIAN_POINT('Ctrl Pts',(-1.09769281233569,0.359782027462068,1.22485005128565));
#2305=CARTESIAN_POINT('Ctrl Pts',(-1.11411867053061,0.358443219470305,1.20965212073124));
#2306=CARTESIAN_POINT('Ctrl Pts',(-1.12745464866364,0.360246204042951,1.19639055752304));
#2307=CARTESIAN_POINT('Ctrl Pts',(-1.13909167846167,0.363964487360194,1.18417392568986));
#2308=CARTESIAN_POINT('Ctrl Pts',(-1.14040544038405,0.364384262777426,1.18279472962345));
#2309=CARTESIAN_POINT('Ctrl Pts',(-1.14172280622147,0.364835162331781,1.18140262869536));
#2310=CARTESIAN_POINT('Ctrl Pts',(-1.14304105071946,0.365317883999898,1.18));
#2311=CARTESIAN_POINT('',(-1.02715282033971,0.517162531191297,1.23));
#2312=CARTESIAN_POINT('Origin',(-1.10865543901354,0.459220118838108,1.23));
#2313=CARTESIAN_POINT('',(-1.06657083120337,0.549933325073275,1.18));
#2314=CARTESIAN_POINT('Ctrl Pts',(-1.06657083120337,0.549933325073276,1.18));
#2315=CARTESIAN_POINT('Ctrl Pts',(-1.06529735581464,0.549342521214443,1.18140262869536));
#2316=CARTESIAN_POINT('Ctrl Pts',(-1.06404700336517,0.548729837030015,1.18279472962345));
#2317=CARTESIAN_POINT('Ctrl Pts',(-1.05196336132584,0.542498293774877,1.19639055752304));
#2318=CARTESIAN_POINT('Ctrl Pts',(-1.04125849813652,0.534343235820942,1.20965212073124));
#2319=CARTESIAN_POINT('Ctrl Pts',(-1.03059034262977,0.521781719894823,1.22485005128565));
#2320=CARTESIAN_POINT('Ctrl Pts',(-1.02882588696187,0.519515890421335,1.22744733537758));
#2321=CARTESIAN_POINT('Ctrl Pts',(-1.02715282033971,0.517162531191297,1.23));
#2322=CARTESIAN_POINT('',(-1.06657083120337,0.549933325073275,0.93));
#2323=CARTESIAN_POINT('',(-1.06657083120337,0.549933325073276,1.23));
#2324=CARTESIAN_POINT('',(-1.14304105071946,0.365317883999899,0.93));
#2325=CARTESIAN_POINT('Origin',(-1.10865543901354,0.459220118838108,0.93));
#2326=CARTESIAN_POINT('',(-1.14304105071946,0.365317883999899,1.23));
#2327=CARTESIAN_POINT('Origin',(-0.848528137423856,0.848528137423857,1.23));
#2328=CARTESIAN_POINT('',(-0.870870244400449,0.751055934946194,1.23));
#2329=CARTESIAN_POINT('',(-0.916231129826467,0.774932588511359,1.18));
#2330=CARTESIAN_POINT('Ctrl Pts',(-0.870870244400449,0.751055934946194,
1.23));
#2331=CARTESIAN_POINT('Ctrl Pts',(-0.873684719703272,0.751701055367199,
1.22744733537758));
#2332=CARTESIAN_POINT('Ctrl Pts',(-0.876453301129237,0.752464104444727,
1.22485005128565));
#2333=CARTESIAN_POINT('Ctrl Pts',(-0.892141154957022,0.757513110936749,
1.20965212073124));
#2334=CARTESIAN_POINT('Ctrl Pts',(-0.903772019875393,0.764282309366746,
1.19639055752304));
#2335=CARTESIAN_POINT('Ctrl Pts',(-0.913100308102668,0.772170853725271,
1.18417392568986));
#2336=CARTESIAN_POINT('Ctrl Pts',(-0.914153424755855,0.773061430563267,
1.18279472962345));
#2337=CARTESIAN_POINT('Ctrl Pts',(-0.91519796030077,0.773982141513102,1.18140262869536));
#2338=CARTESIAN_POINT('Ctrl Pts',(-0.916231129826467,0.774932588511359,
1.18));
#2339=CARTESIAN_POINT('',(-0.751055934946193,0.87087024440045,1.23));
#2340=CARTESIAN_POINT('Origin',(-0.848528137423856,0.848528137423857,1.23));
#2341=CARTESIAN_POINT('',(-0.774932588511358,0.916231129826468,1.18));
#2342=CARTESIAN_POINT('Ctrl Pts',(-0.774932588511357,0.916231129826468,
1.18));
#2343=CARTESIAN_POINT('Ctrl Pts',(-0.773982141513101,0.91519796030077,1.18140262869536));
#2344=CARTESIAN_POINT('Ctrl Pts',(-0.773061430563266,0.914153424755856,
1.18279472962345));
#2345=CARTESIAN_POINT('Ctrl Pts',(-0.764282309366745,0.903772019875394,
1.19639055752304));
#2346=CARTESIAN_POINT('Ctrl Pts',(-0.757513110936748,0.892141154957023,
1.20965212073124));
#2347=CARTESIAN_POINT('Ctrl Pts',(-0.752464104444726,0.876453301129238,
1.22485005128565));
#2348=CARTESIAN_POINT('Ctrl Pts',(-0.751701055367198,0.873684719703273,
1.22744733537758));
#2349=CARTESIAN_POINT('Ctrl Pts',(-0.751055934946194,0.87087024440045,1.23));
#2350=CARTESIAN_POINT('',(-0.774932588511358,0.916231129826468,0.93));
#2351=CARTESIAN_POINT('',(-0.774932588511357,0.916231129826468,1.23));
#2352=CARTESIAN_POINT('',(-0.916231129826467,0.774932588511359,0.93));
#2353=CARTESIAN_POINT('Origin',(-0.848528137423856,0.848528137423857,0.93));
#2354=CARTESIAN_POINT('',(-0.916231129826467,0.774932588511359,1.23));
#2355=CARTESIAN_POINT('Origin',(-0.459220118838107,1.10865543901354,1.23));
#2356=CARTESIAN_POINT('',(-0.517162531191296,1.02715282033971,1.23));
#2357=CARTESIAN_POINT('',(-0.549933325073275,1.06657083120337,1.18));
#2358=CARTESIAN_POINT('Ctrl Pts',(-0.517162531191296,1.02715282033971,1.23));
#2359=CARTESIAN_POINT('Ctrl Pts',(-0.519515890421334,1.02882588696187,1.22744733537758));
#2360=CARTESIAN_POINT('Ctrl Pts',(-0.521781719894823,1.03059034262977,1.22485005128565));
#2361=CARTESIAN_POINT('Ctrl Pts',(-0.534343235820941,1.04125849813652,1.20965212073124));
#2362=CARTESIAN_POINT('Ctrl Pts',(-0.542498293774876,1.05196336132584,1.19639055752304));
#2363=CARTESIAN_POINT('Ctrl Pts',(-0.548097693109937,1.06282120735689,1.18417392568986));
#2364=CARTESIAN_POINT('Ctrl Pts',(-0.548729837030014,1.06404700336517,1.18279472962345));
#2365=CARTESIAN_POINT('Ctrl Pts',(-0.549342521214442,1.06529735581464,1.18140262869536));
#2366=CARTESIAN_POINT('Ctrl Pts',(-0.549933325073275,1.06657083120337,1.18));
#2367=CARTESIAN_POINT('',(-0.360617591796128,1.09199585735806,1.23));
#2368=CARTESIAN_POINT('Origin',(-0.459220118838107,1.10865543901354,1.23));
#2369=CARTESIAN_POINT('',(-0.365317883999898,1.14304105071946,1.18));
#2370=CARTESIAN_POINT('Ctrl Pts',(-0.365317883999898,1.14304105071946,1.18));
#2371=CARTESIAN_POINT('Ctrl Pts',(-0.364835162331781,1.14172280622148,1.18140262869536));
#2372=CARTESIAN_POINT('Ctrl Pts',(-0.364384262777425,1.14040544038405,1.18279472962345));
#2373=CARTESIAN_POINT('Ctrl Pts',(-0.36024620404295,1.12745464866364,1.19639055752304));
#2374=CARTESIAN_POINT('Ctrl Pts',(-0.358443219470305,1.11411867053061,1.20965212073124));
#2375=CARTESIAN_POINT('Ctrl Pts',(-0.359782027462067,1.09769281233569,1.22485005128565));
#2376=CARTESIAN_POINT('Ctrl Pts',(-0.360136552279909,1.09484297038209,1.22744733537758));
#2377=CARTESIAN_POINT('Ctrl Pts',(-0.360617591796128,1.09199585735806,1.23));
#2378=CARTESIAN_POINT('',(-0.365317883999898,1.14304105071946,0.93));
#2379=CARTESIAN_POINT('',(-0.365317883999898,1.14304105071946,1.23));
#2380=CARTESIAN_POINT('',(-0.549933325073275,1.06657083120337,0.93));
#2381=CARTESIAN_POINT('Origin',(-0.459220118838107,1.10865543901354,0.93));
#2382=CARTESIAN_POINT('',(-0.549933325073275,1.06657083120337,1.23));
#2383=CARTESIAN_POINT('Origin',(3.33066907387547E-16,1.2,1.23));
#2384=CARTESIAN_POINT('',(-0.0847215106982877,1.146875,1.23));
#2385=CARTESIAN_POINT('',(-0.0999131567356811,1.19583333333333,1.18));
#2386=CARTESIAN_POINT('Ctrl Pts',(-0.0847215106982872,1.146875,1.23));
#2387=CARTESIAN_POINT('Ctrl Pts',(-0.086255476246021,1.14932130359648,1.22744733537758));
#2388=CARTESIAN_POINT('Ctrl Pts',(-0.0876736017694904,1.15181854347415,
1.22485005128565));
#2389=CARTESIAN_POINT('Ctrl Pts',(-0.0951964028646165,1.1664817180268,1.20965212073124));
#2390=CARTESIAN_POINT('Ctrl Pts',(-0.0986341202064129,1.17949252759469,
1.19639055752304));
#2391=CARTESIAN_POINT('Ctrl Pts',(-0.0996521728591781,1.19166666666667,
1.18417392568986));
#2392=CARTESIAN_POINT('Ctrl Pts',(-0.0997671058647121,1.19304106551483,
1.18279472962345));
#2393=CARTESIAN_POINT('Ctrl Pts',(-0.0998546630755708,1.19443070463797,
1.18140262869536));
#2394=CARTESIAN_POINT('Ctrl Pts',(-0.0999131567356814,1.19583333333333,
1.18));
#2395=CARTESIAN_POINT('',(0.0847215106982883,1.146875,1.23));
#2396=CARTESIAN_POINT('Origin',(3.33066907387547E-16,1.2,1.23));
#2397=CARTESIAN_POINT('',(0.0999131567356817,1.19583333333333,1.18));
#2398=CARTESIAN_POINT('Ctrl Pts',(0.0999131567356821,1.19583333333333,1.18));
#2399=CARTESIAN_POINT('Ctrl Pts',(0.0998546630755715,1.19443070463797,1.18140262869536));
#2400=CARTESIAN_POINT('Ctrl Pts',(0.0997671058647128,1.19304106551483,1.18279472962345));
#2401=CARTESIAN_POINT('Ctrl Pts',(0.0986341202064136,1.17949252759469,1.19639055752304));
#2402=CARTESIAN_POINT('Ctrl Pts',(0.0951964028646171,1.1664817180268,1.20965212073124));
#2403=CARTESIAN_POINT('Ctrl Pts',(0.087673601769491,1.15181854347415,1.22485005128565));
#2404=CARTESIAN_POINT('Ctrl Pts',(0.0862554762460218,1.14932130359648,1.22744733537758));
#2405=CARTESIAN_POINT('Ctrl Pts',(0.0847215106982878,1.146875,1.23));
#2406=CARTESIAN_POINT('',(0.0999131567356817,1.19583333333333,0.93));
#2407=CARTESIAN_POINT('',(0.0999131567356821,1.19583333333333,1.23));
#2408=CARTESIAN_POINT('',(-0.0999131567356811,1.19583333333333,0.93));
#2409=CARTESIAN_POINT('Origin',(3.33066907387547E-16,1.2,0.93));
#2410=CARTESIAN_POINT('',(-0.0999131567356814,1.19583333333333,1.23));
#2411=CARTESIAN_POINT('Origin',(0.459220118838108,1.10865543901354,1.23));
#2412=CARTESIAN_POINT('',(0.360617591796128,1.09199585735806,1.23));
#2413=CARTESIAN_POINT('',(0.365317883999898,1.14304105071946,1.18));
#2414=CARTESIAN_POINT('Ctrl Pts',(0.360617591796129,1.09199585735806,1.23));
#2415=CARTESIAN_POINT('Ctrl Pts',(0.360136552279909,1.09484297038209,1.22744733537758));
#2416=CARTESIAN_POINT('Ctrl Pts',(0.359782027462068,1.09769281233569,1.22485005128565));
#2417=CARTESIAN_POINT('Ctrl Pts',(0.358443219470305,1.11411867053061,1.20965212073124));
#2418=CARTESIAN_POINT('Ctrl Pts',(0.36024620404295,1.12745464866364,1.19639055752304));
#2419=CARTESIAN_POINT('Ctrl Pts',(0.363964487360194,1.13909167846167,1.18417392568986));
#2420=CARTESIAN_POINT('Ctrl Pts',(0.364384262777425,1.14040544038405,1.18279472962345));
#2421=CARTESIAN_POINT('Ctrl Pts',(0.364835162331781,1.14172280622147,1.18140262869536));
#2422=CARTESIAN_POINT('Ctrl Pts',(0.365317883999898,1.14304105071946,1.18));
#2423=CARTESIAN_POINT('',(0.517162531191297,1.02715282033971,1.23));
#2424=CARTESIAN_POINT('Origin',(0.459220118838108,1.10865543901354,1.23));
#2425=CARTESIAN_POINT('',(0.549933325073275,1.06657083120337,1.18));
#2426=CARTESIAN_POINT('Ctrl Pts',(0.549933325073275,1.06657083120337,1.18));
#2427=CARTESIAN_POINT('Ctrl Pts',(0.549342521214442,1.06529735581464,1.18140262869536));
#2428=CARTESIAN_POINT('Ctrl Pts',(0.548729837030014,1.06404700336517,1.18279472962345));
#2429=CARTESIAN_POINT('Ctrl Pts',(0.542498293774877,1.05196336132584,1.19639055752304));
#2430=CARTESIAN_POINT('Ctrl Pts',(0.534343235820942,1.04125849813652,1.20965212073124));
#2431=CARTESIAN_POINT('Ctrl Pts',(0.521781719894823,1.03059034262977,1.22485005128565));
#2432=CARTESIAN_POINT('Ctrl Pts',(0.519515890421334,1.02882588696187,1.22744733537758));
#2433=CARTESIAN_POINT('Ctrl Pts',(0.517162531191296,1.02715282033971,1.23));
#2434=CARTESIAN_POINT('',(0.549933325073275,1.06657083120337,0.93));
#2435=CARTESIAN_POINT('',(0.549933325073275,1.06657083120337,1.23));
#2436=CARTESIAN_POINT('',(0.365317883999898,1.14304105071946,0.93));
#2437=CARTESIAN_POINT('Origin',(0.459220118838108,1.10865543901354,0.93));
#2438=CARTESIAN_POINT('',(0.365317883999898,1.14304105071946,1.23));
#2439=CARTESIAN_POINT('Origin',(0.848528137423857,0.848528137423857,1.23));
#2440=CARTESIAN_POINT('',(0.751055934946194,0.87087024440045,1.23));
#2441=CARTESIAN_POINT('',(0.774932588511358,0.916231129826468,1.18));
#2442=CARTESIAN_POINT('Ctrl Pts',(0.751055934946194,0.870870244400449,1.23));
#2443=CARTESIAN_POINT('Ctrl Pts',(0.751701055367199,0.873684719703272,1.22744733537758));
#2444=CARTESIAN_POINT('Ctrl Pts',(0.752464104444726,0.876453301129238,1.22485005128565));
#2445=CARTESIAN_POINT('Ctrl Pts',(0.757513110936749,0.892141154957023,1.20965212073124));
#2446=CARTESIAN_POINT('Ctrl Pts',(0.764282309366746,0.903772019875393,1.19639055752304));
#2447=CARTESIAN_POINT('Ctrl Pts',(0.77217085372527,0.913100308102668,1.18417392568986));
#2448=CARTESIAN_POINT('Ctrl Pts',(0.773061430563267,0.914153424755855,1.18279472962345));
#2449=CARTESIAN_POINT('Ctrl Pts',(0.773982141513102,0.91519796030077,1.18140262869536));
#2450=CARTESIAN_POINT('Ctrl Pts',(0.774932588511358,0.916231129826468,1.18));
#2451=CARTESIAN_POINT('',(0.87087024440045,0.751055934946193,1.23));
#2452=CARTESIAN_POINT('Origin',(0.848528137423857,0.848528137423857,1.23));
#2453=CARTESIAN_POINT('',(0.916231129826468,0.774932588511358,1.18));
#2454=CARTESIAN_POINT('Ctrl Pts',(0.916231129826468,0.774932588511358,1.18));
#2455=CARTESIAN_POINT('Ctrl Pts',(0.91519796030077,0.773982141513101,1.18140262869536));
#2456=CARTESIAN_POINT('Ctrl Pts',(0.914153424755856,0.773061430563267,1.18279472962345));
#2457=CARTESIAN_POINT('Ctrl Pts',(0.903772019875394,0.764282309366746,1.19639055752304));
#2458=CARTESIAN_POINT('Ctrl Pts',(0.892141154957023,0.757513110936749,1.20965212073124));
#2459=CARTESIAN_POINT('Ctrl Pts',(0.876453301129238,0.752464104444726,1.22485005128565));
#2460=CARTESIAN_POINT('Ctrl Pts',(0.873684719703273,0.751701055367199,1.22744733537758));
#2461=CARTESIAN_POINT('Ctrl Pts',(0.870870244400449,0.751055934946194,1.23));
#2462=CARTESIAN_POINT('',(0.916231129826468,0.774932588511358,0.93));
#2463=CARTESIAN_POINT('',(0.916231129826468,0.774932588511358,1.23));
#2464=CARTESIAN_POINT('',(0.774932588511358,0.916231129826468,0.93));
#2465=CARTESIAN_POINT('Origin',(0.848528137423857,0.848528137423857,0.93));
#2466=CARTESIAN_POINT('',(0.774932588511358,0.916231129826468,1.23));
#2467=CARTESIAN_POINT('Origin',(1.10865543901354,0.459220118838108,1.23));
#2468=CARTESIAN_POINT('',(1.02715282033971,0.517162531191297,1.23));
#2469=CARTESIAN_POINT('',(1.06657083120337,0.549933325073275,1.18));
#2470=CARTESIAN_POINT('Ctrl Pts',(1.02715282033971,0.517162531191296,1.23));
#2471=CARTESIAN_POINT('Ctrl Pts',(1.02882588696187,0.519515890421334,1.22744733537758));
#2472=CARTESIAN_POINT('Ctrl Pts',(1.03059034262977,0.521781719894823,1.22485005128565));
#2473=CARTESIAN_POINT('Ctrl Pts',(1.04125849813652,0.534343235820942,1.20965212073124));
#2474=CARTESIAN_POINT('Ctrl Pts',(1.05196336132584,0.542498293774876,1.19639055752304));
#2475=CARTESIAN_POINT('Ctrl Pts',(1.06282120735689,0.548097693109937,1.18417392568986));
#2476=CARTESIAN_POINT('Ctrl Pts',(1.06404700336517,0.548729837030014,1.18279472962345));
#2477=CARTESIAN_POINT('Ctrl Pts',(1.06529735581464,0.549342521214442,1.18140262869536));
#2478=CARTESIAN_POINT('Ctrl Pts',(1.06657083120337,0.549933325073275,1.18));
#2479=CARTESIAN_POINT('',(1.09199585735806,0.360617591796128,1.23));
#2480=CARTESIAN_POINT('Origin',(1.10865543901354,0.459220118838108,1.23));
#2481=CARTESIAN_POINT('',(1.14304105071946,0.365317883999898,1.18));
#2482=CARTESIAN_POINT('Ctrl Pts',(1.14304105071946,0.365317883999898,1.18));
#2483=CARTESIAN_POINT('Ctrl Pts',(1.14172280622147,0.364835162331781,1.18140262869536));
#2484=CARTESIAN_POINT('Ctrl Pts',(1.14040544038405,0.364384262777425,1.18279472962345));
#2485=CARTESIAN_POINT('Ctrl Pts',(1.12745464866364,0.36024620404295,1.19639055752304));
#2486=CARTESIAN_POINT('Ctrl Pts',(1.11411867053061,0.358443219470305,1.20965212073124));
#2487=CARTESIAN_POINT('Ctrl Pts',(1.09769281233569,0.359782027462067,1.22485005128565));
#2488=CARTESIAN_POINT('Ctrl Pts',(1.09484297038209,0.360136552279909,1.22744733537758));
#2489=CARTESIAN_POINT('Ctrl Pts',(1.09199585735806,0.360617591796129,1.23));
#2490=CARTESIAN_POINT('',(1.14304105071946,0.365317883999898,0.93));
#2491=CARTESIAN_POINT('',(1.14304105071946,0.365317883999898,1.23));
#2492=CARTESIAN_POINT('',(1.06657083120337,0.549933325073275,0.93));
#2493=CARTESIAN_POINT('Origin',(1.10865543901354,0.459220118838108,0.93));
#2494=CARTESIAN_POINT('',(1.06657083120337,0.549933325073275,1.23));
#2495=CARTESIAN_POINT('Origin',(-7.39255249150933E-17,0.,0.93));
#2496=CARTESIAN_POINT('Origin',(0.,0.,0.93));
#2497=CARTESIAN_POINT('Origin',(0.,0.,0.93));
#2498=CARTESIAN_POINT('Origin',(0.,0.,0.93));
#2499=CARTESIAN_POINT('Origin',(0.,0.,0.93));
#2500=CARTESIAN_POINT('Origin',(0.,0.,0.93));
#2501=CARTESIAN_POINT('Origin',(0.,0.,0.93));
#2502=CARTESIAN_POINT('Origin',(0.,0.,0.93));
#2503=CARTESIAN_POINT('Origin',(0.,0.,0.93));
#2504=CARTESIAN_POINT('Origin',(0.,0.,0.93));
#2505=CARTESIAN_POINT('Origin',(0.,0.,0.93));
#2506=CARTESIAN_POINT('Origin',(0.,0.,0.93));
#2507=CARTESIAN_POINT('Origin',(0.,0.,0.93));
#2508=CARTESIAN_POINT('Origin',(0.,0.,0.93));
#2509=CARTESIAN_POINT('Origin',(0.,0.,0.93));
#2510=CARTESIAN_POINT('',(1.19583333333333,0.0999131567356814,0.93));
#2511=CARTESIAN_POINT('Origin',(0.,0.,0.93));
#2512=CARTESIAN_POINT('',(1.19583333333333,-0.0999131567356814,0.93));
#2513=CARTESIAN_POINT('Origin',(1.2,0.,0.93));
#2514=CARTESIAN_POINT('Origin',(0.,0.,0.93));
#2515=CARTESIAN_POINT('',(-0.939957045540558,-0.326352190951226,0.93));
#2516=CARTESIAN_POINT('',(-0.930510241062763,-0.323072269434128,0.93));
#2517=CARTESIAN_POINT('',(-0.454243966569945,-0.157713072549208,0.93));
#2518=CARTESIAN_POINT('',(0.978907837936969,-0.108914602531696,0.93));
#2519=CARTESIAN_POINT('Origin',(0.,0.,0.93));
#2520=CARTESIAN_POINT('',(0.93376400395368,-0.343671041725064,0.93));
#2521=CARTESIAN_POINT('Ctrl Pts',(0.97890783793697,-0.10891460253169,0.93));
#2522=CARTESIAN_POINT('Ctrl Pts',(0.975858465815917,-0.152694546808379,
0.93));
#2523=CARTESIAN_POINT('Ctrl Pts',(0.969910997901802,-0.196221527016126,
0.93));
#2524=CARTESIAN_POINT('Ctrl Pts',(0.961126432366889,-0.239205536017439,
0.93));
#2525=CARTESIAN_POINT('Ctrl Pts',(0.953922127378468,-0.274457126917386,
0.93));
#2526=CARTESIAN_POINT('Ctrl Pts',(0.944808649287435,-0.309343992309072,
0.93));
#2527=CARTESIAN_POINT('Ctrl Pts',(0.933793734436354,-0.343702443528319,
0.93));
#2528=CARTESIAN_POINT('Origin',(0.,0.,0.93));
#2529=CARTESIAN_POINT('Origin',(0.,0.,0.93));
#2530=CARTESIAN_POINT('',(1.19583333333333,0.0999131567356814,1.18));
#2531=CARTESIAN_POINT('Origin',(0.,0.,1.18));
#2532=CARTESIAN_POINT('',(1.19583333333333,0.0999131567356818,1.23));
#2533=CARTESIAN_POINT('Origin',(0.,0.,0.93));
#2534=CARTESIAN_POINT('Origin',(0.,0.,1.18));
#2535=CARTESIAN_POINT('Origin',(0.,0.,0.93));
#2536=CARTESIAN_POINT('Origin',(0.,0.,1.18));
#2537=CARTESIAN_POINT('Origin',(0.,0.,0.93));
#2538=CARTESIAN_POINT('Origin',(0.,0.,1.18));
#2539=CARTESIAN_POINT('Origin',(0.,0.,0.93));
#2540=CARTESIAN_POINT('Origin',(0.,0.,1.18));
#2541=CARTESIAN_POINT('Origin',(0.,0.,0.93));
#2542=CARTESIAN_POINT('Origin',(0.,0.,1.18));
#2543=CARTESIAN_POINT('Origin',(0.,0.,0.93));
#2544=CARTESIAN_POINT('Origin',(0.,0.,1.18));
#2545=CARTESIAN_POINT('Origin',(0.,0.,0.93));
#2546=CARTESIAN_POINT('Origin',(0.,0.,1.18));
#2547=CARTESIAN_POINT('Origin',(0.,0.,0.93));
#2548=CARTESIAN_POINT('Origin',(0.,0.,1.18));
#2549=CARTESIAN_POINT('Origin',(0.,0.,0.93));
#2550=CARTESIAN_POINT('Origin',(0.,0.,1.18));
#2551=CARTESIAN_POINT('Origin',(0.,0.,0.93));
#2552=CARTESIAN_POINT('Origin',(0.,0.,1.18));
#2553=CARTESIAN_POINT('Origin',(0.,0.,0.93));
#2554=CARTESIAN_POINT('Origin',(0.,0.,1.18));
#2555=CARTESIAN_POINT('Origin',(0.,0.,0.93));
#2556=CARTESIAN_POINT('Origin',(0.,0.,1.18));
#2557=CARTESIAN_POINT('Origin',(0.,0.,0.93));
#2558=CARTESIAN_POINT('Origin',(0.,0.,1.18));
#2559=CARTESIAN_POINT('Origin',(0.,0.,0.93));
#2560=CARTESIAN_POINT('Origin',(0.,0.,1.18));
#2561=CARTESIAN_POINT('Origin',(0.,0.,1.205));
#2562=CARTESIAN_POINT('',(1.146875,0.0847215106982872,1.23));
#2563=CARTESIAN_POINT('Origin',(0.,0.,1.23));
#2564=CARTESIAN_POINT('Ctrl Pts',(1.146875,0.0847215106982872,1.23));
#2565=CARTESIAN_POINT('Ctrl Pts',(1.14932130359648,0.0862554762460212,1.22744733537758));
#2566=CARTESIAN_POINT('Ctrl Pts',(1.15181854347415,0.0876736017694907,1.22485005128565));
#2567=CARTESIAN_POINT('Ctrl Pts',(1.1664817180268,0.0951964028646168,1.20965212073124));
#2568=CARTESIAN_POINT('Ctrl Pts',(1.17949252759469,0.0986341202064132,1.19639055752304));
#2569=CARTESIAN_POINT('Ctrl Pts',(1.19166666666667,0.0996521728591784,1.18417392568986));
#2570=CARTESIAN_POINT('Ctrl Pts',(1.19304106551483,0.0997671058647125,1.18279472962345));
#2571=CARTESIAN_POINT('Ctrl Pts',(1.19443070463797,0.0998546630755711,1.18140262869536));
#2572=CARTESIAN_POINT('Ctrl Pts',(1.19583333333333,0.0999131567356817,1.18));
#2573=CARTESIAN_POINT('Origin',(0.,0.,1.205));
#2574=CARTESIAN_POINT('Origin',(0.,0.,1.23));
#2575=CARTESIAN_POINT('Origin',(0.,0.,1.205));
#2576=CARTESIAN_POINT('Origin',(0.,0.,1.23));
#2577=CARTESIAN_POINT('Origin',(0.,0.,1.205));
#2578=CARTESIAN_POINT('Origin',(0.,0.,1.23));
#2579=CARTESIAN_POINT('Origin',(0.,0.,1.205));
#2580=CARTESIAN_POINT('Origin',(0.,0.,1.23));
#2581=CARTESIAN_POINT('Origin',(0.,0.,1.205));
#2582=CARTESIAN_POINT('Origin',(0.,0.,1.23));
#2583=CARTESIAN_POINT('Origin',(0.,0.,1.205));
#2584=CARTESIAN_POINT('Origin',(0.,0.,1.23));
#2585=CARTESIAN_POINT('Origin',(0.,0.,1.205));
#2586=CARTESIAN_POINT('Origin',(0.,0.,1.23));
#2587=CARTESIAN_POINT('Origin',(0.,0.,1.205));
#2588=CARTESIAN_POINT('Origin',(0.,0.,1.23));
#2589=CARTESIAN_POINT('Origin',(0.,0.,1.205));
#2590=CARTESIAN_POINT('Origin',(0.,0.,1.23));
#2591=CARTESIAN_POINT('Origin',(0.,0.,1.205));
#2592=CARTESIAN_POINT('Origin',(0.,0.,1.23));
#2593=CARTESIAN_POINT('Origin',(0.,0.,1.205));
#2594=CARTESIAN_POINT('Origin',(0.,0.,1.23));
#2595=CARTESIAN_POINT('Origin',(0.,0.,1.205));
#2596=CARTESIAN_POINT('Origin',(0.,0.,1.23));
#2597=CARTESIAN_POINT('Origin',(0.,0.,1.205));
#2598=CARTESIAN_POINT('Origin',(0.,0.,1.23));
#2599=CARTESIAN_POINT('Origin',(0.,0.,1.205));
#2600=CARTESIAN_POINT('Origin',(0.,0.,1.23));
#2601=CARTESIAN_POINT('Origin',(1.2,0.,1.23));
#2602=CARTESIAN_POINT('',(1.19583333333333,-0.0999131567356814,1.18));
#2603=CARTESIAN_POINT('',(1.146875,-0.0847215106982872,1.23));
#2604=CARTESIAN_POINT('Ctrl Pts',(1.19583333333333,-0.0999131567356817,
1.18));
#2605=CARTESIAN_POINT('Ctrl Pts',(1.19443070463797,-0.0998546630755711,
1.18140262869536));
#2606=CARTESIAN_POINT('Ctrl Pts',(1.19304106551483,-0.0997671058647125,
1.18279472962345));
#2607=CARTESIAN_POINT('Ctrl Pts',(1.17949252759469,-0.0986341202064132,
1.19639055752304));
#2608=CARTESIAN_POINT('Ctrl Pts',(1.1664817180268,-0.0951964028646168,1.20965212073124));
#2609=CARTESIAN_POINT('Ctrl Pts',(1.15181854347415,-0.0876736017694907,
1.22485005128565));
#2610=CARTESIAN_POINT('Ctrl Pts',(1.14932130359648,-0.0862554762460213,
1.22744733537758));
#2611=CARTESIAN_POINT('Ctrl Pts',(1.146875,-0.0847215106982872,1.23));
#2612=CARTESIAN_POINT('',(1.19583333333333,-0.0999131567356818,1.23));
#2613=CARTESIAN_POINT('Origin',(1.2,0.,1.23));
#2614=CARTESIAN_POINT('Origin',(0.,0.,0.93));
#2615=CARTESIAN_POINT('Origin',(0.,0.,1.18));
#2616=CARTESIAN_POINT('Origin',(-7.39255249150933E-17,0.,1.23));
#2617=CARTESIAN_POINT('Origin',(0.,0.,1.23));
#2618=CARTESIAN_POINT('',(0.5,6.12323399573677E-17,1.23));
#2619=CARTESIAN_POINT('Origin',(0.,0.,1.23));
#2620=CARTESIAN_POINT('Origin',(0.,0.,1.205));
#2621=CARTESIAN_POINT('Origin',(0.,0.,0.08));
#2622=CARTESIAN_POINT('',(0.61,7.47034547479885E-17,0.08));
#2623=CARTESIAN_POINT('Origin',(0.,0.,0.08));
#2624=CARTESIAN_POINT('',(0.61,7.47034547479885E-17,0.1));
#2625=CARTESIAN_POINT('',(0.61,7.47034547479885E-17,0.08));
#2626=CARTESIAN_POINT('Origin',(0.,0.,0.1));
#2627=CARTESIAN_POINT('Origin',(-6.22528789566571E-18,0.,0.1));
#2628=CARTESIAN_POINT('',(0.5,-6.12323399573677E-17,0.1));
#2629=CARTESIAN_POINT('Origin',(0.,0.,0.1));
#2630=CARTESIAN_POINT('Origin',(0.,0.,1.23));
#2631=CARTESIAN_POINT('',(0.5,-6.12323399573677E-17,1.23));
#2632=CARTESIAN_POINT('Origin',(-0.90848793313989,-0.315426145098416,0.95));
#2633=CARTESIAN_POINT('',(-0.939957045540558,-0.326352190951226,1.021397103125));
#2634=CARTESIAN_POINT('',(-0.939957045540558,-0.326352190951226,0.878602896875));
#2635=CARTESIAN_POINT('',(-0.939957045540558,-0.326352190951226,1.021397103125));
#2636=CARTESIAN_POINT('',(-0.930510241062763,-0.323072269434128,0.884376396875));
#2637=CARTESIAN_POINT('',(-0.853813997208669,-0.296443406617191,0.93125));
#2638=CARTESIAN_POINT('',(-0.930510241062763,-0.323072269434128,0.4));
#2639=CARTESIAN_POINT('Ctrl Pts',(0.982421129743036,0.0712300767542616,
0.503126396875));
#2640=CARTESIAN_POINT('Ctrl Pts',(0.970571885787658,0.234657496233305,0.507097751041667));
#2641=CARTESIAN_POINT('Ctrl Pts',(0.863736615082502,0.555318947775614,0.515040459375));
#2642=CARTESIAN_POINT('Ctrl Pts',(0.492546657592259,0.900991644145772,0.526954521875));
#2643=CARTESIAN_POINT('Ctrl Pts',(0.00129645677903035,1.02682291868169,
0.538868584375));
#2644=CARTESIAN_POINT('Ctrl Pts',(-0.490311840609006,0.902212256031188,
0.550782646874999));
#2645=CARTESIAN_POINT('Ctrl Pts',(-0.862298058223209,0.557510258633173,
0.562696709375));
#2646=CARTESIAN_POINT('Ctrl Pts',(-1.02395431962248,0.0768223943089612,
0.574610771875));
#2647=CARTESIAN_POINT('Ctrl Pts',(-0.935832822519383,-0.422608371647366,
0.586524834375));
#2648=CARTESIAN_POINT('Ctrl Pts',(-0.619436420090846,-0.818950642004643,
0.598438896875));
#2649=CARTESIAN_POINT('Ctrl Pts',(-0.151939920476721,-1.0155274723436,0.610352959374999));
#2650=CARTESIAN_POINT('Ctrl Pts',(0.35261863456913,-0.964386632125017,0.622267021875));
#2651=CARTESIAN_POINT('Ctrl Pts',(0.771163349868374,-0.678003536272429,
0.634181084375));
#2652=CARTESIAN_POINT('Ctrl Pts',(1.00159833472639,-0.226235186403552,0.646095146875));
#2653=CARTESIAN_POINT('Ctrl Pts',(0.987713883704685,0.280718575556674,0.658009209374999));
#2654=CARTESIAN_POINT('Ctrl Pts',(0.732896720705866,0.719196786658235,0.669923271875001));
#2655=CARTESIAN_POINT('Ctrl Pts',(0.299304351795678,0.982241581473562,0.681837334374999));
#2656=CARTESIAN_POINT('Ctrl Pts',(-0.207297222628204,1.00568856381327,0.693751396875));
#2657=CARTESIAN_POINT('Ctrl Pts',(-0.663332861681719,0.783818304195977,
0.705665459374999));
#2658=CARTESIAN_POINT('Ctrl Pts',(-0.957561961128129,0.370751549910981,
0.717579521875));
#2659=CARTESIAN_POINT('Ctrl Pts',(-1.01821334002171,-0.132752510060634,
0.729493584374999));
#2660=CARTESIAN_POINT('Ctrl Pts',(-0.830492299110526,-0.603874262418794,
0.741407646875));
#2661=CARTESIAN_POINT('Ctrl Pts',(-0.440189627092674,-0.927693268046149,
0.753321709375));
#2662=CARTESIAN_POINT('Ctrl Pts',(0.0574884257872797,-1.02522024880868,
0.765235771875));
#2663=CARTESIAN_POINT('Ctrl Pts',(0.541143165320502,-0.872665950490773,
0.777149834375));
#2664=CARTESIAN_POINT('Ctrl Pts',(0.892797427531444,-0.507241940269155,
0.789063896875));
#2665=CARTESIAN_POINT('Ctrl Pts',(1.02667119179534,-0.0180878807096997,
0.800977959374999));
#2666=CARTESIAN_POINT('Ctrl Pts',(0.910110972729591,0.475480963086948,0.812892021875));
#2667=CARTESIAN_POINT('Ctrl Pts',(0.571544605738456,0.853060603561092,0.824806084375));
#2668=CARTESIAN_POINT('Ctrl Pts',(0.0935679141924003,1.02256427739676,0.836720146875));
#2669=CARTESIAN_POINT('Ctrl Pts',(-0.407245642713775,0.942612313531285,
0.848634209375));
#2670=CARTESIAN_POINT('Ctrl Pts',(-0.80869357946276,0.632773930611491,0.860548271874999));
#2671=CARTESIAN_POINT('Ctrl Pts',(-1.01293176283129,0.168491299004679,0.872462334375001));
#2672=CARTESIAN_POINT('Ctrl Pts',(-0.984253860474398,-0.168280314241261,
0.880405042708333));
#2673=CARTESIAN_POINT('Ctrl Pts',(-0.930510241062764,-0.323072269434128,
0.884376396875));
#2674=CARTESIAN_POINT('Ctrl Pts',(0.955429483221542,0.0692730575134878,
0.51875093125));
#2675=CARTESIAN_POINT('Ctrl Pts',(0.943905792732705,0.228210370860905,0.522722285416667));
#2676=CARTESIAN_POINT('Ctrl Pts',(0.840005780416847,0.540061771101322,0.53066499375));
#2677=CARTESIAN_POINT('Ctrl Pts',(0.479014125692674,0.876237241739991,0.54257905625));
#2678=CARTESIAN_POINT('Ctrl Pts',(0.00126083712260152,0.998611349913337,
0.554493118749999));
#2679=CARTESIAN_POINT('Ctrl Pts',(-0.476840709455218,0.877424317778556,
0.56640718125));
#2680=CARTESIAN_POINT('Ctrl Pts',(-0.838606747359589,0.542192876527324,
0.57832124375));
#2681=CARTESIAN_POINT('Ctrl Pts',(-0.995821564521174,0.0747117282724273,
0.590235306249999));
#2682=CARTESIAN_POINT('Ctrl Pts',(-0.910121172002194,-0.410997367527867,
0.602149368750001));
#2683=CARTESIAN_POINT('Ctrl Pts',(-0.602417640274898,-0.796450284898805,
0.614063431249999));
#2684=CARTESIAN_POINT('Ctrl Pts',(-0.14776542900677,-0.987626241663096,
0.625977493750001));
#2685=CARTESIAN_POINT('Ctrl Pts',(0.342930571830016,-0.937890476559653,
0.637891556249999));
#2686=CARTESIAN_POINT('Ctrl Pts',(0.749975930420847,-0.659375647236518,
0.64980561875));
#2687=CARTESIAN_POINT('Ctrl Pts',(0.974079801798947,-0.220019460787262,
0.66171968125));
#2688=CARTESIAN_POINT('Ctrl Pts',(0.960576820783102,0.273005939565808,0.67363374375));
#2689=CARTESIAN_POINT('Ctrl Pts',(0.712760662326067,0.699437128750683,0.685547806250001));
#2690=CARTESIAN_POINT('Ctrl Pts',(0.291081078678449,0.955254867972416,0.697461868749999));
#2691=CARTESIAN_POINT('Ctrl Pts',(-0.201601810356756,0.978057653398862,
0.70937593125));
#2692=CARTESIAN_POINT('Ctrl Pts',(-0.645108043844905,0.762283194696176,
0.72128999375));
#2693=CARTESIAN_POINT('Ctrl Pts',(-0.931253310800179,0.360565292226244,
0.73320405625));
#2694=CARTESIAN_POINT('Ctrl Pts',(-0.990238316149283,-0.129105185387014,
0.74511811875));
#2695=CARTESIAN_POINT('Ctrl Pts',(-0.807674839369735,-0.587283046960207,
0.757032181249999));
#2696=CARTESIAN_POINT('Ctrl Pts',(-0.428095584673187,-0.902205248689297,
0.768946243750001));
#2697=CARTESIAN_POINT('Ctrl Pts',(0.0559089531752308,-0.997052712784938,
0.780860306249999));
#2698=CARTESIAN_POINT('Ctrl Pts',(0.526275462872293,-0.84868978573427,0.79277436875));
#2699=CARTESIAN_POINT('Ctrl Pts',(0.868268158107515,-0.493305661072674,
0.80468843125));
#2700=CARTESIAN_POINT('Ctrl Pts',(0.998463791665429,-0.01759092307345,0.81660249375));
#2701=CARTESIAN_POINT('Ctrl Pts',(0.885106020242794,0.462417304646805,0.82851655625));
#2702=CARTESIAN_POINT('Ctrl Pts',(0.555841635288915,0.829623088247516,0.84043061875));
#2703=CARTESIAN_POINT('Ctrl Pts',(0.0909971713722666,0.994469713176407,
0.852344681249999));
#2704=CARTESIAN_POINT('Ctrl Pts',(-0.396056723722971,0.916714399079569,
0.86425874375));
#2705=CARTESIAN_POINT('Ctrl Pts',(-0.786475031245287,0.615388707771721,
0.87617280625));
#2706=CARTESIAN_POINT('Ctrl Pts',(-0.985101848281422,0.163862064710959,
0.88808686875));
#2707=CARTESIAN_POINT('Ctrl Pts',(-0.957211860373801,-0.163656876673592,
0.896029577083333));
#2708=CARTESIAN_POINT('Ctrl Pts',(-0.904944826444732,-0.314195981828483,
0.90000093125));
#2709=CARTESIAN_POINT('Ctrl Pts',(0.928437836700049,0.0673160382727139,
0.534375465625));
#2710=CARTESIAN_POINT('Ctrl Pts',(0.917239699677752,0.221763245488506,0.538346819791667));
#2711=CARTESIAN_POINT('Ctrl Pts',(0.816274945751192,0.52480459442703,0.546289528125));
#2712=CARTESIAN_POINT('Ctrl Pts',(0.46548159379309,0.851482839334209,0.558203590625));
#2713=CARTESIAN_POINT('Ctrl Pts',(0.00122521746617269,0.97039978114499,
0.570117653125));
#2714=CARTESIAN_POINT('Ctrl Pts',(-0.46336957830143,0.852636379525922,0.582031715625));
#2715=CARTESIAN_POINT('Ctrl Pts',(-0.814915436495969,0.526875494421476,
0.593945778125));
#2716=CARTESIAN_POINT('Ctrl Pts',(-0.967688809419871,0.0726010622358932,
0.605859840625));
#2717=CARTESIAN_POINT('Ctrl Pts',(-0.884409521485005,-0.399386363408368,
0.617773903125));
#2718=CARTESIAN_POINT('Ctrl Pts',(-0.585398860458951,-0.773949927792965,
0.629687965625));
#2719=CARTESIAN_POINT('Ctrl Pts',(-0.143590937536819,-0.95972501098259,
0.641602028125001));
#2720=CARTESIAN_POINT('Ctrl Pts',(0.333242509090902,-0.911394320994289,
0.653516090625));
#2721=CARTESIAN_POINT('Ctrl Pts',(0.728788510973322,-0.640747758200607,
0.665430153125));
#2722=CARTESIAN_POINT('Ctrl Pts',(0.946561268871502,-0.213803735170971,
0.677344215625));
#2723=CARTESIAN_POINT('Ctrl Pts',(0.933439757861521,0.265293303574943,0.689258278125));
#2724=CARTESIAN_POINT('Ctrl Pts',(0.692624603946267,0.679677470843133,0.701172340625));
#2725=CARTESIAN_POINT('Ctrl Pts',(0.28285780556122,0.92826815447127,0.713086403125));
#2726=CARTESIAN_POINT('Ctrl Pts',(-0.195906398085309,0.95042674298445,0.725000465625));
#2727=CARTESIAN_POINT('Ctrl Pts',(-0.626883226008091,0.740748085196375,
0.736914528124999));
#2728=CARTESIAN_POINT('Ctrl Pts',(-0.90494466047223,0.350379034541507,0.748828590625001));
#2729=CARTESIAN_POINT('Ctrl Pts',(-0.96226329227686,-0.125457860713394,
0.760742653124999));
#2730=CARTESIAN_POINT('Ctrl Pts',(-0.784857379628945,-0.570691831501619,
0.772656715625));
#2731=CARTESIAN_POINT('Ctrl Pts',(-0.416001542253699,-0.876717229332446,
0.784570778125001));
#2732=CARTESIAN_POINT('Ctrl Pts',(0.0543294805631816,-0.968885176761197,
0.796484840625));
#2733=CARTESIAN_POINT('Ctrl Pts',(0.511407760424083,-0.824713620977765,
0.808398903125));
#2734=CARTESIAN_POINT('Ctrl Pts',(0.843738888683586,-0.479369381876193,
0.820312965624999));
#2735=CARTESIAN_POINT('Ctrl Pts',(0.970256391535519,-0.0170939654371997,
0.832227028125001));
#2736=CARTESIAN_POINT('Ctrl Pts',(0.860101067755997,0.449353646206662,0.844141090625));
#2737=CARTESIAN_POINT('Ctrl Pts',(0.540138664839376,0.80618557293394,0.856055153125001));
#2738=CARTESIAN_POINT('Ctrl Pts',(0.0884264285521325,0.966375148956052,
0.867969215624999));
#2739=CARTESIAN_POINT('Ctrl Pts',(-0.384867804732167,0.890816484627852,
0.879883278125001));
#2740=CARTESIAN_POINT('Ctrl Pts',(-0.764256483027814,0.598003484931951,
0.891797340624999));
#2741=CARTESIAN_POINT('Ctrl Pts',(-0.957271933731552,0.159232830417239,
0.903711403125001));
#2742=CARTESIAN_POINT('Ctrl Pts',(-0.930169860273204,-0.159033439105922,
0.911654111458333));
#2743=CARTESIAN_POINT('Ctrl Pts',(-0.8793794118267,-0.305319694222837,0.915625465625));
#2744=CARTESIAN_POINT('Ctrl Pts',(0.901446190178556,0.0653590190319401,
0.55));
#2745=CARTESIAN_POINT('Ctrl Pts',(0.890573606622799,0.215316120116106,0.553971354166667));
#2746=CARTESIAN_POINT('Ctrl Pts',(0.792544111085537,0.509547417752738,0.5619140625));
#2747=CARTESIAN_POINT('Ctrl Pts',(0.451949061893506,0.826728436928427,0.573828125));
#2748=CARTESIAN_POINT('Ctrl Pts',(0.00118959780974371,0.942188212376641,
0.5857421875));
#2749=CARTESIAN_POINT('Ctrl Pts',(-0.449898447147642,0.827848441273288,
0.59765625));
#2750=CARTESIAN_POINT('Ctrl Pts',(-0.791224125632349,0.511558112315629,
0.6095703125));
#2751=CARTESIAN_POINT('Ctrl Pts',(-0.939556054318568,0.0704903961993583,
0.621484374999999));
#2752=CARTESIAN_POINT('Ctrl Pts',(-0.858697870967816,-0.387775359288868,
0.6333984375));
#2753=CARTESIAN_POINT('Ctrl Pts',(-0.568380080643003,-0.751449570687128,
0.645312499999999));
#2754=CARTESIAN_POINT('Ctrl Pts',(-0.139416446066869,-0.931823780302083,
0.6572265625));
#2755=CARTESIAN_POINT('Ctrl Pts',(0.323554446351788,-0.884898165428926,
0.669140625));
#2756=CARTESIAN_POINT('Ctrl Pts',(0.707601091525796,-0.622119869164695,
0.6810546875));
#2757=CARTESIAN_POINT('Ctrl Pts',(0.919042735944057,-0.207588009554681,
0.69296875));
#2758=CARTESIAN_POINT('Ctrl Pts',(0.906302694939939,0.257580667584077,0.7048828125));
#2759=CARTESIAN_POINT('Ctrl Pts',(0.672488545566467,0.65991781293558,0.716796875));
#2760=CARTESIAN_POINT('Ctrl Pts',(0.274634532443991,0.901281440970125,0.7287109375));
#2761=CARTESIAN_POINT('Ctrl Pts',(-0.190210985813861,0.922795832570036,
0.740625));
#2762=CARTESIAN_POINT('Ctrl Pts',(-0.608658408171278,0.719212975696575,
0.7525390625));
#2763=CARTESIAN_POINT('Ctrl Pts',(-0.878636010144281,0.34019277685677,0.764453125));
#2764=CARTESIAN_POINT('Ctrl Pts',(-0.934288268404435,-0.121810536039774,
0.7763671875));
#2765=CARTESIAN_POINT('Ctrl Pts',(-0.762039919888155,-0.554100616043031,
0.78828125));
#2766=CARTESIAN_POINT('Ctrl Pts',(-0.403907499834211,-0.851229209975594,
0.8001953125));
#2767=CARTESIAN_POINT('Ctrl Pts',(0.0527500079511328,-0.940717640737455,
0.812109375));
#2768=CARTESIAN_POINT('Ctrl Pts',(0.496540057975874,-0.800737456221261,
0.8240234375));
#2769=CARTESIAN_POINT('Ctrl Pts',(0.819209619259658,-0.465433102679711,
0.8359375));
#2770=CARTESIAN_POINT('Ctrl Pts',(0.942048991405608,-0.01659700780095,0.8478515625));
#2771=CARTESIAN_POINT('Ctrl Pts',(0.835096115269201,0.43628998776652,0.859765624999999));
#2772=CARTESIAN_POINT('Ctrl Pts',(0.524435694389835,0.782748057620365,0.8716796875));
#2773=CARTESIAN_POINT('Ctrl Pts',(0.0858556857319988,0.938280584735697,
0.883593750000001));
#2774=CARTESIAN_POINT('Ctrl Pts',(-0.373678885741364,0.864918570176136,
0.8955078125));
#2775=CARTESIAN_POINT('Ctrl Pts',(-0.742037934810341,0.580618262092182,
0.907421875));
#2776=CARTESIAN_POINT('Ctrl Pts',(-0.929442019181683,0.154603596123519,
0.9193359375));
#2777=CARTESIAN_POINT('Ctrl Pts',(-0.903127860172606,-0.154410001538253,
0.927278645833333));
#2778=CARTESIAN_POINT('Ctrl Pts',(-0.853813997208669,-0.296443406617191,
0.93125));
#2779=CARTESIAN_POINT('Ctrl Pts',(-0.930510241062762,-0.323072269434132,
0.884376396875));
#2780=CARTESIAN_POINT('Ctrl Pts',(-0.984253860474398,-0.168280314241263,
0.880405042708334));
#2781=CARTESIAN_POINT('Ctrl Pts',(-0.998592811652845,0.000105492381707956,
0.876433688541667));
#2782=CARTESIAN_POINT('Ctrl Pts',(-0.97172259001398,0.161678834294329,0.872462334375001));
#2783=CARTESIAN_POINT('Ctrl Pts',(-0.944852368375115,0.32325217620695,0.868490980208334));
#2784=CARTESIAN_POINT('Ctrl Pts',(-0.876772973918937,0.47801305340922,0.864519626041667));
#2785=CARTESIAN_POINT('Ctrl Pts',(-0.775825287232685,0.607033222496988,
0.860548271875));
#2786=CARTESIAN_POINT('Ctrl Pts',(-0.674877600546432,0.736053391584756,
0.856576917708333));
#2787=CARTESIAN_POINT('Ctrl Pts',(-0.541061621630103,0.83933285255802,0.852605563541667));
#2788=CARTESIAN_POINT('Ctrl Pts',(-0.39068470602091,0.904297910355566,0.848634209375));
#2789=CARTESIAN_POINT('Ctrl Pts',(-0.240307790411716,0.969262968153111,
0.844662855208333));
#2790=CARTESIAN_POINT('Ctrl Pts',(-0.0733699381096581,0.995913622774937,
0.840691501041667));
#2791=CARTESIAN_POINT('Ctrl Pts',(0.0897617699657137,0.980988337779904,
0.836720146875));
#2792=CARTESIAN_POINT('Ctrl Pts',(0.252893478041085,0.966063052784872,0.832748792708333));
#2793=CARTESIAN_POINT('Ctrl Pts',(0.41221904188977,0.909561828172982,0.828777438541667));
#2794=CARTESIAN_POINT('Ctrl Pts',(0.548309551645969,0.818381275788013,0.824806084375));
#2795=CARTESIAN_POINT('Ctrl Pts',(0.684400061402167,0.727200723403044,0.820834730208334));
#2796=CARTESIAN_POINT('Ctrl Pts',(0.797255517065879,0.601340843244996,0.816863376041667));
#2797=CARTESIAN_POINT('Ctrl Pts',(0.87310994807536,0.456149429199864,0.812892021875));
#2798=CARTESIAN_POINT('Ctrl Pts',(0.946286881814221,0.316082957885824,0.809060847916666));
#2799=CARTESIAN_POINT('Ctrl Pts',(0.985028802149658,0.158025589434985,0.805229673958333));
#2800=CARTESIAN_POINT('Ctrl Pts',(0.985081955772698,-6.21963345770818E-6,
0.8013985));
#2801=CARTESIAN_POINT('',(0.901446190178555,0.0653590190319417,0.55));
#2802=CARTESIAN_POINT('Ctrl Pts',(0.901446190178556,0.0653590190319401,
0.55));
#2803=CARTESIAN_POINT('Ctrl Pts',(0.890573606622799,0.215316120116106,0.553971354166667));
#2804=CARTESIAN_POINT('Ctrl Pts',(0.792544111085537,0.509547417752738,0.5619140625));
#2805=CARTESIAN_POINT('Ctrl Pts',(0.451949061893506,0.826728436928427,0.573828125));
#2806=CARTESIAN_POINT('Ctrl Pts',(0.00118959780974371,0.942188212376641,
0.5857421875));
#2807=CARTESIAN_POINT('Ctrl Pts',(-0.449898447147642,0.827848441273288,
0.59765625));
#2808=CARTESIAN_POINT('Ctrl Pts',(-0.791224125632349,0.511558112315629,
0.6095703125));
#2809=CARTESIAN_POINT('Ctrl Pts',(-0.897531242368675,0.195451946899381,
0.618108930208333));
#2810=CARTESIAN_POINT('Ctrl Pts',(-0.903872499483248,0.0225772766206403,
0.62267619375));
#2811=CARTESIAN_POINT('Ctrl Pts',(-0.903850920760526,2.00277858597199E-5,
0.623272103125));
#2812=CARTESIAN_POINT('Ctrl Pts',(-0.441757192040459,0.880468864650356,
0.55));
#2813=CARTESIAN_POINT('Ctrl Pts',(-0.407202623470535,0.896002546445929,
0.55));
#2814=CARTESIAN_POINT('Ctrl Pts',(-0.371711360030265,0.909528398500876,
0.55));
#2815=CARTESIAN_POINT('Ctrl Pts',(-0.335467869350366,0.920986798895781,
0.55));
#2816=CARTESIAN_POINT('Ctrl Pts',(-0.32677009506917,0.92373660523035,0.55));
#2817=CARTESIAN_POINT('Ctrl Pts',(-0.318028991432484,0.926367211428784,
0.55));
#2818=CARTESIAN_POINT('Ctrl Pts',(-0.30924710833449,0.928877538394402,0.55));
#2819=CARTESIAN_POINT('Ctrl Pts',(-0.30141149071673,0.931117372605202,0.55));
#2820=CARTESIAN_POINT('Ctrl Pts',(-0.293547667012521,0.933260165549809,
0.55));
#2821=CARTESIAN_POINT('Ctrl Pts',(-0.285665200687634,0.935303617915648,
0.55));
#2822=CARTESIAN_POINT('Ctrl Pts',(-0.243664945917545,0.946191773530704,
0.55));
#2823=CARTESIAN_POINT('Ctrl Pts',(-0.201070857665939,0.954282559724148,
0.55));
#2824=CARTESIAN_POINT('Ctrl Pts',(-0.158168027270985,0.959530365321802,
0.55));
#2825=CARTESIAN_POINT('Ctrl Pts',(-0.115736619918981,0.964720507206809,
0.55));
#2826=CARTESIAN_POINT('Ctrl Pts',(-0.0730020920783752,0.967129881435977,
0.55));
#2827=CARTESIAN_POINT('Ctrl Pts',(-0.0302374579596534,0.966664159756027,
0.55));
#2828=CARTESIAN_POINT('Ctrl Pts',(-0.019754523437812,0.966549996967618,
0.55));
#2829=CARTESIAN_POINT('Ctrl Pts',(-0.00926981114721026,0.966262830052761,
0.55));
#2830=CARTESIAN_POINT('Ctrl Pts',(0.00121256565759086,0.965800792691773,
0.55));
#2831=CARTESIAN_POINT('Ctrl Pts',(0.0181445228080368,0.965054473708605,
0.55));
#2832=CARTESIAN_POINT('Ctrl Pts',(0.0350704153353825,0.963851948229827,
0.55));
#2833=CARTESIAN_POINT('Ctrl Pts',(0.0519725937695022,0.962196052741146,
0.55));
#2834=CARTESIAN_POINT('Ctrl Pts',(0.0630535888687724,0.961110454818577,
0.55));
#2835=CARTESIAN_POINT('Ctrl Pts',(0.0741286291670624,0.959829226216435,
0.55));
#2836=CARTESIAN_POINT('Ctrl Pts',(0.085164667353757,0.958357175404502,0.55));
#2837=CARTESIAN_POINT('Ctrl Pts',(0.127605765158312,0.952696135507245,0.55));
#2838=CARTESIAN_POINT('Ctrl Pts',(0.169546013753263,0.944211948577313,0.55));
#2839=CARTESIAN_POINT('Ctrl Pts',(0.210714994681517,0.933012441104591,0.55));
#2840=CARTESIAN_POINT('Ctrl Pts',(0.253243320255761,0.921443140885546,0.55));
#2841=CARTESIAN_POINT('Ctrl Pts',(0.294949961146355,0.906976085501362,0.55));
#2842=CARTESIAN_POINT('Ctrl Pts',(0.33551793826104,0.88967517473966,0.55));
#2843=CARTESIAN_POINT('Ctrl Pts',(0.356270811572899,0.880824755400229,0.55));
#2844=CARTESIAN_POINT('Ctrl Pts',(0.376725277911724,0.871231884391313,0.55));
#2845=CARTESIAN_POINT('Ctrl Pts',(0.39683527573906,0.860900052825939,0.55));
#2846=CARTESIAN_POINT('Ctrl Pts',(0.404052177238189,0.857192254776775,0.55));
#2847=CARTESIAN_POINT('Ctrl Pts',(0.411224686919931,0.853389256698305,0.55));
#2848=CARTESIAN_POINT('Ctrl Pts',(0.418350574859733,0.849491120141888,0.55));
#2849=CARTESIAN_POINT('Ctrl Pts',(0.425788401024718,0.845422341300719,0.55));
#2850=CARTESIAN_POINT('Ctrl Pts',(0.433168014684846,0.841253930058293,0.55));
#2851=CARTESIAN_POINT('Ctrl Pts',(0.440483818955957,0.836988568818551,0.55));
#2852=CARTESIAN_POINT('Ctrl Pts',(0.444807123191259,0.834467936277069,0.55));
#2853=CARTESIAN_POINT('Ctrl Pts',(0.449108538519115,0.831913228796791,0.55));
#2854=CARTESIAN_POINT('Ctrl Pts',(0.453387630668934,0.829324590800626,0.55));
#2855=CARTESIAN_POINT('Ctrl Pts',(0.489528308293302,0.807461277735604,0.55));
#2856=CARTESIAN_POINT('Ctrl Pts',(0.524079022091313,0.783181322902578,0.55));
#2857=CARTESIAN_POINT('Ctrl Pts',(0.556852022412098,0.756712429913656,0.55));
#2858=CARTESIAN_POINT('Ctrl Pts',(0.589525781506344,0.730323688432976,0.55));
#2859=CARTESIAN_POINT('Ctrl Pts',(0.620433358630503,0.701758332449236,0.55));
#2860=CARTESIAN_POINT('Ctrl Pts',(0.649352600365356,0.671205334496011,0.55));
#2861=CARTESIAN_POINT('Ctrl Pts',(0.66391713853444,0.655817991046635,0.55));
#2862=CARTESIAN_POINT('Ctrl Pts',(0.677976710124074,0.639926005920081,0.55));
#2863=CARTESIAN_POINT('Ctrl Pts',(0.691498490101448,0.623551079541231,0.55));
#2864=CARTESIAN_POINT('Ctrl Pts',(0.697300948574048,0.61652428052038,0.55));
#2865=CARTESIAN_POINT('Ctrl Pts',(0.703004795089607,0.609407720298909,0.55));
#2866=CARTESIAN_POINT('Ctrl Pts',(0.708597278098842,0.602216529394734,0.55));
#2867=CARTESIAN_POINT('Ctrl Pts',(0.733904936741888,0.569674239263619,0.55));
#2868=CARTESIAN_POINT('Ctrl Pts',(0.756987375870576,0.535544405252844,0.55));
#2869=CARTESIAN_POINT('Ctrl Pts',(0.777644421482599,0.500014549438927,0.55));
#2870=CARTESIAN_POINT('Ctrl Pts',(0.796747234583519,0.467157953783214,0.55));
#2871=CARTESIAN_POINT('Ctrl Pts',(0.813775719493871,0.433103084039652,0.55));
#2872=CARTESIAN_POINT('Ctrl Pts',(0.828660485814621,0.398058729551226,0.55));
#2873=CARTESIAN_POINT('Ctrl Pts',(0.833040921733844,0.387745531086494,0.55));
#2874=CARTESIAN_POINT('Ctrl Pts',(0.837235466720552,0.377346580675887,0.55));
#2875=CARTESIAN_POINT('Ctrl Pts',(0.841241763394848,0.366867103146495,0.55));
#2876=CARTESIAN_POINT('Ctrl Pts',(0.845022809015706,0.356976826453907,0.55));
#2877=CARTESIAN_POINT('Ctrl Pts',(0.84863652376256,0.347013228583064,0.55));
#2878=CARTESIAN_POINT('Ctrl Pts',(0.85207427968952,0.337001149304137,0.55));
#2879=CARTESIAN_POINT('Ctrl Pts',(0.865499241988782,0.297902449538179,0.55));
#2880=CARTESIAN_POINT('Ctrl Pts',(0.876272330420355,0.257996653751895,0.55));
#2881=CARTESIAN_POINT('Ctrl Pts',(0.884320535877277,0.217557674904717,0.55));
#2882=CARTESIAN_POINT('Ctrl Pts',(0.892241440393131,0.177758331823622,0.55));
#2883=CARTESIAN_POINT('Ctrl Pts',(0.897523097625866,0.137441427731023,0.55));
#2884=CARTESIAN_POINT('Ctrl Pts',(0.900046202992181,0.0968644821921023,
0.55));
#2885=CARTESIAN_POINT('Ctrl Pts',(0.900698230325085,0.0863784842903364,
0.55));
#2886=CARTESIAN_POINT('Ctrl Pts',(0.901165768314405,0.0758751492209107,
0.55));
#2887=CARTESIAN_POINT('Ctrl Pts',(0.901446190178556,0.0653590190319401,
0.55));
#2888=CARTESIAN_POINT('Origin',(0.,0.,0.398272103125));
#2889=CARTESIAN_POINT('',(0.0653610041215822,-0.901516831459306,0.55));
#2890=CARTESIAN_POINT('Ctrl Pts',(0.0653610041215822,-0.901516831459306,
0.55));
#2891=CARTESIAN_POINT('Ctrl Pts',(0.207922417650673,-0.891146409440172,
0.553776449088542));
#2892=CARTESIAN_POINT('Ctrl Pts',(0.491932624829331,-0.800348722051243,
0.561433094869792));
#2893=CARTESIAN_POINT('Ctrl Pts',(0.808407821928684,-0.480479073417277,
0.57296993734375));
#2894=CARTESIAN_POINT('Ctrl Pts',(0.939302176476282,-0.0457382563832268,
0.584610527421875));
#2895=CARTESIAN_POINT('Ctrl Pts',(0.851265166972495,0.399661029201642,0.5962511175));
#2896=CARTESIAN_POINT('Ctrl Pts',(0.56481433434345,0.751908312319763,0.607891707578125));
#2897=CARTESIAN_POINT('Ctrl Pts',(0.146716778132071,0.928900063073649,0.61953229765625));
#2898=CARTESIAN_POINT('Ctrl Pts',(-0.305577737939083,0.889383808178497,
0.631172887734375));
#2899=CARTESIAN_POINT('Ctrl Pts',(-0.686648027291978,0.642569605508473,
0.6428134778125));
#2900=CARTESIAN_POINT('Ctrl Pts',(-0.87398683779019,0.306430058819488,0.652679882942709));
#2901=CARTESIAN_POINT('Ctrl Pts',(-0.903727335439063,0.0797417011444124,
0.658666091380208));
#2902=CARTESIAN_POINT('Ctrl Pts',(-0.903744370851461,-5.28578813401015E-6,
0.660772103125));
#2903=CARTESIAN_POINT('Origin',(0.,0.,0.55));
#2904=CARTESIAN_POINT('Origin',(0.,0.,0.48841920625));
#2905=CARTESIAN_POINT('Ctrl Pts',(0.933793734436354,-0.343702443528319,
0.93));
#2906=CARTESIAN_POINT('Ctrl Pts',(0.981240760620904,-0.214433727066775,
0.933304324192709));
#2907=CARTESIAN_POINT('Ctrl Pts',(1.02581200124837,0.0883118985975665,0.940488845078125));
#2908=CARTESIAN_POINT('Ctrl Pts',(0.88252353397006,0.541287709974463,0.95155356265625));
#2909=CARTESIAN_POINT('Ctrl Pts',(0.526075548566434,0.891670567994363,0.963194152734375));
#2910=CARTESIAN_POINT('Ctrl Pts',(0.0470160594472798,1.03423266867727,0.9748347428125));
#2911=CARTESIAN_POINT('Ctrl Pts',(-0.443014738577646,0.935715211732926,
0.986475332890624));
#2912=CARTESIAN_POINT('Ctrl Pts',(-0.829761513506989,0.619142224580243,
0.998115922968751));
#2913=CARTESIAN_POINT('Ctrl Pts',(-1.02316139857584,0.158174642649764,1.00975651304687));
#2914=CARTESIAN_POINT('Ctrl Pts',(-0.993000143768675,-0.17357787143005,
1.01751690643229));
#2915=CARTESIAN_POINT('Ctrl Pts',(-0.939957045540558,-0.326352190951226,
1.021397103125));
#2916=CARTESIAN_POINT('Ctrl Pts',(-0.857856148701103,0.284534467669492,
0.503126396875));
#2917=CARTESIAN_POINT('Ctrl Pts',(-0.904102474407963,0.145104277761721,
0.507006593567708));
#2918=CARTESIAN_POINT('Ctrl Pts',(-0.92730386314215,-0.156596574273538,
0.514766986953125));
#2919=CARTESIAN_POINT('Ctrl Pts',(-0.745819028570625,-0.572833503743552,
0.52640757703125));
#2920=CARTESIAN_POINT('Ctrl Pts',(-0.390548745287367,-0.855477947125408,
0.538048167109375));
#2921=CARTESIAN_POINT('Ctrl Pts',(0.0557749065814585,-0.938764472996404,
0.5496887571875));
#2922=CARTESIAN_POINT('Ctrl Pts',(0.48908665171742,-0.803225220518333,0.561329347265625));
#2923=CARTESIAN_POINT('Ctrl Pts',(0.808407821928684,-0.480479073417277,
0.57296993734375));
#2924=CARTESIAN_POINT('Ctrl Pts',(0.939302176476282,-0.0457382563832268,
0.584610527421875));
#2925=CARTESIAN_POINT('Ctrl Pts',(0.851265166972495,0.399661029201642,0.5962511175));
#2926=CARTESIAN_POINT('Ctrl Pts',(0.56481433434345,0.751908312319763,0.607891707578125));
#2927=CARTESIAN_POINT('Ctrl Pts',(0.146716778132071,0.928900063073649,0.61953229765625));
#2928=CARTESIAN_POINT('Ctrl Pts',(-0.305577737939083,0.889383808178497,
0.631172887734375));
#2929=CARTESIAN_POINT('Ctrl Pts',(-0.686648027291978,0.642569605508473,
0.6428134778125));
#2930=CARTESIAN_POINT('Ctrl Pts',(-0.90767425416527,0.245985173750944,0.654454067890625));
#2931=CARTESIAN_POINT('Ctrl Pts',(-0.917139502995497,-0.207933580353389,
0.66609465796875));
#2932=CARTESIAN_POINT('Ctrl Pts',(-0.712837642598152,-0.613387104069669,
0.677735248046875));
#2933=CARTESIAN_POINT('Ctrl Pts',(-0.342387389408779,-0.875872206130389,
0.689375838125));
#2934=CARTESIAN_POINT('Ctrl Pts',(0.107866605145312,-0.934208777144639,
0.701016428203125));
#2935=CARTESIAN_POINT('Ctrl Pts',(0.532979023920986,-0.774799719446998,
0.71265701828125));
#2936=CARTESIAN_POINT('Ctrl Pts',(0.83386454916329,-0.434800135842304,0.724297608359375));
#2937=CARTESIAN_POINT('Ctrl Pts',(0.940392703544466,0.00654277888770585,
0.7359381984375));
#2938=CARTESIAN_POINT('Ctrl Pts',(0.827733875777548,0.446360700969587,0.747578788515625));
#2939=CARTESIAN_POINT('Ctrl Pts',(0.52214661613031,0.782140752332073,0.75921937859375));
#2940=CARTESIAN_POINT('Ctrl Pts',(0.0948572834557767,0.935619227878011,
0.770859968671875));
#2941=CARTESIAN_POINT('Ctrl Pts',(-0.354541408859186,0.871023326497068,
0.78250055875));
#2942=CARTESIAN_POINT('Ctrl Pts',(-0.721303497663456,0.603409072190939,
0.794141148828125));
#2943=CARTESIAN_POINT('Ctrl Pts',(-0.919943970033133,0.195152078628654,
0.80578173890625));
#2944=CARTESIAN_POINT('Ctrl Pts',(-0.90416366702616,-0.258591029638629,
0.817422328984375));
#2945=CARTESIAN_POINT('Ctrl Pts',(-0.677640635016241,-0.652061639020474,
0.8290629190625));
#2946=CARTESIAN_POINT('Ctrl Pts',(-0.293172984998991,-0.893549614202161,
0.840703509140625));
#2947=CARTESIAN_POINT('Ctrl Pts',(0.159627586759996,-0.926768673245307,
0.85234409921875));
#2948=CARTESIAN_POINT('Ctrl Pts',(0.57522194769778,-0.743976513945272,0.863984689296875));
#2949=CARTESIAN_POINT('Ctrl Pts',(0.85674376817575,-0.387777563114786,0.875625279375));
#2950=CARTESIAN_POINT('Ctrl Pts',(0.938574827029047,0.058803578951054,0.887265869453125));
#2951=CARTESIAN_POINT('Ctrl Pts',(0.801644021654589,0.491681003388236,0.89890645953125));
#2952=CARTESIAN_POINT('Ctrl Pts',(0.477862971596683,0.809952769080809,0.910547049609375));
#2953=CARTESIAN_POINT('Ctrl Pts',(0.0427072384213014,0.939449662169727,
0.9221876396875));
#2954=CARTESIAN_POINT('Ctrl Pts',(-0.402414330061014,0.84996090935112,0.933828229765625));
#2955=CARTESIAN_POINT('Ctrl Pts',(-0.753717415001543,0.562400484274805,
0.94546881984375));
#2956=CARTESIAN_POINT('Ctrl Pts',(-0.929393026683744,0.143678612271246,
0.957109409921875));
#2957=CARTESIAN_POINT('Ctrl Pts',(-0.901995922050176,-0.157670200926505,
0.964869803307292));
#2958=CARTESIAN_POINT('Ctrl Pts',(-0.853813997208669,-0.296443406617191,
0.96875));
#2959=CARTESIAN_POINT('Ctrl Pts',(-0.886706438467945,0.294103556675088,
0.52067543125));
#2960=CARTESIAN_POINT('Ctrl Pts',(-0.934508059779219,0.149984233994677,
0.524555627942708));
#2961=CARTESIAN_POINT('Ctrl Pts',(-0.958489727105555,-0.161863024308461,
0.532316021328125));
#2962=CARTESIAN_POINT('Ctrl Pts',(-0.770901433261046,-0.592098286768282,
0.54395661140625));
#2963=CARTESIAN_POINT('Ctrl Pts',(-0.40368316705106,-0.884248256344594,
0.555597201484375));
#2964=CARTESIAN_POINT('Ctrl Pts',(0.0576506548861483,-0.970335765117783,
0.5672377915625));
#2965=CARTESIAN_POINT('Ctrl Pts',(0.505534970756115,-0.830238234757465,
0.578878381640625));
#2966=CARTESIAN_POINT('Ctrl Pts',(0.835595130602449,-0.496637913703007,
0.59051897171875));
#2967=CARTESIAN_POINT('Ctrl Pts',(0.970891551933925,-0.0472764652683463,
0.602159561796875));
#2968=CARTESIAN_POINT('Ctrl Pts',(0.879893797510097,0.413101903313742,0.613800151875));
#2969=CARTESIAN_POINT('Ctrl Pts',(0.583809427209483,0.777195503792793,0.625440741953125));
#2970=CARTESIAN_POINT('Ctrl Pts',(0.151650963856771,0.960139608333878,0.63708133203125));
#2971=CARTESIAN_POINT('Ctrl Pts',(-0.315854526534918,0.919294394724664,
0.648721922109375));
#2972=CARTESIAN_POINT('Ctrl Pts',(-0.709740470687294,0.664179661392964,
0.6603625121875));
#2973=CARTESIAN_POINT('Ctrl Pts',(-0.938199960935828,0.254257823602329,
0.672003102265625));
#2974=CARTESIAN_POINT('Ctrl Pts',(-0.947983532566307,-0.214926529059924,
0.68364369234375));
#2975=CARTESIAN_POINT('Ctrl Pts',(-0.736810860691661,-0.634015732445707,
0.695284282421875));
#2976=CARTESIAN_POINT('Ctrl Pts',(-0.353902111791911,-0.905328388246523,
0.7069248725));
#2977=CARTESIAN_POINT('Ctrl Pts',(0.111494232946686,-0.965626858094643,
0.718565462578125));
#2978=CARTESIAN_POINT('Ctrl Pts',(0.55090347349572,-0.800856764618451,0.730206052656249));
#2979=CARTESIAN_POINT('Ctrl Pts',(0.861907985007498,-0.449422762175059,
0.741846642734375));
#2980=CARTESIAN_POINT('Ctrl Pts',(0.972018754174236,0.0067628170223935,
0.7534872328125));
#2981=CARTESIAN_POINT('Ctrl Pts',(0.855571132877321,0.4613721170246,0.765127822890625));
#2982=CARTESIAN_POINT('Ctrl Pts',(0.539706764412681,0.808444681466814,0.77676841296875));
#2983=CARTESIAN_POINT('Ctrl Pts',(0.0980473988595522,0.967084743252098,
0.788409003046875));
#2984=CARTESIAN_POINT('Ctrl Pts',(-0.366464879239878,0.900316437470473,
0.800049593124999));
#2985=CARTESIAN_POINT('Ctrl Pts',(-0.745561428260486,0.623702132521634,
0.811690183203126));
#2986=CARTESIAN_POINT('Ctrl Pts',(-0.950882315751004,0.201715176679025,
0.823330773281249));
#2987=CARTESIAN_POINT('Ctrl Pts',(-0.934571310347073,-0.267287623056391,
0.834971363359375));
#2988=CARTESIAN_POINT('Ctrl Pts',(-0.700430153640788,-0.673990918492407,
0.8466119534375));
#2989=CARTESIAN_POINT('Ctrl Pts',(-0.303032593258298,-0.923600299657776,
0.858252543515625));
#2990=CARTESIAN_POINT('Ctrl Pts',(0.164995971820569,-0.957936538405967,
0.86989313359375));
#2991=CARTESIAN_POINT('Ctrl Pts',(0.59456705572837,-0.768996953607033,0.881533723671875));
#2992=CARTESIAN_POINT('Ctrl Pts',(0.885556647823731,-0.400818788124224,
0.89317431375));
#2993=CARTESIAN_POINT('Ctrl Pts',(0.970139741226668,0.0607811835816603,
0.904814903828125));
#2994=CARTESIAN_POINT('Ctrl Pts',(0.828603859093078,0.508216572250312,0.91645549390625));
#2995=CARTESIAN_POINT('Ctrl Pts',(0.4939338305866,0.837192035385326,0.928096083984375));
#2996=CARTESIAN_POINT('Ctrl Pts',(0.0441435120966274,0.971043997672242,
0.9397366740625));
#2997=CARTESIAN_POINT('Ctrl Pts',(-0.415947799566558,0.878545676811722,
0.951377264140625));
#2998=CARTESIAN_POINT('Ctrl Pts',(-0.779065447836692,0.581314397709951,
0.96301785421875));
#2999=CARTESIAN_POINT('Ctrl Pts',(-0.960649150647776,0.148510622397418,
0.974658444296875));
#3000=CARTESIAN_POINT('Ctrl Pts',(-0.932330662623009,-0.16297275776102,
0.982418837682292));
#3001=CARTESIAN_POINT('Ctrl Pts',(-0.882528346652632,-0.306413001395203,
0.986299034375));
#3002=CARTESIAN_POINT('Ctrl Pts',(-0.915556728234787,0.303672645680685,
0.538224465625));
#3003=CARTESIAN_POINT('Ctrl Pts',(-0.964913645150476,0.154864190227633,
0.542104662317708));
#3004=CARTESIAN_POINT('Ctrl Pts',(-0.98967559106896,-0.167129474343384,
0.549865055703125));
#3005=CARTESIAN_POINT('Ctrl Pts',(-0.795983837951466,-0.611363069793011,
0.56150564578125));
#3006=CARTESIAN_POINT('Ctrl Pts',(-0.416817588814753,-0.91301856556378,
0.573146235859375));
#3007=CARTESIAN_POINT('Ctrl Pts',(0.0595264031908381,-1.00190705723916,
0.5847868259375));
#3008=CARTESIAN_POINT('Ctrl Pts',(0.521983289794811,-0.857251248996596,
0.596427416015625));
#3009=CARTESIAN_POINT('Ctrl Pts',(0.862782439276214,-0.512796753988737,
0.60806800609375));
#3010=CARTESIAN_POINT('Ctrl Pts',(1.00248092739157,-0.048814674153465,0.619708596171875));
#3011=CARTESIAN_POINT('Ctrl Pts',(0.908522428047702,0.42654277742584,0.63134918625));
#3012=CARTESIAN_POINT('Ctrl Pts',(0.602804520075516,0.802482695265826,0.642989776328125));
#3013=CARTESIAN_POINT('Ctrl Pts',(0.156585149581472,0.991379153594105,0.65463036640625));
#3014=CARTESIAN_POINT('Ctrl Pts',(-0.326131315130754,0.949204981270833,
0.666270956484375));
#3015=CARTESIAN_POINT('Ctrl Pts',(-0.73283291408261,0.685789717277456,0.6779115465625));
#3016=CARTESIAN_POINT('Ctrl Pts',(-0.968725667706386,0.262530473453713,
0.689552136640625));
#3017=CARTESIAN_POINT('Ctrl Pts',(-0.978827562137116,-0.221919477766459,
0.70119272671875));
#3018=CARTESIAN_POINT('Ctrl Pts',(-0.76078407878517,-0.654644360821744,
0.712833316796875));
#3019=CARTESIAN_POINT('Ctrl Pts',(-0.365416834175043,-0.934784570362657,
0.724473906875));
#3020=CARTESIAN_POINT('Ctrl Pts',(0.11512186074806,-0.997044939044648,0.736114496953125));
#3021=CARTESIAN_POINT('Ctrl Pts',(0.568827923070455,-0.826913809789905,
0.74775508703125));
#3022=CARTESIAN_POINT('Ctrl Pts',(0.889951420851704,-0.464045388507814,
0.759395677109375));
#3023=CARTESIAN_POINT('Ctrl Pts',(1.00364480480401,0.00698285515708178,
0.7710362671875));
#3024=CARTESIAN_POINT('Ctrl Pts',(0.883408389977094,0.476383533079613,0.782676857265625));
#3025=CARTESIAN_POINT('Ctrl Pts',(0.557266912695052,0.834748610601556,0.79431744734375));
#3026=CARTESIAN_POINT('Ctrl Pts',(0.101237514263327,0.998550258626185,0.805958037421875));
#3027=CARTESIAN_POINT('Ctrl Pts',(-0.37838834962057,0.929609548443878,0.8175986275));
#3028=CARTESIAN_POINT('Ctrl Pts',(-0.769819358857517,0.643995192852331,
0.829239217578126));
#3029=CARTESIAN_POINT('Ctrl Pts',(-0.981820661468873,0.208278274729395,
0.84087980765625));
#3030=CARTESIAN_POINT('Ctrl Pts',(-0.964978953667987,-0.275984216474154,
0.852520397734375));
#3031=CARTESIAN_POINT('Ctrl Pts',(-0.723219672265334,-0.695920197964339,
0.8641609878125));
#3032=CARTESIAN_POINT('Ctrl Pts',(-0.312892201517606,-0.953650985113392,
0.875801577890625));
#3033=CARTESIAN_POINT('Ctrl Pts',(0.170364356881142,-0.989104403566626,
0.88744216796875));
#3034=CARTESIAN_POINT('Ctrl Pts',(0.613912163758959,-0.794017393268793,
0.899082758046875));
#3035=CARTESIAN_POINT('Ctrl Pts',(0.914369527471714,-0.413860013133663,
0.910723348125));
#3036=CARTESIAN_POINT('Ctrl Pts',(1.00170465542429,0.0627587882122665,0.922363938203125));
#3037=CARTESIAN_POINT('Ctrl Pts',(0.85556369653157,0.524752141112388,0.93400452828125));
#3038=CARTESIAN_POINT('Ctrl Pts',(0.510004689576517,0.864431301689845,0.945645118359374));
#3039=CARTESIAN_POINT('Ctrl Pts',(0.0455797857719538,1.00263833317476,0.9572857084375));
#3040=CARTESIAN_POINT('Ctrl Pts',(-0.429481269072102,0.907130444272325,
0.968926298515625));
#3041=CARTESIAN_POINT('Ctrl Pts',(-0.804413480671841,0.600228311145096,
0.98056688859375));
#3042=CARTESIAN_POINT('Ctrl Pts',(-0.991905274611807,0.153342632523591,
0.992207478671875));
#3043=CARTESIAN_POINT('Ctrl Pts',(-0.962665403195842,-0.168275314595535,
0.999967872057292));
#3044=CARTESIAN_POINT('Ctrl Pts',(-0.911242696096595,-0.316382596173214,
1.00384806875));
#3045=CARTESIAN_POINT('Ctrl Pts',(-0.944407018001629,0.313241734686281,
0.5557735));
#3046=CARTESIAN_POINT('Ctrl Pts',(-0.995319230521732,0.15974414646059,0.559653696692708));
#3047=CARTESIAN_POINT('Ctrl Pts',(-1.02086145503236,-0.172395924378308,
0.567414090078125));
#3048=CARTESIAN_POINT('Ctrl Pts',(-0.821066242641888,-0.630627852817741,
0.57905468015625));
#3049=CARTESIAN_POINT('Ctrl Pts',(-0.429952010578445,-0.941788874782967,
0.590695270234375));
#3050=CARTESIAN_POINT('Ctrl Pts',(0.0614021514955274,-1.03347834936054,
0.6023358603125));
#3051=CARTESIAN_POINT('Ctrl Pts',(0.538431608833506,-0.884264263235728,
0.613976450390625));
#3052=CARTESIAN_POINT('Ctrl Pts',(0.88996974794998,-0.528955594274467,0.62561704046875));
#3053=CARTESIAN_POINT('Ctrl Pts',(1.03407030284921,-0.0503528830385844,
0.637257630546875));
#3054=CARTESIAN_POINT('Ctrl Pts',(0.937151058585306,0.43998365153794,0.648898220625));
#3055=CARTESIAN_POINT('Ctrl Pts',(0.621799612941548,0.827769886738857,0.660538810703125));
#3056=CARTESIAN_POINT('Ctrl Pts',(0.161519335306173,1.02261869885433,0.67217940078125));
#3057=CARTESIAN_POINT('Ctrl Pts',(-0.336408103726589,0.979115567817001,
0.683819990859375));
#3058=CARTESIAN_POINT('Ctrl Pts',(-0.755925357477926,0.707399773161946,
0.6954605809375));
#3059=CARTESIAN_POINT('Ctrl Pts',(-0.999251374476945,0.270803123305098,
0.707101171015625));
#3060=CARTESIAN_POINT('Ctrl Pts',(-1.00967159170793,-0.228912426472994,
0.71874176109375));
#3061=CARTESIAN_POINT('Ctrl Pts',(-0.784757296878679,-0.675272989197782,
0.730382351171876));
#3062=CARTESIAN_POINT('Ctrl Pts',(-0.376931556558175,-0.964240752478791,
0.74202294125));
#3063=CARTESIAN_POINT('Ctrl Pts',(0.118749488549434,-1.02846301999465,0.753663531328125));
#3064=CARTESIAN_POINT('Ctrl Pts',(0.58675237264519,-0.852970854961358,0.76530412140625));
#3065=CARTESIAN_POINT('Ctrl Pts',(0.917994856695912,-0.478668014840569,
0.776944711484375));
#3066=CARTESIAN_POINT('Ctrl Pts',(1.03527085543378,0.00720289329176907,
0.7885853015625));
#3067=CARTESIAN_POINT('Ctrl Pts',(0.911245647076866,0.491394949134626,0.800225891640626));
#3068=CARTESIAN_POINT('Ctrl Pts',(0.574827060977425,0.861052539736298,0.81186648171875));
#3069=CARTESIAN_POINT('Ctrl Pts',(0.104427629667102,1.03001577400027,0.823507071796876));
#3070=CARTESIAN_POINT('Ctrl Pts',(-0.390311820001261,0.958902659417283,
0.835147661874999));
#3071=CARTESIAN_POINT('Ctrl Pts',(-0.794077289454548,0.664288253183026,
0.846788251953126));
#3072=CARTESIAN_POINT('Ctrl Pts',(-1.01275900718674,0.214841372779765,0.85842884203125));
#3073=CARTESIAN_POINT('Ctrl Pts',(-0.995386596988899,-0.284680809891914,
0.870069432109375));
#3074=CARTESIAN_POINT('Ctrl Pts',(-0.74600919088988,-0.717849477436274,
0.8817100221875));
#3075=CARTESIAN_POINT('Ctrl Pts',(-0.322751809776913,-0.983701670569005,
0.893350612265625));
#3076=CARTESIAN_POINT('Ctrl Pts',(0.175732741941715,-1.02027226872729,0.90499120234375));
#3077=CARTESIAN_POINT('Ctrl Pts',(0.633257271789548,-0.819037832930553,
0.916631792421875));
#3078=CARTESIAN_POINT('Ctrl Pts',(0.943182407119697,-0.426901238143102,
0.9282723825));
#3079=CARTESIAN_POINT('Ctrl Pts',(1.03326956962191,0.0647363928428732,0.939912972578125));
#3080=CARTESIAN_POINT('Ctrl Pts',(0.88252353397006,0.541287709974463,0.95155356265625));
#3081=CARTESIAN_POINT('Ctrl Pts',(0.526075548566434,0.891670567994363,0.963194152734375));
#3082=CARTESIAN_POINT('Ctrl Pts',(0.0470160594472798,1.03423266867727,0.9748347428125));
#3083=CARTESIAN_POINT('Ctrl Pts',(-0.443014738577646,0.935715211732926,
0.986475332890624));
#3084=CARTESIAN_POINT('Ctrl Pts',(-0.829761513506989,0.619142224580243,
0.998115922968751));
#3085=CARTESIAN_POINT('Ctrl Pts',(-1.02316139857584,0.158174642649764,1.00975651304687));
#3086=CARTESIAN_POINT('Ctrl Pts',(-0.993000143768675,-0.17357787143005,
1.01751690643229));
#3087=CARTESIAN_POINT('Ctrl Pts',(-0.939957045540558,-0.326352190951226,
1.021397103125));
#3088=CARTESIAN_POINT('Ctrl Pts',(0.98507680831152,2.20966343854236E-6,
0.78264570625));
#3089=CARTESIAN_POINT('Ctrl Pts',(0.98507711742365,0.00228599526326664,
0.782701071354167));
#3090=CARTESIAN_POINT('Ctrl Pts',(0.984523843468483,0.164625995685676,0.786636633151042));
#3091=CARTESIAN_POINT('Ctrl Pts',(0.902087399367551,0.486456306429755,0.794452391640626));
#3092=CARTESIAN_POINT('Ctrl Pts',(0.569049904585692,0.852398745367089,0.80609298171875));
#3093=CARTESIAN_POINT('Ctrl Pts',(0.10337810575085,1.01966385667364,0.817733571796875));
#3094=CARTESIAN_POINT('Ctrl Pts',(-0.386389088141952,0.949265446759823,
0.829374161875));
#3095=CARTESIAN_POINT('Ctrl Pts',(-0.786096613178623,0.657611989331941,
0.841014751953126));
#3096=CARTESIAN_POINT('Ctrl Pts',(-1.00258052470245,0.212682163003084,0.85265534203125));
#3097=CARTESIAN_POINT('Ctrl Pts',(-0.985382711592026,-0.281819696224659,
0.864295932109375));
#3098=CARTESIAN_POINT('Ctrl Pts',(-0.738511611081942,-0.710634909823849,
0.8759365221875));
#3099=CARTESIAN_POINT('Ctrl Pts',(-0.319508072995236,-0.973815221618564,
0.887577112265625));
#3100=CARTESIAN_POINT('Ctrl Pts',(0.173966583731246,-1.01001827607676,0.89921770234375));
#3101=CARTESIAN_POINT('Ctrl Pts',(0.626892877098196,-0.810806296921201,
0.910858292421875));
#3102=CARTESIAN_POINT('Ctrl Pts',(0.897335246382653,-0.468625758177587,
0.921119058307292));
#3103=CARTESIAN_POINT('Ctrl Pts',(0.967428525070397,-0.211452120381987,
0.9274996275));
#3104=CARTESIAN_POINT('Ctrl Pts',(0.978907837936969,-0.108914602531696,
0.93));
#3105=CARTESIAN_POINT('Ctrl Pts',(0.0653610041215822,-0.901516831459306,
0.55));
#3106=CARTESIAN_POINT('Ctrl Pts',(0.0614551816456785,-0.901981247590054,
0.55));
#3107=CARTESIAN_POINT('Ctrl Pts',(0.057547506832531,-0.902419549863064,
0.55));
#3108=CARTESIAN_POINT('Ctrl Pts',(0.0536382294827644,-0.902831692536476,
0.55));
#3109=CARTESIAN_POINT('Ctrl Pts',(0.0129206795417399,-0.907124414281705,
0.55));
#3110=CARTESIAN_POINT('Ctrl Pts',(-0.0279691611008728,-0.908583510439636,
0.55));
#3111=CARTESIAN_POINT('Ctrl Pts',(-0.0687495034945518,-0.907312755697826,
0.55));
#3112=CARTESIAN_POINT('Ctrl Pts',(-0.109969374560927,-0.906028304819294,
0.55));
#3113=CARTESIAN_POINT('Ctrl Pts',(-0.151078531530428,-0.901954815747794,
0.55));
#3114=CARTESIAN_POINT('Ctrl Pts',(-0.19179505023919,-0.895146580330861,
0.55));
#3115=CARTESIAN_POINT('Ctrl Pts',(-0.211799815159094,-0.891801570655321,
0.55));
#3116=CARTESIAN_POINT('Ctrl Pts',(-0.231709828349161,-0.887795611275846,
0.55));
#3117=CARTESIAN_POINT('Ctrl Pts',(-0.251491118505577,-0.883130561792117,
0.55));
#3118=CARTESIAN_POINT('Ctrl Pts',(-0.262292990600959,-0.880583141100978,
0.55));
#3119=CARTESIAN_POINT('Ctrl Pts',(-0.273056467154259,-0.877839136086465,
0.55));
#3120=CARTESIAN_POINT('Ctrl Pts',(-0.283775894903669,-0.874898475174563,
0.55));
#3121=CARTESIAN_POINT('Ctrl Pts',(-0.292283531297196,-0.872564575046686,
0.55));
#3122=CARTESIAN_POINT('Ctrl Pts',(-0.300755476701678,-0.870108911820745,
0.55));
#3123=CARTESIAN_POINT('Ctrl Pts',(-0.309183143682208,-0.867534007753826,
0.55));
#3124=CARTESIAN_POINT('Ctrl Pts',(-0.334519550467647,-0.859792978472099,
0.55));
#3125=CARTESIAN_POINT('Ctrl Pts',(-0.359472747509441,-0.850970234013006,
0.55));
#3126=CARTESIAN_POINT('Ctrl Pts',(-0.383970843380664,-0.841084724417889,
0.55));
#3127=CARTESIAN_POINT('Ctrl Pts',(-0.42263622520634,-0.825482409648375,
0.55));
#3128=CARTESIAN_POINT('Ctrl Pts',(-0.460169077524581,-0.807235320151258,
0.55));
#3129=CARTESIAN_POINT('Ctrl Pts',(-0.496356800029126,-0.786543304064816,
0.55));
#3130=CARTESIAN_POINT('Ctrl Pts',(-0.520271673453831,-0.772868861149899,
0.55));
#3131=CARTESIAN_POINT('Ctrl Pts',(-0.543598886915223,-0.758125514650967,
0.55));
#3132=CARTESIAN_POINT('Ctrl Pts',(-0.566271853078789,-0.742359592826329,
0.55));
#3133=CARTESIAN_POINT('Ctrl Pts',(-0.57678371413855,-0.735050042831677,
0.55));
#3134=CARTESIAN_POINT('Ctrl Pts',(-0.587154869020115,-0.727520570632094,
0.55));
#3135=CARTESIAN_POINT('Ctrl Pts',(-0.597378241661825,-0.719775220519074,
0.55));
#3136=CARTESIAN_POINT('Ctrl Pts',(-0.605102213578144,-0.713923446466454,
0.55));
#3137=CARTESIAN_POINT('Ctrl Pts',(-0.612742932480823,-0.707947327371354,
0.55));
#3138=CARTESIAN_POINT('Ctrl Pts',(-0.620281094832715,-0.70186215169633,
0.55));
#3139=CARTESIAN_POINT('Ctrl Pts',(-0.653322536418094,-0.675189473765403,
0.55));
#3140=CARTESIAN_POINT('Ctrl Pts',(-0.684468980237517,-0.646371190915644,
0.55));
#3141=CARTESIAN_POINT('Ctrl Pts',(-0.713504240126381,-0.615609369431341,
0.55));
#3142=CARTESIAN_POINT('Ctrl Pts',(-0.725810092205756,-0.602571758391284,
0.55));
#3143=CARTESIAN_POINT('Ctrl Pts',(-0.737736441699532,-0.589184451175989,
0.55));
#3144=CARTESIAN_POINT('Ctrl Pts',(-0.749265323753382,-0.575460449120123,
0.55));
#3145=CARTESIAN_POINT('Ctrl Pts',(-0.774197177865826,-0.545781524875991,
0.55));
#3146=CARTESIAN_POINT('Ctrl Pts',(-0.797272204071329,-0.514529450974242,
0.55));
#3147=CARTESIAN_POINT('Ctrl Pts',(-0.818401299238651,-0.481905238066071,
0.55));
#3148=CARTESIAN_POINT('Ctrl Pts',(-0.826364058460773,-0.469610402431047,
0.55));
#3149=CARTESIAN_POINT('Ctrl Pts',(-0.834050145669854,-0.457120461564236,
0.55));
#3150=CARTESIAN_POINT('Ctrl Pts',(-0.841453635099248,-0.444445462302832,
0.55));
#3151=CARTESIAN_POINT('Ctrl Pts',(-0.845668286166187,-0.437229851384496,
0.55));
#3152=CARTESIAN_POINT('Ctrl Pts',(-0.849791190101827,-0.429954272483517,
0.55));
#3153=CARTESIAN_POINT('Ctrl Pts',(-0.853814587405229,-0.422633274982848,
0.55));
#3154=CARTESIAN_POINT('Ctrl Pts',(-0.874413031154951,-0.385152225054744,
0.55));
#3155=CARTESIAN_POINT('Ctrl Pts',(-0.892454461112153,-0.346402883409734,
0.55));
#3156=CARTESIAN_POINT('Ctrl Pts',(-0.907850548103556,-0.306669497952059,
0.55));
#3157=CARTESIAN_POINT('Ctrl Pts',(-0.923310086410616,-0.266772360783691,
0.55));
#3158=CARTESIAN_POINT('Ctrl Pts',(-0.936103018273056,-0.225882024852712,
0.55));
#3159=CARTESIAN_POINT('Ctrl Pts',(-0.94609623032656,-0.184258725208598,
0.55));
#3160=CARTESIAN_POINT('Ctrl Pts',(-0.947974799490934,-0.176434189232347,
0.55));
#3161=CARTESIAN_POINT('Ctrl Pts',(-0.949754293256508,-0.168583699297173,
0.55));
#3162=CARTESIAN_POINT('Ctrl Pts',(-0.951433629060579,-0.160708922263265,
0.55));
#3163=CARTESIAN_POINT('Ctrl Pts',(-0.95643182528072,-0.137271274646908,
0.55));
#3164=CARTESIAN_POINT('Ctrl Pts',(-0.960543164629721,-0.113618512619626,
0.55));
#3165=CARTESIAN_POINT('Ctrl Pts',(-0.963767956144999,-0.0897989389813428,
0.55));
#3166=CARTESIAN_POINT('Ctrl Pts',(-0.964875952912466,-0.0816148407323206,
0.55));
#3167=CARTESIAN_POINT('Ctrl Pts',(-0.965878649586917,-0.0734149451167205,
0.55));
#3168=CARTESIAN_POINT('Ctrl Pts',(-0.966775549421858,-0.065209291643034,
0.55));
#3169=CARTESIAN_POINT('Ctrl Pts',(-0.971478708942504,-0.0221805210329767,
0.55));
#3170=CARTESIAN_POINT('Ctrl Pts',(-0.973285876631566,0.0210706792526039,
0.55));
#3171=CARTESIAN_POINT('Ctrl Pts',(-0.972252936198027,0.0642522192663723,
0.55));
#3172=CARTESIAN_POINT('Ctrl Pts',(-0.971260568860506,0.105737622008016,
0.55));
#3173=CARTESIAN_POINT('Ctrl Pts',(-0.96764652783986,0.147159767424015,0.55));
#3174=CARTESIAN_POINT('Ctrl Pts',(-0.961415994295114,0.1882650104402,0.55));
#3175=CARTESIAN_POINT('Ctrl Pts',(-0.959560437139294,0.20050683969489,0.55));
#3176=CARTESIAN_POINT('Ctrl Pts',(-0.95747251730903,0.212720543146799,0.55));
#3177=CARTESIAN_POINT('Ctrl Pts',(-0.955151623559743,0.224899315493604,
0.55));
#3178=CARTESIAN_POINT('Ctrl Pts',(-0.953578771639707,0.233152776245629,
0.55));
#3179=CARTESIAN_POINT('Ctrl Pts',(-0.951899386484112,0.241387332146422,
0.55));
#3180=CARTESIAN_POINT('Ctrl Pts',(-0.950115413228722,0.249592684494718,
0.55));
#3181=CARTESIAN_POINT('Ctrl Pts',(-0.945692738157242,0.269934697567996,
0.55));
#3182=CARTESIAN_POINT('Ctrl Pts',(-0.940624673457322,0.290112054765754,
0.55));
#3183=CARTESIAN_POINT('Ctrl Pts',(-0.934915490182519,0.310093576548727,
0.55));
#3184=CARTESIAN_POINT('Origin',(-4.63185536708313E-17,0.,0.55));
#3185=CARTESIAN_POINT('',(0.8938125,1.09460461716289E-16,0.55));
#3186=CARTESIAN_POINT('Origin',(0.,0.,0.55));
#3187=CARTESIAN_POINT('Origin',(0.,0.,0.4));
#3188=CARTESIAN_POINT('Origin',(0.,0.,0.095));
#3189=CARTESIAN_POINT('',(0.67,8.20513355428727E-17,0.08));
#3190=CARTESIAN_POINT('Origin',(0.,0.,0.08));
#3191=CARTESIAN_POINT('',(0.7,-8.57252759403147E-17,0.11));
#3192=CARTESIAN_POINT('',(0.685,-8.38883057415937E-17,0.095));
#3193=CARTESIAN_POINT('Origin',(0.,0.,0.11));
#3194=CARTESIAN_POINT('Origin',(0.,0.,0.08));
#3195=CARTESIAN_POINT('',(0.7,-8.57252759403147E-17,0.15));
#3196=CARTESIAN_POINT('Origin',(0.,0.,0.15));
#3197=CARTESIAN_POINT('',(0.7,8.57252759403147E-17,0.08));
#3198=CARTESIAN_POINT('Origin',(-6.00115360724146E-17,-1.32169407693471E-17,
0.08));
#3199=CARTESIAN_POINT('Origin',(0.,0.,0.15));
#3200=CARTESIAN_POINT('',(0.6,7.34788079488412E-17,0.36));
#3201=CARTESIAN_POINT('Origin',(0.,0.,0.36));
#3202=CARTESIAN_POINT('',(0.6,7.34788079488412E-17,0.15));
#3203=CARTESIAN_POINT('',(0.6,7.34788079488412E-17,0.15));
#3204=CARTESIAN_POINT('Origin',(0.,0.,0.15));
#3205=CARTESIAN_POINT('Origin',(-5.69972880335668E-17,-1.2335811384724E-17,
0.15));
#3206=CARTESIAN_POINT('Origin',(-5.69972880335668E-17,-1.2335811384724E-17,
0.36));
#3207=CARTESIAN_POINT('',(0.7,8.57252759403147E-17,0.36));
#3208=CARTESIAN_POINT('Origin',(0.,0.,0.36));
#3209=CARTESIAN_POINT('Origin',(0.,0.,0.08));
#3210=CARTESIAN_POINT('',(0.7,8.57252759403147E-17,0.4));
#3211=CARTESIAN_POINT('Origin',(0.,0.,0.4));
#3212=CARTESIAN_POINT('',(0.7,8.57252759403147E-17,0.08));
#3213=CARTESIAN_POINT('Origin',(0.,0.,0.4));
#3214=CARTESIAN_POINT('',(0.8938125,1.09460461716289E-16,0.4));
#3215=CARTESIAN_POINT('',(0.8938125,1.09460461716289E-16,0.4));
#3216=CARTESIAN_POINT('Origin',(0.,0.,0.4));
#3217=CARTESIAN_POINT('Origin',(-4.76233082842924E-17,0.,0.4));
#3218=UNCERTAINTY_MEASURE_WITH_UNIT(LENGTH_MEASURE(0.001),#3222,
'DISTANCE_ACCURACY_VALUE',
'Maximum model space distance between geometric entities at asserted c
onnectivities');
#3219=UNCERTAINTY_MEASURE_WITH_UNIT(LENGTH_MEASURE(0.001),#3222,
'DISTANCE_ACCURACY_VALUE',
'Maximum model space distance between geometric entities at asserted c
onnectivities');
#3220=(
GEOMETRIC_REPRESENTATION_CONTEXT(3)
GLOBAL_UNCERTAINTY_ASSIGNED_CONTEXT((#3218))
GLOBAL_UNIT_ASSIGNED_CONTEXT((#3222,#3223,#3224))
REPRESENTATION_CONTEXT('','3D')
);
#3221=(
GEOMETRIC_REPRESENTATION_CONTEXT(3)
GLOBAL_UNCERTAINTY_ASSIGNED_CONTEXT((#3219))
GLOBAL_UNIT_ASSIGNED_CONTEXT((#3222,#3223,#3224))
REPRESENTATION_CONTEXT('','3D')
);
#3222=(
LENGTH_UNIT()
NAMED_UNIT(*)
SI_UNIT(.CENTI.,.METRE.)
);
#3223=(
NAMED_UNIT(*)
PLANE_ANGLE_UNIT()
SI_UNIT($,.RADIAN.)
);
#3224=(
NAMED_UNIT(*)
SI_UNIT($,.STERADIAN.)
SOLID_ANGLE_UNIT()
);
#3225=SHAPE_DEFINITION_REPRESENTATION(#3226,#3227);
#3226=PRODUCT_DEFINITION_SHAPE('',$,#3229);
#3227=SHAPE_REPRESENTATION('',(#1312),#3220);
#3228=PRODUCT_DEFINITION_CONTEXT('part definition',#3233,'design');
#3229=PRODUCT_DEFINITION('PRT - 9302 - MFLEAFPLUG - V04',
'PRT - 9302 - MFLEAFPLUG - V04',#3230,#3228);
#3230=PRODUCT_DEFINITION_FORMATION('',$,#3235);
#3231=PRODUCT_RELATED_PRODUCT_CATEGORY('PRT - 9302 - MFLEAFPLUG - V04',
'PRT - 9302 - MFLEAFPLUG - V04',(#3235));
#3232=APPLICATION_PROTOCOL_DEFINITION('international standard',
'automotive_design',2009,#3233);
#3233=APPLICATION_CONTEXT(
'Core Data for Automotive Mechanical Design Process');
#3234=PRODUCT_CONTEXT('part definition',#3233,'mechanical');
#3235=PRODUCT('PRT - 9302 - MFLEAFPLUG - V04',
'PRT - 9302 - MFLEAFPLUG - V04',
'Leaf chamber screw plug: window D12 glued in the stub, O-ring 12 x 1.
5 on the stub',(#3234));
#3236=PRESENTATION_STYLE_ASSIGNMENT((#3237));
#3237=SURFACE_STYLE_USAGE(.BOTH.,#3240);
#3238=SURFACE_STYLE_RENDERING_WITH_PROPERTIES($,#3244,(#3239));
#3239=SURFACE_STYLE_TRANSPARENT(0.);
#3240=SURFACE_SIDE_STYLE('',(#3241,#3238));
#3241=SURFACE_STYLE_FILL_AREA(#3242);
#3242=FILL_AREA_STYLE('',(#3243));
#3243=FILL_AREA_STYLE_COLOUR('',#3244);
#3244=COLOUR_RGB('',0.0196078431372549,0.0196078431372549,0.0196078431372549);
ENDSEC;
END-ISO-10303-21;
