ISO-10303-21;
HEADER;
/* Generated by software containing ST-Developer
 * from STEP Tools, Inc. (www.steptools.com) 
 */

FILE_DESCRIPTION(
/* description */ (
'Leaf chamber chip B (luer inlet -> chamber -> luer outlet), print in 
black resin'),
/* implementation_level */ '2;1');

FILE_NAME(
/* name */ 'PRT - 9301 - MFLEAFCHIP - V04 - B.stp',
/* time_stamp */ '2026-10-05T09:19:02+02:00',
/* author */ ('benir'),
/* organization */ (''),
/* preprocessor_version */ 'ST-DEVELOPER v20',
/* originating_system */ 'Autodesk Inventor 2025',
/* authorisation */ '');

FILE_SCHEMA (('AUTOMOTIVE_DESIGN { 1 0 10303 214 3 1 1 }'));
ENDSEC;

DATA;
#10=MECHANICAL_DESIGN_GEOMETRIC_PRESENTATION_REPRESENTATION('',(#13),#3095);
#11=SHAPE_REPRESENTATION_RELATIONSHIP('SRR','None',#3101,#12);
#12=ADVANCED_BREP_SHAPE_REPRESENTATION('',(#14),#3094);
#13=STYLED_ITEM('',(#3110),#14);
#14=MANIFOLD_SOLID_BREP('Solid1',#1233);
#15=B_SPLINE_SURFACE_WITH_KNOTS('',3,3,((#1912,#1913,#1914,#1915,#1916,
#1917,#1918,#1919,#1920,#1921,#1922,#1923,#1924,#1925,#1926,#1927,#1928,
#1929,#1930,#1931,#1932,#1933,#1934,#1935,#1936,#1937,#1938,#1939,#1940,
#1941,#1942,#1943,#1944,#1945,#1946,#1947,#1948),(#1949,#1950,#1951,#1952,
#1953,#1954,#1955,#1956,#1957,#1958,#1959,#1960,#1961,#1962,#1963,#1964,
#1965,#1966,#1967,#1968,#1969,#1970,#1971,#1972,#1973,#1974,#1975,#1976,
#1977,#1978,#1979,#1980,#1981,#1982,#1983,#1984,#1985),(#1986,#1987,#1988,
#1989,#1990,#1991,#1992,#1993,#1994,#1995,#1996,#1997,#1998,#1999,#2000,
#2001,#2002,#2003,#2004,#2005,#2006,#2007,#2008,#2009,#2010,#2011,#2012,
#2013,#2014,#2015,#2016,#2017,#2018,#2019,#2020,#2021,#2022),(#2023,#2024,
#2025,#2026,#2027,#2028,#2029,#2030,#2031,#2032,#2033,#2034,#2035,#2036,
#2037,#2038,#2039,#2040,#2041,#2042,#2043,#2044,#2045,#2046,#2047,#2048,
#2049,#2050,#2051,#2052,#2053,#2054,#2055,#2056,#2057,#2058,#2059)),
 .UNSPECIFIED.,.F.,.F.,.F.,(4,4),(4,1,1,1,1,1,1,1,1,1,1,1,1,1,1,1,1,1,1,
1,1,1,1,1,1,1,1,1,1,1,1,1,1,1,4),(0.0115470040378444,0.105294243070096),
(0.,0.491077620596906,0.982155241193812,1.47323286179072,1.96431048238762,
2.45538810298453,2.94646572358144,3.43754334417834,3.92862096477525,4.41969858537215,
4.91077620596906,5.40185382656597,5.89293144716287,6.38400906775978,6.87508668835668,
7.36616430895359,7.85724192955049,8.3483195501474,8.83939717074431,9.33047479134121,
9.82155241193812,10.312630032535,10.8037076531319,11.2947852737288,11.7858628943257,
12.2769405149226,12.7680181355196,13.2590957561165,13.7501733767134,14.2412509973103,
14.7323286179072,15.2234062385041,15.714483859101,16.2055614796979,16.6966391002948),
 .UNSPECIFIED.);
#16=B_SPLINE_SURFACE_WITH_KNOTS('',3,3,((#2308,#2309,#2310,#2311,#2312,
#2313,#2314,#2315,#2316,#2317,#2318,#2319,#2320,#2321,#2322,#2323,#2324,
#2325,#2326,#2327,#2328,#2329,#2330,#2331,#2332,#2333,#2334,#2335,#2336,
#2337,#2338,#2339,#2340,#2341,#2342,#2343,#2344,#2345,#2346),(#2347,#2348,
#2349,#2350,#2351,#2352,#2353,#2354,#2355,#2356,#2357,#2358,#2359,#2360,
#2361,#2362,#2363,#2364,#2365,#2366,#2367,#2368,#2369,#2370,#2371,#2372,
#2373,#2374,#2375,#2376,#2377,#2378,#2379,#2380,#2381,#2382,#2383,#2384,
#2385),(#2386,#2387,#2388,#2389,#2390,#2391,#2392,#2393,#2394,#2395,#2396,
#2397,#2398,#2399,#2400,#2401,#2402,#2403,#2404,#2405,#2406,#2407,#2408,
#2409,#2410,#2411,#2412,#2413,#2414,#2415,#2416,#2417,#2418,#2419,#2420,
#2421,#2422,#2423,#2424),(#2425,#2426,#2427,#2428,#2429,#2430,#2431,#2432,
#2433,#2434,#2435,#2436,#2437,#2438,#2439,#2440,#2441,#2442,#2443,#2444,
#2445,#2446,#2447,#2448,#2449,#2450,#2451,#2452,#2453,#2454,#2455,#2456,
#2457,#2458,#2459,#2460,#2461,#2462,#2463)),.UNSPECIFIED.,.F.,.F.,.F.,(4,
4),(4,1,1,1,1,1,1,1,1,1,1,1,1,1,1,1,1,1,1,1,1,1,1,1,1,1,1,1,1,1,1,1,1,1,
1,1,4),(0.,0.0937472390322513),(0.,0.499845426255074,0.999690852510147,
1.49953627876522,1.99938170502029,2.49922713127537,2.99907255753044,3.49891798378551,
3.99876341004059,4.49860883629566,4.99845426255074,5.49829968880581,5.99814511506088,
6.49799054131596,6.99783596757103,7.4976813938261,7.99752682008118,8.49737224633625,
8.99721767259132,9.4970630988464,9.99690852510147,10.4967539513565,10.9965993776116,
11.4964448038667,11.9962902301218,12.4961356563768,12.9959810826319,13.495826508887,
13.9956719351421,14.4955173613971,14.9953627876522,15.4952082139073,15.9950536401624,
16.4948990664174,16.9947444926725,17.4945899189276,17.9944353451826),
 .UNSPECIFIED.);
#17=B_SPLINE_SURFACE_WITH_KNOTS('',3,3,((#2564,#2565,#2566,#2567,#2568,
#2569,#2570),(#2571,#2572,#2573,#2574,#2575,#2576,#2577),(#2578,#2579,#2580,
#2581,#2582,#2583,#2584),(#2585,#2586,#2587,#2588,#2589,#2590,#2591)),
 .UNSPECIFIED.,.F.,.F.,.F.,(4,4),(4,1,1,1,4),(0.,0.0605753968061694),(0.,
0.785398163397448,1.5707963267949,2.35619449019234,3.14159265358979),
 .UNSPECIFIED.);
#18=B_SPLINE_SURFACE_WITH_KNOTS('',3,3,((#2625,#2626,#2627,#2628,#2629,
#2630,#2631),(#2632,#2633,#2634,#2635,#2636,#2637,#2638),(#2639,#2640,#2641,
#2642,#2643,#2644,#2645),(#2646,#2647,#2648,#2649,#2650,#2651,#2652)),
 .UNSPECIFIED.,.F.,.F.,.F.,(4,4),(4,1,1,1,4),(0.0110137085102122,0.0715891053163817),
(0.,0.785398163397448,1.5707963267949,2.35619449019234,3.14159265358979),
 .UNSPECIFIED.);
#19=B_SPLINE_SURFACE_WITH_KNOTS('',3,3,((#2673,#2674,#2675,#2676,#2677,
#2678,#2679),(#2680,#2681,#2682,#2683,#2684,#2685,#2686),(#2687,#2688,#2689,
#2690,#2691,#2692,#2693),(#2694,#2695,#2696,#2697,#2698,#2699,#2700)),
 .UNSPECIFIED.,.F.,.F.,.F.,(4,4),(4,1,1,1,4),(0.,0.0605753968061694),(0.,
0.785398163397448,1.5707963267949,2.35619449019234,3.14159265358979),
 .UNSPECIFIED.);
#20=B_SPLINE_SURFACE_WITH_KNOTS('',3,3,((#2734,#2735,#2736,#2737,#2738,
#2739,#2740),(#2741,#2742,#2743,#2744,#2745,#2746,#2747),(#2748,#2749,#2750,
#2751,#2752,#2753,#2754),(#2755,#2756,#2757,#2758,#2759,#2760,#2761)),
 .UNSPECIFIED.,.F.,.F.,.F.,(4,4),(4,1,1,1,4),(0.0110137085102121,0.0715891053163817),
(0.,0.785398163397448,1.5707963267949,2.35619449019234,3.14159265358979),
 .UNSPECIFIED.);
#21=B_SPLINE_SURFACE_WITH_KNOTS('',3,3,((#2798,#2799,#2800,#2801,#2802,
#2803,#2804),(#2805,#2806,#2807,#2808,#2809,#2810,#2811),(#2812,#2813,#2814,
#2815,#2816,#2817,#2818),(#2819,#2820,#2821,#2822,#2823,#2824,#2825)),
 .UNSPECIFIED.,.F.,.F.,.F.,(4,4),(4,1,1,1,4),(0.,0.0605753968061689),(0.,
0.785398163397448,1.5707963267949,2.35619449019234,3.14159265358979),
 .UNSPECIFIED.);
#22=B_SPLINE_SURFACE_WITH_KNOTS('',3,3,((#2859,#2860,#2861,#2862,#2863,
#2864,#2865),(#2866,#2867,#2868,#2869,#2870,#2871,#2872),(#2873,#2874,#2875,
#2876,#2877,#2878,#2879),(#2880,#2881,#2882,#2883,#2884,#2885,#2886)),
 .UNSPECIFIED.,.F.,.F.,.F.,(4,4),(4,1,1,1,4),(0.0110137085102128,0.0715891053163817),
(0.,0.785398163397448,1.5707963267949,2.35619449019234,3.14159265358979),
 .UNSPECIFIED.);
#23=B_SPLINE_SURFACE_WITH_KNOTS('',3,3,((#2907,#2908,#2909,#2910,#2911,
#2912,#2913),(#2914,#2915,#2916,#2917,#2918,#2919,#2920),(#2921,#2922,#2923,
#2924,#2925,#2926,#2927),(#2928,#2929,#2930,#2931,#2932,#2933,#2934)),
 .UNSPECIFIED.,.F.,.F.,.F.,(4,4),(4,1,1,1,4),(0.,0.0605753968061689),(0.,
0.785398163397448,1.5707963267949,2.35619449019234,3.14159265358979),
 .UNSPECIFIED.);
#24=B_SPLINE_SURFACE_WITH_KNOTS('',3,3,((#2968,#2969,#2970,#2971,#2972,
#2973,#2974),(#2975,#2976,#2977,#2978,#2979,#2980,#2981),(#2982,#2983,#2984,
#2985,#2986,#2987,#2988),(#2989,#2990,#2991,#2992,#2993,#2994,#2995)),
 .UNSPECIFIED.,.F.,.F.,.F.,(4,4),(4,1,1,1,4),(0.0110137085102128,0.0715891053163817),
(0.,0.785398163397448,1.5707963267949,2.35619449019234,3.14159265358979),
 .UNSPECIFIED.);
#25=CONICAL_SURFACE('',#1282,0.2145,0.0299910397345698);
#26=CONICAL_SURFACE('',#1286,0.2145,0.0299910397345698);
#27=CONICAL_SURFACE('',#1293,0.9638125,0.785398163397448);
#28=CONICAL_SURFACE('',#1295,0.745,0.785398163397448);
#29=FACE_BOUND('',#153,.T.);
#30=FACE_BOUND('',#162,.T.);
#31=FACE_BOUND('',#165,.T.);
#32=FACE_BOUND('',#174,.T.);
#33=FACE_BOUND('',#176,.T.);
#34=FACE_BOUND('',#189,.T.);
#35=FACE_BOUND('',#192,.T.);
#36=FACE_BOUND('',#205,.T.);
#37=FACE_BOUND('',#208,.T.);
#38=FACE_BOUND('',#218,.T.);
#39=FACE_BOUND('',#219,.T.);
#40=FACE_BOUND('',#220,.T.);
#41=PLANE('',#1263);
#42=PLANE('',#1270);
#43=PLANE('',#1273);
#44=PLANE('',#1274);
#45=PLANE('',#1277);
#46=PLANE('',#1278);
#47=PLANE('',#1279);
#48=PLANE('',#1285);
#49=PLANE('',#1289);
#50=PLANE('',#1290);
#51=PLANE('',#1297);
#52=PLANE('',#1298);
#53=PLANE('',#1300);
#54=PLANE('',#1302);
#55=PLANE('',#1303);
#56=PLANE('',#1305);
#57=PLANE('',#1309);
#58=PLANE('',#1313);
#59=PLANE('',#1314);
#60=PLANE('',#1316);
#61=PLANE('',#1317);
#62=PLANE('',#1319);
#63=PLANE('',#1323);
#64=PLANE('',#1327);
#65=PLANE('',#1330);
#66=PLANE('',#1331);
#67=PLANE('',#1332);
#68=PLANE('',#1333);
#69=PLANE('',#1336);
#70=PLANE('',#1341);
#71=PLANE('',#1342);
#72=PLANE('',#1349);
#73=PLANE('',#1350);
#74=FACE_OUTER_BOUND('',#144,.T.);
#75=FACE_OUTER_BOUND('',#145,.T.);
#76=FACE_OUTER_BOUND('',#146,.T.);
#77=FACE_OUTER_BOUND('',#147,.T.);
#78=FACE_OUTER_BOUND('',#148,.T.);
#79=FACE_OUTER_BOUND('',#149,.T.);
#80=FACE_OUTER_BOUND('',#150,.T.);
#81=FACE_OUTER_BOUND('',#151,.T.);
#82=FACE_OUTER_BOUND('',#152,.T.);
#83=FACE_OUTER_BOUND('',#154,.T.);
#84=FACE_OUTER_BOUND('',#155,.T.);
#85=FACE_OUTER_BOUND('',#156,.T.);
#86=FACE_OUTER_BOUND('',#157,.T.);
#87=FACE_OUTER_BOUND('',#158,.T.);
#88=FACE_OUTER_BOUND('',#159,.T.);
#89=FACE_OUTER_BOUND('',#160,.T.);
#90=FACE_OUTER_BOUND('',#161,.T.);
#91=FACE_OUTER_BOUND('',#163,.T.);
#92=FACE_OUTER_BOUND('',#164,.T.);
#93=FACE_OUTER_BOUND('',#166,.T.);
#94=FACE_OUTER_BOUND('',#167,.T.);
#95=FACE_OUTER_BOUND('',#168,.T.);
#96=FACE_OUTER_BOUND('',#169,.T.);
#97=FACE_OUTER_BOUND('',#170,.T.);
#98=FACE_OUTER_BOUND('',#171,.T.);
#99=FACE_OUTER_BOUND('',#172,.T.);
#100=FACE_OUTER_BOUND('',#173,.T.);
#101=FACE_OUTER_BOUND('',#175,.T.);
#102=FACE_OUTER_BOUND('',#177,.T.);
#103=FACE_OUTER_BOUND('',#178,.T.);
#104=FACE_OUTER_BOUND('',#179,.T.);
#105=FACE_OUTER_BOUND('',#180,.T.);
#106=FACE_OUTER_BOUND('',#181,.T.);
#107=FACE_OUTER_BOUND('',#182,.T.);
#108=FACE_OUTER_BOUND('',#183,.T.);
#109=FACE_OUTER_BOUND('',#184,.T.);
#110=FACE_OUTER_BOUND('',#185,.T.);
#111=FACE_OUTER_BOUND('',#186,.T.);
#112=FACE_OUTER_BOUND('',#187,.T.);
#113=FACE_OUTER_BOUND('',#188,.T.);
#114=FACE_OUTER_BOUND('',#190,.T.);
#115=FACE_OUTER_BOUND('',#191,.T.);
#116=FACE_OUTER_BOUND('',#193,.T.);
#117=FACE_OUTER_BOUND('',#194,.T.);
#118=FACE_OUTER_BOUND('',#195,.T.);
#119=FACE_OUTER_BOUND('',#196,.T.);
#120=FACE_OUTER_BOUND('',#197,.T.);
#121=FACE_OUTER_BOUND('',#198,.T.);
#122=FACE_OUTER_BOUND('',#199,.T.);
#123=FACE_OUTER_BOUND('',#200,.T.);
#124=FACE_OUTER_BOUND('',#201,.T.);
#125=FACE_OUTER_BOUND('',#202,.T.);
#126=FACE_OUTER_BOUND('',#203,.T.);
#127=FACE_OUTER_BOUND('',#204,.T.);
#128=FACE_OUTER_BOUND('',#206,.T.);
#129=FACE_OUTER_BOUND('',#207,.T.);
#130=FACE_OUTER_BOUND('',#209,.T.);
#131=FACE_OUTER_BOUND('',#210,.T.);
#132=FACE_OUTER_BOUND('',#211,.T.);
#133=FACE_OUTER_BOUND('',#212,.T.);
#134=FACE_OUTER_BOUND('',#213,.T.);
#135=FACE_OUTER_BOUND('',#214,.T.);
#136=FACE_OUTER_BOUND('',#215,.T.);
#137=FACE_OUTER_BOUND('',#216,.T.);
#138=FACE_OUTER_BOUND('',#217,.T.);
#139=FACE_OUTER_BOUND('',#221,.T.);
#140=FACE_OUTER_BOUND('',#222,.T.);
#141=FACE_OUTER_BOUND('',#223,.T.);
#142=FACE_OUTER_BOUND('',#224,.T.);
#143=FACE_OUTER_BOUND('',#225,.T.);
#144=EDGE_LOOP('',(#790,#791,#792,#793));
#145=EDGE_LOOP('',(#794,#795,#796,#797,#798,#799));
#146=EDGE_LOOP('',(#800,#801,#802,#803));
#147=EDGE_LOOP('',(#804,#805,#806,#807));
#148=EDGE_LOOP('',(#808,#809,#810,#811));
#149=EDGE_LOOP('',(#812,#813,#814,#815,#816,#817,#818,#819));
#150=EDGE_LOOP('',(#820,#821,#822,#823,#824));
#151=EDGE_LOOP('',(#825,#826,#827,#828,#829,#830,#831,#832));
#152=EDGE_LOOP('',(#833,#834,#835,#836));
#153=EDGE_LOOP('',(#837,#838,#839,#840,#841,#842,#843,#844,#845));
#154=EDGE_LOOP('',(#846,#847,#848,#849));
#155=EDGE_LOOP('',(#850,#851,#852,#853,#854));
#156=EDGE_LOOP('',(#855,#856,#857,#858));
#157=EDGE_LOOP('',(#859,#860,#861,#862));
#158=EDGE_LOOP('',(#863,#864,#865,#866));
#159=EDGE_LOOP('',(#867,#868,#869,#870,#871,#872,#873,#874,#875,#876,#877,
#878));
#160=EDGE_LOOP('',(#879,#880,#881,#882));
#161=EDGE_LOOP('',(#883));
#162=EDGE_LOOP('',(#884));
#163=EDGE_LOOP('',(#885,#886,#887,#888));
#164=EDGE_LOOP('',(#889));
#165=EDGE_LOOP('',(#890));
#166=EDGE_LOOP('',(#891,#892,#893,#894,#895,#896,#897,#898,#899));
#167=EDGE_LOOP('',(#900,#901,#902,#903));
#168=EDGE_LOOP('',(#904,#905,#906,#907));
#169=EDGE_LOOP('',(#908,#909,#910,#911,#912,#913,#914,#915,#916,#917));
#170=EDGE_LOOP('',(#918,#919,#920,#921));
#171=EDGE_LOOP('',(#922,#923,#924,#925));
#172=EDGE_LOOP('',(#926,#927,#928,#929));
#173=EDGE_LOOP('',(#930));
#174=EDGE_LOOP('',(#931));
#175=EDGE_LOOP('',(#932));
#176=EDGE_LOOP('',(#933,#934,#935,#936));
#177=EDGE_LOOP('',(#937,#938,#939,#940));
#178=EDGE_LOOP('',(#941,#942,#943,#944));
#179=EDGE_LOOP('',(#945,#946,#947,#948));
#180=EDGE_LOOP('',(#949,#950,#951,#952));
#181=EDGE_LOOP('',(#953,#954,#955,#956));
#182=EDGE_LOOP('',(#957,#958,#959,#960));
#183=EDGE_LOOP('',(#961,#962,#963,#964));
#184=EDGE_LOOP('',(#965,#966,#967,#968));
#185=EDGE_LOOP('',(#969,#970,#971,#972));
#186=EDGE_LOOP('',(#973,#974,#975,#976));
#187=EDGE_LOOP('',(#977,#978,#979,#980,#981,#982,#983,#984,#985,#986,#987,
#988,#989,#990,#991,#992));
#188=EDGE_LOOP('',(#993));
#189=EDGE_LOOP('',(#994));
#190=EDGE_LOOP('',(#995,#996,#997,#998));
#191=EDGE_LOOP('',(#999));
#192=EDGE_LOOP('',(#1000));
#193=EDGE_LOOP('',(#1001,#1002,#1003,#1004));
#194=EDGE_LOOP('',(#1005,#1006,#1007,#1008));
#195=EDGE_LOOP('',(#1009,#1010,#1011,#1012));
#196=EDGE_LOOP('',(#1013,#1014,#1015,#1016));
#197=EDGE_LOOP('',(#1017,#1018,#1019,#1020));
#198=EDGE_LOOP('',(#1021,#1022,#1023,#1024));
#199=EDGE_LOOP('',(#1025,#1026,#1027,#1028));
#200=EDGE_LOOP('',(#1029,#1030,#1031,#1032));
#201=EDGE_LOOP('',(#1033,#1034,#1035,#1036));
#202=EDGE_LOOP('',(#1037,#1038,#1039,#1040));
#203=EDGE_LOOP('',(#1041,#1042,#1043,#1044,#1045,#1046,#1047,#1048,#1049,
#1050,#1051,#1052,#1053,#1054,#1055,#1056));
#204=EDGE_LOOP('',(#1057));
#205=EDGE_LOOP('',(#1058));
#206=EDGE_LOOP('',(#1059,#1060,#1061,#1062));
#207=EDGE_LOOP('',(#1063));
#208=EDGE_LOOP('',(#1064));
#209=EDGE_LOOP('',(#1065,#1066,#1067,#1068));
#210=EDGE_LOOP('',(#1069,#1070,#1071,#1072));
#211=EDGE_LOOP('',(#1073,#1074,#1075,#1076));
#212=EDGE_LOOP('',(#1077,#1078,#1079,#1080,#1081,#1082,#1083,#1084));
#213=EDGE_LOOP('',(#1085,#1086,#1087,#1088,#1089,#1090));
#214=EDGE_LOOP('',(#1091,#1092,#1093,#1094,#1095,#1096));
#215=EDGE_LOOP('',(#1097,#1098,#1099,#1100));
#216=EDGE_LOOP('',(#1101,#1102,#1103,#1104,#1105,#1106,#1107,#1108));
#217=EDGE_LOOP('',(#1109,#1110,#1111,#1112,#1113,#1114,#1115,#1116));
#218=EDGE_LOOP('',(#1117));
#219=EDGE_LOOP('',(#1118));
#220=EDGE_LOOP('',(#1119));
#221=EDGE_LOOP('',(#1120,#1121,#1122,#1123));
#222=EDGE_LOOP('',(#1124,#1125,#1126,#1127));
#223=EDGE_LOOP('',(#1128,#1129,#1130,#1131));
#224=EDGE_LOOP('',(#1132,#1133,#1134,#1135));
#225=EDGE_LOOP('',(#1136,#1137,#1138,#1139));
#226=CIRCLE('',#1251,0.9338125);
#227=CIRCLE('',#1253,0.9338125);
#228=CIRCLE('',#1255,1.015);
#229=CIRCLE('',#1259,0.0499999999999998);
#230=CIRCLE('',#1260,0.0499999999999998);
#231=CIRCLE('',#1261,0.0499999999999998);
#232=CIRCLE('',#1262,0.0499999999999998);
#233=CIRCLE('',#1264,0.715);
#234=CIRCLE('',#1266,0.0499999999999998);
#235=CIRCLE('',#1267,0.0499999999999998);
#236=CIRCLE('',#1268,0.0499999999999998);
#237=CIRCLE('',#1269,0.0499999999999998);
#238=CIRCLE('',#1271,0.715);
#239=CIRCLE('',#1272,0.715);
#240=CIRCLE('',#1275,0.715);
#241=CIRCLE('',#1276,0.715);
#242=CIRCLE('',#1281,0.715);
#243=CIRCLE('',#1283,0.2145);
#244=CIRCLE('',#1284,0.190499972072735);
#245=CIRCLE('',#1287,0.2145);
#246=CIRCLE('',#1288,0.190499972072735);
#247=CIRCLE('',#1294,0.9938125);
#248=CIRCLE('',#1296,0.775);
#249=CIRCLE('',#1299,1.2);
#250=CIRCLE('',#1307,0.3365);
#251=CIRCLE('',#1308,0.3365);
#252=CIRCLE('',#1311,0.5);
#253=CIRCLE('',#1312,0.5);
#254=CIRCLE('',#1321,0.3365);
#255=CIRCLE('',#1322,0.3365);
#256=CIRCLE('',#1325,0.5);
#257=CIRCLE('',#1326,0.5);
#258=CIRCLE('',#1329,1.2);
#259=CIRCLE('',#1334,0.1);
#260=CIRCLE('',#1335,0.1);
#261=CIRCLE('',#1337,0.1);
#262=CIRCLE('',#1338,0.1);
#263=CIRCLE('',#1340,0.1);
#264=CIRCLE('',#1343,0.1);
#265=CIRCLE('',#1344,0.1);
#266=CIRCLE('',#1345,0.1);
#267=B_SPLINE_CURVE_WITH_KNOTS('',3,(#1662,#1663,#1664,#1665,#1666,#1667,
#1668,#1669,#1670,#1671,#1672,#1673),.UNSPECIFIED.,.F.,.F.,(4,1,1,1,1,1,
1,1,1,4),(12.5663706143592,12.9959810826319,13.495826508887,13.9956719351421,
14.4955173613971,14.9953627876522,15.4952082139073,15.9950536401624,16.4948990664174,
16.9322000371509),.UNSPECIFIED.);
#268=B_SPLINE_CURVE_WITH_KNOTS('',3,(#1676,#1677,#1678,#1679,#1680,#1681,
#1682,#1683,#1684,#1685,#1686,#1687,#1688,#1689,#1690,#1691,#1692,#1693,
#1694,#1695,#1696,#1697,#1698,#1699,#1700,#1701,#1702,#1703,#1704,#1705,
#1706,#1707,#1708,#1709,#1710,#1711,#1712,#1713,#1714,#1715),
 .UNSPECIFIED.,.F.,.F.,(4,3,3,3,3,3,3,3,3,3,3,3,3,4),(-12.2199280810925,
-11.7858628943257,-11.2947852737288,-10.8037076531319,-10.312630032535,
-9.82155241193812,-9.33047479134121,-8.83939717074431,-8.3483195501474,
-7.85724192955049,-7.36616430895359,-6.87508668835668,-6.38400906775978,
-6.28318530717959),.UNSPECIFIED.);
#269=B_SPLINE_CURVE_WITH_KNOTS('',3,(#1725,#1726,#1727,#1728,#1729,#1730,
#1731,#1732,#1733,#1734,#1735,#1736,#1737,#1738,#1739,#1740),
 .UNSPECIFIED.,.F.,.F.,(4,1,1,1,1,1,1,1,1,1,1,1,1,4),(0.,0.499845426255074,
0.999690852510147,1.49953627876522,1.99938170502029,2.49922713127537,2.99907255753044,
3.49891798378551,3.99876341004059,4.49860883629566,4.99845426255074,5.49829968880581,
5.99814511506088,6.28318530717959),.UNSPECIFIED.);
#270=B_SPLINE_CURVE_WITH_KNOTS('',3,(#1746,#1747,#1748,#1749,#1750,#1751),
 .UNSPECIFIED.,.F.,.F.,(4,1,1,4),(15.707963267949,15.714483859101,16.2055614796979,
16.6966391002948),.UNSPECIFIED.);
#271=B_SPLINE_CURVE_WITH_KNOTS('',3,(#1754,#1755,#1756,#1757,#1758,#1759,
#1760),.UNSPECIFIED.,.F.,.F.,(4,1,1,1,4),(15.707963267949,15.9950536401624,
16.4948990664174,16.9947444926725,17.4820372636922),.UNSPECIFIED.);
#272=B_SPLINE_CURVE_WITH_KNOTS('',3,(#1765,#1766,#1767,#1768,#1769,#1770,
#1771,#1772,#1773,#1774,#1775,#1776,#1777,#1778,#1779,#1780),
 .UNSPECIFIED.,.F.,.F.,(4,1,1,1,1,1,1,1,1,1,1,1,1,4),(9.42477796076938,
9.82155241193812,10.312630032535,10.8037076531319,11.2947852737288,11.7858628943257,
12.2769405149226,12.7680181355196,13.2590957561165,13.7501733767134,14.2412509973103,
14.7323286179072,15.2234062385041,15.707963267949),.UNSPECIFIED.);
#273=B_SPLINE_CURVE_WITH_KNOTS('',3,(#1781,#1782,#1783,#1784,#1785,#1786,
#1787,#1788,#1789,#1790,#1791,#1792,#1793,#1794,#1795,#1796,#1797),
 .UNSPECIFIED.,.F.,.F.,(4,1,1,1,1,1,1,1,1,1,1,1,1,1,4),(9.42477796076938,
9.4970630988464,9.99690852510147,10.4967539513565,10.9965993776116,11.4964448038667,
11.9962902301218,12.4961356563768,12.9959810826319,13.495826508887,13.9956719351421,
14.4955173613971,14.9953627876522,15.4952082139073,15.707963267949),
 .UNSPECIFIED.);
#274=B_SPLINE_CURVE_WITH_KNOTS('',3,(#1803,#1804,#1805,#1806,#1807,#1808,
#1809,#1810,#1811,#1812),.UNSPECIFIED.,.F.,.F.,(4,1,1,1,1,1,1,4),(0.,0.499845426255074,
0.999690852510147,1.49953627876522,1.99938170502029,2.49922713127537,2.99907255753044,
3.14159265358979),.UNSPECIFIED.);
#275=B_SPLINE_CURVE_WITH_KNOTS('',3,(#1815,#1816,#1817,#1818,#1819,#1820,
#1821,#1822,#1823,#1824),.UNSPECIFIED.,.F.,.F.,(4,1,1,1,1,1,1,4),(0.,0.491077620596906,
0.982155241193812,1.47323286179072,1.96431048238762,2.45538810298453,2.94646572358144,
3.14159265358979),.UNSPECIFIED.);
#276=B_SPLINE_CURVE_WITH_KNOTS('',3,(#2061,#2062,#2063,#2064,#2065,#2066,
#2067,#2068,#2069,#2070,#2071,#2072,#2073,#2074,#2075,#2076,#2077,#2078,
#2079),.UNSPECIFIED.,.F.,.F.,(4,3,3,3,3,3,4),(0.,0.133571668391899,0.267425282290928,
0.387893074930638,0.412883754970044,0.495440504659006,0.516749369245824),
 .UNSPECIFIED.);
#277=B_SPLINE_CURVE_WITH_KNOTS('',3,(#2080,#2081,#2082,#2083,#2084,#2085,
#2086,#2087,#2088,#2089,#2090,#2091,#2092,#2093,#2094,#2095,#2096),
 .UNSPECIFIED.,.F.,.F.,(4,1,1,1,1,1,1,1,1,1,1,1,1,1,4),(3.14159265358979,
3.43754334417834,3.92862096477525,4.41969858537215,4.91077620596906,5.40185382656597,
5.89293144716287,6.38400906775978,6.87508668835668,7.36616430895359,7.85724192955049,
8.3483195501474,8.83939717074431,9.33047479134121,9.42477796076938),
 .UNSPECIFIED.);
#278=B_SPLINE_CURVE_WITH_KNOTS('',3,(#2098,#2099,#2100,#2101,#2102,#2103,
#2104,#2105,#2106,#2107,#2108,#2109,#2110,#2111,#2112,#2113,#2114,#2115,
#2116,#2117,#2118,#2119,#2120,#2121,#2122,#2123,#2124,#2125,#2126,#2127,
#2128,#2129,#2130,#2131,#2132,#2133,#2134,#2135,#2136,#2137),
 .UNSPECIFIED.,.F.,.F.,(4,3,3,3,3,3,3,3,3,3,3,3,3,4),(-6.28318530717959,
-5.89293144716287,-5.40185382656596,-4.91077620596906,-4.41969858537215,
-3.92862096477525,-3.43754334417834,-2.94646572358143,-2.45538810298453,
-1.96431048238762,-1.47323286179072,-0.98215524119381,-0.491077620596904,
1.77635683940025E-15),.UNSPECIFIED.);
#279=B_SPLINE_CURVE_WITH_KNOTS('',3,(#2138,#2139,#2140,#2141,#2142,#2143,
#2144,#2145,#2146,#2147,#2148,#2149,#2150,#2151,#2152,#2153,#2154,#2155,
#2156,#2157,#2158,#2159,#2160,#2161,#2162,#2163,#2164,#2165,#2166,#2167,
#2168,#2169,#2170,#2171,#2172,#2173,#2174,#2175,#2176,#2177,#2178,#2179,
#2180,#2181,#2182,#2183,#2184,#2185,#2186,#2187,#2188,#2189,#2190,#2191,
#2192,#2193,#2194,#2195,#2196,#2197,#2198,#2199,#2200,#2201,#2202,#2203,
#2204,#2205,#2206,#2207,#2208,#2209,#2210,#2211,#2212,#2213,#2214,#2215,
#2216,#2217,#2218,#2219,#2220,#2221,#2222,#2223,#2224,#2225,#2226,#2227,
#2228,#2229,#2230,#2231,#2232,#2233,#2234,#2235,#2236,#2237,#2238,#2239,
#2240,#2241,#2242,#2243,#2244,#2245,#2246,#2247,#2248,#2249,#2250,#2251,
#2252,#2253,#2254,#2255,#2256,#2257,#2258,#2259,#2260,#2261,#2262,#2263,
#2264,#2265,#2266,#2267,#2268,#2269,#2270,#2271,#2272,#2273,#2274,#2275,
#2276,#2277,#2278,#2279,#2280,#2281,#2282,#2283,#2284,#2285,#2286,#2287,
#2288),.UNSPECIFIED.,.F.,.F.,(4,3,3,3,3,3,3,3,3,3,3,3,3,3,3,3,3,3,3,3,3,
3,3,3,3,3,3,3,3,3,3,3,3,3,3,3,3,3,3,3,3,3,3,3,3,3,3,3,3,3,4),(1.4112100919541,
1.52797834289912,1.56042708705891,1.58589453237401,1.71822195832304,1.84978712659247,
1.87828309573416,1.95170077102409,1.97938717953549,2.11109661132687,2.23694887957244,
2.29987501369522,2.33347752095034,2.35837912965716,2.362801147818,2.49376651877166,
2.6250712768312,2.68179335949874,2.71311228682562,2.73817287310638,2.84388455827682,
2.97471699473742,3.06142636868437,3.09554294270878,3.1207579095559,3.2509216433032,
3.32155449052524,3.44005378915979,3.47772267819846,3.50233420079881,3.63182586599152,
3.76037488908944,3.79555168506343,3.84412480186028,3.86970601817798,3.99842874865134,
4.13206945789547,4.20089210060895,4.22762818271829,4.26571016713959,4.39392373845001,
4.52220464730746,4.58288545625307,4.6139306861799,4.73249501154137,4.86039351433331,
4.94665366106894,4.98222404017716,5.10947454921592,5.19581329227213,5.2493940053366),
 .UNSPECIFIED.);
#280=B_SPLINE_CURVE_WITH_KNOTS('',3,(#2292,#2293,#2294,#2295,#2296,#2297,
#2298,#2299,#2300,#2301,#2302,#2303,#2304,#2305,#2306,#2307),
 .UNSPECIFIED.,.F.,.F.,(4,1,1,1,1,1,1,1,1,1,1,1,1,4),(3.14159265358979,
3.49891798378551,3.99876341004059,4.49860883629566,4.99845426255074,5.49829968880581,
5.99814511506088,6.49799054131596,6.99783596757103,7.4976813938261,7.99752682008118,
8.49737224633625,8.99721767259132,9.42477796076938),.UNSPECIFIED.);
#281=B_SPLINE_CURVE_WITH_KNOTS('',3,(#2465,#2466,#2467,#2468,#2469,#2470,
#2471,#2472,#2473,#2474,#2475,#2476,#2477,#2478,#2479,#2480,#2481,#2482,
#2483,#2484,#2485,#2486),.UNSPECIFIED.,.F.,.F.,(4,3,3,3,3,3,3,4),(1.62839366221016,
1.7540605196331,1.79636527059645,1.83448909665616,1.96788304076757,2.10099470303122,
2.13106109190194,2.14378918835027),.UNSPECIFIED.);
#282=B_SPLINE_CURVE_WITH_KNOTS('',3,(#2487,#2488,#2489,#2490,#2491,#2492,
#2493,#2494,#2495,#2496,#2497,#2498,#2499,#2500,#2501,#2502,#2503,#2504,
#2505,#2506,#2507,#2508,#2509,#2510,#2511,#2512,#2513,#2514,#2515,#2516,
#2517,#2518,#2519,#2520,#2521,#2522,#2523,#2524,#2525,#2526),
 .UNSPECIFIED.,.F.,.F.,(4,3,3,3,3,3,3,3,3,3,3,3,3,4),(0.165536528078105,
0.224524812225012,0.344150753458305,0.366804324078099,0.494252428861605,
0.6228763486913,0.703028577158184,0.733593523662304,0.758163123469815,0.887781277297616,
1.01873845909733,1.12001611006564,1.14909005197396,1.19505319774806),
 .UNSPECIFIED.);
#283=B_SPLINE_CURVE_WITH_KNOTS('',3,(#2527,#2528,#2529,#2530,#2531,#2532,
#2533,#2534,#2535,#2536,#2537,#2538,#2539,#2540,#2541,#2542,#2543),
 .UNSPECIFIED.,.F.,.F.,(4,1,1,1,1,1,1,1,1,1,1,1,1,1,4),(6.28318530717959,
6.49799054131596,6.99783596757103,7.4976813938261,7.99752682008118,8.49737224633625,
8.99721767259132,9.4970630988464,9.99690852510147,10.4967539513565,10.9965993776116,
11.4964448038667,11.9962902301218,12.4961356563768,12.5663706143592),
 .UNSPECIFIED.);
#284=B_SPLINE_CURVE_WITH_KNOTS('',3,(#2593,#2594,#2595,#2596,#2597,#2598,
#2599,#2600,#2601,#2602,#2603,#2604,#2605),.UNSPECIFIED.,.F.,.F.,(4,3,3,
3,4),(-3.14159265358979,-2.35619449019234,-1.5707963267949,-0.785398163397448,
0.),.UNSPECIFIED.);
#285=B_SPLINE_CURVE_WITH_KNOTS('',3,(#2608,#2609,#2610,#2611,#2612,#2613,
#2614),.UNSPECIFIED.,.F.,.F.,(4,1,1,1,4),(0.,0.785398163397448,1.5707963267949,
2.35619449019234,3.14159265358979),.UNSPECIFIED.);
#286=B_SPLINE_CURVE_WITH_KNOTS('',3,(#2618,#2619,#2620,#2621,#2622,#2623,
#2624),.UNSPECIFIED.,.F.,.F.,(4,1,1,1,4),(0.,0.785398163397448,1.5707963267949,
2.35619449019234,3.14159265358979),.UNSPECIFIED.);
#287=B_SPLINE_CURVE_WITH_KNOTS('',3,(#2654,#2655,#2656,#2657,#2658,#2659,
#2660),.UNSPECIFIED.,.F.,.F.,(4,1,1,1,4),(0.,0.785398163397448,1.5707963267949,
2.35619449019234,3.14159265358979),.UNSPECIFIED.);
#288=B_SPLINE_CURVE_WITH_KNOTS('',3,(#2702,#2703,#2704,#2705,#2706,#2707,
#2708,#2709,#2710,#2711,#2712,#2713,#2714),.UNSPECIFIED.,.F.,.F.,(4,3,3,
3,4),(-3.14159265358979,-2.35619449019234,-1.5707963267949,-0.785398163397448,
0.),.UNSPECIFIED.);
#289=B_SPLINE_CURVE_WITH_KNOTS('',3,(#2717,#2718,#2719,#2720,#2721,#2722,
#2723),.UNSPECIFIED.,.F.,.F.,(4,1,1,1,4),(0.,0.785398163397448,1.5707963267949,
2.35619449019234,3.14159265358979),.UNSPECIFIED.);
#290=B_SPLINE_CURVE_WITH_KNOTS('',3,(#2727,#2728,#2729,#2730,#2731,#2732,
#2733),.UNSPECIFIED.,.F.,.F.,(4,1,1,1,4),(0.,0.785398163397448,1.5707963267949,
2.35619449019234,3.14159265358979),.UNSPECIFIED.);
#291=B_SPLINE_CURVE_WITH_KNOTS('',3,(#2763,#2764,#2765,#2766,#2767,#2768,
#2769),.UNSPECIFIED.,.F.,.F.,(4,1,1,1,4),(0.,0.785398163397448,1.5707963267949,
2.35619449019234,3.14159265358979),.UNSPECIFIED.);
#292=B_SPLINE_CURVE_WITH_KNOTS('',3,(#2827,#2828,#2829,#2830,#2831,#2832,
#2833,#2834,#2835,#2836,#2837,#2838,#2839),.UNSPECIFIED.,.F.,.F.,(4,3,3,
3,4),(-3.14159265358979,-2.35619449019234,-1.5707963267949,-0.785398163397448,
0.),.UNSPECIFIED.);
#293=B_SPLINE_CURVE_WITH_KNOTS('',3,(#2842,#2843,#2844,#2845,#2846,#2847,
#2848),.UNSPECIFIED.,.F.,.F.,(4,1,1,1,4),(0.,0.785398163397448,1.5707963267949,
2.35619449019234,3.14159265358979),.UNSPECIFIED.);
#294=B_SPLINE_CURVE_WITH_KNOTS('',3,(#2852,#2853,#2854,#2855,#2856,#2857,
#2858),.UNSPECIFIED.,.F.,.F.,(4,1,1,1,4),(0.,0.785398163397448,1.5707963267949,
2.35619449019234,3.14159265358979),.UNSPECIFIED.);
#295=B_SPLINE_CURVE_WITH_KNOTS('',3,(#2888,#2889,#2890,#2891,#2892,#2893,
#2894),.UNSPECIFIED.,.F.,.F.,(4,1,1,1,4),(0.,0.785398163397448,1.5707963267949,
2.35619449019234,3.14159265358979),.UNSPECIFIED.);
#296=B_SPLINE_CURVE_WITH_KNOTS('',3,(#2936,#2937,#2938,#2939,#2940,#2941,
#2942,#2943,#2944,#2945,#2946,#2947,#2948),.UNSPECIFIED.,.F.,.F.,(4,3,3,
3,4),(-3.14159265358979,-2.35619449019234,-1.5707963267949,-0.785398163397448,
0.),.UNSPECIFIED.);
#297=B_SPLINE_CURVE_WITH_KNOTS('',3,(#2951,#2952,#2953,#2954,#2955,#2956,
#2957),.UNSPECIFIED.,.F.,.F.,(4,1,1,1,4),(0.,0.785398163397448,1.5707963267949,
2.35619449019234,3.14159265358979),.UNSPECIFIED.);
#298=B_SPLINE_CURVE_WITH_KNOTS('',3,(#2961,#2962,#2963,#2964,#2965,#2966,
#2967),.UNSPECIFIED.,.F.,.F.,(4,1,1,1,4),(0.,0.785398163397448,1.5707963267949,
2.35619449019234,3.14159265358979),.UNSPECIFIED.);
#299=B_SPLINE_CURVE_WITH_KNOTS('',3,(#2997,#2998,#2999,#3000,#3001,#3002,
#3003),.UNSPECIFIED.,.F.,.F.,(4,1,1,1,4),(0.,0.785398163397448,1.5707963267949,
2.35619449019234,3.14159265358979),.UNSPECIFIED.);
#300=LINE('',#1660,#401);
#301=LINE('',#1719,#402);
#302=LINE('',#1721,#403);
#303=LINE('',#1723,#404);
#304=LINE('',#1744,#405);
#305=LINE('',#1764,#406);
#306=LINE('',#1801,#407);
#307=LINE('',#1814,#408);
#308=LINE('',#1828,#409);
#309=LINE('',#1832,#410);
#310=LINE('',#1836,#411);
#311=LINE('',#1841,#412);
#312=LINE('',#1844,#413);
#313=LINE('',#1848,#414);
#314=LINE('',#1852,#415);
#315=LINE('',#1856,#416);
#316=LINE('',#1862,#417);
#317=LINE('',#1864,#418);
#318=LINE('',#1866,#419);
#319=LINE('',#1867,#420);
#320=LINE('',#1869,#421);
#321=LINE('',#1872,#422);
#322=LINE('',#1874,#423);
#323=LINE('',#1877,#424);
#324=LINE('',#1880,#425);
#325=LINE('',#1881,#426);
#326=LINE('',#1884,#427);
#327=LINE('',#1889,#428);
#328=LINE('',#1891,#429);
#329=LINE('',#1893,#430);
#330=LINE('',#1896,#431);
#331=LINE('',#1902,#432);
#332=LINE('',#1909,#433);
#333=LINE('',#2097,#434);
#334=LINE('',#2290,#435);
#335=LINE('',#2549,#436);
#336=LINE('',#2558,#437);
#337=LINE('',#2560,#438);
#338=LINE('',#2562,#439);
#339=LINE('',#2563,#440);
#340=LINE('',#2607,#441);
#341=LINE('',#2617,#442);
#342=LINE('',#2661,#443);
#343=LINE('',#2663,#444);
#344=LINE('',#2667,#445);
#345=LINE('',#2669,#446);
#346=LINE('',#2671,#447);
#347=LINE('',#2672,#448);
#348=LINE('',#2716,#449);
#349=LINE('',#2726,#450);
#350=LINE('',#2770,#451);
#351=LINE('',#2772,#452);
#352=LINE('',#2776,#453);
#353=LINE('',#2777,#454);
#354=LINE('',#2779,#455);
#355=LINE('',#2786,#456);
#356=LINE('',#2792,#457);
#357=LINE('',#2794,#458);
#358=LINE('',#2796,#459);
#359=LINE('',#2797,#460);
#360=LINE('',#2841,#461);
#361=LINE('',#2851,#462);
#362=LINE('',#2895,#463);
#363=LINE('',#2897,#464);
#364=LINE('',#2901,#465);
#365=LINE('',#2903,#466);
#366=LINE('',#2905,#467);
#367=LINE('',#2906,#468);
#368=LINE('',#2950,#469);
#369=LINE('',#2960,#470);
#370=LINE('',#3004,#471);
#371=LINE('',#3006,#472);
#372=LINE('',#3010,#473);
#373=LINE('',#3011,#474);
#374=LINE('',#3013,#475);
#375=LINE('',#3020,#476);
#376=LINE('',#3025,#477);
#377=LINE('',#3029,#478);
#378=LINE('',#3031,#479);
#379=LINE('',#3032,#480);
#380=LINE('',#3035,#481);
#381=LINE('',#3037,#482);
#382=LINE('',#3038,#483);
#383=LINE('',#3041,#484);
#384=LINE('',#3043,#485);
#385=LINE('',#3045,#486);
#386=LINE('',#3047,#487);
#387=LINE('',#3048,#488);
#388=LINE('',#3051,#489);
#389=LINE('',#3055,#490);
#390=LINE('',#3061,#491);
#391=LINE('',#3064,#492);
#392=LINE('',#3069,#493);
#393=LINE('',#3070,#494);
#394=LINE('',#3073,#495);
#395=LINE('',#3074,#496);
#396=LINE('',#3077,#497);
#397=LINE('',#3082,#498);
#398=LINE('',#3085,#499);
#399=LINE('',#3087,#500);
#400=LINE('',#3089,#501);
#401=VECTOR('',#1355,0.9338125);
#402=VECTOR('',#1360,0.9338125);
#403=VECTOR('',#1361,1.);
#404=VECTOR('',#1362,0.9338125);
#405=VECTOR('',#1367,1.015);
#406=VECTOR('',#1372,1.015);
#407=VECTOR('',#1375,1.015);
#408=VECTOR('',#1376,1.);
#409=VECTOR('',#1379,1.);
#410=VECTOR('',#1382,1.);
#411=VECTOR('',#1385,0.0499999999999998);
#412=VECTOR('',#1392,1.);
#413=VECTOR('',#1395,1.);
#414=VECTOR('',#1398,1.);
#415=VECTOR('',#1401,1.);
#416=VECTOR('',#1404,0.0499999999999998);
#417=VECTOR('',#1411,1.);
#418=VECTOR('',#1412,1.);
#419=VECTOR('',#1413,1.);
#420=VECTOR('',#1414,1.);
#421=VECTOR('',#1415,1.);
#422=VECTOR('',#1418,1.);
#423=VECTOR('',#1419,1.);
#424=VECTOR('',#1422,1.);
#425=VECTOR('',#1425,1.);
#426=VECTOR('',#1426,1.);
#427=VECTOR('',#1429,1.);
#428=VECTOR('',#1436,1.);
#429=VECTOR('',#1439,1.);
#430=VECTOR('',#1442,1.);
#431=VECTOR('',#1445,0.715);
#432=VECTOR('',#1452,0.2145);
#433=VECTOR('',#1461,0.2145);
#434=VECTOR('',#1466,1.);
#435=VECTOR('',#1469,1.);
#436=VECTOR('',#1480,0.745);
#437=VECTOR('',#1491,1.);
#438=VECTOR('',#1492,1.);
#439=VECTOR('',#1493,1.);
#440=VECTOR('',#1494,1.);
#441=VECTOR('',#1495,1.);
#442=VECTOR('',#1498,1.);
#443=VECTOR('',#1499,1.);
#444=VECTOR('',#1502,1.);
#445=VECTOR('',#1505,1.);
#446=VECTOR('',#1506,1.);
#447=VECTOR('',#1507,1.);
#448=VECTOR('',#1508,1.);
#449=VECTOR('',#1509,1.);
#450=VECTOR('',#1512,1.);
#451=VECTOR('',#1513,1.);
#452=VECTOR('',#1516,1.);
#453=VECTOR('',#1521,0.3365);
#454=VECTOR('',#1522,0.3365);
#455=VECTOR('',#1523,0.3365);
#456=VECTOR('',#1532,0.5);
#457=VECTOR('',#1539,1.);
#458=VECTOR('',#1540,1.);
#459=VECTOR('',#1541,1.);
#460=VECTOR('',#1542,1.);
#461=VECTOR('',#1543,1.);
#462=VECTOR('',#1546,1.);
#463=VECTOR('',#1547,1.);
#464=VECTOR('',#1550,1.);
#465=VECTOR('',#1553,1.);
#466=VECTOR('',#1554,1.);
#467=VECTOR('',#1555,1.);
#468=VECTOR('',#1556,1.);
#469=VECTOR('',#1557,1.);
#470=VECTOR('',#1560,1.);
#471=VECTOR('',#1561,1.);
#472=VECTOR('',#1564,1.);
#473=VECTOR('',#1569,0.3365);
#474=VECTOR('',#1570,0.3365);
#475=VECTOR('',#1571,0.3365);
#476=VECTOR('',#1580,0.5);
#477=VECTOR('',#1587,1.2);
#478=VECTOR('',#1592,1.);
#479=VECTOR('',#1593,1.);
#480=VECTOR('',#1594,1.);
#481=VECTOR('',#1597,1.);
#482=VECTOR('',#1598,1.);
#483=VECTOR('',#1599,1.);
#484=VECTOR('',#1602,1.);
#485=VECTOR('',#1603,1.);
#486=VECTOR('',#1604,1.);
#487=VECTOR('',#1605,1.);
#488=VECTOR('',#1606,1.);
#489=VECTOR('',#1609,1.);
#490=VECTOR('',#1612,1.);
#491=VECTOR('',#1619,1.);
#492=VECTOR('',#1622,1.);
#493=VECTOR('',#1627,1.);
#494=VECTOR('',#1628,1.);
#495=VECTOR('',#1631,1.);
#496=VECTOR('',#1632,1.);
#497=VECTOR('',#1635,1.);
#498=VECTOR('',#1640,1.);
#499=VECTOR('',#1645,1.);
#500=VECTOR('',#1648,1.);
#501=VECTOR('',#1651,1.);
#502=VERTEX_POINT('',#1658);
#503=VERTEX_POINT('',#1659);
#504=VERTEX_POINT('',#1661);
#505=VERTEX_POINT('',#1674);
#506=VERTEX_POINT('',#1717);
#507=VERTEX_POINT('',#1718);
#508=VERTEX_POINT('',#1720);
#509=VERTEX_POINT('',#1722);
#510=VERTEX_POINT('',#1742);
#511=VERTEX_POINT('',#1743);
#512=VERTEX_POINT('',#1745);
#513=VERTEX_POINT('',#1752);
#514=VERTEX_POINT('',#1762);
#515=VERTEX_POINT('',#1763);
#516=VERTEX_POINT('',#1799);
#517=VERTEX_POINT('',#1800);
#518=VERTEX_POINT('',#1802);
#519=VERTEX_POINT('',#1813);
#520=VERTEX_POINT('',#1826);
#521=VERTEX_POINT('',#1827);
#522=VERTEX_POINT('',#1829);
#523=VERTEX_POINT('',#1831);
#524=VERTEX_POINT('',#1833);
#525=VERTEX_POINT('',#1835);
#526=VERTEX_POINT('',#1840);
#527=VERTEX_POINT('',#1842);
#528=VERTEX_POINT('',#1846);
#529=VERTEX_POINT('',#1847);
#530=VERTEX_POINT('',#1849);
#531=VERTEX_POINT('',#1851);
#532=VERTEX_POINT('',#1853);
#533=VERTEX_POINT('',#1855);
#534=VERTEX_POINT('',#1860);
#535=VERTEX_POINT('',#1861);
#536=VERTEX_POINT('',#1863);
#537=VERTEX_POINT('',#1865);
#538=VERTEX_POINT('',#1868);
#539=VERTEX_POINT('',#1870);
#540=VERTEX_POINT('',#1873);
#541=VERTEX_POINT('',#1875);
#542=VERTEX_POINT('',#1879);
#543=VERTEX_POINT('',#1883);
#544=VERTEX_POINT('',#1885);
#545=VERTEX_POINT('',#1895);
#546=VERTEX_POINT('',#1899);
#547=VERTEX_POINT('',#1901);
#548=VERTEX_POINT('',#1906);
#549=VERTEX_POINT('',#1908);
#550=VERTEX_POINT('',#2060);
#551=VERTEX_POINT('',#2464);
#552=VERTEX_POINT('',#2548);
#553=VERTEX_POINT('',#2553);
#554=VERTEX_POINT('',#2556);
#555=VERTEX_POINT('',#2557);
#556=VERTEX_POINT('',#2559);
#557=VERTEX_POINT('',#2561);
#558=VERTEX_POINT('',#2592);
#559=VERTEX_POINT('',#2606);
#560=VERTEX_POINT('',#2616);
#561=VERTEX_POINT('',#2653);
#562=VERTEX_POINT('',#2665);
#563=VERTEX_POINT('',#2666);
#564=VERTEX_POINT('',#2668);
#565=VERTEX_POINT('',#2670);
#566=VERTEX_POINT('',#2701);
#567=VERTEX_POINT('',#2715);
#568=VERTEX_POINT('',#2725);
#569=VERTEX_POINT('',#2762);
#570=VERTEX_POINT('',#2774);
#571=VERTEX_POINT('',#2778);
#572=VERTEX_POINT('',#2783);
#573=VERTEX_POINT('',#2785);
#574=VERTEX_POINT('',#2790);
#575=VERTEX_POINT('',#2791);
#576=VERTEX_POINT('',#2793);
#577=VERTEX_POINT('',#2795);
#578=VERTEX_POINT('',#2826);
#579=VERTEX_POINT('',#2840);
#580=VERTEX_POINT('',#2850);
#581=VERTEX_POINT('',#2887);
#582=VERTEX_POINT('',#2899);
#583=VERTEX_POINT('',#2900);
#584=VERTEX_POINT('',#2902);
#585=VERTEX_POINT('',#2904);
#586=VERTEX_POINT('',#2935);
#587=VERTEX_POINT('',#2949);
#588=VERTEX_POINT('',#2959);
#589=VERTEX_POINT('',#2996);
#590=VERTEX_POINT('',#3008);
#591=VERTEX_POINT('',#3012);
#592=VERTEX_POINT('',#3017);
#593=VERTEX_POINT('',#3019);
#594=VERTEX_POINT('',#3024);
#595=VERTEX_POINT('',#3028);
#596=VERTEX_POINT('',#3030);
#597=VERTEX_POINT('',#3034);
#598=VERTEX_POINT('',#3036);
#599=VERTEX_POINT('',#3040);
#600=VERTEX_POINT('',#3042);
#601=VERTEX_POINT('',#3044);
#602=VERTEX_POINT('',#3046);
#603=VERTEX_POINT('',#3050);
#604=VERTEX_POINT('',#3052);
#605=VERTEX_POINT('',#3054);
#606=VERTEX_POINT('',#3058);
#607=VERTEX_POINT('',#3060);
#608=VERTEX_POINT('',#3062);
#609=VERTEX_POINT('',#3066);
#610=VERTEX_POINT('',#3067);
#611=VERTEX_POINT('',#3072);
#612=VERTEX_POINT('',#3076);
#613=VERTEX_POINT('',#3079);
#614=VERTEX_POINT('',#3081);
#615=EDGE_CURVE('',#502,#503,#300,.T.);
#616=EDGE_CURVE('',#503,#504,#267,.T.);
#617=EDGE_CURVE('',#505,#504,#226,.T.);
#618=EDGE_CURVE('',#505,#502,#268,.T.);
#619=EDGE_CURVE('',#506,#507,#301,.T.);
#620=EDGE_CURVE('',#506,#508,#302,.T.);
#621=EDGE_CURVE('',#509,#508,#303,.T.);
#622=EDGE_CURVE('',#509,#509,#227,.T.);
#623=EDGE_CURVE('',#508,#507,#269,.T.);
#624=EDGE_CURVE('',#510,#511,#304,.T.);
#625=EDGE_CURVE('',#511,#512,#270,.T.);
#626=EDGE_CURVE('',#513,#512,#228,.T.);
#627=EDGE_CURVE('',#510,#513,#271,.T.);
#628=EDGE_CURVE('',#514,#515,#305,.T.);
#629=EDGE_CURVE('',#515,#511,#272,.T.);
#630=EDGE_CURVE('',#514,#510,#273,.T.);
#631=EDGE_CURVE('',#516,#517,#306,.T.);
#632=EDGE_CURVE('',#518,#516,#274,.T.);
#633=EDGE_CURVE('',#518,#519,#307,.T.);
#634=EDGE_CURVE('',#519,#517,#275,.T.);
#635=EDGE_CURVE('',#520,#521,#308,.T.);
#636=EDGE_CURVE('',#522,#520,#229,.T.);
#637=EDGE_CURVE('',#522,#523,#309,.T.);
#638=EDGE_CURVE('',#524,#523,#230,.T.);
#639=EDGE_CURVE('',#524,#525,#310,.T.);
#640=EDGE_CURVE('',#525,#525,#231,.T.);
#641=EDGE_CURVE('',#521,#524,#232,.T.);
#642=EDGE_CURVE('',#526,#523,#311,.T.);
#643=EDGE_CURVE('',#527,#526,#233,.T.);
#644=EDGE_CURVE('',#521,#527,#312,.T.);
#645=EDGE_CURVE('',#528,#529,#313,.T.);
#646=EDGE_CURVE('',#530,#529,#234,.T.);
#647=EDGE_CURVE('',#531,#530,#314,.T.);
#648=EDGE_CURVE('',#532,#531,#235,.T.);
#649=EDGE_CURVE('',#532,#533,#315,.T.);
#650=EDGE_CURVE('',#533,#533,#236,.T.);
#651=EDGE_CURVE('',#528,#532,#237,.T.);
#652=EDGE_CURVE('',#534,#535,#316,.T.);
#653=EDGE_CURVE('',#536,#534,#317,.T.);
#654=EDGE_CURVE('',#537,#536,#318,.T.);
#655=EDGE_CURVE('',#535,#537,#319,.T.);
#656=EDGE_CURVE('',#520,#538,#320,.T.);
#657=EDGE_CURVE('',#538,#539,#238,.T.);
#658=EDGE_CURVE('',#539,#528,#321,.T.);
#659=EDGE_CURVE('',#531,#540,#322,.T.);
#660=EDGE_CURVE('',#540,#541,#239,.T.);
#661=EDGE_CURVE('',#541,#522,#323,.T.);
#662=EDGE_CURVE('',#540,#542,#324,.T.);
#663=EDGE_CURVE('',#530,#542,#325,.T.);
#664=EDGE_CURVE('',#543,#529,#326,.T.);
#665=EDGE_CURVE('',#544,#543,#240,.T.);
#666=EDGE_CURVE('',#542,#544,#241,.T.);
#667=EDGE_CURVE('',#543,#539,#327,.T.);
#668=EDGE_CURVE('',#526,#541,#328,.T.);
#669=EDGE_CURVE('',#538,#527,#329,.T.);
#670=EDGE_CURVE('',#544,#545,#330,.T.);
#671=EDGE_CURVE('',#545,#545,#242,.T.);
#672=EDGE_CURVE('',#546,#546,#243,.T.);
#673=EDGE_CURVE('',#546,#547,#331,.T.);
#674=EDGE_CURVE('',#547,#547,#244,.T.);
#675=EDGE_CURVE('',#548,#548,#245,.T.);
#676=EDGE_CURVE('',#548,#549,#332,.T.);
#677=EDGE_CURVE('',#549,#549,#246,.T.);
#678=EDGE_CURVE('',#512,#550,#276,.T.);
#679=EDGE_CURVE('',#517,#515,#277,.T.);
#680=EDGE_CURVE('',#519,#506,#333,.T.);
#681=EDGE_CURVE('',#502,#506,#278,.T.);
#682=EDGE_CURVE('',#550,#505,#279,.T.);
#683=EDGE_CURVE('',#508,#518,#334,.T.);
#684=EDGE_CURVE('',#516,#514,#280,.T.);
#685=EDGE_CURVE('',#551,#513,#281,.T.);
#686=EDGE_CURVE('',#504,#551,#282,.T.);
#687=EDGE_CURVE('',#507,#503,#283,.T.);
#688=EDGE_CURVE('',#551,#550,#247,.T.);
#689=EDGE_CURVE('',#545,#552,#335,.T.);
#690=EDGE_CURVE('',#552,#552,#248,.T.);
#691=EDGE_CURVE('',#553,#553,#249,.T.);
#692=EDGE_CURVE('',#554,#555,#336,.T.);
#693=EDGE_CURVE('',#554,#556,#337,.T.);
#694=EDGE_CURVE('',#556,#557,#338,.T.);
#695=EDGE_CURVE('',#557,#555,#339,.T.);
#696=EDGE_CURVE('',#558,#554,#284,.T.);
#697=EDGE_CURVE('',#559,#558,#340,.T.);
#698=EDGE_CURVE('',#556,#559,#285,.T.);
#699=EDGE_CURVE('',#560,#559,#341,.T.);
#700=EDGE_CURVE('',#557,#560,#286,.T.);
#701=EDGE_CURVE('',#555,#561,#287,.T.);
#702=EDGE_CURVE('',#561,#560,#342,.T.);
#703=EDGE_CURVE('',#561,#558,#343,.T.);
#704=EDGE_CURVE('',#562,#563,#344,.T.);
#705=EDGE_CURVE('',#562,#564,#345,.T.);
#706=EDGE_CURVE('',#564,#565,#346,.T.);
#707=EDGE_CURVE('',#565,#563,#347,.T.);
#708=EDGE_CURVE('',#566,#562,#288,.T.);
#709=EDGE_CURVE('',#567,#566,#348,.T.);
#710=EDGE_CURVE('',#564,#567,#289,.T.);
#711=EDGE_CURVE('',#568,#567,#349,.T.);
#712=EDGE_CURVE('',#565,#568,#290,.T.);
#713=EDGE_CURVE('',#563,#569,#291,.T.);
#714=EDGE_CURVE('',#569,#568,#350,.T.);
#715=EDGE_CURVE('',#569,#566,#351,.T.);
#716=EDGE_CURVE('',#570,#570,#250,.T.);
#717=EDGE_CURVE('',#570,#561,#352,.T.);
#718=EDGE_CURVE('',#558,#563,#353,.T.);
#719=EDGE_CURVE('',#562,#571,#354,.T.);
#720=EDGE_CURVE('',#571,#571,#251,.T.);
#721=EDGE_CURVE('',#572,#572,#252,.T.);
#722=EDGE_CURVE('',#572,#573,#355,.T.);
#723=EDGE_CURVE('',#573,#573,#253,.T.);
#724=EDGE_CURVE('',#574,#575,#356,.T.);
#725=EDGE_CURVE('',#574,#576,#357,.T.);
#726=EDGE_CURVE('',#576,#577,#358,.T.);
#727=EDGE_CURVE('',#577,#575,#359,.T.);
#728=EDGE_CURVE('',#578,#574,#292,.T.);
#729=EDGE_CURVE('',#579,#578,#360,.T.);
#730=EDGE_CURVE('',#576,#579,#293,.T.);
#731=EDGE_CURVE('',#580,#579,#361,.T.);
#732=EDGE_CURVE('',#577,#580,#294,.T.);
#733=EDGE_CURVE('',#575,#581,#295,.T.);
#734=EDGE_CURVE('',#581,#580,#362,.T.);
#735=EDGE_CURVE('',#581,#578,#363,.T.);
#736=EDGE_CURVE('',#582,#583,#364,.T.);
#737=EDGE_CURVE('',#582,#584,#365,.T.);
#738=EDGE_CURVE('',#584,#585,#366,.T.);
#739=EDGE_CURVE('',#585,#583,#367,.T.);
#740=EDGE_CURVE('',#586,#582,#296,.T.);
#741=EDGE_CURVE('',#587,#586,#368,.T.);
#742=EDGE_CURVE('',#584,#587,#297,.T.);
#743=EDGE_CURVE('',#588,#587,#369,.T.);
#744=EDGE_CURVE('',#585,#588,#298,.T.);
#745=EDGE_CURVE('',#583,#589,#299,.T.);
#746=EDGE_CURVE('',#589,#588,#370,.T.);
#747=EDGE_CURVE('',#589,#586,#371,.T.);
#748=EDGE_CURVE('',#590,#590,#254,.T.);
#749=EDGE_CURVE('',#590,#581,#372,.T.);
#750=EDGE_CURVE('',#578,#583,#373,.T.);
#751=EDGE_CURVE('',#582,#591,#374,.T.);
#752=EDGE_CURVE('',#591,#591,#255,.T.);
#753=EDGE_CURVE('',#592,#592,#256,.T.);
#754=EDGE_CURVE('',#592,#593,#375,.T.);
#755=EDGE_CURVE('',#593,#593,#257,.T.);
#756=EDGE_CURVE('',#553,#594,#376,.T.);
#757=EDGE_CURVE('',#594,#594,#258,.T.);
#758=EDGE_CURVE('',#535,#595,#377,.T.);
#759=EDGE_CURVE('',#596,#537,#378,.T.);
#760=EDGE_CURVE('',#595,#596,#379,.T.);
#761=EDGE_CURVE('',#597,#534,#380,.T.);
#762=EDGE_CURVE('',#598,#597,#381,.T.);
#763=EDGE_CURVE('',#536,#598,#382,.T.);
#764=EDGE_CURVE('',#598,#599,#383,.T.);
#765=EDGE_CURVE('',#600,#599,#384,.T.);
#766=EDGE_CURVE('',#601,#600,#385,.T.);
#767=EDGE_CURVE('',#602,#601,#386,.T.);
#768=EDGE_CURVE('',#602,#596,#387,.T.);
#769=EDGE_CURVE('',#603,#597,#388,.T.);
#770=EDGE_CURVE('',#604,#603,#259,.T.);
#771=EDGE_CURVE('',#605,#604,#389,.T.);
#772=EDGE_CURVE('',#599,#605,#260,.T.);
#773=EDGE_CURVE('',#606,#602,#261,.T.);
#774=EDGE_CURVE('',#607,#606,#390,.T.);
#775=EDGE_CURVE('',#608,#607,#262,.T.);
#776=EDGE_CURVE('',#595,#608,#391,.T.);
#777=EDGE_CURVE('',#609,#610,#263,.T.);
#778=EDGE_CURVE('',#610,#608,#392,.T.);
#779=EDGE_CURVE('',#607,#609,#393,.T.);
#780=EDGE_CURVE('',#611,#610,#394,.T.);
#781=EDGE_CURVE('',#603,#611,#395,.T.);
#782=EDGE_CURVE('',#609,#612,#396,.T.);
#783=EDGE_CURVE('',#601,#612,#264,.T.);
#784=EDGE_CURVE('',#613,#600,#265,.T.);
#785=EDGE_CURVE('',#613,#614,#397,.T.);
#786=EDGE_CURVE('',#611,#614,#266,.T.);
#787=EDGE_CURVE('',#612,#606,#398,.T.);
#788=EDGE_CURVE('',#605,#613,#399,.T.);
#789=EDGE_CURVE('',#614,#604,#400,.T.);
#790=ORIENTED_EDGE('',*,*,#615,.T.);
#791=ORIENTED_EDGE('',*,*,#616,.T.);
#792=ORIENTED_EDGE('',*,*,#617,.F.);
#793=ORIENTED_EDGE('',*,*,#618,.T.);
#794=ORIENTED_EDGE('',*,*,#619,.F.);
#795=ORIENTED_EDGE('',*,*,#620,.T.);
#796=ORIENTED_EDGE('',*,*,#621,.F.);
#797=ORIENTED_EDGE('',*,*,#622,.T.);
#798=ORIENTED_EDGE('',*,*,#621,.T.);
#799=ORIENTED_EDGE('',*,*,#623,.T.);
#800=ORIENTED_EDGE('',*,*,#624,.T.);
#801=ORIENTED_EDGE('',*,*,#625,.T.);
#802=ORIENTED_EDGE('',*,*,#626,.F.);
#803=ORIENTED_EDGE('',*,*,#627,.F.);
#804=ORIENTED_EDGE('',*,*,#628,.T.);
#805=ORIENTED_EDGE('',*,*,#629,.T.);
#806=ORIENTED_EDGE('',*,*,#624,.F.);
#807=ORIENTED_EDGE('',*,*,#630,.F.);
#808=ORIENTED_EDGE('',*,*,#631,.F.);
#809=ORIENTED_EDGE('',*,*,#632,.F.);
#810=ORIENTED_EDGE('',*,*,#633,.T.);
#811=ORIENTED_EDGE('',*,*,#634,.T.);
#812=ORIENTED_EDGE('',*,*,#635,.F.);
#813=ORIENTED_EDGE('',*,*,#636,.F.);
#814=ORIENTED_EDGE('',*,*,#637,.T.);
#815=ORIENTED_EDGE('',*,*,#638,.F.);
#816=ORIENTED_EDGE('',*,*,#639,.T.);
#817=ORIENTED_EDGE('',*,*,#640,.F.);
#818=ORIENTED_EDGE('',*,*,#639,.F.);
#819=ORIENTED_EDGE('',*,*,#641,.F.);
#820=ORIENTED_EDGE('',*,*,#641,.T.);
#821=ORIENTED_EDGE('',*,*,#638,.T.);
#822=ORIENTED_EDGE('',*,*,#642,.F.);
#823=ORIENTED_EDGE('',*,*,#643,.F.);
#824=ORIENTED_EDGE('',*,*,#644,.F.);
#825=ORIENTED_EDGE('',*,*,#645,.T.);
#826=ORIENTED_EDGE('',*,*,#646,.F.);
#827=ORIENTED_EDGE('',*,*,#647,.F.);
#828=ORIENTED_EDGE('',*,*,#648,.F.);
#829=ORIENTED_EDGE('',*,*,#649,.T.);
#830=ORIENTED_EDGE('',*,*,#650,.F.);
#831=ORIENTED_EDGE('',*,*,#649,.F.);
#832=ORIENTED_EDGE('',*,*,#651,.F.);
#833=ORIENTED_EDGE('',*,*,#652,.F.);
#834=ORIENTED_EDGE('',*,*,#653,.F.);
#835=ORIENTED_EDGE('',*,*,#654,.F.);
#836=ORIENTED_EDGE('',*,*,#655,.F.);
#837=ORIENTED_EDGE('',*,*,#636,.T.);
#838=ORIENTED_EDGE('',*,*,#656,.T.);
#839=ORIENTED_EDGE('',*,*,#657,.T.);
#840=ORIENTED_EDGE('',*,*,#658,.T.);
#841=ORIENTED_EDGE('',*,*,#651,.T.);
#842=ORIENTED_EDGE('',*,*,#648,.T.);
#843=ORIENTED_EDGE('',*,*,#659,.T.);
#844=ORIENTED_EDGE('',*,*,#660,.T.);
#845=ORIENTED_EDGE('',*,*,#661,.T.);
#846=ORIENTED_EDGE('',*,*,#662,.F.);
#847=ORIENTED_EDGE('',*,*,#659,.F.);
#848=ORIENTED_EDGE('',*,*,#647,.T.);
#849=ORIENTED_EDGE('',*,*,#663,.T.);
#850=ORIENTED_EDGE('',*,*,#646,.T.);
#851=ORIENTED_EDGE('',*,*,#664,.F.);
#852=ORIENTED_EDGE('',*,*,#665,.F.);
#853=ORIENTED_EDGE('',*,*,#666,.F.);
#854=ORIENTED_EDGE('',*,*,#663,.F.);
#855=ORIENTED_EDGE('',*,*,#667,.F.);
#856=ORIENTED_EDGE('',*,*,#664,.T.);
#857=ORIENTED_EDGE('',*,*,#645,.F.);
#858=ORIENTED_EDGE('',*,*,#658,.F.);
#859=ORIENTED_EDGE('',*,*,#668,.F.);
#860=ORIENTED_EDGE('',*,*,#642,.T.);
#861=ORIENTED_EDGE('',*,*,#637,.F.);
#862=ORIENTED_EDGE('',*,*,#661,.F.);
#863=ORIENTED_EDGE('',*,*,#669,.F.);
#864=ORIENTED_EDGE('',*,*,#656,.F.);
#865=ORIENTED_EDGE('',*,*,#635,.T.);
#866=ORIENTED_EDGE('',*,*,#644,.T.);
#867=ORIENTED_EDGE('',*,*,#662,.T.);
#868=ORIENTED_EDGE('',*,*,#666,.T.);
#869=ORIENTED_EDGE('',*,*,#670,.T.);
#870=ORIENTED_EDGE('',*,*,#671,.F.);
#871=ORIENTED_EDGE('',*,*,#670,.F.);
#872=ORIENTED_EDGE('',*,*,#665,.T.);
#873=ORIENTED_EDGE('',*,*,#667,.T.);
#874=ORIENTED_EDGE('',*,*,#657,.F.);
#875=ORIENTED_EDGE('',*,*,#669,.T.);
#876=ORIENTED_EDGE('',*,*,#643,.T.);
#877=ORIENTED_EDGE('',*,*,#668,.T.);
#878=ORIENTED_EDGE('',*,*,#660,.F.);
#879=ORIENTED_EDGE('',*,*,#672,.F.);
#880=ORIENTED_EDGE('',*,*,#673,.T.);
#881=ORIENTED_EDGE('',*,*,#674,.F.);
#882=ORIENTED_EDGE('',*,*,#673,.F.);
#883=ORIENTED_EDGE('',*,*,#674,.T.);
#884=ORIENTED_EDGE('',*,*,#640,.T.);
#885=ORIENTED_EDGE('',*,*,#675,.F.);
#886=ORIENTED_EDGE('',*,*,#676,.T.);
#887=ORIENTED_EDGE('',*,*,#677,.F.);
#888=ORIENTED_EDGE('',*,*,#676,.F.);
#889=ORIENTED_EDGE('',*,*,#677,.T.);
#890=ORIENTED_EDGE('',*,*,#650,.T.);
#891=ORIENTED_EDGE('',*,*,#678,.F.);
#892=ORIENTED_EDGE('',*,*,#625,.F.);
#893=ORIENTED_EDGE('',*,*,#629,.F.);
#894=ORIENTED_EDGE('',*,*,#679,.F.);
#895=ORIENTED_EDGE('',*,*,#634,.F.);
#896=ORIENTED_EDGE('',*,*,#680,.T.);
#897=ORIENTED_EDGE('',*,*,#681,.F.);
#898=ORIENTED_EDGE('',*,*,#618,.F.);
#899=ORIENTED_EDGE('',*,*,#682,.F.);
#900=ORIENTED_EDGE('',*,*,#620,.F.);
#901=ORIENTED_EDGE('',*,*,#680,.F.);
#902=ORIENTED_EDGE('',*,*,#633,.F.);
#903=ORIENTED_EDGE('',*,*,#683,.F.);
#904=ORIENTED_EDGE('',*,*,#631,.T.);
#905=ORIENTED_EDGE('',*,*,#679,.T.);
#906=ORIENTED_EDGE('',*,*,#628,.F.);
#907=ORIENTED_EDGE('',*,*,#684,.F.);
#908=ORIENTED_EDGE('',*,*,#685,.F.);
#909=ORIENTED_EDGE('',*,*,#686,.F.);
#910=ORIENTED_EDGE('',*,*,#616,.F.);
#911=ORIENTED_EDGE('',*,*,#687,.F.);
#912=ORIENTED_EDGE('',*,*,#623,.F.);
#913=ORIENTED_EDGE('',*,*,#683,.T.);
#914=ORIENTED_EDGE('',*,*,#632,.T.);
#915=ORIENTED_EDGE('',*,*,#684,.T.);
#916=ORIENTED_EDGE('',*,*,#630,.T.);
#917=ORIENTED_EDGE('',*,*,#627,.T.);
#918=ORIENTED_EDGE('',*,*,#619,.T.);
#919=ORIENTED_EDGE('',*,*,#687,.T.);
#920=ORIENTED_EDGE('',*,*,#615,.F.);
#921=ORIENTED_EDGE('',*,*,#681,.T.);
#922=ORIENTED_EDGE('',*,*,#682,.T.);
#923=ORIENTED_EDGE('',*,*,#617,.T.);
#924=ORIENTED_EDGE('',*,*,#686,.T.);
#925=ORIENTED_EDGE('',*,*,#688,.T.);
#926=ORIENTED_EDGE('',*,*,#671,.T.);
#927=ORIENTED_EDGE('',*,*,#689,.T.);
#928=ORIENTED_EDGE('',*,*,#690,.T.);
#929=ORIENTED_EDGE('',*,*,#689,.F.);
#930=ORIENTED_EDGE('',*,*,#622,.F.);
#931=ORIENTED_EDGE('',*,*,#690,.F.);
#932=ORIENTED_EDGE('',*,*,#691,.T.);
#933=ORIENTED_EDGE('',*,*,#678,.T.);
#934=ORIENTED_EDGE('',*,*,#688,.F.);
#935=ORIENTED_EDGE('',*,*,#685,.T.);
#936=ORIENTED_EDGE('',*,*,#626,.T.);
#937=ORIENTED_EDGE('',*,*,#692,.F.);
#938=ORIENTED_EDGE('',*,*,#693,.T.);
#939=ORIENTED_EDGE('',*,*,#694,.T.);
#940=ORIENTED_EDGE('',*,*,#695,.T.);
#941=ORIENTED_EDGE('',*,*,#696,.F.);
#942=ORIENTED_EDGE('',*,*,#697,.F.);
#943=ORIENTED_EDGE('',*,*,#698,.F.);
#944=ORIENTED_EDGE('',*,*,#693,.F.);
#945=ORIENTED_EDGE('',*,*,#694,.F.);
#946=ORIENTED_EDGE('',*,*,#698,.T.);
#947=ORIENTED_EDGE('',*,*,#699,.F.);
#948=ORIENTED_EDGE('',*,*,#700,.F.);
#949=ORIENTED_EDGE('',*,*,#701,.F.);
#950=ORIENTED_EDGE('',*,*,#695,.F.);
#951=ORIENTED_EDGE('',*,*,#700,.T.);
#952=ORIENTED_EDGE('',*,*,#702,.F.);
#953=ORIENTED_EDGE('',*,*,#703,.F.);
#954=ORIENTED_EDGE('',*,*,#702,.T.);
#955=ORIENTED_EDGE('',*,*,#699,.T.);
#956=ORIENTED_EDGE('',*,*,#697,.T.);
#957=ORIENTED_EDGE('',*,*,#704,.F.);
#958=ORIENTED_EDGE('',*,*,#705,.T.);
#959=ORIENTED_EDGE('',*,*,#706,.T.);
#960=ORIENTED_EDGE('',*,*,#707,.T.);
#961=ORIENTED_EDGE('',*,*,#708,.F.);
#962=ORIENTED_EDGE('',*,*,#709,.F.);
#963=ORIENTED_EDGE('',*,*,#710,.F.);
#964=ORIENTED_EDGE('',*,*,#705,.F.);
#965=ORIENTED_EDGE('',*,*,#706,.F.);
#966=ORIENTED_EDGE('',*,*,#710,.T.);
#967=ORIENTED_EDGE('',*,*,#711,.F.);
#968=ORIENTED_EDGE('',*,*,#712,.F.);
#969=ORIENTED_EDGE('',*,*,#713,.F.);
#970=ORIENTED_EDGE('',*,*,#707,.F.);
#971=ORIENTED_EDGE('',*,*,#712,.T.);
#972=ORIENTED_EDGE('',*,*,#714,.F.);
#973=ORIENTED_EDGE('',*,*,#715,.F.);
#974=ORIENTED_EDGE('',*,*,#714,.T.);
#975=ORIENTED_EDGE('',*,*,#711,.T.);
#976=ORIENTED_EDGE('',*,*,#709,.T.);
#977=ORIENTED_EDGE('',*,*,#716,.F.);
#978=ORIENTED_EDGE('',*,*,#717,.T.);
#979=ORIENTED_EDGE('',*,*,#703,.T.);
#980=ORIENTED_EDGE('',*,*,#718,.T.);
#981=ORIENTED_EDGE('',*,*,#713,.T.);
#982=ORIENTED_EDGE('',*,*,#715,.T.);
#983=ORIENTED_EDGE('',*,*,#708,.T.);
#984=ORIENTED_EDGE('',*,*,#719,.T.);
#985=ORIENTED_EDGE('',*,*,#720,.F.);
#986=ORIENTED_EDGE('',*,*,#719,.F.);
#987=ORIENTED_EDGE('',*,*,#704,.T.);
#988=ORIENTED_EDGE('',*,*,#718,.F.);
#989=ORIENTED_EDGE('',*,*,#696,.T.);
#990=ORIENTED_EDGE('',*,*,#692,.T.);
#991=ORIENTED_EDGE('',*,*,#701,.T.);
#992=ORIENTED_EDGE('',*,*,#717,.F.);
#993=ORIENTED_EDGE('',*,*,#716,.T.);
#994=ORIENTED_EDGE('',*,*,#672,.T.);
#995=ORIENTED_EDGE('',*,*,#721,.F.);
#996=ORIENTED_EDGE('',*,*,#722,.T.);
#997=ORIENTED_EDGE('',*,*,#723,.F.);
#998=ORIENTED_EDGE('',*,*,#722,.F.);
#999=ORIENTED_EDGE('',*,*,#721,.T.);
#1000=ORIENTED_EDGE('',*,*,#720,.T.);
#1001=ORIENTED_EDGE('',*,*,#724,.F.);
#1002=ORIENTED_EDGE('',*,*,#725,.T.);
#1003=ORIENTED_EDGE('',*,*,#726,.T.);
#1004=ORIENTED_EDGE('',*,*,#727,.T.);
#1005=ORIENTED_EDGE('',*,*,#728,.F.);
#1006=ORIENTED_EDGE('',*,*,#729,.F.);
#1007=ORIENTED_EDGE('',*,*,#730,.F.);
#1008=ORIENTED_EDGE('',*,*,#725,.F.);
#1009=ORIENTED_EDGE('',*,*,#726,.F.);
#1010=ORIENTED_EDGE('',*,*,#730,.T.);
#1011=ORIENTED_EDGE('',*,*,#731,.F.);
#1012=ORIENTED_EDGE('',*,*,#732,.F.);
#1013=ORIENTED_EDGE('',*,*,#733,.F.);
#1014=ORIENTED_EDGE('',*,*,#727,.F.);
#1015=ORIENTED_EDGE('',*,*,#732,.T.);
#1016=ORIENTED_EDGE('',*,*,#734,.F.);
#1017=ORIENTED_EDGE('',*,*,#735,.F.);
#1018=ORIENTED_EDGE('',*,*,#734,.T.);
#1019=ORIENTED_EDGE('',*,*,#731,.T.);
#1020=ORIENTED_EDGE('',*,*,#729,.T.);
#1021=ORIENTED_EDGE('',*,*,#736,.F.);
#1022=ORIENTED_EDGE('',*,*,#737,.T.);
#1023=ORIENTED_EDGE('',*,*,#738,.T.);
#1024=ORIENTED_EDGE('',*,*,#739,.T.);
#1025=ORIENTED_EDGE('',*,*,#740,.F.);
#1026=ORIENTED_EDGE('',*,*,#741,.F.);
#1027=ORIENTED_EDGE('',*,*,#742,.F.);
#1028=ORIENTED_EDGE('',*,*,#737,.F.);
#1029=ORIENTED_EDGE('',*,*,#738,.F.);
#1030=ORIENTED_EDGE('',*,*,#742,.T.);
#1031=ORIENTED_EDGE('',*,*,#743,.F.);
#1032=ORIENTED_EDGE('',*,*,#744,.F.);
#1033=ORIENTED_EDGE('',*,*,#745,.F.);
#1034=ORIENTED_EDGE('',*,*,#739,.F.);
#1035=ORIENTED_EDGE('',*,*,#744,.T.);
#1036=ORIENTED_EDGE('',*,*,#746,.F.);
#1037=ORIENTED_EDGE('',*,*,#747,.F.);
#1038=ORIENTED_EDGE('',*,*,#746,.T.);
#1039=ORIENTED_EDGE('',*,*,#743,.T.);
#1040=ORIENTED_EDGE('',*,*,#741,.T.);
#1041=ORIENTED_EDGE('',*,*,#748,.F.);
#1042=ORIENTED_EDGE('',*,*,#749,.T.);
#1043=ORIENTED_EDGE('',*,*,#735,.T.);
#1044=ORIENTED_EDGE('',*,*,#750,.T.);
#1045=ORIENTED_EDGE('',*,*,#745,.T.);
#1046=ORIENTED_EDGE('',*,*,#747,.T.);
#1047=ORIENTED_EDGE('',*,*,#740,.T.);
#1048=ORIENTED_EDGE('',*,*,#751,.T.);
#1049=ORIENTED_EDGE('',*,*,#752,.F.);
#1050=ORIENTED_EDGE('',*,*,#751,.F.);
#1051=ORIENTED_EDGE('',*,*,#736,.T.);
#1052=ORIENTED_EDGE('',*,*,#750,.F.);
#1053=ORIENTED_EDGE('',*,*,#728,.T.);
#1054=ORIENTED_EDGE('',*,*,#724,.T.);
#1055=ORIENTED_EDGE('',*,*,#733,.T.);
#1056=ORIENTED_EDGE('',*,*,#749,.F.);
#1057=ORIENTED_EDGE('',*,*,#748,.T.);
#1058=ORIENTED_EDGE('',*,*,#675,.T.);
#1059=ORIENTED_EDGE('',*,*,#753,.F.);
#1060=ORIENTED_EDGE('',*,*,#754,.T.);
#1061=ORIENTED_EDGE('',*,*,#755,.F.);
#1062=ORIENTED_EDGE('',*,*,#754,.F.);
#1063=ORIENTED_EDGE('',*,*,#753,.T.);
#1064=ORIENTED_EDGE('',*,*,#752,.T.);
#1065=ORIENTED_EDGE('',*,*,#691,.F.);
#1066=ORIENTED_EDGE('',*,*,#756,.T.);
#1067=ORIENTED_EDGE('',*,*,#757,.F.);
#1068=ORIENTED_EDGE('',*,*,#756,.F.);
#1069=ORIENTED_EDGE('',*,*,#758,.F.);
#1070=ORIENTED_EDGE('',*,*,#655,.T.);
#1071=ORIENTED_EDGE('',*,*,#759,.F.);
#1072=ORIENTED_EDGE('',*,*,#760,.F.);
#1073=ORIENTED_EDGE('',*,*,#761,.F.);
#1074=ORIENTED_EDGE('',*,*,#762,.F.);
#1075=ORIENTED_EDGE('',*,*,#763,.F.);
#1076=ORIENTED_EDGE('',*,*,#653,.T.);
#1077=ORIENTED_EDGE('',*,*,#759,.T.);
#1078=ORIENTED_EDGE('',*,*,#654,.T.);
#1079=ORIENTED_EDGE('',*,*,#763,.T.);
#1080=ORIENTED_EDGE('',*,*,#764,.T.);
#1081=ORIENTED_EDGE('',*,*,#765,.F.);
#1082=ORIENTED_EDGE('',*,*,#766,.F.);
#1083=ORIENTED_EDGE('',*,*,#767,.F.);
#1084=ORIENTED_EDGE('',*,*,#768,.T.);
#1085=ORIENTED_EDGE('',*,*,#762,.T.);
#1086=ORIENTED_EDGE('',*,*,#769,.F.);
#1087=ORIENTED_EDGE('',*,*,#770,.F.);
#1088=ORIENTED_EDGE('',*,*,#771,.F.);
#1089=ORIENTED_EDGE('',*,*,#772,.F.);
#1090=ORIENTED_EDGE('',*,*,#764,.F.);
#1091=ORIENTED_EDGE('',*,*,#760,.T.);
#1092=ORIENTED_EDGE('',*,*,#768,.F.);
#1093=ORIENTED_EDGE('',*,*,#773,.F.);
#1094=ORIENTED_EDGE('',*,*,#774,.F.);
#1095=ORIENTED_EDGE('',*,*,#775,.F.);
#1096=ORIENTED_EDGE('',*,*,#776,.F.);
#1097=ORIENTED_EDGE('',*,*,#777,.T.);
#1098=ORIENTED_EDGE('',*,*,#778,.T.);
#1099=ORIENTED_EDGE('',*,*,#775,.T.);
#1100=ORIENTED_EDGE('',*,*,#779,.T.);
#1101=ORIENTED_EDGE('',*,*,#758,.T.);
#1102=ORIENTED_EDGE('',*,*,#776,.T.);
#1103=ORIENTED_EDGE('',*,*,#778,.F.);
#1104=ORIENTED_EDGE('',*,*,#780,.F.);
#1105=ORIENTED_EDGE('',*,*,#781,.F.);
#1106=ORIENTED_EDGE('',*,*,#769,.T.);
#1107=ORIENTED_EDGE('',*,*,#761,.T.);
#1108=ORIENTED_EDGE('',*,*,#652,.T.);
#1109=ORIENTED_EDGE('',*,*,#777,.F.);
#1110=ORIENTED_EDGE('',*,*,#782,.T.);
#1111=ORIENTED_EDGE('',*,*,#783,.F.);
#1112=ORIENTED_EDGE('',*,*,#766,.T.);
#1113=ORIENTED_EDGE('',*,*,#784,.F.);
#1114=ORIENTED_EDGE('',*,*,#785,.T.);
#1115=ORIENTED_EDGE('',*,*,#786,.F.);
#1116=ORIENTED_EDGE('',*,*,#780,.T.);
#1117=ORIENTED_EDGE('',*,*,#723,.T.);
#1118=ORIENTED_EDGE('',*,*,#755,.T.);
#1119=ORIENTED_EDGE('',*,*,#757,.T.);
#1120=ORIENTED_EDGE('',*,*,#783,.T.);
#1121=ORIENTED_EDGE('',*,*,#787,.T.);
#1122=ORIENTED_EDGE('',*,*,#773,.T.);
#1123=ORIENTED_EDGE('',*,*,#767,.T.);
#1124=ORIENTED_EDGE('',*,*,#784,.T.);
#1125=ORIENTED_EDGE('',*,*,#765,.T.);
#1126=ORIENTED_EDGE('',*,*,#772,.T.);
#1127=ORIENTED_EDGE('',*,*,#788,.T.);
#1128=ORIENTED_EDGE('',*,*,#786,.T.);
#1129=ORIENTED_EDGE('',*,*,#789,.T.);
#1130=ORIENTED_EDGE('',*,*,#770,.T.);
#1131=ORIENTED_EDGE('',*,*,#781,.T.);
#1132=ORIENTED_EDGE('',*,*,#788,.F.);
#1133=ORIENTED_EDGE('',*,*,#771,.T.);
#1134=ORIENTED_EDGE('',*,*,#789,.F.);
#1135=ORIENTED_EDGE('',*,*,#785,.F.);
#1136=ORIENTED_EDGE('',*,*,#779,.F.);
#1137=ORIENTED_EDGE('',*,*,#774,.T.);
#1138=ORIENTED_EDGE('',*,*,#787,.F.);
#1139=ORIENTED_EDGE('',*,*,#782,.F.);
#1140=CYLINDRICAL_SURFACE('',#1250,0.9338125);
#1141=CYLINDRICAL_SURFACE('',#1252,0.9338125);
#1142=CYLINDRICAL_SURFACE('',#1254,1.015);
#1143=CYLINDRICAL_SURFACE('',#1256,1.015);
#1144=CYLINDRICAL_SURFACE('',#1257,1.015);
#1145=CYLINDRICAL_SURFACE('',#1258,0.0499999999999998);
#1146=CYLINDRICAL_SURFACE('',#1265,0.0499999999999998);
#1147=CYLINDRICAL_SURFACE('',#1280,0.715);
#1148=CYLINDRICAL_SURFACE('',#1291,1.015);
#1149=CYLINDRICAL_SURFACE('',#1292,0.9338125);
#1150=CYLINDRICAL_SURFACE('',#1301,0.3915);
#1151=CYLINDRICAL_SURFACE('',#1304,0.3915);
#1152=CYLINDRICAL_SURFACE('',#1306,0.3365);
#1153=CYLINDRICAL_SURFACE('',#1310,0.5);
#1154=CYLINDRICAL_SURFACE('',#1315,0.3915);
#1155=CYLINDRICAL_SURFACE('',#1318,0.3915);
#1156=CYLINDRICAL_SURFACE('',#1320,0.3365);
#1157=CYLINDRICAL_SURFACE('',#1324,0.5);
#1158=CYLINDRICAL_SURFACE('',#1328,1.2);
#1159=CYLINDRICAL_SURFACE('',#1339,0.1);
#1160=CYLINDRICAL_SURFACE('',#1346,0.1);
#1161=CYLINDRICAL_SURFACE('',#1347,0.1);
#1162=CYLINDRICAL_SURFACE('',#1348,0.1);
#1163=ADVANCED_FACE('',(#74),#1140,.F.);
#1164=ADVANCED_FACE('',(#75),#1141,.F.);
#1165=ADVANCED_FACE('',(#76),#1142,.F.);
#1166=ADVANCED_FACE('',(#77),#1143,.F.);
#1167=ADVANCED_FACE('',(#78),#1144,.F.);
#1168=ADVANCED_FACE('',(#79),#1145,.F.);
#1169=ADVANCED_FACE('',(#80),#41,.F.);
#1170=ADVANCED_FACE('',(#81),#1146,.F.);
#1171=ADVANCED_FACE('',(#82,#29),#42,.F.);
#1172=ADVANCED_FACE('',(#83),#43,.F.);
#1173=ADVANCED_FACE('',(#84),#44,.F.);
#1174=ADVANCED_FACE('',(#85),#45,.F.);
#1175=ADVANCED_FACE('',(#86),#46,.F.);
#1176=ADVANCED_FACE('',(#87),#47,.F.);
#1177=ADVANCED_FACE('',(#88),#1147,.F.);
#1178=ADVANCED_FACE('',(#89),#25,.F.);
#1179=ADVANCED_FACE('',(#90,#30),#48,.T.);
#1180=ADVANCED_FACE('',(#91),#26,.F.);
#1181=ADVANCED_FACE('',(#92,#31),#49,.T.);
#1182=ADVANCED_FACE('',(#93),#15,.F.);
#1183=ADVANCED_FACE('',(#94),#50,.T.);
#1184=ADVANCED_FACE('',(#95),#1148,.F.);
#1185=ADVANCED_FACE('',(#96),#16,.F.);
#1186=ADVANCED_FACE('',(#97),#1149,.F.);
#1187=ADVANCED_FACE('',(#98),#27,.F.);
#1188=ADVANCED_FACE('',(#99),#28,.F.);
#1189=ADVANCED_FACE('',(#100,#32),#51,.T.);
#1190=ADVANCED_FACE('',(#101,#33),#52,.T.);
#1191=ADVANCED_FACE('',(#102),#53,.F.);
#1192=ADVANCED_FACE('',(#103),#17,.T.);
#1193=ADVANCED_FACE('',(#104),#1150,.T.);
#1194=ADVANCED_FACE('',(#105),#18,.T.);
#1195=ADVANCED_FACE('',(#106),#54,.T.);
#1196=ADVANCED_FACE('',(#107),#55,.F.);
#1197=ADVANCED_FACE('',(#108),#19,.T.);
#1198=ADVANCED_FACE('',(#109),#1151,.T.);
#1199=ADVANCED_FACE('',(#110),#20,.T.);
#1200=ADVANCED_FACE('',(#111),#56,.T.);
#1201=ADVANCED_FACE('',(#112),#1152,.T.);
#1202=ADVANCED_FACE('',(#113,#34),#57,.T.);
#1203=ADVANCED_FACE('',(#114),#1153,.T.);
#1204=ADVANCED_FACE('',(#115,#35),#58,.T.);
#1205=ADVANCED_FACE('',(#116),#59,.F.);
#1206=ADVANCED_FACE('',(#117),#21,.T.);
#1207=ADVANCED_FACE('',(#118),#1154,.T.);
#1208=ADVANCED_FACE('',(#119),#22,.T.);
#1209=ADVANCED_FACE('',(#120),#60,.T.);
#1210=ADVANCED_FACE('',(#121),#61,.F.);
#1211=ADVANCED_FACE('',(#122),#23,.T.);
#1212=ADVANCED_FACE('',(#123),#1155,.T.);
#1213=ADVANCED_FACE('',(#124),#24,.T.);
#1214=ADVANCED_FACE('',(#125),#62,.T.);
#1215=ADVANCED_FACE('',(#126),#1156,.T.);
#1216=ADVANCED_FACE('',(#127,#36),#63,.T.);
#1217=ADVANCED_FACE('',(#128),#1157,.T.);
#1218=ADVANCED_FACE('',(#129,#37),#64,.T.);
#1219=ADVANCED_FACE('',(#130),#1158,.T.);
#1220=ADVANCED_FACE('',(#131),#65,.F.);
#1221=ADVANCED_FACE('',(#132),#66,.F.);
#1222=ADVANCED_FACE('',(#133),#67,.T.);
#1223=ADVANCED_FACE('',(#134),#68,.F.);
#1224=ADVANCED_FACE('',(#135),#69,.F.);
#1225=ADVANCED_FACE('',(#136),#1159,.T.);
#1226=ADVANCED_FACE('',(#137),#70,.T.);
#1227=ADVANCED_FACE('',(#138,#38,#39,#40),#71,.T.);
#1228=ADVANCED_FACE('',(#139),#1160,.T.);
#1229=ADVANCED_FACE('',(#140),#1161,.T.);
#1230=ADVANCED_FACE('',(#141),#1162,.T.);
#1231=ADVANCED_FACE('',(#142),#72,.T.);
#1232=ADVANCED_FACE('',(#143),#73,.T.);
#1233=CLOSED_SHELL('',(#1163,#1164,#1165,#1166,#1167,#1168,#1169,#1170,
#1171,#1172,#1173,#1174,#1175,#1176,#1177,#1178,#1179,#1180,#1181,#1182,
#1183,#1184,#1185,#1186,#1187,#1188,#1189,#1190,#1191,#1192,#1193,#1194,
#1195,#1196,#1197,#1198,#1199,#1200,#1201,#1202,#1203,#1204,#1205,#1206,
#1207,#1208,#1209,#1210,#1211,#1212,#1213,#1214,#1215,#1216,#1217,#1218,
#1219,#1220,#1221,#1222,#1223,#1224,#1225,#1226,#1227,#1228,#1229,#1230,
#1231,#1232));
#1234=DERIVED_UNIT_ELEMENT(#1237,1.);
#1235=DERIVED_UNIT_ELEMENT(#3096,-3.);
#1236=DIMENSIONAL_EXPONENTS(0.,1.,0.,0.,0.,0.,0.);
#1237=(
CONVERSION_BASED_UNIT('gram',#1239)
MASS_UNIT()
NAMED_UNIT(#1236)
);
#1238=(
MASS_UNIT()
NAMED_UNIT(*)
SI_UNIT(.KILO.,.GRAM.)
);
#1239=MASS_MEASURE_WITH_UNIT(MASS_MEASURE(0.001),#1238);
#1240=DERIVED_UNIT((#1234,#1235));
#1241=MEASURE_REPRESENTATION_ITEM('density measure',
POSITIVE_RATIO_MEASURE(1.),#1240);
#1242=PROPERTY_DEFINITION_REPRESENTATION(#1247,#1244);
#1243=PROPERTY_DEFINITION_REPRESENTATION(#1248,#1245);
#1244=REPRESENTATION('material name',(#1246),#3094);
#1245=REPRESENTATION('density',(#1241),#3094);
#1246=DESCRIPTIVE_REPRESENTATION_ITEM('Generic','Generic');
#1247=PROPERTY_DEFINITION('material property','material name',#3103);
#1248=PROPERTY_DEFINITION('material property','density of part',#3103);
#1249=AXIS2_PLACEMENT_3D('',#1656,#1351,#1352);
#1250=AXIS2_PLACEMENT_3D('',#1657,#1353,#1354);
#1251=AXIS2_PLACEMENT_3D('',#1675,#1356,#1357);
#1252=AXIS2_PLACEMENT_3D('',#1716,#1358,#1359);
#1253=AXIS2_PLACEMENT_3D('',#1724,#1363,#1364);
#1254=AXIS2_PLACEMENT_3D('',#1741,#1365,#1366);
#1255=AXIS2_PLACEMENT_3D('',#1753,#1368,#1369);
#1256=AXIS2_PLACEMENT_3D('',#1761,#1370,#1371);
#1257=AXIS2_PLACEMENT_3D('',#1798,#1373,#1374);
#1258=AXIS2_PLACEMENT_3D('',#1825,#1377,#1378);
#1259=AXIS2_PLACEMENT_3D('',#1830,#1380,#1381);
#1260=AXIS2_PLACEMENT_3D('',#1834,#1383,#1384);
#1261=AXIS2_PLACEMENT_3D('',#1837,#1386,#1387);
#1262=AXIS2_PLACEMENT_3D('',#1838,#1388,#1389);
#1263=AXIS2_PLACEMENT_3D('',#1839,#1390,#1391);
#1264=AXIS2_PLACEMENT_3D('',#1843,#1393,#1394);
#1265=AXIS2_PLACEMENT_3D('',#1845,#1396,#1397);
#1266=AXIS2_PLACEMENT_3D('',#1850,#1399,#1400);
#1267=AXIS2_PLACEMENT_3D('',#1854,#1402,#1403);
#1268=AXIS2_PLACEMENT_3D('',#1857,#1405,#1406);
#1269=AXIS2_PLACEMENT_3D('',#1858,#1407,#1408);
#1270=AXIS2_PLACEMENT_3D('',#1859,#1409,#1410);
#1271=AXIS2_PLACEMENT_3D('',#1871,#1416,#1417);
#1272=AXIS2_PLACEMENT_3D('',#1876,#1420,#1421);
#1273=AXIS2_PLACEMENT_3D('',#1878,#1423,#1424);
#1274=AXIS2_PLACEMENT_3D('',#1882,#1427,#1428);
#1275=AXIS2_PLACEMENT_3D('',#1886,#1430,#1431);
#1276=AXIS2_PLACEMENT_3D('',#1887,#1432,#1433);
#1277=AXIS2_PLACEMENT_3D('',#1888,#1434,#1435);
#1278=AXIS2_PLACEMENT_3D('',#1890,#1437,#1438);
#1279=AXIS2_PLACEMENT_3D('',#1892,#1440,#1441);
#1280=AXIS2_PLACEMENT_3D('',#1894,#1443,#1444);
#1281=AXIS2_PLACEMENT_3D('',#1897,#1446,#1447);
#1282=AXIS2_PLACEMENT_3D('',#1898,#1448,#1449);
#1283=AXIS2_PLACEMENT_3D('',#1900,#1450,#1451);
#1284=AXIS2_PLACEMENT_3D('',#1903,#1453,#1454);
#1285=AXIS2_PLACEMENT_3D('',#1904,#1455,#1456);
#1286=AXIS2_PLACEMENT_3D('',#1905,#1457,#1458);
#1287=AXIS2_PLACEMENT_3D('',#1907,#1459,#1460);
#1288=AXIS2_PLACEMENT_3D('',#1910,#1462,#1463);
#1289=AXIS2_PLACEMENT_3D('',#1911,#1464,#1465);
#1290=AXIS2_PLACEMENT_3D('',#2289,#1467,#1468);
#1291=AXIS2_PLACEMENT_3D('',#2291,#1470,#1471);
#1292=AXIS2_PLACEMENT_3D('',#2544,#1472,#1473);
#1293=AXIS2_PLACEMENT_3D('',#2545,#1474,#1475);
#1294=AXIS2_PLACEMENT_3D('',#2546,#1476,#1477);
#1295=AXIS2_PLACEMENT_3D('',#2547,#1478,#1479);
#1296=AXIS2_PLACEMENT_3D('',#2550,#1481,#1482);
#1297=AXIS2_PLACEMENT_3D('',#2551,#1483,#1484);
#1298=AXIS2_PLACEMENT_3D('',#2552,#1485,#1486);
#1299=AXIS2_PLACEMENT_3D('',#2554,#1487,#1488);
#1300=AXIS2_PLACEMENT_3D('',#2555,#1489,#1490);
#1301=AXIS2_PLACEMENT_3D('',#2615,#1496,#1497);
#1302=AXIS2_PLACEMENT_3D('',#2662,#1500,#1501);
#1303=AXIS2_PLACEMENT_3D('',#2664,#1503,#1504);
#1304=AXIS2_PLACEMENT_3D('',#2724,#1510,#1511);
#1305=AXIS2_PLACEMENT_3D('',#2771,#1514,#1515);
#1306=AXIS2_PLACEMENT_3D('',#2773,#1517,#1518);
#1307=AXIS2_PLACEMENT_3D('',#2775,#1519,#1520);
#1308=AXIS2_PLACEMENT_3D('',#2780,#1524,#1525);
#1309=AXIS2_PLACEMENT_3D('',#2781,#1526,#1527);
#1310=AXIS2_PLACEMENT_3D('',#2782,#1528,#1529);
#1311=AXIS2_PLACEMENT_3D('',#2784,#1530,#1531);
#1312=AXIS2_PLACEMENT_3D('',#2787,#1533,#1534);
#1313=AXIS2_PLACEMENT_3D('',#2788,#1535,#1536);
#1314=AXIS2_PLACEMENT_3D('',#2789,#1537,#1538);
#1315=AXIS2_PLACEMENT_3D('',#2849,#1544,#1545);
#1316=AXIS2_PLACEMENT_3D('',#2896,#1548,#1549);
#1317=AXIS2_PLACEMENT_3D('',#2898,#1551,#1552);
#1318=AXIS2_PLACEMENT_3D('',#2958,#1558,#1559);
#1319=AXIS2_PLACEMENT_3D('',#3005,#1562,#1563);
#1320=AXIS2_PLACEMENT_3D('',#3007,#1565,#1566);
#1321=AXIS2_PLACEMENT_3D('',#3009,#1567,#1568);
#1322=AXIS2_PLACEMENT_3D('',#3014,#1572,#1573);
#1323=AXIS2_PLACEMENT_3D('',#3015,#1574,#1575);
#1324=AXIS2_PLACEMENT_3D('',#3016,#1576,#1577);
#1325=AXIS2_PLACEMENT_3D('',#3018,#1578,#1579);
#1326=AXIS2_PLACEMENT_3D('',#3021,#1581,#1582);
#1327=AXIS2_PLACEMENT_3D('',#3022,#1583,#1584);
#1328=AXIS2_PLACEMENT_3D('',#3023,#1585,#1586);
#1329=AXIS2_PLACEMENT_3D('',#3026,#1588,#1589);
#1330=AXIS2_PLACEMENT_3D('',#3027,#1590,#1591);
#1331=AXIS2_PLACEMENT_3D('',#3033,#1595,#1596);
#1332=AXIS2_PLACEMENT_3D('',#3039,#1600,#1601);
#1333=AXIS2_PLACEMENT_3D('',#3049,#1607,#1608);
#1334=AXIS2_PLACEMENT_3D('',#3053,#1610,#1611);
#1335=AXIS2_PLACEMENT_3D('',#3056,#1613,#1614);
#1336=AXIS2_PLACEMENT_3D('',#3057,#1615,#1616);
#1337=AXIS2_PLACEMENT_3D('',#3059,#1617,#1618);
#1338=AXIS2_PLACEMENT_3D('',#3063,#1620,#1621);
#1339=AXIS2_PLACEMENT_3D('',#3065,#1623,#1624);
#1340=AXIS2_PLACEMENT_3D('',#3068,#1625,#1626);
#1341=AXIS2_PLACEMENT_3D('',#3071,#1629,#1630);
#1342=AXIS2_PLACEMENT_3D('',#3075,#1633,#1634);
#1343=AXIS2_PLACEMENT_3D('',#3078,#1636,#1637);
#1344=AXIS2_PLACEMENT_3D('',#3080,#1638,#1639);
#1345=AXIS2_PLACEMENT_3D('',#3083,#1641,#1642);
#1346=AXIS2_PLACEMENT_3D('',#3084,#1643,#1644);
#1347=AXIS2_PLACEMENT_3D('',#3086,#1646,#1647);
#1348=AXIS2_PLACEMENT_3D('',#3088,#1649,#1650);
#1349=AXIS2_PLACEMENT_3D('',#3090,#1652,#1653);
#1350=AXIS2_PLACEMENT_3D('',#3091,#1654,#1655);
#1351=DIRECTION('axis',(0.,0.,1.));
#1352=DIRECTION('refdir',(1.,0.,0.));
#1353=DIRECTION('center_axis',(0.,0.,1.));
#1354=DIRECTION('ref_axis',(-0.985034297850575,0.172358440634698,0.));
#1355=DIRECTION('',(0.,0.,1.));
#1356=DIRECTION('center_axis',(0.,0.,-1.));
#1357=DIRECTION('ref_axis',(-1.,0.,0.));
#1358=DIRECTION('center_axis',(0.,0.,1.));
#1359=DIRECTION('ref_axis',(-1.,0.,0.));
#1360=DIRECTION('',(0.,0.,1.));
#1361=DIRECTION('',(0.,0.,-1.));
#1362=DIRECTION('',(0.,0.,1.));
#1363=DIRECTION('center_axis',(0.,0.,-1.));
#1364=DIRECTION('ref_axis',(-1.,0.,0.));
#1365=DIRECTION('center_axis',(0.,0.,1.));
#1366=DIRECTION('ref_axis',(-0.6317119847766,-0.77520317871485,0.));
#1367=DIRECTION('',(1.22464679914735E-16,1.49975978266186E-32,1.));
#1368=DIRECTION('center_axis',(0.,0.,-1.));
#1369=DIRECTION('ref_axis',(1.,0.,0.));
#1370=DIRECTION('center_axis',(0.,0.,1.));
#1371=DIRECTION('ref_axis',(1.,0.,0.));
#1372=DIRECTION('',(1.22464679914735E-16,1.49975978266186E-32,1.));
#1373=DIRECTION('center_axis',(0.,0.,1.));
#1374=DIRECTION('ref_axis',(1.,0.,0.));
#1375=DIRECTION('',(1.22464679914735E-16,1.49975978266186E-32,1.));
#1376=DIRECTION('',(0.,0.,1.));
#1377=DIRECTION('center_axis',(0.,0.,1.));
#1378=DIRECTION('ref_axis',(-1.,0.,0.));
#1379=DIRECTION('',(0.,0.,1.));
#1380=DIRECTION('center_axis',(0.,0.,1.));
#1381=DIRECTION('ref_axis',(-1.,0.,0.));
#1382=DIRECTION('',(0.,0.,1.));
#1383=DIRECTION('center_axis',(0.,0.,1.));
#1384=DIRECTION('ref_axis',(-1.,0.,0.));
#1385=DIRECTION('',(0.,0.,1.));
#1386=DIRECTION('center_axis',(0.,0.,-1.));
#1387=DIRECTION('ref_axis',(-1.,0.,0.));
#1388=DIRECTION('center_axis',(0.,0.,1.));
#1389=DIRECTION('ref_axis',(-1.,0.,0.));
#1390=DIRECTION('center_axis',(0.,0.,1.));
#1391=DIRECTION('ref_axis',(1.,0.,0.));
#1392=DIRECTION('',(-1.,0.,0.));
#1393=DIRECTION('center_axis',(0.,0.,-1.));
#1394=DIRECTION('ref_axis',(-1.,0.,0.));
#1395=DIRECTION('',(1.,0.,0.));
#1396=DIRECTION('center_axis',(0.,0.,1.));
#1397=DIRECTION('ref_axis',(-1.,0.,0.));
#1398=DIRECTION('',(0.,0.,1.));
#1399=DIRECTION('center_axis',(0.,0.,1.));
#1400=DIRECTION('ref_axis',(-1.,0.,0.));
#1401=DIRECTION('',(0.,0.,1.));
#1402=DIRECTION('center_axis',(0.,0.,1.));
#1403=DIRECTION('ref_axis',(-1.,0.,0.));
#1404=DIRECTION('',(0.,0.,1.));
#1405=DIRECTION('center_axis',(0.,0.,-1.));
#1406=DIRECTION('ref_axis',(-1.,0.,0.));
#1407=DIRECTION('center_axis',(0.,0.,1.));
#1408=DIRECTION('ref_axis',(-1.,0.,0.));
#1409=DIRECTION('center_axis',(0.,0.,1.));
#1410=DIRECTION('ref_axis',(1.,0.,0.));
#1411=DIRECTION('',(1.,0.,0.));
#1412=DIRECTION('',(0.,-1.,0.));
#1413=DIRECTION('',(-1.,0.,0.));
#1414=DIRECTION('',(0.,1.,0.));
#1415=DIRECTION('',(1.,0.,0.));
#1416=DIRECTION('center_axis',(0.,0.,1.));
#1417=DIRECTION('ref_axis',(-1.,0.,0.));
#1418=DIRECTION('',(1.,0.,0.));
#1419=DIRECTION('',(-1.,0.,0.));
#1420=DIRECTION('center_axis',(0.,0.,1.));
#1421=DIRECTION('ref_axis',(-1.,0.,0.));
#1422=DIRECTION('',(-1.,0.,0.));
#1423=DIRECTION('center_axis',(0.,1.,0.));
#1424=DIRECTION('ref_axis',(-1.,0.,0.));
#1425=DIRECTION('',(0.,0.,1.));
#1426=DIRECTION('',(-1.,0.,0.));
#1427=DIRECTION('center_axis',(0.,0.,1.));
#1428=DIRECTION('ref_axis',(1.,0.,0.));
#1429=DIRECTION('',(1.,0.,0.));
#1430=DIRECTION('center_axis',(0.,0.,-1.));
#1431=DIRECTION('ref_axis',(-1.,0.,0.));
#1432=DIRECTION('center_axis',(0.,0.,-1.));
#1433=DIRECTION('ref_axis',(-1.,0.,0.));
#1434=DIRECTION('center_axis',(0.,-1.,0.));
#1435=DIRECTION('ref_axis',(1.,0.,0.));
#1436=DIRECTION('',(0.,0.,-1.));
#1437=DIRECTION('center_axis',(0.,1.,0.));
#1438=DIRECTION('ref_axis',(-1.,0.,0.));
#1439=DIRECTION('',(0.,0.,-1.));
#1440=DIRECTION('center_axis',(0.,-1.,0.));
#1441=DIRECTION('ref_axis',(1.,0.,0.));
#1442=DIRECTION('',(0.,0.,1.));
#1443=DIRECTION('center_axis',(0.,0.,1.));
#1444=DIRECTION('ref_axis',(-1.,0.,0.));
#1445=DIRECTION('',(0.,0.,1.));
#1446=DIRECTION('center_axis',(0.,0.,-1.));
#1447=DIRECTION('ref_axis',(-1.,0.,0.));
#1448=DIRECTION('center_axis',(0.,0.,1.));
#1449=DIRECTION('ref_axis',(-1.,0.,0.));
#1450=DIRECTION('center_axis',(0.,0.,-1.));
#1451=DIRECTION('ref_axis',(-1.,0.,0.));
#1452=DIRECTION('',(-0.0299865439676785,3.67229250875088E-18,-0.999550302476506));
#1453=DIRECTION('center_axis',(0.,0.,1.));
#1454=DIRECTION('ref_axis',(-1.,0.,0.));
#1455=DIRECTION('center_axis',(0.,0.,1.));
#1456=DIRECTION('ref_axis',(1.,0.,0.));
#1457=DIRECTION('center_axis',(0.,0.,1.));
#1458=DIRECTION('ref_axis',(-1.,0.,0.));
#1459=DIRECTION('center_axis',(0.,0.,-1.));
#1460=DIRECTION('ref_axis',(-1.,0.,0.));
#1461=DIRECTION('',(-0.0299865439676785,3.67229250875088E-18,-0.999550302476506));
#1462=DIRECTION('center_axis',(0.,0.,1.));
#1463=DIRECTION('ref_axis',(-1.,0.,0.));
#1464=DIRECTION('center_axis',(0.,0.,1.));
#1465=DIRECTION('ref_axis',(1.,0.,0.));
#1466=DIRECTION('',(-0.866025504730543,0.,0.499999825156178));
#1467=DIRECTION('center_axis',(0.,1.,0.));
#1468=DIRECTION('ref_axis',(0.,0.,1.));
#1469=DIRECTION('',(0.866025504730543,0.,0.499999825156178));
#1470=DIRECTION('center_axis',(0.,0.,1.));
#1471=DIRECTION('ref_axis',(1.,0.,0.));
#1472=DIRECTION('center_axis',(0.,0.,1.));
#1473=DIRECTION('ref_axis',(-1.,0.,0.));
#1474=DIRECTION('center_axis',(0.,0.,1.));
#1475=DIRECTION('ref_axis',(0.659789849628808,0.751450167560561,0.));
#1476=DIRECTION('center_axis',(0.,0.,1.));
#1477=DIRECTION('ref_axis',(-1.,0.,0.));
#1478=DIRECTION('center_axis',(0.,0.,1.));
#1479=DIRECTION('ref_axis',(-1.,0.,0.));
#1480=DIRECTION('',(0.707106781186547,-8.65956056235493E-17,0.707106781186548));
#1481=DIRECTION('center_axis',(0.,0.,1.));
#1482=DIRECTION('ref_axis',(-1.,0.,0.));
#1483=DIRECTION('center_axis',(0.,0.,1.));
#1484=DIRECTION('ref_axis',(1.,0.,0.));
#1485=DIRECTION('center_axis',(0.,0.,1.));
#1486=DIRECTION('ref_axis',(1.,0.,0.));
#1487=DIRECTION('center_axis',(0.,0.,1.));
#1488=DIRECTION('ref_axis',(-1.,0.,0.));
#1489=DIRECTION('center_axis',(-1.22464679914735E-16,-1.,0.));
#1490=DIRECTION('ref_axis',(0.,0.,1.));
#1491=DIRECTION('',(0.,0.,1.));
#1492=DIRECTION('',(-0.907959384500452,1.11192955398428E-16,0.419058177461746));
#1493=DIRECTION('',(0.,0.,1.));
#1494=DIRECTION('',(0.907959384500452,-1.11192955398428E-16,0.419058177461746));
#1495=DIRECTION('',(-0.907959384500452,2.22385910796856E-16,-0.419058177461746));
#1496=DIRECTION('center_axis',(0.,0.,1.));
#1497=DIRECTION('ref_axis',(-1.,1.22464679914735E-16,0.));
#1498=DIRECTION('',(0.,0.,-1.));
#1499=DIRECTION('',(0.907959384500452,-2.22385910796856E-16,-0.419058177461746));
#1500=DIRECTION('center_axis',(2.44929359829471E-16,1.,0.));
#1501=DIRECTION('ref_axis',(0.,0.,1.));
#1502=DIRECTION('',(0.,0.,-1.));
#1503=DIRECTION('center_axis',(0.,1.,0.));
#1504=DIRECTION('ref_axis',(0.,0.,1.));
#1505=DIRECTION('',(0.,0.,1.));
#1506=DIRECTION('',(0.907959384500452,0.,0.419058177461746));
#1507=DIRECTION('',(0.,0.,1.));
#1508=DIRECTION('',(-0.907959384500452,0.,0.419058177461746));
#1509=DIRECTION('',(0.907959384500452,-1.11192955398428E-16,-0.419058177461746));
#1510=DIRECTION('center_axis',(0.,0.,1.));
#1511=DIRECTION('ref_axis',(1.,0.,0.));
#1512=DIRECTION('',(0.,0.,-1.));
#1513=DIRECTION('',(-0.907959384500452,1.11192955398428E-16,-0.419058177461746));
#1514=DIRECTION('center_axis',(-1.22464679914735E-16,-1.,0.));
#1515=DIRECTION('ref_axis',(0.,0.,1.));
#1516=DIRECTION('',(0.,0.,-1.));
#1517=DIRECTION('center_axis',(0.,0.,1.));
#1518=DIRECTION('ref_axis',(-1.,0.,0.));
#1519=DIRECTION('center_axis',(0.,0.,1.));
#1520=DIRECTION('ref_axis',(-1.,0.,0.));
#1521=DIRECTION('',(0.,0.,-1.));
#1522=DIRECTION('',(0.,0.,-1.));
#1523=DIRECTION('',(0.,0.,-1.));
#1524=DIRECTION('center_axis',(0.,0.,-1.));
#1525=DIRECTION('ref_axis',(-1.,0.,0.));
#1526=DIRECTION('center_axis',(0.,0.,1.));
#1527=DIRECTION('ref_axis',(1.,0.,0.));
#1528=DIRECTION('center_axis',(0.,0.,1.));
#1529=DIRECTION('ref_axis',(-1.,0.,0.));
#1530=DIRECTION('center_axis',(0.,0.,1.));
#1531=DIRECTION('ref_axis',(-1.,0.,0.));
#1532=DIRECTION('',(0.,0.,-1.));
#1533=DIRECTION('center_axis',(0.,0.,-1.));
#1534=DIRECTION('ref_axis',(-1.,0.,0.));
#1535=DIRECTION('center_axis',(0.,0.,1.));
#1536=DIRECTION('ref_axis',(1.,0.,0.));
#1537=DIRECTION('center_axis',(-1.22464679914735E-16,-1.,0.));
#1538=DIRECTION('ref_axis',(0.,0.,1.));
#1539=DIRECTION('',(0.,0.,1.));
#1540=DIRECTION('',(-0.907959384500452,1.11192955398428E-16,0.419058177461746));
#1541=DIRECTION('',(0.,0.,1.));
#1542=DIRECTION('',(0.907959384500452,-1.11192955398428E-16,0.419058177461746));
#1543=DIRECTION('',(-0.907959384500452,2.22385910796856E-16,-0.419058177461746));
#1544=DIRECTION('center_axis',(0.,0.,1.));
#1545=DIRECTION('ref_axis',(-1.,1.22464679914735E-16,0.));
#1546=DIRECTION('',(0.,0.,-1.));
#1547=DIRECTION('',(0.907959384500452,-2.22385910796856E-16,-0.419058177461746));
#1548=DIRECTION('center_axis',(2.44929359829471E-16,1.,0.));
#1549=DIRECTION('ref_axis',(0.,0.,1.));
#1550=DIRECTION('',(0.,0.,-1.));
#1551=DIRECTION('center_axis',(0.,1.,0.));
#1552=DIRECTION('ref_axis',(0.,0.,1.));
#1553=DIRECTION('',(0.,0.,1.));
#1554=DIRECTION('',(0.907959384500452,0.,0.419058177461746));
#1555=DIRECTION('',(0.,0.,1.));
#1556=DIRECTION('',(-0.907959384500452,0.,0.419058177461746));
#1557=DIRECTION('',(0.907959384500452,-1.11192955398428E-16,-0.419058177461746));
#1558=DIRECTION('center_axis',(0.,0.,1.));
#1559=DIRECTION('ref_axis',(1.,0.,0.));
#1560=DIRECTION('',(0.,0.,-1.));
#1561=DIRECTION('',(-0.907959384500452,1.11192955398428E-16,-0.419058177461746));
#1562=DIRECTION('center_axis',(-1.22464679914735E-16,-1.,0.));
#1563=DIRECTION('ref_axis',(0.,0.,1.));
#1564=DIRECTION('',(0.,0.,-1.));
#1565=DIRECTION('center_axis',(0.,0.,1.));
#1566=DIRECTION('ref_axis',(-1.,0.,0.));
#1567=DIRECTION('center_axis',(0.,0.,1.));
#1568=DIRECTION('ref_axis',(-1.,0.,0.));
#1569=DIRECTION('',(0.,0.,-1.));
#1570=DIRECTION('',(0.,0.,-1.));
#1571=DIRECTION('',(0.,0.,-1.));
#1572=DIRECTION('center_axis',(0.,0.,-1.));
#1573=DIRECTION('ref_axis',(-1.,0.,0.));
#1574=DIRECTION('center_axis',(0.,0.,1.));
#1575=DIRECTION('ref_axis',(1.,0.,0.));
#1576=DIRECTION('center_axis',(0.,0.,1.));
#1577=DIRECTION('ref_axis',(-1.,0.,0.));
#1578=DIRECTION('center_axis',(0.,0.,1.));
#1579=DIRECTION('ref_axis',(-1.,0.,0.));
#1580=DIRECTION('',(0.,0.,-1.));
#1581=DIRECTION('center_axis',(0.,0.,-1.));
#1582=DIRECTION('ref_axis',(-1.,0.,0.));
#1583=DIRECTION('center_axis',(0.,0.,1.));
#1584=DIRECTION('ref_axis',(1.,0.,0.));
#1585=DIRECTION('center_axis',(0.,0.,1.));
#1586=DIRECTION('ref_axis',(-1.,0.,0.));
#1587=DIRECTION('',(0.,0.,-1.));
#1588=DIRECTION('center_axis',(0.,0.,-1.));
#1589=DIRECTION('ref_axis',(-1.,0.,0.));
#1590=DIRECTION('center_axis',(1.,0.,0.));
#1591=DIRECTION('ref_axis',(0.,-1.,0.));
#1592=DIRECTION('',(0.,0.,-1.));
#1593=DIRECTION('',(0.,0.,1.));
#1594=DIRECTION('',(0.,1.,0.));
#1595=DIRECTION('center_axis',(-1.,0.,0.));
#1596=DIRECTION('ref_axis',(0.,1.,0.));
#1597=DIRECTION('',(0.,0.,1.));
#1598=DIRECTION('',(0.,-1.,0.));
#1599=DIRECTION('',(0.,0.,-1.));
#1600=DIRECTION('center_axis',(0.,1.,0.));
#1601=DIRECTION('ref_axis',(-1.,0.,0.));
#1602=DIRECTION('',(-1.,0.,0.));
#1603=DIRECTION('',(0.,0.,-1.));
#1604=DIRECTION('',(-1.,0.,0.));
#1605=DIRECTION('',(0.,0.,1.));
#1606=DIRECTION('',(-1.,0.,0.));
#1607=DIRECTION('center_axis',(0.,0.,1.));
#1608=DIRECTION('ref_axis',(1.,0.,0.));
#1609=DIRECTION('',(1.,0.,0.));
#1610=DIRECTION('center_axis',(0.,0.,1.));
#1611=DIRECTION('ref_axis',(-0.707106781186546,-0.707106781186549,0.));
#1612=DIRECTION('',(0.,-1.,0.));
#1613=DIRECTION('center_axis',(0.,0.,1.));
#1614=DIRECTION('ref_axis',(-0.707106781186546,0.707106781186549,0.));
#1615=DIRECTION('center_axis',(0.,0.,1.));
#1616=DIRECTION('ref_axis',(1.,0.,0.));
#1617=DIRECTION('center_axis',(0.,0.,1.));
#1618=DIRECTION('ref_axis',(0.707106781186546,0.707106781186549,0.));
#1619=DIRECTION('',(0.,1.,0.));
#1620=DIRECTION('center_axis',(0.,0.,1.));
#1621=DIRECTION('ref_axis',(0.707106781186546,-0.707106781186549,0.));
#1622=DIRECTION('',(1.,0.,0.));
#1623=DIRECTION('center_axis',(0.,0.,1.));
#1624=DIRECTION('ref_axis',(0.707106781186546,-0.707106781186549,0.));
#1625=DIRECTION('center_axis',(0.,0.,-1.));
#1626=DIRECTION('ref_axis',(0.707106781186546,-0.707106781186549,0.));
#1627=DIRECTION('',(0.,0.,-1.));
#1628=DIRECTION('',(0.,0.,1.));
#1629=DIRECTION('center_axis',(0.,-1.,0.));
#1630=DIRECTION('ref_axis',(1.,0.,0.));
#1631=DIRECTION('',(1.,0.,0.));
#1632=DIRECTION('',(0.,0.,1.));
#1633=DIRECTION('center_axis',(0.,0.,1.));
#1634=DIRECTION('ref_axis',(1.,0.,0.));
#1635=DIRECTION('',(0.,1.,0.));
#1636=DIRECTION('center_axis',(0.,0.,-1.));
#1637=DIRECTION('ref_axis',(0.707106781186546,0.707106781186549,0.));
#1638=DIRECTION('center_axis',(0.,0.,-1.));
#1639=DIRECTION('ref_axis',(-0.707106781186546,0.707106781186549,0.));
#1640=DIRECTION('',(0.,-1.,0.));
#1641=DIRECTION('center_axis',(0.,0.,-1.));
#1642=DIRECTION('ref_axis',(-0.707106781186546,-0.707106781186549,0.));
#1643=DIRECTION('center_axis',(0.,0.,1.));
#1644=DIRECTION('ref_axis',(0.707106781186546,0.707106781186549,0.));
#1645=DIRECTION('',(0.,0.,-1.));
#1646=DIRECTION('center_axis',(0.,0.,1.));
#1647=DIRECTION('ref_axis',(-0.707106781186546,0.707106781186549,0.));
#1648=DIRECTION('',(0.,0.,1.));
#1649=DIRECTION('center_axis',(0.,0.,1.));
#1650=DIRECTION('ref_axis',(-0.707106781186546,-0.707106781186549,0.));
#1651=DIRECTION('',(0.,0.,-1.));
#1652=DIRECTION('center_axis',(-1.,0.,0.));
#1653=DIRECTION('ref_axis',(0.,-1.,0.));
#1654=DIRECTION('center_axis',(1.,0.,0.));
#1655=DIRECTION('ref_axis',(0.,1.,0.));
#1656=CARTESIAN_POINT('',(0.,0.,0.));
#1657=CARTESIAN_POINT('Origin',(0.,0.,0.4));
#1658=CARTESIAN_POINT('',(0.933824474441702,2.18742525576743E-5,0.69827070625));
#1659=CARTESIAN_POINT('',(0.933856386817783,-1.97463309316934E-5,0.7357735));
#1660=CARTESIAN_POINT('',(0.9338125,1.14359048912879E-16,0.4));
#1661=CARTESIAN_POINT('',(-0.317189691716402,-0.878346960344671,0.84));
#1662=CARTESIAN_POINT('Ctrl Pts',(0.933856386817783,-1.9746330931672E-5,
0.7357735));
#1663=CARTESIAN_POINT('Ctrl Pts',(0.933731356040793,0.133684795405292,0.739192231481482));
#1664=CARTESIAN_POINT('Ctrl Pts',(0.870949786290735,0.423066199391004,0.746588606481482));
#1665=CARTESIAN_POINT('Ctrl Pts',(0.582474759617048,0.780138804639087,0.757962624999999));
#1666=CARTESIAN_POINT('Ctrl Pts',(0.137299706579831,0.963868275931538,0.769895555555556));
#1667=CARTESIAN_POINT('Ctrl Pts',(-0.341469281017546,0.91175176736877,0.781828486111111));
#1668=CARTESIAN_POINT('Ctrl Pts',(-0.736688266094705,0.63654224297604,0.793761416666668));
#1669=CARTESIAN_POINT('Ctrl Pts',(-0.951643408711641,0.205578295270956,
0.805694347222222));
#1670=CARTESIAN_POINT('Ctrl Pts',(-0.93375628335363,-0.275685875481528,
0.817627277777779));
#1671=CARTESIAN_POINT('Ctrl Pts',(-0.697643452916762,-0.672237779435398,
0.82906249537037));
#1672=CARTESIAN_POINT('Ctrl Pts',(-0.445154712257321,-0.832006913237569,
0.836520069444444));
#1673=CARTESIAN_POINT('Ctrl Pts',(-0.317189691716402,-0.878346960344671,
0.84));
#1674=CARTESIAN_POINT('',(0.878384366119308,-0.317082035200597,0.84));
#1675=CARTESIAN_POINT('Origin',(0.,0.,0.84));
#1676=CARTESIAN_POINT('Ctrl Pts',(0.878384366119309,-0.317082035200595,
0.84));
#1677=CARTESIAN_POINT('Ctrl Pts',(0.832412620056789,-0.4441075160579,0.836545818995098));
#1678=CARTESIAN_POINT('Ctrl Pts',(0.758626266138079,-0.561140788343758,
0.833091637990196));
#1679=CARTESIAN_POINT('Ctrl Pts',(0.663580065240968,-0.657121182637369,
0.829637456985294));
#1680=CARTESIAN_POINT('Ctrl Pts',(0.556049990021163,-0.765708153190677,
0.825729585447304));
#1681=CARTESIAN_POINT('Ctrl Pts',(0.421308538455239,-0.847348655747391,
0.821821713909313));
#1682=CARTESIAN_POINT('Ctrl Pts',(0.275278746913387,-0.892394759594576,
0.817913842371323));
#1683=CARTESIAN_POINT('Ctrl Pts',(0.129248955371535,-0.93744086344176,0.814005970833333));
#1684=CARTESIAN_POINT('Ctrl Pts',(-0.0280691761462442,-0.945892568579415,
0.810098099295343));
#1685=CARTESIAN_POINT('Ctrl Pts',(-0.178084602915826,-0.916751135715828,
0.806190227757353));
#1686=CARTESIAN_POINT('Ctrl Pts',(-0.328100029685406,-0.887609702852242,
0.802282356219363));
#1687=CARTESIAN_POINT('Ctrl Pts',(-0.470812751706789,-0.820875131987415,
0.798374484681372));
#1688=CARTESIAN_POINT('Ctrl Pts',(-0.589357722423233,-0.724433748929685,
0.794466613143382));
#1689=CARTESIAN_POINT('Ctrl Pts',(-0.707902693139678,-0.627992365871955,
0.790558741605392));
#1690=CARTESIAN_POINT('Ctrl Pts',(-0.802279912551186,-0.501844170621321,
0.786650870067402));
#1691=CARTESIAN_POINT('Ctrl Pts',(-0.861336369576598,-0.360896711747905,
0.782742998529412));
#1692=CARTESIAN_POINT('Ctrl Pts',(-0.92039282660201,-0.219949252874488,
0.778835126991422));
#1693=CARTESIAN_POINT('Ctrl Pts',(-0.944128521241327,-0.0642025303782884,
0.774927255453431));
#1694=CARTESIAN_POINT('Ctrl Pts',(-0.929738492934021,0.0879381212346461,
0.771019383915441));
#1695=CARTESIAN_POINT('Ctrl Pts',(-0.915348464626716,0.240078772847581,
0.767111512377451));
#1696=CARTESIAN_POINT('Ctrl Pts',(-0.862832713372789,0.388613353577249,
0.763203640839461));
#1697=CARTESIAN_POINT('Ctrl Pts',(-0.778397277609049,0.515988815106212,
0.759295769301471));
#1698=CARTESIAN_POINT('Ctrl Pts',(-0.693961841845309,0.643364276635174,
0.75538789776348));
#1699=CARTESIAN_POINT('Ctrl Pts',(-0.577606721571756,0.749580618963431,
0.75148002622549));
#1700=CARTESIAN_POINT('Ctrl Pts',(-0.443082161555113,0.822085747549023,
0.7475721546875));
#1701=CARTESIAN_POINT('Ctrl Pts',(-0.30855760153847,0.894590876134615,0.74366428314951));
#1702=CARTESIAN_POINT('Ctrl Pts',(-0.155863601778738,0.933384790977544,
0.73975641161152));
#1703=CARTESIAN_POINT('Ctrl Pts',(-0.00304474570095133,0.933883027272425,
0.735848540073529));
#1704=CARTESIAN_POINT('Ctrl Pts',(0.149774110376835,0.934381263567305,0.731940668535539));
#1705=CARTESIAN_POINT('Ctrl Pts',(0.302717822772675,0.896583821314136,0.728032796997549));
#1706=CARTESIAN_POINT('Ctrl Pts',(0.437712295546785,0.824957407831864,0.724124925459559));
#1707=CARTESIAN_POINT('Ctrl Pts',(0.572706768320895,0.753330994349592,0.720217053921568));
#1708=CARTESIAN_POINT('Ctrl Pts',(0.689752001473276,0.647875609638218,0.716309182383578));
#1709=CARTESIAN_POINT('Ctrl Pts',(0.775016200497891,0.521053420554609,0.712401310845588));
#1710=CARTESIAN_POINT('Ctrl Pts',(0.860280399522505,0.394231231470999,0.708493439307598));
#1711=CARTESIAN_POINT('Ctrl Pts',(0.913763564419353,0.246042238015154,0.704585567769608));
#1712=CARTESIAN_POINT('Ctrl Pts',(0.929145324958962,0.0939986525175968,
0.700677696231618));
#1713=CARTESIAN_POINT('Ctrl Pts',(0.932303373456595,0.0627823937857775,
0.699875366237745));
#1714=CARTESIAN_POINT('Ctrl Pts',(0.933855344515233,0.0314036535544136,
0.699073036243873));
#1715=CARTESIAN_POINT('Ctrl Pts',(0.933824474441702,2.18742525576743E-5,
0.69827070625));
#1716=CARTESIAN_POINT('Origin',(0.,0.,0.4));
#1717=CARTESIAN_POINT('',(0.9338125,0.,0.54827070625));
#1718=CARTESIAN_POINT('',(0.933738557409622,9.99721560640652E-6,0.5857735));
#1719=CARTESIAN_POINT('',(0.9338125,1.14359048912879E-16,0.4));
#1720=CARTESIAN_POINT('',(0.9338125,0.,0.4357735));
#1721=CARTESIAN_POINT('',(0.9338125,0.,0.4));
#1722=CARTESIAN_POINT('',(0.9338125,1.14359048912879E-16,0.4));
#1723=CARTESIAN_POINT('',(0.9338125,1.14359048912879E-16,0.4));
#1724=CARTESIAN_POINT('Origin',(0.,0.,0.4));
#1725=CARTESIAN_POINT('Ctrl Pts',(0.9338125,0.,0.4357735));
#1726=CARTESIAN_POINT('Ctrl Pts',(0.9338125,0.155587302368272,0.439751143518518));
#1727=CARTESIAN_POINT('Ctrl Pts',(0.854524256767365,0.466603993272773,0.447706430555556));
#1728=CARTESIAN_POINT('Ctrl Pts',(0.526271831867871,0.819107176965926,0.459639361111111));
#1729=CARTESIAN_POINT('Ctrl Pts',(0.0693290991638534,0.971119643177683,
0.471572291666667));
#1730=CARTESIAN_POINT('Ctrl Pts',(-0.404616840330513,0.885544302202521,
0.483505222222222));
#1731=CARTESIAN_POINT('Ctrl Pts',(-0.779539098903393,0.583272154411395,
0.495438152777778));
#1732=CARTESIAN_POINT('Ctrl Pts',(-0.963728072188549,0.138288941605364,
0.507371083333333));
#1733=CARTESIAN_POINT('Ctrl Pts',(-0.912100896276443,-0.340535622498475,
0.519304013888888));
#1734=CARTESIAN_POINT('Ctrl Pts',(-0.637297112061146,-0.736033731382379,
0.531236944444445));
#1735=CARTESIAN_POINT('Ctrl Pts',(-0.206554055895558,-0.951435138140133,
0.543169874999999));
#1736=CARTESIAN_POINT('Ctrl Pts',(0.274729456178933,-0.934032565694952,
0.555102805555556));
#1737=CARTESIAN_POINT('Ctrl Pts',(0.688790611035842,-0.688084894540648,
0.567035736111111));
#1738=CARTESIAN_POINT('Ctrl Pts',(0.899143094563982,-0.333121311902841,
0.577259300925926));
#1739=CARTESIAN_POINT('Ctrl Pts',(0.933705358404246,-0.0887331603151965,
0.583505222222222));
#1740=CARTESIAN_POINT('Ctrl Pts',(0.933738557409622,9.99721560647482E-6,
0.5857735));
#1741=CARTESIAN_POINT('Origin',(0.,0.,0.501397103125));
#1742=CARTESIAN_POINT('',(-1.01492142229189,1.16211392570398E-5,0.857647103125));
#1743=CARTESIAN_POINT('',(-1.01508227510541,3.66067092999529E-6,0.876397103125));
#1744=CARTESIAN_POINT('',(-1.015,-1.24301650113456E-16,0.501397103125));
#1745=CARTESIAN_POINT('',(-0.55804336404179,-0.847828168822505,0.9));
#1746=CARTESIAN_POINT('Ctrl Pts',(-1.01508227510541,3.66067093004714E-6,
0.876397103125));
#1747=CARTESIAN_POINT('Ctrl Pts',(-1.01508255185874,-0.00220199747828047,
0.876448992340687));
#1748=CARTESIAN_POINT('Ctrl Pts',(-1.01454446723761,-0.170519894860332,
0.880408753094363));
#1749=CARTESIAN_POINT('Ctrl Pts',(-0.928556916457895,-0.504433101197816,
0.888276385386029));
#1750=CARTESIAN_POINT('Ctrl Pts',(-0.696826510648589,-0.756480633021324,
0.89609212846201));
#1751=CARTESIAN_POINT('Ctrl Pts',(-0.558043364041793,-0.847828168822503,
0.9));
#1752=CARTESIAN_POINT('',(0.204936532200056,-0.994181622107425,0.9));
#1753=CARTESIAN_POINT('Origin',(0.,0.,0.9));
#1754=CARTESIAN_POINT('Ctrl Pts',(-1.01492142229189,1.16211392570051E-5,
0.857647103125));
#1755=CARTESIAN_POINT('Ctrl Pts',(-1.01488391441463,-0.0971404620262972,
0.859931695717593));
#1756=CARTESIAN_POINT('Ctrl Pts',(-0.976941700974942,-0.36347090294897,
0.866193931828704));
#1757=CARTESIAN_POINT('Ctrl Pts',(-0.747127762727864,-0.749443806659441,
0.876433811458333));
#1758=CARTESIAN_POINT('Ctrl Pts',(-0.300330608987644,-1.01361484974882,
0.888266851157408));
#1759=CARTESIAN_POINT('Ctrl Pts',(0.0435186628134572,-1.02742448171544,
0.896122247337963));
#1760=CARTESIAN_POINT('Ctrl Pts',(0.204936532200056,-0.994181622107425,
0.9));
#1761=CARTESIAN_POINT('Origin',(0.,0.,0.501397103125));
#1762=CARTESIAN_POINT('',(-1.01504569516846,-2.18738482778424E-5,0.707647103125));
#1763=CARTESIAN_POINT('',(-1.01501966035372,2.32449920730811E-5,0.726397103125));
#1764=CARTESIAN_POINT('',(-1.015,-1.24301650113456E-16,0.501397103125));
#1765=CARTESIAN_POINT('Ctrl Pts',(-1.01501966035372,2.32449920730994E-5,
0.726397103125));
#1766=CARTESIAN_POINT('Ctrl Pts',(-1.01488851039482,-0.134208900524237,
0.729554533884804));
#1767=CARTESIAN_POINT('Ctrl Pts',(-0.954915021393857,-0.434690493493254,
0.736619836182598));
#1768=CARTESIAN_POINT('Ctrl Pts',(-0.66686658813637,-0.81970702848744,0.747593010018382));
#1769=CARTESIAN_POINT('Ctrl Pts',(-0.201505245730788,-1.03731684660767,
0.759316624632353));
#1770=CARTESIAN_POINT('Ctrl Pts',(0.311481794463722,-1.00975730746661,0.771040239246323));
#1771=CARTESIAN_POINT('Ctrl Pts',(0.750850211590542,-0.743541840994282,
0.782763853860294));
#1772=CARTESIAN_POINT('Ctrl Pts',(1.01275550635835,-0.301590892185555,0.794487468474265));
#1773=CARTESIAN_POINT('Ctrl Pts',(1.03529634248505,0.211641657256253,0.806211083088235));
#1774=CARTESIAN_POINT('Ctrl Pts',(0.813145444457761,0.674851344614703,0.817934697702206));
#1775=CARTESIAN_POINT('Ctrl Pts',(0.398807600300296,0.97856308968433,0.829658312316176));
#1776=CARTESIAN_POINT('Ctrl Pts',(-0.109787599272989,1.05098590228017,0.841381926930147));
#1777=CARTESIAN_POINT('Ctrl Pts',(-0.592435899404392,0.875020609322789,
0.853105541544117));
#1778=CARTESIAN_POINT('Ctrl Pts',(-0.933542980014333,0.493914429901479,
0.864777266942403));
#1779=CARTESIAN_POINT('Ctrl Pts',(-1.01506170906031,0.163910143355464,0.872541120802696));
#1780=CARTESIAN_POINT('Ctrl Pts',(-1.01508227510541,3.66067093004714E-6,
0.876397103125));
#1781=CARTESIAN_POINT('Ctrl Pts',(-1.01504569516846,-2.18738482778355E-5,
0.707647103125));
#1782=CARTESIAN_POINT('Ctrl Pts',(-1.01506885169483,-0.0244747048686404,
0.708222329976852));
#1783=CARTESIAN_POINT('Ctrl Pts',(-1.00821747577298,-0.218003779290788,
0.712775200347222));
#1784=CARTESIAN_POINT('Ctrl Pts',(-0.889718480681406,-0.572959619153257,
0.721305714236112));
#1785=CARTESIAN_POINT('Ctrl Pts',(-0.506253596154277,-0.929294889881142,
0.733238644791666));
#1786=CARTESIAN_POINT('Ctrl Pts',(0.00108479034439654,-1.05824407350346,
0.745171575347223));
#1787=CARTESIAN_POINT('Ctrl Pts',(0.508157766604036,-0.928255027921613,
0.757104505902777));
#1788=CARTESIAN_POINT('Ctrl Pts',(0.890891256562379,-0.571134329679231,
0.769037436458334));
#1789=CARTESIAN_POINT('Ctrl Pts',(1.05563561506458,-0.0742646823036979,
0.780970367013889));
#1790=CARTESIAN_POINT('Ctrl Pts',(0.962079801501191,0.440776576473559,0.792903297569445));
#1791=CARTESIAN_POINT('Ctrl Pts',(0.633116263716006,0.847965610557444,0.804836228125));
#1792=CARTESIAN_POINT('Ctrl Pts',(0.149236813791344,1.04766888435367,0.816769158680556));
#1793=CARTESIAN_POINT('Ctrl Pts',(-0.37115729360317,0.991021263775438,0.828702089236111));
#1794=CARTESIAN_POINT('Ctrl Pts',(-0.800737396518172,0.691884480686091,
0.840635019791668));
#1795=CARTESIAN_POINT('Ctrl Pts',(-0.98964941709582,0.3131344346722,0.850283357754629));
#1796=CARTESIAN_POINT('Ctrl Pts',(-1.01494921838408,0.0720084510740008,
0.855954052199074));
#1797=CARTESIAN_POINT('Ctrl Pts',(-1.01492142229189,1.16211392570051E-5,
0.857647103125));
#1798=CARTESIAN_POINT('Origin',(0.,0.,0.501397103125));
#1799=CARTESIAN_POINT('',(-1.01497235273487,2.59500391083245E-5,0.557647103125));
#1800=CARTESIAN_POINT('',(-1.0149327378464,1.42785665316193E-5,0.576397103125));
#1801=CARTESIAN_POINT('',(-1.015,-1.24301650113456E-16,0.501397103125));
#1802=CARTESIAN_POINT('',(1.015,0.,0.482647103125));
#1803=CARTESIAN_POINT('Ctrl Pts',(1.015,0.,0.482647103125));
#1804=CARTESIAN_POINT('Ctrl Pts',(1.015,0.1691143692163,0.486624746643519));
#1805=CARTESIAN_POINT('Ctrl Pts',(0.928818280563684,0.507171464476931,0.494580033680555));
#1806=CARTESIAN_POINT('Ctrl Pts',(0.572026942609881,0.890321970010484,0.506512964236111));
#1807=CARTESIAN_POINT('Ctrl Pts',(0.0753567077451963,1.05555069976612,0.518445894791666));
#1808=CARTESIAN_POINT('Ctrl Pts',(-0.439795026234358,0.962535269912921,
0.530378825347223));
#1809=CARTESIAN_POINT('Ctrl Pts',(-0.847313765222616,0.633982985586043,
0.542311755902777));
#1810=CARTESIAN_POINT('Ctrl Pts',(-0.999810072633372,0.26556626876316,0.551401181828704));
#1811=CARTESIAN_POINT('Ctrl Pts',(-1.01501813613326,0.0482481774683988,
0.556512964236111));
#1812=CARTESIAN_POINT('Ctrl Pts',(-1.01497235273487,2.59500391083523E-5,
0.557647103125));
#1813=CARTESIAN_POINT('',(1.015,0.,0.501397103125));
#1814=CARTESIAN_POINT('',(1.015,0.,0.482647103125));
#1815=CARTESIAN_POINT('Ctrl Pts',(1.015,0.,0.501397103125));
#1816=CARTESIAN_POINT('Ctrl Pts',(1.015,0.166147928301953,0.50530497466299));
#1817=CARTESIAN_POINT('Ctrl Pts',(0.931869574232944,0.498286862464535,0.51312071773897));
#1818=CARTESIAN_POINT('Ctrl Pts',(0.58669876132757,0.878874476700543,0.524844332352941));
#1819=CARTESIAN_POINT('Ctrl Pts',(0.102941497649256,1.0516747982744,0.536567946966912));
#1820=CARTESIAN_POINT('Ctrl Pts',(-0.405184432119545,0.975944126275002,
0.548291561580882));
#1821=CARTESIAN_POINT('Ctrl Pts',(-0.817526317005016,0.66953372189159,0.560015176194853));
#1822=CARTESIAN_POINT('Ctrl Pts',(-0.992635652787927,0.298227666211525,
0.569383690042892));
#1823=CARTESIAN_POINT('Ctrl Pts',(-1.01496618809191,0.0660437378530632,
0.574844332352941));
#1824=CARTESIAN_POINT('Ctrl Pts',(-1.0149327378464,1.42785665316267E-5,
0.576397103125));
#1825=CARTESIAN_POINT('Origin',(-2.7,0.,0.));
#1826=CARTESIAN_POINT('',(-2.7,-0.05,0.));
#1827=CARTESIAN_POINT('',(-2.7,-0.05,0.05));
#1828=CARTESIAN_POINT('',(-2.7,-0.05,0.));
#1829=CARTESIAN_POINT('',(-2.7,0.05,0.));
#1830=CARTESIAN_POINT('Origin',(-2.7,0.,0.));
#1831=CARTESIAN_POINT('',(-2.7,0.05,0.05));
#1832=CARTESIAN_POINT('',(-2.7,0.05,0.));
#1833=CARTESIAN_POINT('',(-2.65,6.12323399573674E-18,0.05));
#1834=CARTESIAN_POINT('Origin',(-2.7,0.,0.05));
#1835=CARTESIAN_POINT('',(-2.65,-6.12323399573674E-18,0.4));
#1836=CARTESIAN_POINT('',(-2.65,6.12323399573674E-18,0.));
#1837=CARTESIAN_POINT('Origin',(-2.7,0.,0.4));
#1838=CARTESIAN_POINT('Origin',(-2.7,0.,0.05));
#1839=CARTESIAN_POINT('Origin',(-1.52875,0.,0.05));
#1840=CARTESIAN_POINT('',(-0.713249605678125,0.05,0.05));
#1841=CARTESIAN_POINT('',(-0.3575,0.05,0.05));
#1842=CARTESIAN_POINT('',(-0.713249605678125,-0.05,0.05));
#1843=CARTESIAN_POINT('Origin',(0.,0.,0.05));
#1844=CARTESIAN_POINT('',(-2.7,-0.05,0.05));
#1845=CARTESIAN_POINT('Origin',(2.7,0.,0.));
#1846=CARTESIAN_POINT('',(2.7,-0.05,0.));
#1847=CARTESIAN_POINT('',(2.7,-0.05,0.05));
#1848=CARTESIAN_POINT('',(2.7,-0.05,0.));
#1849=CARTESIAN_POINT('',(2.7,0.05,0.05));
#1850=CARTESIAN_POINT('Origin',(2.7,0.,0.05));
#1851=CARTESIAN_POINT('',(2.7,0.05,0.));
#1852=CARTESIAN_POINT('',(2.7,0.05,0.));
#1853=CARTESIAN_POINT('',(2.75,6.12323399573674E-18,0.));
#1854=CARTESIAN_POINT('Origin',(2.7,0.,0.));
#1855=CARTESIAN_POINT('',(2.75,-6.12323399573674E-18,0.4));
#1856=CARTESIAN_POINT('',(2.75,6.12323399573674E-18,0.));
#1857=CARTESIAN_POINT('Origin',(2.7,0.,0.4));
#1858=CARTESIAN_POINT('Origin',(2.7,0.,0.));
#1859=CARTESIAN_POINT('Origin',(0.,0.,0.));
#1860=CARTESIAN_POINT('',(-3.025,-1.25,0.));
#1861=CARTESIAN_POINT('',(3.025,-1.25,0.));
#1862=CARTESIAN_POINT('',(-1.875,-1.25,0.));
#1863=CARTESIAN_POINT('',(-3.025,1.25,0.));
#1864=CARTESIAN_POINT('',(-3.025,1.35,0.));
#1865=CARTESIAN_POINT('',(3.025,1.25,0.));
#1866=CARTESIAN_POINT('',(1.875,1.25,0.));
#1867=CARTESIAN_POINT('',(3.025,-1.35,0.));
#1868=CARTESIAN_POINT('',(-0.713249605678125,-0.05,0.));
#1869=CARTESIAN_POINT('',(-1.35,-0.05,0.));
#1870=CARTESIAN_POINT('',(0.713249605678125,-0.05,0.));
#1871=CARTESIAN_POINT('Origin',(0.,0.,0.));
#1872=CARTESIAN_POINT('',(0.17875,-0.05,0.));
#1873=CARTESIAN_POINT('',(0.713249605678125,0.05,0.));
#1874=CARTESIAN_POINT('',(1.35,0.05,0.));
#1875=CARTESIAN_POINT('',(-0.713249605678125,0.05,0.));
#1876=CARTESIAN_POINT('Origin',(0.,0.,0.));
#1877=CARTESIAN_POINT('',(-0.17875,0.05,0.));
#1878=CARTESIAN_POINT('Origin',(2.7,0.05,0.));
#1879=CARTESIAN_POINT('',(0.713249605678125,0.05,0.05));
#1880=CARTESIAN_POINT('',(0.713249605678125,0.05,0.));
#1881=CARTESIAN_POINT('',(2.7,0.05,0.05));
#1882=CARTESIAN_POINT('Origin',(1.52875,0.,0.05));
#1883=CARTESIAN_POINT('',(0.713249605678125,-0.05,0.05));
#1884=CARTESIAN_POINT('',(0.3575,-0.05,0.05));
#1885=CARTESIAN_POINT('',(0.715,8.75622461390358E-17,0.05));
#1886=CARTESIAN_POINT('Origin',(0.,0.,0.05));
#1887=CARTESIAN_POINT('Origin',(0.,0.,0.05));
#1888=CARTESIAN_POINT('Origin',(0.3575,-0.05,0.));
#1889=CARTESIAN_POINT('',(0.713249605678125,-0.05,0.));
#1890=CARTESIAN_POINT('Origin',(-0.3575,0.05,0.));
#1891=CARTESIAN_POINT('',(-0.713249605678125,0.05,0.));
#1892=CARTESIAN_POINT('Origin',(-2.7,-0.05,0.));
#1893=CARTESIAN_POINT('',(-0.713249605678125,-0.05,0.));
#1894=CARTESIAN_POINT('Origin',(0.,0.,0.));
#1895=CARTESIAN_POINT('',(0.715,-8.75622461390358E-17,0.34));
#1896=CARTESIAN_POINT('',(0.715,8.75622461390358E-17,0.));
#1897=CARTESIAN_POINT('Origin',(0.,0.,0.34));
#1898=CARTESIAN_POINT('Origin',(-2.7,0.,1.2));
#1899=CARTESIAN_POINT('',(-2.4855,2.62686738417107E-17,1.2));
#1900=CARTESIAN_POINT('Origin',(-2.7,0.,1.2));
#1901=CARTESIAN_POINT('',(-2.50950002792727,-2.33295181036535E-17,0.4));
#1902=CARTESIAN_POINT('',(-2.4855,-2.62686738417107E-17,1.2));
#1903=CARTESIAN_POINT('Origin',(-2.7,0.,0.4));
#1904=CARTESIAN_POINT('Origin',(-2.7,-5.39152595486187E-18,0.4));
#1905=CARTESIAN_POINT('Origin',(2.7,0.,1.2));
#1906=CARTESIAN_POINT('',(2.9145,2.62686738417107E-17,1.2));
#1907=CARTESIAN_POINT('Origin',(2.7,0.,1.2));
#1908=CARTESIAN_POINT('',(2.89049997207273,-2.33295181036535E-17,0.4));
#1909=CARTESIAN_POINT('',(2.9145,-2.62686738417107E-17,1.2));
#1910=CARTESIAN_POINT('Origin',(2.7,0.,0.4));
#1911=CARTESIAN_POINT('Origin',(2.7,-5.39152595486187E-18,0.4));
#1912=CARTESIAN_POINT('Ctrl Pts',(0.9338125,0.,0.54827070625));
#1913=CARTESIAN_POINT('Ctrl Pts',(0.9338125,0.152858140194549,0.55217857778799));
#1914=CARTESIAN_POINT('Ctrl Pts',(0.857331484520592,0.458430050005087,0.559994320863971));
#1915=CARTESIAN_POINT('Ctrl Pts',(0.539770085775568,0.808575342141798,0.571717935477941));
#1916=CARTESIAN_POINT('Ctrl Pts',(0.0947074455897498,0.967553766072521,
0.583441550091912));
#1917=CARTESIAN_POINT('Ctrl Pts',(-0.372774667506042,0.897880615189334,
0.595165164705882));
#1918=CARTESIAN_POINT('Ctrl Pts',(-0.752134279702706,0.615979269629449,
0.606888779319853));
#1919=CARTESIAN_POINT('Ctrl Pts',(-0.953735785706455,0.188498577759229,
0.618612393933824));
#1920=CARTESIAN_POINT('Ctrl Pts',(-0.929917991800735,-0.28353718921501,
0.630336008547795));
#1921=CARTESIAN_POINT('Ctrl Pts',(-0.686316508659799,-0.688557320922302,
0.642059623161764));
#1922=CARTESIAN_POINT('Ctrl Pts',(-0.280503357765087,-0.930838043497742,
0.653783237775736));
#1923=CARTESIAN_POINT('Ctrl Pts',(0.191606151402136,-0.953115129015742,
0.665506852389706));
#1924=CARTESIAN_POINT('Ctrl Pts',(0.618429867733556,-0.750124023232063,
0.677230467003676));
#1925=CARTESIAN_POINT('Ctrl Pts',(0.899087797863315,-0.369841288058496,
0.688954081617647));
#1926=CARTESIAN_POINT('Ctrl Pts',(0.9672467293162,0.0978532445593087,0.700677696231617));
#1927=CARTESIAN_POINT('Ctrl Pts',(0.806797234625657,0.542420224926844,0.712401310845589));
#1928=CARTESIAN_POINT('Ctrl Pts',(0.455661535168514,0.858786379060967,0.724124925459558));
#1929=CARTESIAN_POINT('Ctrl Pts',(-0.00316960201900404,0.972178705820474,
0.73584854007353));
#1930=CARTESIAN_POINT('Ctrl Pts',(-0.461251601298206,0.855796961291685,
0.7475721546875));
#1931=CARTESIAN_POINT('Ctrl Pts',(-0.810316962118861,0.537147934306919,
0.759295769301471));
#1932=CARTESIAN_POINT('Ctrl Pts',(-0.967864215880644,0.0915441921179113,
0.771019383915441));
#1933=CARTESIAN_POINT('Ctrl Pts',(-0.896657131962693,-0.375695975370687,
0.782742998529412));
#1934=CARTESIAN_POINT('Ctrl Pts',(-0.613525473728171,-0.754140561122588,
0.794466613143382));
#1935=CARTESIAN_POINT('Ctrl Pts',(-0.185387307664022,-0.954344273717069,
0.806190227757354));
#1936=CARTESIAN_POINT('Ctrl Pts',(0.286567086889314,-0.928989158304105,
0.817913842371323));
#1937=CARTESIAN_POINT('Ctrl Pts',(0.690791441587086,-0.684067650633964,
0.829637456985295));
#1938=CARTESIAN_POINT('Ctrl Pts',(0.931747538208137,-0.277467334984259,
0.841361071599265));
#1939=CARTESIAN_POINT('Ctrl Pts',(0.952485385041199,0.194712931100104,0.853084686213235));
#1940=CARTESIAN_POINT('Ctrl Pts',(0.748103823007599,0.620871548022677,0.864808300827206));
#1941=CARTESIAN_POINT('Ctrl Pts',(0.366907903699921,0.900290093779162,0.876531915441176));
#1942=CARTESIAN_POINT('Ctrl Pts',(-0.10100594339518,0.966919973273893,0.888255530055148));
#1943=CARTESIAN_POINT('Ctrl Pts',(-0.545048323460654,0.805029736692844,
0.899979144669117));
#1944=CARTESIAN_POINT('Ctrl Pts',(-0.860266206170729,0.452848589499705,
0.911702759283089));
#1945=CARTESIAN_POINT('Ctrl Pts',(-0.972165582422103,-0.00631741812631656,
0.923426373897059));
#1946=CARTESIAN_POINT('Ctrl Pts',(-0.854283798571268,-0.4640846653323,0.93514998851103));
#1947=CARTESIAN_POINT('Ctrl Pts',(-0.641088971403976,-0.695971498643571,
0.94296573158701));
#1948=CARTESIAN_POINT('Ctrl Pts',(-0.513406767373672,-0.780012356550309,
0.946873603125));
#1949=CARTESIAN_POINT('Ctrl Pts',(0.960875,0.,0.532646171875));
#1950=CARTESIAN_POINT('Ctrl Pts',(0.960875,0.157288069563684,0.53655404341299));
#1951=CARTESIAN_POINT('Ctrl Pts',(0.882177514424709,0.471715654158236,0.54436978648897));
#1952=CARTESIAN_POINT('Ctrl Pts',(0.555412977626236,0.832008386994714,0.556093401102941));
#1953=CARTESIAN_POINT('Ctrl Pts',(0.0974521296095852,0.995594110139811,
0.567817015716912));
#1954=CARTESIAN_POINT('Ctrl Pts',(-0.383577922377209,0.923901785551224,
0.579540630330882));
#1955=CARTESIAN_POINT('Ctrl Pts',(-0.773931625470143,0.633830753716829,
0.591264244944853));
#1956=CARTESIAN_POINT('Ctrl Pts',(-0.981375675620844,0.193961390433732,
0.602987859558823));
#1957=CARTESIAN_POINT('Ctrl Pts',(-0.956867626393449,-0.291754283313805,
0.614711474172795));
#1958=CARTESIAN_POINT('Ctrl Pts',(-0.706206412163559,-0.708512164638209,
0.626435088786764));
#1959=CARTESIAN_POINT('Ctrl Pts',(-0.288632529434473,-0.957814341793339,
0.638158703400736));
#1960=CARTESIAN_POINT('Ctrl Pts',(0.197159023603269,-0.980737031891308,
0.649882318014706));
#1961=CARTESIAN_POINT('Ctrl Pts',(0.636352371764653,-0.771863110445736,
0.661605932628677));
#1962=CARTESIAN_POINT('Ctrl Pts',(0.92514395317252,-0.380559531665305,0.673329547242647));
#1963=CARTESIAN_POINT('Ctrl Pts',(0.995278175256492,0.100689095900864,0.685053161856618));
#1964=CARTESIAN_POINT('Ctrl Pts',(0.83017874875409,0.558139919551925,0.696776776470588));
#1965=CARTESIAN_POINT('Ctrl Pts',(0.468866905942088,0.883674572765096,0.708500391084559));
#1966=CARTESIAN_POINT('Ctrl Pts',(-0.00326145916874173,1.00035308368141,
0.720224005698529));
#1967=CARTESIAN_POINT('Ctrl Pts',(-0.474618975862299,0.880598519704061,
0.7319476203125));
#1968=CARTESIAN_POINT('Ctrl Pts',(-0.833800480263395,0.552714834484611,
0.74367123492647));
#1969=CARTESIAN_POINT('Ctrl Pts',(-0.995913556987417,0.0941972029730786,
0.755394849540441));
#1970=CARTESIAN_POINT('Ctrl Pts',(-0.922642844976539,-0.386583891663807,
0.767118464154412));
#1971=CARTESIAN_POINT('Ctrl Pts',(-0.63130584519757,-0.775996050244206,
0.778842078768383));
#1972=CARTESIAN_POINT('Ctrl Pts',(-0.190759953686278,-0.982001798013936,
0.790565693382353));
#1973=CARTESIAN_POINT('Ctrl Pts',(0.294871989414117,-0.955911874691608,
0.802289307996324));
#1974=CARTESIAN_POINT('Ctrl Pts',(0.710811031588238,-0.70389238075407,0.814012922610294));
#1975=CARTESIAN_POINT('Ctrl Pts',(0.95875019425821,-0.285508520718024,0.825736537224264));
#1976=CARTESIAN_POINT('Ctrl Pts',(0.98008903752248,0.20035583981882,0.837460151838236));
#1977=CARTESIAN_POINT('Ctrl Pts',(0.769784363490986,0.638864813553353,0.849183766452205));
#1978=CARTESIAN_POINT('Ctrl Pts',(0.377541135900046,0.926381092414217,0.860907381066177));
#1979=CARTESIAN_POINT('Ctrl Pts',(-0.103933162021117,0.994941949609319,
0.872630995680147));
#1980=CARTESIAN_POINT('Ctrl Pts',(-0.560844182108567,0.828360027569492,
0.884354610294118));
#1981=CARTESIAN_POINT('Ctrl Pts',(-0.885197286237118,0.465972439258983,
0.896078224908088));
#1982=CARTESIAN_POINT('Ctrl Pts',(-1.00033957995833,-0.00650050105575189,
0.907801839522059));
#1983=CARTESIAN_POINT('Ctrl Pts',(-0.879041504533477,-0.477534143954139,
0.91952545413603));
#1984=CARTESIAN_POINT('Ctrl Pts',(-0.65966815115218,-0.716141210102822,
0.92734119721201));
#1985=CARTESIAN_POINT('Ctrl Pts',(-0.528285632929712,-0.802617627307707,
0.93124906875));
#1986=CARTESIAN_POINT('Ctrl Pts',(0.9879375,0.,0.5170216375));
#1987=CARTESIAN_POINT('Ctrl Pts',(0.9879375,0.161717998932819,0.52092950903799));
#1988=CARTESIAN_POINT('Ctrl Pts',(0.907023544328826,0.485001258311386,0.528745252113971));
#1989=CARTESIAN_POINT('Ctrl Pts',(0.571055869476903,0.855441431847627,0.540468866727941));
#1990=CARTESIAN_POINT('Ctrl Pts',(0.100196813629421,1.0236344542071,0.552192481341912));
#1991=CARTESIAN_POINT('Ctrl Pts',(-0.394381177248377,0.949922955913113,
0.563916095955882));
#1992=CARTESIAN_POINT('Ctrl Pts',(-0.795728971237579,0.65168223780421,0.575639710569853));
#1993=CARTESIAN_POINT('Ctrl Pts',(-1.00901556553524,0.199424203108235,0.587363325183823));
#1994=CARTESIAN_POINT('Ctrl Pts',(-0.98381726098616,-0.299971377412601,
0.599086939797794));
#1995=CARTESIAN_POINT('Ctrl Pts',(-0.726096315667321,-0.728467008354114,
0.610810554411764));
#1996=CARTESIAN_POINT('Ctrl Pts',(-0.296761701103858,-0.984790640088938,
0.622534169025736));
#1997=CARTESIAN_POINT('Ctrl Pts',(0.202711895804402,-1.00835893476687,0.634257783639706));
#1998=CARTESIAN_POINT('Ctrl Pts',(0.65427487579575,-0.793602197659409,0.645981398253677));
#1999=CARTESIAN_POINT('Ctrl Pts',(0.951200108481723,-0.391277775272114,
0.657705012867647));
#2000=CARTESIAN_POINT('Ctrl Pts',(1.02330962119679,0.10352494724242,0.669428627481617));
#2001=CARTESIAN_POINT('Ctrl Pts',(0.853560262882522,0.573859614177005,0.681152242095589));
#2002=CARTESIAN_POINT('Ctrl Pts',(0.482072276715662,0.908562766469226,0.692875856709558));
#2003=CARTESIAN_POINT('Ctrl Pts',(-0.00335331631847947,1.02852746154235,
0.70459947132353));
#2004=CARTESIAN_POINT('Ctrl Pts',(-0.487986350426393,0.905400078116437,
0.716323085937499));
#2005=CARTESIAN_POINT('Ctrl Pts',(-0.857283998407927,0.568281734662302,
0.728046700551471));
#2006=CARTESIAN_POINT('Ctrl Pts',(-1.02396289809419,0.0968502138282465,
0.739770315165441));
#2007=CARTESIAN_POINT('Ctrl Pts',(-0.948628557990382,-0.397471807956928,
0.751493929779411));
#2008=CARTESIAN_POINT('Ctrl Pts',(-0.649086216666971,-0.797851539365823,
0.763217544393383));
#2009=CARTESIAN_POINT('Ctrl Pts',(-0.196132599708533,-1.0096593223108,0.774941159007352));
#2010=CARTESIAN_POINT('Ctrl Pts',(0.303176891938919,-0.982834591079111,
0.786664773621324));
#2011=CARTESIAN_POINT('Ctrl Pts',(0.730830621589389,-0.723717110874177,
0.798388388235294));
#2012=CARTESIAN_POINT('Ctrl Pts',(0.985752850308282,-0.293549706451789,
0.810112002849265));
#2013=CARTESIAN_POINT('Ctrl Pts',(1.00769269000376,0.205998748537536,0.821835617463235));
#2014=CARTESIAN_POINT('Ctrl Pts',(0.791464903974373,0.656858079084029,0.833559232077206));
#2015=CARTESIAN_POINT('Ctrl Pts',(0.388174368100171,0.952472091049273,0.845282846691176));
#2016=CARTESIAN_POINT('Ctrl Pts',(-0.106860380647053,1.02296392594475,0.857006461305147));
#2017=CARTESIAN_POINT('Ctrl Pts',(-0.576640040756479,0.85169031844614,0.868730075919118));
#2018=CARTESIAN_POINT('Ctrl Pts',(-0.910128366303509,0.479096289018262,
0.880453690533088));
#2019=CARTESIAN_POINT('Ctrl Pts',(-1.02851357749456,-0.0066835839851877,
0.892177305147059));
#2020=CARTESIAN_POINT('Ctrl Pts',(-0.903799210495686,-0.490983622575977,
0.903900919761029));
#2021=CARTESIAN_POINT('Ctrl Pts',(-0.678247330900385,-0.736310921562073,
0.91171666283701));
#2022=CARTESIAN_POINT('Ctrl Pts',(-0.543164498485753,-0.825222898065105,
0.915624534375));
#2023=CARTESIAN_POINT('Ctrl Pts',(1.015,0.,0.501397103125));
#2024=CARTESIAN_POINT('Ctrl Pts',(1.015,0.166147928301953,0.50530497466299));
#2025=CARTESIAN_POINT('Ctrl Pts',(0.931869574232944,0.498286862464535,0.51312071773897));
#2026=CARTESIAN_POINT('Ctrl Pts',(0.58669876132757,0.878874476700543,0.524844332352941));
#2027=CARTESIAN_POINT('Ctrl Pts',(0.102941497649256,1.0516747982744,0.536567946966912));
#2028=CARTESIAN_POINT('Ctrl Pts',(-0.405184432119545,0.975944126275002,
0.548291561580882));
#2029=CARTESIAN_POINT('Ctrl Pts',(-0.817526317005016,0.66953372189159,0.560015176194853));
#2030=CARTESIAN_POINT('Ctrl Pts',(-1.03665545544962,0.204887015782738,0.571738790808824));
#2031=CARTESIAN_POINT('Ctrl Pts',(-1.01076689557887,-0.308188471511396,
0.583462405422794));
#2032=CARTESIAN_POINT('Ctrl Pts',(-0.745986219171081,-0.748421852070021,
0.595186020036765));
#2033=CARTESIAN_POINT('Ctrl Pts',(-0.304890872773243,-1.01176693838454,
0.606909634650735));
#2034=CARTESIAN_POINT('Ctrl Pts',(0.208264768005535,-1.03598083764244,0.618633249264706));
#2035=CARTESIAN_POINT('Ctrl Pts',(0.672197379826848,-0.815341284873081,
0.630356863878676));
#2036=CARTESIAN_POINT('Ctrl Pts',(0.977256263790927,-0.401996018878923,
0.642080478492647));
#2037=CARTESIAN_POINT('Ctrl Pts',(1.05134106713708,0.106360798583975,0.653804093106617));
#2038=CARTESIAN_POINT('Ctrl Pts',(0.876941777010955,0.589579308802086,0.665527707720588));
#2039=CARTESIAN_POINT('Ctrl Pts',(0.495277647489236,0.933450960173355,0.677251322334559));
#2040=CARTESIAN_POINT('Ctrl Pts',(-0.00344517346821692,1.05670183940329,
0.688974936948529));
#2041=CARTESIAN_POINT('Ctrl Pts',(-0.501353724990487,0.930201636528812,
0.700698551562501));
#2042=CARTESIAN_POINT('Ctrl Pts',(-0.88076751655246,0.583848634839995,0.71242216617647));
#2043=CARTESIAN_POINT('Ctrl Pts',(-1.05201223920097,0.0995032246834136,
0.724145780790442));
#2044=CARTESIAN_POINT('Ctrl Pts',(-0.974614271004226,-0.408359724250048,
0.735869395404411));
#2045=CARTESIAN_POINT('Ctrl Pts',(-0.66686658813637,-0.81970702848744,0.747593010018382));
#2046=CARTESIAN_POINT('Ctrl Pts',(-0.201505245730788,-1.03731684660767,
0.759316624632353));
#2047=CARTESIAN_POINT('Ctrl Pts',(0.311481794463722,-1.00975730746661,0.771040239246323));
#2048=CARTESIAN_POINT('Ctrl Pts',(0.750850211590542,-0.743541840994282,
0.782763853860294));
#2049=CARTESIAN_POINT('Ctrl Pts',(1.01275550635835,-0.301590892185555,0.794487468474265));
#2050=CARTESIAN_POINT('Ctrl Pts',(1.03529634248505,0.211641657256253,0.806211083088235));
#2051=CARTESIAN_POINT('Ctrl Pts',(0.813145444457761,0.674851344614703,0.817934697702206));
#2052=CARTESIAN_POINT('Ctrl Pts',(0.398807600300296,0.97856308968433,0.829658312316176));
#2053=CARTESIAN_POINT('Ctrl Pts',(-0.109787599272989,1.05098590228017,0.841381926930147));
#2054=CARTESIAN_POINT('Ctrl Pts',(-0.592435899404392,0.875020609322789,
0.853105541544117));
#2055=CARTESIAN_POINT('Ctrl Pts',(-0.935059446369898,0.492220138777539,
0.864829156158089));
#2056=CARTESIAN_POINT('Ctrl Pts',(-1.05668757503078,-0.00686666691462278,
0.876552770772059));
#2057=CARTESIAN_POINT('Ctrl Pts',(-0.928556916457895,-0.504433101197816,
0.888276385386029));
#2058=CARTESIAN_POINT('Ctrl Pts',(-0.696826510648589,-0.756480633021324,
0.89609212846201));
#2059=CARTESIAN_POINT('Ctrl Pts',(-0.558043364041793,-0.847828168822503,
0.9));
#2060=CARTESIAN_POINT('',(-0.883208752771216,-0.455637557916996,0.9));
#2061=CARTESIAN_POINT('Ctrl Pts',(-0.558043364041793,-0.847828168822503,
0.9));
#2062=CARTESIAN_POINT('Ctrl Pts',(-0.594206870442379,-0.821855538270049,
0.9));
#2063=CARTESIAN_POINT('Ctrl Pts',(-0.628506934853176,-0.793548796723596,
0.9));
#2064=CARTESIAN_POINT('Ctrl Pts',(-0.660782339100657,-0.763158342966816,
0.9));
#2065=CARTESIAN_POINT('Ctrl Pts',(-0.693125870858469,-0.732703740487485,
0.9));
#2066=CARTESIAN_POINT('Ctrl Pts',(-0.723436911376912,-0.700155695232307,
0.9));
#2067=CARTESIAN_POINT('Ctrl Pts',(-0.751516474379223,-0.665728974932368,
0.9));
#2068=CARTESIAN_POINT('Ctrl Pts',(-0.776787984610749,-0.634745044939363,
0.9));
#2069=CARTESIAN_POINT('Ctrl Pts',(-0.800251913516554,-0.602238462974943,
0.9));
#2070=CARTESIAN_POINT('Ctrl Pts',(-0.821730458954318,-0.568349285221853,
0.9));
#2071=CARTESIAN_POINT('Ctrl Pts',(-0.826186118388141,-0.561319077566609,
0.9));
#2072=CARTESIAN_POINT('Ctrl Pts',(-0.830554849646839,-0.554231323900896,
0.9));
#2073=CARTESIAN_POINT('Ctrl Pts',(-0.834829705256932,-0.547096727587198,
0.9));
#2074=CARTESIAN_POINT('Ctrl Pts',(-0.848951697295659,-0.523527577765225,
0.9));
#2075=CARTESIAN_POINT('Ctrl Pts',(-0.862067872485828,-0.499419183319689,
0.9));
#2076=CARTESIAN_POINT('Ctrl Pts',(-0.874134646422001,-0.474824081112431,
0.9));
#2077=CARTESIAN_POINT('Ctrl Pts',(-0.877249222186846,-0.468475796999891,
0.9));
#2078=CARTESIAN_POINT('Ctrl Pts',(-0.880293850280792,-0.462095065709766,
0.9));
#2079=CARTESIAN_POINT('Ctrl Pts',(-0.883268396016001,-0.455683140628386,
0.9));
#2080=CARTESIAN_POINT('Ctrl Pts',(-1.0149327378464,1.42785665316267E-5,
0.576397103125));
#2081=CARTESIAN_POINT('Ctrl Pts',(-1.01488200357174,-0.100133169426428,
0.578752203890931));
#2082=CARTESIAN_POINT('Ctrl Pts',(-0.975697191492726,-0.366496557261799,
0.585015176194853));
#2083=CARTESIAN_POINT('Ctrl Pts',(-0.745986219171081,-0.748421852070021,
0.595186020036765));
#2084=CARTESIAN_POINT('Ctrl Pts',(-0.304890872773243,-1.01176693838454,
0.606909634650735));
#2085=CARTESIAN_POINT('Ctrl Pts',(0.208264768005535,-1.03598083764244,0.618633249264706));
#2086=CARTESIAN_POINT('Ctrl Pts',(0.672197379826848,-0.815341284873081,
0.630356863878676));
#2087=CARTESIAN_POINT('Ctrl Pts',(0.977256263790927,-0.401996018878923,
0.642080478492647));
#2088=CARTESIAN_POINT('Ctrl Pts',(1.05134106713708,0.106360798583975,0.653804093106617));
#2089=CARTESIAN_POINT('Ctrl Pts',(0.876941777010955,0.589579308802086,0.665527707720588));
#2090=CARTESIAN_POINT('Ctrl Pts',(0.495277647489236,0.933450960173355,0.677251322334559));
#2091=CARTESIAN_POINT('Ctrl Pts',(-0.00344517346821692,1.05670183940329,
0.688974936948529));
#2092=CARTESIAN_POINT('Ctrl Pts',(-0.501353724990487,0.930201636528812,
0.700698551562501));
#2093=CARTESIAN_POINT('Ctrl Pts',(-0.88076751655246,0.583848634839995,0.71242216617647));
#2094=CARTESIAN_POINT('Ctrl Pts',(-1.00589221798327,0.229948240726149,0.720988350030637));
#2095=CARTESIAN_POINT('Ctrl Pts',(-1.01505083135468,0.0319268031068764,
0.725646662346814));
#2096=CARTESIAN_POINT('Ctrl Pts',(-1.01501966035372,2.32449920730994E-5,
0.726397103125));
#2097=CARTESIAN_POINT('',(1.015,0.,0.501397103125));
#2098=CARTESIAN_POINT('Ctrl Pts',(0.933824474441702,2.18742525576743E-5,
0.69827070625));
#2099=CARTESIAN_POINT('Ctrl Pts',(0.933704987077957,-0.121446125316865,
0.695165164705882));
#2100=CARTESIAN_POINT('Ctrl Pts',(0.909871437315756,-0.242959656118584,
0.692059623161765));
#2101=CARTESIAN_POINT('Ctrl Pts',(0.863671298083836,-0.355272655151123,
0.688954081617647));
#2102=CARTESIAN_POINT('Ctrl Pts',(0.805535154486728,-0.496602199783019,
0.685046210079657));
#2103=CARTESIAN_POINT('Ctrl Pts',(0.711982511110142,-0.623363111507541,
0.681138338541667));
#2104=CARTESIAN_POINT('Ctrl Pts',(0.594068903366612,-0.720575418333749,
0.677230467003676));
#2105=CARTESIAN_POINT('Ctrl Pts',(0.476155295623082,-0.817787725159956,
0.673322595465686));
#2106=CARTESIAN_POINT('Ctrl Pts',(0.333880723512609,-0.88545142708785,0.669414723927696));
#2107=CARTESIAN_POINT('Ctrl Pts',(0.184058519262835,-0.915570430465463,
0.665506852389706));
#2108=CARTESIAN_POINT('Ctrl Pts',(0.0342363150130612,-0.945689433843076,
0.661598980851716));
#2109=CARTESIAN_POINT('Ctrl Pts',(-0.123133521376013,-0.938263738670409,
0.657691109313726));
#2110=CARTESIAN_POINT('Ctrl Pts',(-0.269453964719669,-0.894170770654836,
0.653783237775735));
#2111=CARTESIAN_POINT('Ctrl Pts',(-0.415774408063324,-0.850077802639262,
0.649875366237745));
#2112=CARTESIAN_POINT('Ctrl Pts',(-0.551045458361561,-0.769317561780782,
0.645967494699755));
#2113=CARTESIAN_POINT('Ctrl Pts',(-0.659281230700836,-0.661434086066994,
0.642059623161764));
#2114=CARTESIAN_POINT('Ctrl Pts',(-0.767517003040111,-0.553550610353205,
0.638151751623774));
#2115=CARTESIAN_POINT('Ctrl Pts',(-0.848717497420423,-0.418543899784108,
0.634243880085785));
#2116=CARTESIAN_POINT('Ctrl Pts',(-0.893287376928199,-0.272367916670519,
0.630336008547794));
#2117=CARTESIAN_POINT('Ctrl Pts',(-0.937857256435975,-0.126191933556931,
0.626428137009804));
#2118=CARTESIAN_POINT('Ctrl Pts',(-0.945796521071215,0.0311533221011492,
0.622520265471814));
#2119=CARTESIAN_POINT('Ctrl Pts',(-0.91616590238821,0.181072731908559,0.618612393933824));
#2120=CARTESIAN_POINT('Ctrl Pts',(-0.886535283705205,0.330992141715969,
0.614704522395833));
#2121=CARTESIAN_POINT('Ctrl Pts',(-0.819334781703956,0.473485705672709,
0.610796650857843));
#2122=CARTESIAN_POINT('Ctrl Pts',(-0.722507928670553,0.591716045244393,
0.606888779319853));
#2123=CARTESIAN_POINT('Ctrl Pts',(-0.625681075637151,0.709946384816077,
0.602980907781863));
#2124=CARTESIAN_POINT('Ctrl Pts',(-0.499227871571596,0.803913500002706,
0.599073036243872));
#2125=CARTESIAN_POINT('Ctrl Pts',(-0.358087584022854,0.862509249409885,
0.595165164705882));
#2126=CARTESIAN_POINT('Ctrl Pts',(-0.216947296474111,0.921104998817063,
0.591257293167892));
#2127=CARTESIAN_POINT('Ctrl Pts',(-0.0611199254421806,0.944329382444792,
0.587349421629902));
#2128=CARTESIAN_POINT('Ctrl Pts',(0.0909708667714209,0.929445170270203,
0.583441550091912));
#2129=CARTESIAN_POINT('Ctrl Pts',(0.243061658985023,0.914560958095613,0.579533678553922));
#2130=CARTESIAN_POINT('Ctrl Pts',(0.391415872380295,0.861568150118705,0.575625807015931));
#2131=CARTESIAN_POINT('Ctrl Pts',(0.518519878868769,0.7767141974408,0.571717935477941));
#2132=CARTESIAN_POINT('Ctrl Pts',(0.645623885357243,0.691860244762894,0.567810063939951));
#2133=CARTESIAN_POINT('Ctrl Pts',(0.751477684938917,0.575145147383991,0.563902192401961));
#2134=CARTESIAN_POINT('Ctrl Pts',(0.823524838599607,0.440394621241904,0.55999432086397));
#2135=CARTESIAN_POINT('Ctrl Pts',(0.895571992260296,0.305644095099818,0.55608644932598));
#2136=CARTESIAN_POINT('Ctrl Pts',(0.9338125,0.152858140194549,0.55217857778799));
#2137=CARTESIAN_POINT('Ctrl Pts',(0.9338125,0.,0.54827070625));
#2138=CARTESIAN_POINT('Ctrl Pts',(-0.883268396016,-0.455683140628389,0.9));
#2139=CARTESIAN_POINT('Ctrl Pts',(-0.900478636105601,-0.421009691521845,
0.899410354443437));
#2140=CARTESIAN_POINT('Ctrl Pts',(-0.915643510626756,-0.385291458478681,
0.898819868599728));
#2141=CARTESIAN_POINT('Ctrl Pts',(-0.928704320031963,-0.348721236775299,
0.898227527209438));
#2142=CARTESIAN_POINT('Ctrl Pts',(-0.9323337900247,-0.338558733198202,0.898062921384882));
#2143=CARTESIAN_POINT('Ctrl Pts',(-0.935800598047621,-0.328330400690343,
0.897898172269595));
#2144=CARTESIAN_POINT('Ctrl Pts',(-0.939103061841441,-0.318040321649056,
0.89773325807663));
#2145=CARTESIAN_POINT('Ctrl Pts',(-0.941695005482156,-0.309964137745561,
0.897603824925987));
#2146=CARTESIAN_POINT('Ctrl Pts',(-0.944185478162801,-0.301850263555527,
0.897474296122197));
#2147=CARTESIAN_POINT('Ctrl Pts',(-0.946570102665579,-0.293713898129254,
0.897344869883555));
#2148=CARTESIAN_POINT('Ctrl Pts',(-0.958960478630013,-0.25143779700806,
0.896672378363583));
#2149=CARTESIAN_POINT('Ctrl Pts',(-0.96852680634367,-0.208465832320608,
0.896001207392685));
#2150=CARTESIAN_POINT('Ctrl Pts',(-0.975223903988193,-0.165091455988358,
0.895329853282593));
#2151=CARTESIAN_POINT('Ctrl Pts',(-0.981882423733434,-0.121966933012056,
0.894662366434503));
#2152=CARTESIAN_POINT('Ctrl Pts',(-0.985704865718936,-0.0784434881491178,
0.893994698551049));
#2153=CARTESIAN_POINT('Ctrl Pts',(-0.986596830593967,-0.0348007899260148,
0.893325371780059));
#2154=CARTESIAN_POINT('Ctrl Pts',(-0.986790023092321,-0.0253481285705499,
0.893180400924453));
#2155=CARTESIAN_POINT('Ctrl Pts',(-0.986845547073162,-0.0158898762103466,
0.893035352246925));
#2156=CARTESIAN_POINT('Ctrl Pts',(-0.98676211751747,-0.00642889959926927,
0.892890210731327));
#2157=CARTESIAN_POINT('Ctrl Pts',(-0.986547167676706,0.0179465797993726,
0.892516264766891));
#2158=CARTESIAN_POINT('Ctrl Pts',(-0.985410176198801,0.0423402540302813,
0.892141702547396));
#2159=CARTESIAN_POINT('Ctrl Pts',(-0.983358685558647,0.0667022944691947,
0.891766267263924));
#2160=CARTESIAN_POINT('Ctrl Pts',(-0.982585051584317,0.0758894200639434,
0.891624687534155));
#2161=CARTESIAN_POINT('Ctrl Pts',(-0.981681898826851,0.0850643575345902,
0.891483101724268));
#2162=CARTESIAN_POINT('Ctrl Pts',(-0.980651093713309,0.0942174387529733,
0.891341604779249));
#2163=CARTESIAN_POINT('Ctrl Pts',(-0.975747360687179,0.137760360758088,
0.89066847730513));
#2164=CARTESIAN_POINT('Ctrl Pts',(-0.967954842063273,0.180859044700653,
0.889996587291336));
#2165=CARTESIAN_POINT('Ctrl Pts',(-0.95737888751213,0.22323452612829,0.889324425665604));
#2166=CARTESIAN_POINT('Ctrl Pts',(-0.947273249282428,0.263725555382087,
0.888682155297602));
#2167=CARTESIAN_POINT('Ctrl Pts',(-0.934625622379709,0.303557157838909,
0.888039636937871));
#2168=CARTESIAN_POINT('Ctrl Pts',(-0.919484983795339,0.342475903717607,
0.88739555402067));
#2169=CARTESIAN_POINT('Ctrl Pts',(-0.911914664503154,0.361935276656956,
0.88707351256207));
#2170=CARTESIAN_POINT('Ctrl Pts',(-0.903720461871412,0.381166195173117,
0.886751079964102));
#2171=CARTESIAN_POINT('Ctrl Pts',(-0.894904863464942,0.400134966945403,
0.886428091656049));
#2172=CARTESIAN_POINT('Ctrl Pts',(-0.890197340691755,0.410264276491978,
0.886255616147805));
#2173=CARTESIAN_POINT('Ctrl Pts',(-0.885312583753525,0.420318806023469,
0.886082982175952));
#2174=CARTESIAN_POINT('Ctrl Pts',(-0.8802507029147,0.430293210557396,0.885910164680871));
#2175=CARTESIAN_POINT('Ctrl Pts',(-0.876499525212038,0.437684882759164,
0.885782095855306));
#2176=CARTESIAN_POINT('Ctrl Pts',(-0.872652311302972,0.445029910220179,
0.885653971200722));
#2177=CARTESIAN_POINT('Ctrl Pts',(-0.868714345046178,0.452317276988717,
0.885525938992855));
#2178=CARTESIAN_POINT('Ctrl Pts',(-0.868015042502741,0.453611364795438,
0.885503203082295));
#2179=CARTESIAN_POINT('Ctrl Pts',(-0.867312836046118,0.454903717678342,
0.885480468644663));
#2180=CARTESIAN_POINT('Ctrl Pts',(-0.866607729203262,0.45619432526306,0.885457735621827));
#2181=CARTESIAN_POINT('Ctrl Pts',(-0.845724825543089,0.494417800368802,
0.884784459606136));
#2182=CARTESIAN_POINT('Ctrl Pts',(-0.822301990487427,0.531112277666697,
0.88411242457292));
#2183=CARTESIAN_POINT('Ctrl Pts',(-0.796573043803126,0.566085288205121,
0.883440120350697));
#2184=CARTESIAN_POINT('Ctrl Pts',(-0.770777422449872,0.601148928722632,
0.882766073901634));
#2185=CARTESIAN_POINT('Ctrl Pts',(-0.742662916699619,0.634483032704217,
0.88209175686659));
#2186=CARTESIAN_POINT('Ctrl Pts',(-0.712422597575687,0.665863157192771,
0.881415647303138));
#2187=CARTESIAN_POINT('Ctrl Pts',(-0.699359141943236,0.679418995089754,
0.881123576070403));
#2188=CARTESIAN_POINT('Ctrl Pts',(-0.685898514413599,0.692609732049199,
0.880831170327398));
#2189=CARTESIAN_POINT('Ctrl Pts',(-0.672054403089119,0.705414895021611,
0.880538307382944));
#2190=CARTESIAN_POINT('Ctrl Pts',(-0.664410418663902,0.712485227239354,
0.880376603989084));
#2191=CARTESIAN_POINT('Ctrl Pts',(-0.656649505265363,0.719437983076955,
0.880214761209911));
#2192=CARTESIAN_POINT('Ctrl Pts',(-0.648773848785622,0.726269495955609,
0.880052758392693));
#2193=CARTESIAN_POINT('Ctrl Pts',(-0.642471954513566,0.731735893834973,
0.879923127976675));
#2194=CARTESIAN_POINT('Ctrl Pts',(-0.636097036547991,0.737124124019712,
0.879793405693125));
#2195=CARTESIAN_POINT('Ctrl Pts',(-0.629660578062725,0.742424174966044,
0.879663785450028));
#2196=CARTESIAN_POINT('Ctrl Pts',(-0.602510021192893,0.764781086761681,
0.879117015547022));
#2197=CARTESIAN_POINT('Ctrl Pts',(-0.574219717336078,0.785610653636766,
0.878571110061594));
#2198=CARTESIAN_POINT('Ctrl Pts',(-0.544897885683511,0.804804298918912,
0.878025260512326));
#2199=CARTESIAN_POINT('Ctrl Pts',(-0.508608173052337,0.828559017924428,
0.877349698237859));
#2200=CARTESIAN_POINT('Ctrl Pts',(-0.470738634689247,0.849809697320475,
0.876674221643011));
#2201=CARTESIAN_POINT('Ctrl Pts',(-0.431573978032423,0.868470145622973,
0.875997298062427));
#2202=CARTESIAN_POINT('Ctrl Pts',(-0.405617548943192,0.880837382935461,
0.875548666045244));
#2203=CARTESIAN_POINT('Ctrl Pts',(-0.379091616301842,0.892065976623445,
0.875099398454983));
#2204=CARTESIAN_POINT('Ctrl Pts',(-0.352074909991758,0.902118927236251,
0.874649049122837));
#2205=CARTESIAN_POINT('Ctrl Pts',(-0.341444946715958,0.906074350025434,
0.874471855174506));
#2206=CARTESIAN_POINT('Ctrl Pts',(-0.330738986067839,0.909847662796224,
0.874294493761824));
#2207=CARTESIAN_POINT('Ctrl Pts',(-0.319961772210557,0.913436177498999,
0.874116937708055));
#2208=CARTESIAN_POINT('Ctrl Pts',(-0.311996520778183,0.916088386340254,
0.873985709114994));
#2209=CARTESIAN_POINT('Ctrl Pts',(-0.303995828087552,0.918638397887687,
0.873854431908626));
#2210=CARTESIAN_POINT('Ctrl Pts',(-0.295971110230801,0.921082705184672,
0.873723248018029));
#2211=CARTESIAN_POINT('Ctrl Pts',(-0.254546219814056,0.933700614465715,
0.8730460555747));
#2212=CARTESIAN_POINT('Ctrl Pts',(-0.212409843512633,0.943530140010316,
0.872370149449624));
#2213=CARTESIAN_POINT('Ctrl Pts',(-0.169842212036442,0.95048987673843,0.871693993036409));
#2214=CARTESIAN_POINT('Ctrl Pts',(-0.146743051278662,0.954266550984551,
0.871327079371151));
#2215=CARTESIAN_POINT('Ctrl Pts',(-0.123516552446432,0.957197338355266,
0.870960092004839));
#2216=CARTESIAN_POINT('Ctrl Pts',(-0.100206095090606,0.959262947853924,
0.870592785402826));
#2217=CARTESIAN_POINT('Ctrl Pts',(-0.0610986124369264,0.962728379115308,
0.869976562548528));
#2218=CARTESIAN_POINT('Ctrl Pts',(-0.0217543621744597,0.963760539919807,
0.869359441170427));
#2219=CARTESIAN_POINT('Ctrl Pts',(0.0176056738323151,0.962382439730981,
0.868740261850673));
#2220=CARTESIAN_POINT('Ctrl Pts',(0.030117552349587,0.961944365382058,0.868543435393812));
#2221=CARTESIAN_POINT('Ctrl Pts',(0.0426309792867272,0.961262468842373,
0.868346400983025));
#2222=CARTESIAN_POINT('Ctrl Pts',(0.0551386657159726,0.960336752359167,
0.868149121375621));
#2223=CARTESIAN_POINT('Ctrl Pts',(0.0633107465786552,0.959731921881567,
0.868020225842991));
#2224=CARTESIAN_POINT('Ctrl Pts',(0.071470257637083,0.959023750017112,0.867891385156718));
#2225=CARTESIAN_POINT('Ctrl Pts',(0.0796152051833045,0.95821292485201,0.867762589151464));
#2226=CARTESIAN_POINT('Ctrl Pts',(0.122469230827883,0.953946829555343,0.867084938708567));
#2227=CARTESIAN_POINT('Ctrl Pts',(0.164920465532075,0.946843222422493,0.86640852135738));
#2228=CARTESIAN_POINT('Ctrl Pts',(0.206683235304978,0.936970438233818,0.865731796612342));
#2229=CARTESIAN_POINT('Ctrl Pts',(0.248141990570657,0.927169523550838,0.865059998124375));
#2230=CARTESIAN_POINT('Ctrl Pts',(0.288923386292746,0.914639334048166,0.86438789670165));
#2231=CARTESIAN_POINT('Ctrl Pts',(0.32873657020852,0.899397449869342,0.863713985256463));
#2232=CARTESIAN_POINT('Ctrl Pts',(0.339631248471565,0.895226584645345,0.863529572766654));
#2233=CARTESIAN_POINT('Ctrl Pts',(0.350453305707412,0.890852389676277,0.863345024739505));
#2234=CARTESIAN_POINT('Ctrl Pts',(0.361196462044528,0.886274614155666,0.863160310293326));
#2235=CARTESIAN_POINT('Ctrl Pts',(0.376030916777563,0.879953491981926,0.862905251351205));
#2236=CARTESIAN_POINT('Ctrl Pts',(0.390714960283655,0.873244230223241,0.862649875100101));
#2237=CARTESIAN_POINT('Ctrl Pts',(0.405235317036375,0.866154810658472,0.862394100234481));
#2238=CARTESIAN_POINT('Ctrl Pts',(0.412882518031423,0.862421140937178,0.862259395430722));
#2239=CARTESIAN_POINT('Ctrl Pts',(0.420484413140927,0.85858181587441,0.862124577085171));
#2240=CARTESIAN_POINT('Ctrl Pts',(0.428025965406158,0.854645146716967,0.861989869102379));
#2241=CARTESIAN_POINT('Ctrl Pts',(0.465974481517824,0.834836127606102,0.86131202880166));
#2242=CARTESIAN_POINT('Ctrl Pts',(0.502480859760766,0.812526202104601,0.860635508804655));
#2243=CARTESIAN_POINT('Ctrl Pts',(0.537331181565468,0.787922008345676,0.859958768170383));
#2244=CARTESIAN_POINT('Ctrl Pts',(0.573512994258838,0.762377787117375,0.859256171993268));
#2245=CARTESIAN_POINT('Ctrl Pts',(0.607911045998467,0.734360097138132,0.858553337997493));
#2246=CARTESIAN_POINT('Ctrl Pts',(0.640252761160169,0.704051558105994,0.857848541788711));
#2247=CARTESIAN_POINT('Ctrl Pts',(0.65690818240048,0.688443187237759,0.85748558398987));
#2248=CARTESIAN_POINT('Ctrl Pts',(0.673017599960616,0.672226543012601,0.857122105798208));
#2249=CARTESIAN_POINT('Ctrl Pts',(0.688538820288131,0.655422584127496,0.856757871701037));
#2250=CARTESIAN_POINT('Ctrl Pts',(0.69456847280876,0.648894615906563,0.856616374770012));
#2251=CARTESIAN_POINT('Ctrl Pts',(0.700510311408787,0.642276844801351,0.856474739615406));
#2252=CARTESIAN_POINT('Ctrl Pts',(0.706358594967055,0.635573973127425,0.85633302769177));
#2253=CARTESIAN_POINT('Ctrl Pts',(0.714688695183176,0.626026626077082,0.856131177950055));
#2254=CARTESIAN_POINT('Ctrl Pts',(0.72281716863374,0.616320334571843,0.855929460659571));
#2255=CARTESIAN_POINT('Ctrl Pts',(0.730738445000874,0.60646004962334,0.855727835183825));
#2256=CARTESIAN_POINT('Ctrl Pts',(0.757407620670172,0.573262663336955,0.855049007052743));
#2257=CARTESIAN_POINT('Ctrl Pts',(0.781731331507536,0.538322422162214,0.85437121965927));
#2258=CARTESIAN_POINT('Ctrl Pts',(0.803617801246342,0.50192437320758,0.853692922190129));
#2259=CARTESIAN_POINT('Ctrl Pts',(0.825515765721392,0.465507208060268,0.853014268480324));
#2260=CARTESIAN_POINT('Ctrl Pts',(0.844974407777301,0.427629615610566,0.85233510415893));
#2261=CARTESIAN_POINT('Ctrl Pts',(0.86185679985603,0.38855103493657,0.851653875967933));
#2262=CARTESIAN_POINT('Ctrl Pts',(0.869842689708219,0.370065666311845,0.851331634115466));
#2263=CARTESIAN_POINT('Ctrl Pts',(0.877251427083424,0.351311291273843,0.851008930455564));
#2264=CARTESIAN_POINT('Ctrl Pts',(0.884064528273048,0.332314404786923,0.850685600584519));
#2265=CARTESIAN_POINT('Ctrl Pts',(0.887550215043246,0.322595307116212,0.850520180077389));
#2266=CARTESIAN_POINT('Ctrl Pts',(0.890880654661313,0.312809980715238,0.85035455024983));
#2267=CARTESIAN_POINT('Ctrl Pts',(0.89404615024336,0.302985179117346,0.850189077692345));
#2268=CARTESIAN_POINT('Ctrl Pts',(0.906135442189488,0.265463441445891,0.849557124178382));
#2269=CARTESIAN_POINT('Ctrl Pts',(0.915847644846502,0.227299215752509,0.848926301348079));
#2270=CARTESIAN_POINT('Ctrl Pts',(0.923093419462477,0.188704216973645,0.848295360074324));
#2271=CARTESIAN_POINT('Ctrl Pts',(0.930909629963617,0.147070761513715,0.847614746879615));
#2272=CARTESIAN_POINT('Ctrl Pts',(0.935856616881757,0.104935151530858,0.846933995858032));
#2273=CARTESIAN_POINT('Ctrl Pts',(0.937958246231987,0.0625906776213551,
0.846251539028153));
#2274=CARTESIAN_POINT('Ctrl Pts',(0.939375673740342,0.0340317777660628,
0.845791261347015));
#2275=CARTESIAN_POINT('Ctrl Pts',(0.939497735857841,0.00537764866473327,
0.845330207740982));
#2276=CARTESIAN_POINT('Ctrl Pts',(0.938318425922953,-0.0232805214317432,
0.84486789717679));
#2277=CARTESIAN_POINT('Ctrl Pts',(0.937832123695823,-0.0350980526261187,
0.844677258015412));
#2278=CARTESIAN_POINT('Ctrl Pts',(0.937123769715851,-0.0469218772888272,
0.844486313632398));
#2279=CARTESIAN_POINT('Ctrl Pts',(0.93619555191535,-0.0587130325791998,
0.844295555360947));
#2280=CARTESIAN_POINT('Ctrl Pts',(0.932874918552035,-0.100895054544435,
0.843613131171098));
#2281=CARTESIAN_POINT('Ctrl Pts',(0.926744480777581,-0.14272538282885,0.842932020749269));
#2282=CARTESIAN_POINT('Ctrl Pts',(0.917838563233867,-0.183916033161984,
0.842250650980258));
#2283=CARTESIAN_POINT('Ctrl Pts',(0.91179594908407,-0.211863653979338,0.841788345486494));
#2284=CARTESIAN_POINT('Ctrl Pts',(0.904474536150519,-0.23951693725982,0.841325920601088));
#2285=CARTESIAN_POINT('Ctrl Pts',(0.895871558153883,-0.266783635799653,
0.840862884964824));
#2286=CARTESIAN_POINT('Ctrl Pts',(0.890532660699265,-0.28370499808688,0.8405755310066));
#2287=CARTESIAN_POINT('Ctrl Pts',(0.884699972145399,-0.300477418941268,
0.84028794183088));
#2288=CARTESIAN_POINT('Ctrl Pts',(0.87838436611931,-0.317082035200592,0.84));
#2289=CARTESIAN_POINT('Origin',(0.95582109764367,0.,0.492022103125));
#2290=CARTESIAN_POINT('',(0.9238125,0.,0.43));
#2291=CARTESIAN_POINT('Origin',(0.,0.,0.501397103125));
#2292=CARTESIAN_POINT('Ctrl Pts',(-1.01497235273487,2.59500391083523E-5,
0.557647103125));
#2293=CARTESIAN_POINT('Ctrl Pts',(-1.01485756493723,-0.120876461728623,
0.56049060775463));
#2294=CARTESIAN_POINT('Ctrl Pts',(-0.963011870679642,-0.410999783177691,
0.567311755902778));
#2295=CARTESIAN_POINT('Ctrl Pts',(-0.692704979577873,-0.800025955267374,
0.578110547569445));
#2296=CARTESIAN_POINT('Ctrl Pts',(-0.224512272789228,-1.03415478504757,
0.590043478124999));
#2297=CARTESIAN_POINT('Ctrl Pts',(0.298614976798466,-1.01523919864039,0.601976408680556));
#2298=CARTESIAN_POINT('Ctrl Pts',(0.748675424886023,-0.747908352007237,
0.613909339236111));
#2299=CARTESIAN_POINT('Ctrl Pts',(1.01554481407649,-0.297574165813811,0.625842269791667));
#2300=CARTESIAN_POINT('Ctrl Pts',(1.03392398535167,0.225572394446368,0.637775200347222));
#2301=CARTESIAN_POINT('Ctrl Pts',(0.799315687998899,0.693524424079022,0.649708130902779));
#2302=CARTESIAN_POINT('Ctrl Pts',(0.369125503929785,0.991780246993719,0.661641061458332));
#2303=CARTESIAN_POINT('Ctrl Pts',(-0.151384784916377,1.0473606575302,0.67357399201389));
#2304=CARTESIAN_POINT('Ctrl Pts',(-0.634853227904369,0.846665858085066,
0.685506922569444));
#2305=CARTESIAN_POINT('Ctrl Pts',(-0.947164119042152,0.458464216548692,
0.696864626273149));
#2306=CARTESIAN_POINT('Ctrl Pts',(-1.01490872633432,0.144614489254411,0.704244686458333));
#2307=CARTESIAN_POINT('Ctrl Pts',(-1.01504569516846,-2.18738482778355E-5,
0.707647103125));
#2308=CARTESIAN_POINT('Ctrl Pts',(1.015,0.,0.482647103125));
#2309=CARTESIAN_POINT('Ctrl Pts',(1.015,0.1691143692163,0.486624746643519));
#2310=CARTESIAN_POINT('Ctrl Pts',(0.928818280563684,0.507171464476931,0.494580033680555));
#2311=CARTESIAN_POINT('Ctrl Pts',(0.572026942609881,0.890321970010484,0.506512964236111));
#2312=CARTESIAN_POINT('Ctrl Pts',(0.0753567077451963,1.05555069976612,0.518445894791666));
#2313=CARTESIAN_POINT('Ctrl Pts',(-0.439795026234358,0.962535269912921,
0.530378825347223));
#2314=CARTESIAN_POINT('Ctrl Pts',(-0.847313765222616,0.633982985586043,
0.542311755902777));
#2315=CARTESIAN_POINT('Ctrl Pts',(-1.04751649102082,0.150312054860526,0.554244686458333));
#2316=CARTESIAN_POINT('Ctrl Pts',(-0.991400746638743,-0.370142460971504,
0.566177617013889));
#2317=CARTESIAN_POINT('Ctrl Pts',(-0.692704979577873,-0.800025955267374,
0.578110547569445));
#2318=CARTESIAN_POINT('Ctrl Pts',(-0.224512272789228,-1.03415478504757,
0.590043478124999));
#2319=CARTESIAN_POINT('Ctrl Pts',(0.298614976798466,-1.01523919864039,0.601976408680556));
#2320=CARTESIAN_POINT('Ctrl Pts',(0.748675424886023,-0.747908352007237,
0.613909339236111));
#2321=CARTESIAN_POINT('Ctrl Pts',(1.01554481407649,-0.297574165813811,0.625842269791667));
#2322=CARTESIAN_POINT('Ctrl Pts',(1.03392398535167,0.225572394446368,0.637775200347222));
#2323=CARTESIAN_POINT('Ctrl Pts',(0.799315687998899,0.693524424079022,0.649708130902779));
#2324=CARTESIAN_POINT('Ctrl Pts',(0.369125503929785,0.991780246993719,0.661641061458332));
#2325=CARTESIAN_POINT('Ctrl Pts',(-0.151384784916377,1.0473606575302,0.67357399201389));
#2326=CARTESIAN_POINT('Ctrl Pts',(-0.634853227904369,0.846665858085066,
0.685506922569444));
#2327=CARTESIAN_POINT('Ctrl Pts',(-0.962981542651262,0.438803199324596,
0.697439853125001));
#2328=CARTESIAN_POINT('Ctrl Pts',(-1.05548109448744,-0.076428760340081,
0.709372783680555));
#2329=CARTESIAN_POINT('Ctrl Pts',(-0.889718480681406,-0.572959619153257,
0.721305714236112));
#2330=CARTESIAN_POINT('Ctrl Pts',(-0.506253596154277,-0.929294889881142,
0.733238644791666));
#2331=CARTESIAN_POINT('Ctrl Pts',(0.00108479034439654,-1.05824407350346,
0.745171575347223));
#2332=CARTESIAN_POINT('Ctrl Pts',(0.508157766604036,-0.928255027921613,
0.757104505902777));
#2333=CARTESIAN_POINT('Ctrl Pts',(0.890891256562379,-0.571134329679231,
0.769037436458334));
#2334=CARTESIAN_POINT('Ctrl Pts',(1.05563561506458,-0.0742646823036979,
0.780970367013889));
#2335=CARTESIAN_POINT('Ctrl Pts',(0.962079801501191,0.440776576473559,0.792903297569445));
#2336=CARTESIAN_POINT('Ctrl Pts',(0.633116263716006,0.847965610557444,0.804836228125));
#2337=CARTESIAN_POINT('Ctrl Pts',(0.149236813791344,1.04766888435367,0.816769158680556));
#2338=CARTESIAN_POINT('Ctrl Pts',(-0.37115729360317,0.991021263775438,0.828702089236111));
#2339=CARTESIAN_POINT('Ctrl Pts',(-0.800737396518172,0.691884480686091,
0.840635019791668));
#2340=CARTESIAN_POINT('Ctrl Pts',(-1.03438116307322,0.223451677611963,0.852567950347222));
#2341=CARTESIAN_POINT('Ctrl Pts',(-1.01493889576755,-0.299654549081054,
0.864500880902779));
#2342=CARTESIAN_POINT('Ctrl Pts',(-0.747127762727864,-0.749443806659441,
0.876433811458333));
#2343=CARTESIAN_POINT('Ctrl Pts',(-0.296558885787552,-1.01584489988157,
0.888366742013889));
#2344=CARTESIAN_POINT('Ctrl Pts',(0.226686272941246,-1.03370190400761,0.900299672569444));
#2345=CARTESIAN_POINT('Ctrl Pts',(0.538347269718007,-0.876930377545786,
0.908254959606482));
#2346=CARTESIAN_POINT('Ctrl Pts',(0.665969434380616,-0.765969785612176,
0.912232603125));
#2347=CARTESIAN_POINT('Ctrl Pts',(0.9879375,0.,0.46702256875));
#2348=CARTESIAN_POINT('Ctrl Pts',(0.9879375,0.164605346933624,0.471000212268518));
#2349=CARTESIAN_POINT('Ctrl Pts',(0.904053605964911,0.493648974075544,0.478955499305555));
#2350=CARTESIAN_POINT('Ctrl Pts',(0.556775239029211,0.866583705662299,0.490888429861111));
#2351=CARTESIAN_POINT('Ctrl Pts',(0.0733475048847487,1.02740701423664,0.502821360416666));
#2352=CARTESIAN_POINT('Ctrl Pts',(-0.42806896426641,0.936871614009454,0.514754290972222));
#2353=CARTESIAN_POINT('Ctrl Pts',(-0.824722209782875,0.617079375194494,
0.526687221527778));
#2354=CARTESIAN_POINT('Ctrl Pts',(-1.01958701807673,0.146304350442138,0.538620152083333));
#2355=CARTESIAN_POINT('Ctrl Pts',(-0.964967463184643,-0.360273514813828,
0.550553082638889));
#2356=CARTESIAN_POINT('Ctrl Pts',(-0.674235690405631,-0.778695213972376,
0.562486013194444));
#2357=CARTESIAN_POINT('Ctrl Pts',(-0.218526200491338,-1.00658156941176,
0.57441894375));
#2358=CARTESIAN_POINT('Ctrl Pts',(0.290653136591955,-0.988170320991908,
0.586351874305556));
#2359=CARTESIAN_POINT('Ctrl Pts',(0.728713820269296,-0.727967199518374,
0.598284804861111));
#2360=CARTESIAN_POINT('Ctrl Pts',(0.988467787937629,-0.289640076294268,
0.610217735416667));
#2361=CARTESIAN_POINT('Ctrl Pts',(1.00635692342696,0.219558056589517,0.622150665972222));
#2362=CARTESIAN_POINT('Ctrl Pts',(0.778003884248682,0.675033286417309,0.634083596527778));
#2363=CARTESIAN_POINT('Ctrl Pts',(0.359283672451854,0.965336845088037,0.646016527083334));
#2364=CARTESIAN_POINT('Ctrl Pts',(-0.14734847876682,1.01943533950615,0.657949457638889));
#2365=CARTESIAN_POINT('Ctrl Pts',(-0.617926414623422,0.824091577509275,
0.669882388194444));
#2366=CARTESIAN_POINT('Ctrl Pts',(-0.93730598797343,0.427103582002702,0.68181531875));
#2367=CARTESIAN_POINT('Ctrl Pts',(-1.02733926481299,-0.0743909738113094,
0.693748249305556));
#2368=CARTESIAN_POINT('Ctrl Pts',(-0.865996306904617,-0.557683048026818,
0.705681179861111));
#2369=CARTESIAN_POINT('Ctrl Pts',(-0.492755578473562,-0.904517507657095,
0.717614110416667));
#2370=CARTESIAN_POINT('Ctrl Pts',(0.00105586705504167,-1.03002857573086,
0.729547040972223));
#2371=CARTESIAN_POINT('Ctrl Pts',(0.494608978861453,-0.903505371081094,
0.741479971527778));
#2372=CARTESIAN_POINT('Ctrl Pts',(0.867137813576448,-0.555906425445788,
0.753412902083334));
#2373=CARTESIAN_POINT('Ctrl Pts',(1.02748966547573,-0.0722845956388274,
0.765345832638888));
#2374=CARTESIAN_POINT('Ctrl Pts',(0.936428289552298,0.429024343861918,0.777278763194445));
#2375=CARTESIAN_POINT('Ctrl Pts',(0.616235762349687,0.825356675251325,0.789211693749999));
#2376=CARTESIAN_POINT('Ctrl Pts',(0.145257778054173,1.01973534821296,0.801144624305556));
#2377=CARTESIAN_POINT('Ctrl Pts',(-0.361261289407963,0.964598098306548,
0.813077554861111));
#2378=CARTESIAN_POINT('Ctrl Pts',(-0.779387686377015,0.673437068116074,
0.825010485416668));
#2379=CARTESIAN_POINT('Ctrl Pts',(-1.00680191161936,0.217493883498294,0.836943415972222));
#2380=CARTESIAN_POINT('Ctrl Pts',(-0.98787802496291,-0.291664991214546,
0.848876346527778));
#2381=CARTESIAN_POINT('Ctrl Pts',(-0.727207422748727,-0.729461715016366,
0.860809277083334));
#2382=CARTESIAN_POINT('Ctrl Pts',(-0.288651866234227,-0.988759872686456,
0.872742207638889));
#2383=CARTESIAN_POINT('Ctrl Pts',(0.220642236230436,-1.00614076334041,0.884675138194445));
#2384=CARTESIAN_POINT('Ctrl Pts',(0.523993552489688,-0.853549167356295,
0.892630425231482));
#2385=CARTESIAN_POINT('Ctrl Pts',(0.648212983328472,-0.745547069037664,
0.89660806875));
#2386=CARTESIAN_POINT('Ctrl Pts',(0.960875,0.,0.451398034375));
#2387=CARTESIAN_POINT('Ctrl Pts',(0.960875,0.160096324650948,0.455375677893518));
#2388=CARTESIAN_POINT('Ctrl Pts',(0.879288931366138,0.480126483674158,0.463330964930556));
#2389=CARTESIAN_POINT('Ctrl Pts',(0.541523535448541,0.842845441314113,0.475263895486111));
#2390=CARTESIAN_POINT('Ctrl Pts',(0.071338302024301,0.999263328707162,0.487196826041667));
#2391=CARTESIAN_POINT('Ctrl Pts',(-0.416342902298461,0.911207958105988,
0.499129756597222));
#2392=CARTESIAN_POINT('Ctrl Pts',(-0.802130654343135,0.600175764802945,
0.511062687152777));
#2393=CARTESIAN_POINT('Ctrl Pts',(-0.991657545132638,0.142296646023751,
0.522995617708334));
#2394=CARTESIAN_POINT('Ctrl Pts',(-0.938534179730543,-0.350404568656152,
0.534928548263888));
#2395=CARTESIAN_POINT('Ctrl Pts',(-0.655766401233388,-0.757364472677377,
0.546861478819444));
#2396=CARTESIAN_POINT('Ctrl Pts',(-0.212540128193448,-0.979008353775947,
0.558794409375));
#2397=CARTESIAN_POINT('Ctrl Pts',(0.282691296385444,-0.96110144334343,0.570727339930555));
#2398=CARTESIAN_POINT('Ctrl Pts',(0.708752215652568,-0.708026047029511,
0.582660270486111));
#2399=CARTESIAN_POINT('Ctrl Pts',(0.961390761798767,-0.281705986774724,
0.594593201041667));
#2400=CARTESIAN_POINT('Ctrl Pts',(0.978789861502257,0.213543718732664,0.606526131597222));
#2401=CARTESIAN_POINT('Ctrl Pts',(0.756692080498464,0.656542148755597,0.618459062152778));
#2402=CARTESIAN_POINT('Ctrl Pts',(0.349441840973924,0.938893443182354,0.630391992708333));
#2403=CARTESIAN_POINT('Ctrl Pts',(-0.143312172617265,0.991510021482101,
0.642324923263889));
#2404=CARTESIAN_POINT('Ctrl Pts',(-0.600999601342473,0.801517296933485,
0.654257853819444));
#2405=CARTESIAN_POINT('Ctrl Pts',(-0.911630433295598,0.415403964680809,
0.666190784375));
#2406=CARTESIAN_POINT('Ctrl Pts',(-0.999197435138536,-0.0723531872825374,
0.678123714930556));
#2407=CARTESIAN_POINT('Ctrl Pts',(-0.842274133127828,-0.54240647690038,
0.690056645486111));
#2408=CARTESIAN_POINT('Ctrl Pts',(-0.479257560792848,-0.879740125433047,
0.701989576041666));
#2409=CARTESIAN_POINT('Ctrl Pts',(0.00102694376568673,-1.00181307795827,
0.713922506597223));
#2410=CARTESIAN_POINT('Ctrl Pts',(0.48106019111887,-0.878755714240572,0.725855437152778));
#2411=CARTESIAN_POINT('Ctrl Pts',(0.843384370590518,-0.540678521212346,
0.737788367708333));
#2412=CARTESIAN_POINT('Ctrl Pts',(0.999343715886878,-0.0703045089739564,
0.749721298263889));
#2413=CARTESIAN_POINT('Ctrl Pts',(0.910776777603406,0.417272111250276,0.761654228819445));
#2414=CARTESIAN_POINT('Ctrl Pts',(0.599355260983367,0.802747739945207,0.773587159374999));
#2415=CARTESIAN_POINT('Ctrl Pts',(0.141278742317002,0.991801812072249,0.785520089930556));
#2416=CARTESIAN_POINT('Ctrl Pts',(-0.351365285212754,0.93817493283766,0.79745302048611));
#2417=CARTESIAN_POINT('Ctrl Pts',(-0.75803797623586,0.654989655546056,0.809385951041668));
#2418=CARTESIAN_POINT('Ctrl Pts',(-0.979222660165503,0.211536089384626,
0.821318881597221));
#2419=CARTESIAN_POINT('Ctrl Pts',(-0.960817154158269,-0.283675433348037,
0.833251812152779));
#2420=CARTESIAN_POINT('Ctrl Pts',(-0.707287082769592,-0.709479623373291,
0.845184742708332));
#2421=CARTESIAN_POINT('Ctrl Pts',(-0.280744846680901,-0.961674845491337,
0.85711767326389));
#2422=CARTESIAN_POINT('Ctrl Pts',(0.214598199519626,-0.978579622673215,
0.869050603819444));
#2423=CARTESIAN_POINT('Ctrl Pts',(0.509639835261369,-0.830167957166805,
0.877005890856482));
#2424=CARTESIAN_POINT('Ctrl Pts',(0.630456532276329,-0.725124352463152,
0.880983534375));
#2425=CARTESIAN_POINT('Ctrl Pts',(0.9338125,0.,0.4357735));
#2426=CARTESIAN_POINT('Ctrl Pts',(0.9338125,0.155587302368272,0.439751143518518));
#2427=CARTESIAN_POINT('Ctrl Pts',(0.854524256767365,0.466603993272773,0.447706430555556));
#2428=CARTESIAN_POINT('Ctrl Pts',(0.526271831867871,0.819107176965926,0.459639361111111));
#2429=CARTESIAN_POINT('Ctrl Pts',(0.0693290991638534,0.971119643177683,
0.471572291666667));
#2430=CARTESIAN_POINT('Ctrl Pts',(-0.404616840330513,0.885544302202521,
0.483505222222222));
#2431=CARTESIAN_POINT('Ctrl Pts',(-0.779539098903393,0.583272154411395,
0.495438152777778));
#2432=CARTESIAN_POINT('Ctrl Pts',(-0.963728072188549,0.138288941605364,
0.507371083333333));
#2433=CARTESIAN_POINT('Ctrl Pts',(-0.912100896276443,-0.340535622498475,
0.519304013888888));
#2434=CARTESIAN_POINT('Ctrl Pts',(-0.637297112061146,-0.736033731382379,
0.531236944444445));
#2435=CARTESIAN_POINT('Ctrl Pts',(-0.206554055895558,-0.951435138140133,
0.543169874999999));
#2436=CARTESIAN_POINT('Ctrl Pts',(0.274729456178933,-0.934032565694952,
0.555102805555556));
#2437=CARTESIAN_POINT('Ctrl Pts',(0.688790611035842,-0.688084894540648,
0.567035736111111));
#2438=CARTESIAN_POINT('Ctrl Pts',(0.934313735659903,-0.273771897255181,
0.578968666666667));
#2439=CARTESIAN_POINT('Ctrl Pts',(0.951222799577548,0.207529380875812,0.590901597222221));
#2440=CARTESIAN_POINT('Ctrl Pts',(0.735380276748247,0.638051011093884,0.602834527777778));
#2441=CARTESIAN_POINT('Ctrl Pts',(0.339600009495993,0.912450041276672,0.614767458333333));
#2442=CARTESIAN_POINT('Ctrl Pts',(-0.139275866467709,0.963584703458051,
0.626700388888889));
#2443=CARTESIAN_POINT('Ctrl Pts',(-0.584072788061525,0.778943016357695,
0.638633319444444));
#2444=CARTESIAN_POINT('Ctrl Pts',(-0.885954878617766,0.403704347358915,
0.65056625));
#2445=CARTESIAN_POINT('Ctrl Pts',(-0.971055605464087,-0.0703154007537655,
0.662499180555556));
#2446=CARTESIAN_POINT('Ctrl Pts',(-0.81855195935104,-0.527129905773942,
0.674432111111111));
#2447=CARTESIAN_POINT('Ctrl Pts',(-0.465759543112134,-0.854962743208999,
0.686365041666667));
#2448=CARTESIAN_POINT('Ctrl Pts',(0.000998020476331883,-0.973597580185667,
0.698297972222222));
#2449=CARTESIAN_POINT('Ctrl Pts',(0.467511403376287,-0.854006057400051,
0.710230902777778));
#2450=CARTESIAN_POINT('Ctrl Pts',(0.819630927604587,-0.525450616978903,
0.722163833333333));
#2451=CARTESIAN_POINT('Ctrl Pts',(0.971197766298025,-0.0683244223090857,
0.734096763888889));
#2452=CARTESIAN_POINT('Ctrl Pts',(0.885125265654513,0.405519878638636,0.746029694444445));
#2453=CARTESIAN_POINT('Ctrl Pts',(0.582474759617048,0.780138804639087,0.757962624999999));
#2454=CARTESIAN_POINT('Ctrl Pts',(0.137299706579831,0.963868275931538,0.769895555555556));
#2455=CARTESIAN_POINT('Ctrl Pts',(-0.341469281017546,0.91175176736877,0.781828486111111));
#2456=CARTESIAN_POINT('Ctrl Pts',(-0.736688266094705,0.63654224297604,0.793761416666668));
#2457=CARTESIAN_POINT('Ctrl Pts',(-0.951643408711641,0.205578295270956,
0.805694347222222));
#2458=CARTESIAN_POINT('Ctrl Pts',(-0.93375628335363,-0.275685875481528,
0.817627277777779));
#2459=CARTESIAN_POINT('Ctrl Pts',(-0.687366742790456,-0.689497531730216,
0.829560208333333));
#2460=CARTESIAN_POINT('Ctrl Pts',(-0.272837827127575,-0.934589818296219,
0.841493138888889));
#2461=CARTESIAN_POINT('Ctrl Pts',(0.208554162808816,-0.951018482006017,
0.853426069444444));
#2462=CARTESIAN_POINT('Ctrl Pts',(0.495286118033051,-0.806786746977314,
0.861381356481482));
#2463=CARTESIAN_POINT('Ctrl Pts',(0.612700081224186,-0.70470163588864,0.865359));
#2464=CARTESIAN_POINT('',(0.652067732517621,-0.749980637993794,0.9));
#2465=CARTESIAN_POINT('Ctrl Pts',(0.652067732517621,-0.749980637993794,
0.9));
#2466=CARTESIAN_POINT('Ctrl Pts',(0.621678137820757,-0.778706332593129,
0.9));
#2467=CARTESIAN_POINT('Ctrl Pts',(0.589458021347302,-0.805461842037014,
0.9));
#2468=CARTESIAN_POINT('Ctrl Pts',(0.555633505762549,-0.830142121059916,
0.9));
#2469=CARTESIAN_POINT('Ctrl Pts',(0.544246750832785,-0.838450541268561,
0.9));
#2470=CARTESIAN_POINT('Ctrl Pts',(0.53267792802808,-0.846523516089699,0.9));
#2471=CARTESIAN_POINT('Ctrl Pts',(0.520934996294864,-0.854356184496257,
0.9));
#2472=CARTESIAN_POINT('Ctrl Pts',(0.51035260361712,-0.861414760214474,0.9));
#2473=CARTESIAN_POINT('Ctrl Pts',(0.499624616121336,-0.868280521347008,
0.9));
#2474=CARTESIAN_POINT('Ctrl Pts',(0.488782449376208,-0.874934445984436,
0.9));
#2475=CARTESIAN_POINT('Ctrl Pts',(0.450846084264775,-0.898216297334196,
0.9));
#2476=CARTESIAN_POINT('Ctrl Pts',(0.411463589138993,-0.91894430826908,0.9));
#2477=CARTESIAN_POINT('Ctrl Pts',(0.37091057493719,-0.937005103933398,0.9));
#2478=CARTESIAN_POINT('Ctrl Pts',(0.330443377073282,-0.955027680210726,
0.9));
#2479=CARTESIAN_POINT('Ctrl Pts',(0.288809613840493,-0.970394905521627,
0.9));
#2480=CARTESIAN_POINT('Ctrl Pts',(0.246256162202165,-0.982950752080226,
0.9));
#2481=CARTESIAN_POINT('Ctrl Pts',(0.236644467757126,-0.985786784316712,
0.9));
#2482=CARTESIAN_POINT('Ctrl Pts',(0.226985777255855,-0.988479187402903,
0.9));
#2483=CARTESIAN_POINT('Ctrl Pts',(0.217282825240758,-0.991025807254337,
0.9));
#2484=CARTESIAN_POINT('Ctrl Pts',(0.213175244858802,-0.992103875632473,
0.9));
#2485=CARTESIAN_POINT('Ctrl Pts',(0.209059731986863,-0.993155816328279,
0.9));
#2486=CARTESIAN_POINT('Ctrl Pts',(0.204936532200056,-0.994181622107425,
0.9));
#2487=CARTESIAN_POINT('Ctrl Pts',(-0.317189691716402,-0.878346960344671,
0.84));
#2488=CARTESIAN_POINT('Ctrl Pts',(-0.299254888676777,-0.886096498979497,
0.841179755368202));
#2489=CARTESIAN_POINT('Ctrl Pts',(-0.281078266390989,-0.893276642346969,
0.842357150877149));
#2490=CARTESIAN_POINT('Ctrl Pts',(-0.262684022882381,-0.899870777379874,
0.843532802292415));
#2491=CARTESIAN_POINT('Ctrl Pts',(-0.225381213946432,-0.913243426225976,
0.845916977542591));
#2492=CARTESIAN_POINT('Ctrl Pts',(-0.187184114437777,-0.924208634269456,
0.848293979987885));
#2493=CARTESIAN_POINT('Ctrl Pts',(-0.148328132221611,-0.932750742555971,
0.850668945264099));
#2494=CARTESIAN_POINT('Ctrl Pts',(-0.140969972878741,-0.934368362039802,
0.851118692560125));
#2495=CARTESIAN_POINT('Ctrl Pts',(-0.133586969722818,-0.93589919993004,
0.85156843867244));
#2496=CARTESIAN_POINT('Ctrl Pts',(-0.126184363541346,-0.937342271010927,
0.852017995191147));
#2497=CARTESIAN_POINT('Ctrl Pts',(-0.0845375898772041,-0.945460932630048,
0.854547182632008));
#2498=CARTESIAN_POINT('Ctrl Pts',(-0.0424696218120385,-0.950767932241151,
0.85705841559157));
#2499=CARTESIAN_POINT('Ctrl Pts',(-0.000279542276349996,-0.953295209282464,
0.859557485219205));
#2500=CARTESIAN_POINT('Ctrl Pts',(0.0422997759255564,-0.955845802561991,
0.862079610848141));
#2501=CARTESIAN_POINT('Ctrl Pts',(0.0850046141546895,-0.955565391481525,
0.864589347676096));
#2502=CARTESIAN_POINT('Ctrl Pts',(0.127544365508205,-0.952437210622506,
0.867092648620295));
#2503=CARTESIAN_POINT('Ctrl Pts',(0.154053088566295,-0.950487879057819,
0.868652585134953));
#2504=CARTESIAN_POINT('Ctrl Pts',(0.180497976596694,-0.947431713505509,
0.870210022478954));
#2505=CARTESIAN_POINT('Ctrl Pts',(0.206808921640484,-0.943254388785986,
0.871766401146208));
#2506=CARTESIAN_POINT('Ctrl Pts',(0.216842237533486,-0.941661423636735,
0.872359904678357));
#2507=CARTESIAN_POINT('Ctrl Pts',(0.22685606512431,-0.939905337743964,0.872953254260593));
#2508=CARTESIAN_POINT('Ctrl Pts',(0.236847053074397,-0.937987496512649,
0.873546529772451));
#2509=CARTESIAN_POINT('Ctrl Pts',(0.24487829813423,-0.936445841874341,0.874023433662991));
#2510=CARTESIAN_POINT('Ctrl Pts',(0.252893035608927,-0.934799895974351,
0.874500186810923));
#2511=CARTESIAN_POINT('Ctrl Pts',(0.260878139038205,-0.93305322470012,0.874976149347687));
#2512=CARTESIAN_POINT('Ctrl Pts',(0.303003951942598,-0.923838572948212,
0.877487113538799));
#2513=CARTESIAN_POINT('Ctrl Pts',(0.344392621422722,-0.911808590078719,
0.879981288459859));
#2514=CARTESIAN_POINT('Ctrl Pts',(0.384799386792479,-0.897139182968369,
0.882464364210675));
#2515=CARTESIAN_POINT('Ctrl Pts',(0.425623576631625,-0.882318232683919,
0.884973091521774));
#2516=CARTESIAN_POINT('Ctrl Pts',(0.465446564726085,-0.864802729234074,
0.887470489156856));
#2517=CARTESIAN_POINT('Ctrl Pts',(0.504009843158246,-0.84472114009171,0.889962425389488));
#2518=CARTESIAN_POINT('Ctrl Pts',(0.533833318278681,-0.829190749561774,
0.891889600703857));
#2519=CARTESIAN_POINT('Ctrl Pts',(0.562903408418447,-0.81212448409682,0.89381350959256));
#2520=CARTESIAN_POINT('Ctrl Pts',(0.591091668745078,-0.793562227742842,
0.895736866389362));
#2521=CARTESIAN_POINT('Ctrl Pts',(0.59918371901873,-0.788233530268494,0.89628900758976));
#2522=CARTESIAN_POINT('Ctrl Pts',(0.607196237061747,-0.782785863625499,
0.896840641718146));
#2523=CARTESIAN_POINT('Ctrl Pts',(0.615122624853624,-0.777223355631525,
0.897391566532881));
#2524=CARTESIAN_POINT('Ctrl Pts',(0.627653492483784,-0.768429557851959,
0.898262526434022));
#2525=CARTESIAN_POINT('Ctrl Pts',(0.639972200785186,-0.759346748157182,
0.8991319241059));
#2526=CARTESIAN_POINT('Ctrl Pts',(0.652067732517621,-0.749980637993794,
0.9));
#2527=CARTESIAN_POINT('Ctrl Pts',(0.933738557409622,9.99721560647482E-6,
0.5857735));
#2528=CARTESIAN_POINT('Ctrl Pts',(0.933763576057237,0.0668865123825147,
0.58748286574074));
#2529=CARTESIAN_POINT('Ctrl Pts',(0.910194252922237,0.289365325711816,0.593169874999999));
#2530=CARTESIAN_POINT('Ctrl Pts',(0.735380276748247,0.638051011093884,0.602834527777778));
#2531=CARTESIAN_POINT('Ctrl Pts',(0.339600009495993,0.912450041276672,0.614767458333333));
#2532=CARTESIAN_POINT('Ctrl Pts',(-0.139275866467709,0.963584703458051,
0.626700388888889));
#2533=CARTESIAN_POINT('Ctrl Pts',(-0.584072788061525,0.778943016357695,
0.638633319444444));
#2534=CARTESIAN_POINT('Ctrl Pts',(-0.885954878617766,0.403704347358915,
0.65056625));
#2535=CARTESIAN_POINT('Ctrl Pts',(-0.971055605464087,-0.0703154007537655,
0.662499180555556));
#2536=CARTESIAN_POINT('Ctrl Pts',(-0.81855195935104,-0.527129905773942,
0.674432111111111));
#2537=CARTESIAN_POINT('Ctrl Pts',(-0.465759543112134,-0.854962743208999,
0.686365041666667));
#2538=CARTESIAN_POINT('Ctrl Pts',(0.000998020476331883,-0.973597580185667,
0.698297972222222));
#2539=CARTESIAN_POINT('Ctrl Pts',(0.467511403376287,-0.854006057400051,
0.710230902777778));
#2540=CARTESIAN_POINT('Ctrl Pts',(0.819630927604587,-0.525450616978903,
0.722163833333333));
#2541=CARTESIAN_POINT('Ctrl Pts',(0.927774541753351,-0.199289042060432,
0.730678032407407));
#2542=CARTESIAN_POINT('Ctrl Pts',(0.93387682750072,-0.0218784615262256,
0.735214587962963));
#2543=CARTESIAN_POINT('Ctrl Pts',(0.933856386817783,-1.9746330931672E-5,
0.7357735));
#2544=CARTESIAN_POINT('Origin',(0.,0.,0.4));
#2545=CARTESIAN_POINT('Origin',(0.,0.,0.87));
#2546=CARTESIAN_POINT('Origin',(0.,0.,0.9));
#2547=CARTESIAN_POINT('Origin',(0.,0.,0.37));
#2548=CARTESIAN_POINT('',(0.775,9.49101269339199E-17,0.4));
#2549=CARTESIAN_POINT('',(0.745,-9.12361865364778E-17,0.37));
#2550=CARTESIAN_POINT('Origin',(0.,0.,0.4));
#2551=CARTESIAN_POINT('Origin',(-8.87908733519026E-17,-1.98152381522907E-17,
0.4));
#2552=CARTESIAN_POINT('Origin',(-7.39255249150933E-17,0.,0.9));
#2553=CARTESIAN_POINT('',(1.2,1.46957615897682E-16,0.9));
#2554=CARTESIAN_POINT('Origin',(0.,0.,0.9));
#2555=CARTESIAN_POINT('Origin',(-3.05186180257392,4.30906430264369E-17,
0.8725));
#2556=CARTESIAN_POINT('',(-3.0365,4.12093647913084E-17,0.829615384615385));
#2557=CARTESIAN_POINT('',(-3.0365,4.12093647913084E-17,0.915384615384615));
#2558=CARTESIAN_POINT('',(-3.0365,4.12093647913084E-17,0.3));
#2559=CARTESIAN_POINT('',(-3.0915,4.79449221866189E-17,0.855));
#2560=CARTESIAN_POINT('',(-3.0265,3.99847179921611E-17,0.825));
#2561=CARTESIAN_POINT('',(-3.0915,4.79449221866189E-17,0.89));
#2562=CARTESIAN_POINT('',(-3.0915,4.79449221866189E-17,0.855));
#2563=CARTESIAN_POINT('',(-3.0915,4.79449221866189E-17,0.89));
#2564=CARTESIAN_POINT('Ctrl Pts',(-3.0915,4.79449221866189E-17,0.855));
#2565=CARTESIAN_POINT('Ctrl Pts',(-3.0915,-0.102494460323367,0.875833333333333));
#2566=CARTESIAN_POINT('Ctrl Pts',(-3.00695610055749,-0.306806163698424,
0.917499999999999));
#2567=CARTESIAN_POINT('Ctrl Pts',(-2.7,-0.43424461733913,0.98));
#2568=CARTESIAN_POINT('Ctrl Pts',(-2.39304389944251,-0.306806163698424,
1.0425));
#2569=CARTESIAN_POINT('Ctrl Pts',(-2.3085,-0.102494460323367,1.08416666666667));
#2570=CARTESIAN_POINT('Ctrl Pts',(-2.3085,-9.58898443732378E-17,1.105));
#2571=CARTESIAN_POINT('Ctrl Pts',(-3.07316666666667,4.56997363881821E-17,
0.846538461538461));
#2572=CARTESIAN_POINT('Ctrl Pts',(-3.07316666666667,-0.0976948048803825,
0.867371794871795));
#2573=CARTESIAN_POINT('Ctrl Pts',(-2.99258182594646,-0.292438910396241,
0.909038461538461));
#2574=CARTESIAN_POINT('Ctrl Pts',(-2.7,-0.413909620358583,0.971538461538462));
#2575=CARTESIAN_POINT('Ctrl Pts',(-2.40741817405354,-0.292438910396241,
1.03403846153846));
#2576=CARTESIAN_POINT('Ctrl Pts',(-2.32683333333333,-0.0976948048803826,
1.07570512820513));
#2577=CARTESIAN_POINT('Ctrl Pts',(-2.32683333333333,-9.13994727763642E-17,
1.09653846153846));
#2578=CARTESIAN_POINT('Ctrl Pts',(-3.05483333333333,4.34545505897453E-17,
0.838076923076923));
#2579=CARTESIAN_POINT('Ctrl Pts',(-3.05483333333333,-0.0928951494373982,
0.858910256410256));
#2580=CARTESIAN_POINT('Ctrl Pts',(-2.97820755133542,-0.278071657094059,
0.900576923076922));
#2581=CARTESIAN_POINT('Ctrl Pts',(-2.7,-0.393574623378036,0.963076923076923));
#2582=CARTESIAN_POINT('Ctrl Pts',(-2.42179244866458,-0.278071657094059,
1.02557692307692));
#2583=CARTESIAN_POINT('Ctrl Pts',(-2.34516666666667,-0.0928951494373983,
1.06724358974359));
#2584=CARTESIAN_POINT('Ctrl Pts',(-2.34516666666667,-8.69091011794905E-17,
1.08807692307692));
#2585=CARTESIAN_POINT('Ctrl Pts',(-3.0365,4.12093647913084E-17,0.829615384615384));
#2586=CARTESIAN_POINT('Ctrl Pts',(-3.0365,-0.0880954939944137,0.850448717948718));
#2587=CARTESIAN_POINT('Ctrl Pts',(-2.96383327672438,-0.263704403791876,
0.892115384615384));
#2588=CARTESIAN_POINT('Ctrl Pts',(-2.7,-0.373239626397489,0.954615384615385));
#2589=CARTESIAN_POINT('Ctrl Pts',(-2.43616672327561,-0.263704403791876,
1.01711538461538));
#2590=CARTESIAN_POINT('Ctrl Pts',(-2.3635,-0.0880954939944139,1.05878205128205));
#2591=CARTESIAN_POINT('Ctrl Pts',(-2.3635,-8.24187295826169E-17,1.07961538461538));
#2592=CARTESIAN_POINT('',(-2.3635,-8.24187295826169E-17,1.07961538461538));
#2593=CARTESIAN_POINT('Ctrl Pts',(-2.3635,-9.71445146547012E-17,1.07961538461538));
#2594=CARTESIAN_POINT('Ctrl Pts',(-2.3635,-0.0880954939944139,1.05878205128205));
#2595=CARTESIAN_POINT('Ctrl Pts',(-2.39983336163781,-0.175899948893145,
1.03794871794872));
#2596=CARTESIAN_POINT('Ctrl Pts',(-2.46197225524411,-0.23805804677678,1.01711538461538));
#2597=CARTESIAN_POINT('Ctrl Pts',(-2.52411114885041,-0.300216144660414,
0.996282051282051));
#2598=CARTESIAN_POINT('Ctrl Pts',(-2.61205557442521,-0.336727885528952,
0.975448717948718));
#2599=CARTESIAN_POINT('Ctrl Pts',(-2.7,-0.336727885528952,0.954615384615385));
#2600=CARTESIAN_POINT('Ctrl Pts',(-2.7879444255748,-0.336727885528952,0.933782051282051));
#2601=CARTESIAN_POINT('Ctrl Pts',(-2.87588885114959,-0.300216144660414,
0.912948717948718));
#2602=CARTESIAN_POINT('Ctrl Pts',(-2.93802774475589,-0.238058046776779,
0.892115384615384));
#2603=CARTESIAN_POINT('Ctrl Pts',(-3.00016663836219,-0.175899948893145,
0.871282051282051));
#2604=CARTESIAN_POINT('Ctrl Pts',(-3.0365,-0.0880954939944137,0.850448717948718));
#2605=CARTESIAN_POINT('Ctrl Pts',(-3.0365,4.12093647913084E-17,0.829615384615384));
#2606=CARTESIAN_POINT('',(-2.3085,-9.58898443732378E-17,1.105));
#2607=CARTESIAN_POINT('',(-2.3735,-7.99694359843223E-17,1.075));
#2608=CARTESIAN_POINT('Ctrl Pts',(-3.0915,4.79449221866189E-17,0.855));
#2609=CARTESIAN_POINT('Ctrl Pts',(-3.0915,-0.102494460323367,0.875833333333333));
#2610=CARTESIAN_POINT('Ctrl Pts',(-3.00695610055749,-0.306806163698424,
0.917499999999999));
#2611=CARTESIAN_POINT('Ctrl Pts',(-2.7,-0.43424461733913,0.98));
#2612=CARTESIAN_POINT('Ctrl Pts',(-2.39304389944251,-0.306806163698424,
1.0425));
#2613=CARTESIAN_POINT('Ctrl Pts',(-2.3085,-0.102494460323367,1.08416666666667));
#2614=CARTESIAN_POINT('Ctrl Pts',(-2.3085,-9.58898443732378E-17,1.105));
#2615=CARTESIAN_POINT('Origin',(-2.7,0.,0.89));
#2616=CARTESIAN_POINT('',(-2.3085,-9.58898443732378E-17,1.14));
#2617=CARTESIAN_POINT('',(-2.3085,-9.58898443732379E-17,1.105));
#2618=CARTESIAN_POINT('Ctrl Pts',(-3.0915,4.79449221866189E-17,0.89));
#2619=CARTESIAN_POINT('Ctrl Pts',(-3.0915,-0.102494460323367,0.910833333333333));
#2620=CARTESIAN_POINT('Ctrl Pts',(-3.00695560002201,-0.30680618175042,0.952499999999999));
#2621=CARTESIAN_POINT('Ctrl Pts',(-2.7,-0.434244592529719,1.015));
#2622=CARTESIAN_POINT('Ctrl Pts',(-2.39304439997799,-0.30680618175042,1.0775));
#2623=CARTESIAN_POINT('Ctrl Pts',(-2.3085,-0.102494460323367,1.11916666666667));
#2624=CARTESIAN_POINT('Ctrl Pts',(-2.3085,-9.58898443732378E-17,1.14));
#2625=CARTESIAN_POINT('Ctrl Pts',(-3.0365,4.12093647913084E-17,0.915384615384615));
#2626=CARTESIAN_POINT('Ctrl Pts',(-3.0365,-0.0880954939944137,0.936217948717949));
#2627=CARTESIAN_POINT('Ctrl Pts',(-2.96383284650679,-0.263704419307832,
0.977884615384616));
#2628=CARTESIAN_POINT('Ctrl Pts',(-2.7,-0.373239605073436,1.04038461538462));
#2629=CARTESIAN_POINT('Ctrl Pts',(-2.43616715349321,-0.263704419307832,
1.10288461538462));
#2630=CARTESIAN_POINT('Ctrl Pts',(-2.3635,-0.0880954939944138,1.14455128205128));
#2631=CARTESIAN_POINT('Ctrl Pts',(-2.3635,-8.24187295826168E-17,1.16538461538462));
#2632=CARTESIAN_POINT('Ctrl Pts',(-3.05483333333333,4.34545505897452E-17,
0.906923076923077));
#2633=CARTESIAN_POINT('Ctrl Pts',(-3.05483333333333,-0.0928951494373981,
0.92775641025641));
#2634=CARTESIAN_POINT('Ctrl Pts',(-2.97820709767853,-0.278071673455361,
0.969423076923077));
#2635=CARTESIAN_POINT('Ctrl Pts',(-2.7,-0.393574600892197,1.03192307692308));
#2636=CARTESIAN_POINT('Ctrl Pts',(-2.42179290232147,-0.278071673455361,
1.09442307692308));
#2637=CARTESIAN_POINT('Ctrl Pts',(-2.34516666666667,-0.0928951494373982,
1.13608974358974));
#2638=CARTESIAN_POINT('Ctrl Pts',(-2.34516666666667,-8.69091011794905E-17,
1.15692307692308));
#2639=CARTESIAN_POINT('Ctrl Pts',(-3.07316666666667,4.56997363881821E-17,
0.898461538461539));
#2640=CARTESIAN_POINT('Ctrl Pts',(-3.07316666666667,-0.0976948048803827,
0.919294871794872));
#2641=CARTESIAN_POINT('Ctrl Pts',(-2.99258134885027,-0.29243892760289,0.960961538461538));
#2642=CARTESIAN_POINT('Ctrl Pts',(-2.7,-0.413909596710958,1.02346153846154));
#2643=CARTESIAN_POINT('Ctrl Pts',(-2.40741865114973,-0.292438927602891,
1.08596153846154));
#2644=CARTESIAN_POINT('Ctrl Pts',(-2.32683333333333,-0.0976948048803828,
1.12762820512821));
#2645=CARTESIAN_POINT('Ctrl Pts',(-2.32683333333333,-9.13994727763642E-17,
1.14846153846154));
#2646=CARTESIAN_POINT('Ctrl Pts',(-3.0915,4.79449221866189E-17,0.89));
#2647=CARTESIAN_POINT('Ctrl Pts',(-3.0915,-0.102494460323367,0.910833333333333));
#2648=CARTESIAN_POINT('Ctrl Pts',(-3.00695560002201,-0.30680618175042,0.952499999999999));
#2649=CARTESIAN_POINT('Ctrl Pts',(-2.7,-0.434244592529719,1.015));
#2650=CARTESIAN_POINT('Ctrl Pts',(-2.39304439997799,-0.30680618175042,1.0775));
#2651=CARTESIAN_POINT('Ctrl Pts',(-2.3085,-0.102494460323367,1.11916666666667));
#2652=CARTESIAN_POINT('Ctrl Pts',(-2.3085,-9.58898443732378E-17,1.14));
#2653=CARTESIAN_POINT('',(-2.3635,-8.24187295826169E-17,1.16538461538462));
#2654=CARTESIAN_POINT('Ctrl Pts',(-3.0365,4.12093647913084E-17,0.915384615384615));
#2655=CARTESIAN_POINT('Ctrl Pts',(-3.0365,-0.0880954939944137,0.936217948717949));
#2656=CARTESIAN_POINT('Ctrl Pts',(-2.96383284650679,-0.263704419307832,
0.977884615384616));
#2657=CARTESIAN_POINT('Ctrl Pts',(-2.7,-0.373239605073436,1.04038461538462));
#2658=CARTESIAN_POINT('Ctrl Pts',(-2.43616715349321,-0.263704419307832,
1.10288461538462));
#2659=CARTESIAN_POINT('Ctrl Pts',(-2.3635,-0.0880954939944138,1.14455128205128));
#2660=CARTESIAN_POINT('Ctrl Pts',(-2.3635,-8.24187295826168E-17,1.16538461538462));
#2661=CARTESIAN_POINT('',(-2.3085,-9.58898443732379E-17,1.14));
#2662=CARTESIAN_POINT('Origin',(-2.34813819742608,-8.61812860528738E-17,
1.1225));
#2663=CARTESIAN_POINT('',(-2.3635,-8.24187295826169E-17,0.3));
#2664=CARTESIAN_POINT('Origin',(-2.34813819742608,0.,0.8725));
#2665=CARTESIAN_POINT('',(-2.3635,0.,0.829615384615385));
#2666=CARTESIAN_POINT('',(-2.3635,0.,0.915384615384615));
#2667=CARTESIAN_POINT('',(-2.3635,0.,0.3));
#2668=CARTESIAN_POINT('',(-2.3085,0.,0.855));
#2669=CARTESIAN_POINT('',(-2.3735,0.,0.825));
#2670=CARTESIAN_POINT('',(-2.3085,0.,0.89));
#2671=CARTESIAN_POINT('',(-2.3085,0.,0.855));
#2672=CARTESIAN_POINT('',(-2.3085,0.,0.89));
#2673=CARTESIAN_POINT('Ctrl Pts',(-2.3085,0.,0.855));
#2674=CARTESIAN_POINT('Ctrl Pts',(-2.3085,0.102494460323367,0.875833333333333));
#2675=CARTESIAN_POINT('Ctrl Pts',(-2.39304566446436,0.306806227072276,0.9175));
#2676=CARTESIAN_POINT('Ctrl Pts',(-2.7,0.434244530124901,0.98));
#2677=CARTESIAN_POINT('Ctrl Pts',(-3.00695433553564,0.306806227072276,1.0425));
#2678=CARTESIAN_POINT('Ctrl Pts',(-3.0915,0.102494460323367,1.08416666666667));
#2679=CARTESIAN_POINT('Ctrl Pts',(-3.0915,4.79449221866189E-17,1.105));
#2680=CARTESIAN_POINT('Ctrl Pts',(-2.32683333333333,0.,0.846538461538461));
#2681=CARTESIAN_POINT('Ctrl Pts',(-2.32683333333333,0.0976948048803825,
0.867371794871795));
#2682=CARTESIAN_POINT('Ctrl Pts',(-2.40741985642218,0.292438970802395,0.909038461538461));
#2683=CARTESIAN_POINT('Ctrl Pts',(-2.7,0.41390953722846,0.971538461538462));
#2684=CARTESIAN_POINT('Ctrl Pts',(-2.99258014357782,0.292438970802395,1.03403846153846));
#2685=CARTESIAN_POINT('Ctrl Pts',(-3.07316666666667,0.0976948048803826,
1.07570512820513));
#2686=CARTESIAN_POINT('Ctrl Pts',(-3.07316666666667,4.56997363881821E-17,
1.09653846153846));
#2687=CARTESIAN_POINT('Ctrl Pts',(-2.34516666666667,0.,0.838076923076923));
#2688=CARTESIAN_POINT('Ctrl Pts',(-2.34516666666667,0.0928951494373983,
0.858910256410256));
#2689=CARTESIAN_POINT('Ctrl Pts',(-2.42179404838,0.278071714532514,0.900576923076923));
#2690=CARTESIAN_POINT('Ctrl Pts',(-2.7,0.393574544332019,0.963076923076923));
#2691=CARTESIAN_POINT('Ctrl Pts',(-2.97820595162,0.278071714532514,1.02557692307692));
#2692=CARTESIAN_POINT('Ctrl Pts',(-3.05483333333333,0.0928951494373983,
1.06724358974359));
#2693=CARTESIAN_POINT('Ctrl Pts',(-3.05483333333333,4.34545505897453E-17,
1.08807692307692));
#2694=CARTESIAN_POINT('Ctrl Pts',(-2.3635,0.,0.829615384615384));
#2695=CARTESIAN_POINT('Ctrl Pts',(-2.3635,0.0880954939944138,0.850448717948718));
#2696=CARTESIAN_POINT('Ctrl Pts',(-2.43616824033782,0.263704458262633,0.892115384615384));
#2697=CARTESIAN_POINT('Ctrl Pts',(-2.7,0.373239551435579,0.954615384615385));
#2698=CARTESIAN_POINT('Ctrl Pts',(-2.96383175966218,0.263704458262633,1.01711538461538));
#2699=CARTESIAN_POINT('Ctrl Pts',(-3.0365,0.0880954939944138,1.05878205128205));
#2700=CARTESIAN_POINT('Ctrl Pts',(-3.0365,4.12093647913084E-17,1.07961538461538));
#2701=CARTESIAN_POINT('',(-3.0365,4.12093647913085E-17,1.07961538461538));
#2702=CARTESIAN_POINT('Ctrl Pts',(-3.0365,4.85722573273506E-17,1.07961538461538));
#2703=CARTESIAN_POINT('Ctrl Pts',(-3.0365,0.0880954939944138,1.05878205128205));
#2704=CARTESIAN_POINT('Ctrl Pts',(-3.00016587983109,0.175899976128523,1.03794871794872));
#2705=CARTESIAN_POINT('Ctrl Pts',(-2.93802685980294,0.238058066057736,1.01711538461538));
#2706=CARTESIAN_POINT('Ctrl Pts',(-2.87588783977479,0.300216155986948,0.996282051282051));
#2707=CARTESIAN_POINT('Ctrl Pts',(-2.78794391988739,0.336727853711263,0.975448717948718));
#2708=CARTESIAN_POINT('Ctrl Pts',(-2.7,0.336727853711263,0.954615384615385));
#2709=CARTESIAN_POINT('Ctrl Pts',(-2.61205608011261,0.336727853711263,0.933782051282051));
#2710=CARTESIAN_POINT('Ctrl Pts',(-2.52411216022521,0.300216155986948,0.912948717948718));
#2711=CARTESIAN_POINT('Ctrl Pts',(-2.46197314019706,0.238058066057736,0.892115384615384));
#2712=CARTESIAN_POINT('Ctrl Pts',(-2.39983412016891,0.175899976128523,0.871282051282051));
#2713=CARTESIAN_POINT('Ctrl Pts',(-2.3635,0.0880954939944138,0.850448717948718));
#2714=CARTESIAN_POINT('Ctrl Pts',(-2.3635,6.63629236517176E-32,0.829615384615384));
#2715=CARTESIAN_POINT('',(-3.0915,4.79449221866189E-17,1.105));
#2716=CARTESIAN_POINT('',(-3.0265,3.99847179921611E-17,1.075));
#2717=CARTESIAN_POINT('Ctrl Pts',(-2.3085,0.,0.855));
#2718=CARTESIAN_POINT('Ctrl Pts',(-2.3085,0.102494460323367,0.875833333333333));
#2719=CARTESIAN_POINT('Ctrl Pts',(-2.39304566446436,0.306806227072276,0.9175));
#2720=CARTESIAN_POINT('Ctrl Pts',(-2.7,0.434244530124901,0.98));
#2721=CARTESIAN_POINT('Ctrl Pts',(-3.00695433553564,0.306806227072276,1.0425));
#2722=CARTESIAN_POINT('Ctrl Pts',(-3.0915,0.102494460323367,1.08416666666667));
#2723=CARTESIAN_POINT('Ctrl Pts',(-3.0915,4.79449221866189E-17,1.105));
#2724=CARTESIAN_POINT('Origin',(-2.7,0.,0.89));
#2725=CARTESIAN_POINT('',(-3.0915,4.79449221866189E-17,1.14));
#2726=CARTESIAN_POINT('',(-3.0915,4.79449221866189E-17,1.105));
#2727=CARTESIAN_POINT('Ctrl Pts',(-2.3085,0.,0.89));
#2728=CARTESIAN_POINT('Ctrl Pts',(-2.3085,0.102494460323367,0.910833333333333));
#2729=CARTESIAN_POINT('Ctrl Pts',(-2.39304614761493,0.306806244283094,0.9525));
#2730=CARTESIAN_POINT('Ctrl Pts',(-2.7,0.434244506381861,1.015));
#2731=CARTESIAN_POINT('Ctrl Pts',(-3.00695385238507,0.306806244283094,1.0775));
#2732=CARTESIAN_POINT('Ctrl Pts',(-3.0915,0.102494460323367,1.11916666666667));
#2733=CARTESIAN_POINT('Ctrl Pts',(-3.0915,4.79449221866189E-17,1.14));
#2734=CARTESIAN_POINT('Ctrl Pts',(-2.3635,0.,0.915384615384616));
#2735=CARTESIAN_POINT('Ctrl Pts',(-2.3635,0.0880954939944137,0.936217948717949));
#2736=CARTESIAN_POINT('Ctrl Pts',(-2.43616865561283,0.263704473055583,0.977884615384615));
#2737=CARTESIAN_POINT('Ctrl Pts',(-2.7,0.373239531028088,1.04038461538462));
#2738=CARTESIAN_POINT('Ctrl Pts',(-2.96383134438717,0.263704473055584,1.10288461538462));
#2739=CARTESIAN_POINT('Ctrl Pts',(-3.0365,0.0880954939944138,1.14455128205128));
#2740=CARTESIAN_POINT('Ctrl Pts',(-3.0365,4.12093647913084E-17,1.16538461538462));
#2741=CARTESIAN_POINT('Ctrl Pts',(-2.34516666666667,0.,0.906923076923077));
#2742=CARTESIAN_POINT('Ctrl Pts',(-2.34516666666667,0.092895149437398,0.92775641025641));
#2743=CARTESIAN_POINT('Ctrl Pts',(-2.42179448628019,0.27807173013142,0.969423076923077));
#2744=CARTESIAN_POINT('Ctrl Pts',(-2.7,0.393574522812678,1.03192307692308));
#2745=CARTESIAN_POINT('Ctrl Pts',(-2.9782055137198,0.27807173013142,1.09442307692308));
#2746=CARTESIAN_POINT('Ctrl Pts',(-3.05483333333333,0.0928951494373981,
1.13608974358974));
#2747=CARTESIAN_POINT('Ctrl Pts',(-3.05483333333333,4.34545505897452E-17,
1.15692307692308));
#2748=CARTESIAN_POINT('Ctrl Pts',(-2.32683333333333,0.,0.898461538461539));
#2749=CARTESIAN_POINT('Ctrl Pts',(-2.32683333333333,0.0976948048803828,
0.919294871794872));
#2750=CARTESIAN_POINT('Ctrl Pts',(-2.40742031694756,0.292438987207257,0.960961538461539));
#2751=CARTESIAN_POINT('Ctrl Pts',(-2.7,0.41390951459727,1.02346153846154));
#2752=CARTESIAN_POINT('Ctrl Pts',(-2.99257968305244,0.292438987207257,1.08596153846154));
#2753=CARTESIAN_POINT('Ctrl Pts',(-3.07316666666667,0.0976948048803828,
1.12762820512821));
#2754=CARTESIAN_POINT('Ctrl Pts',(-3.07316666666667,4.56997363881821E-17,
1.14846153846154));
#2755=CARTESIAN_POINT('Ctrl Pts',(-2.3085,0.,0.89));
#2756=CARTESIAN_POINT('Ctrl Pts',(-2.3085,0.102494460323367,0.910833333333333));
#2757=CARTESIAN_POINT('Ctrl Pts',(-2.39304614761493,0.306806244283094,0.9525));
#2758=CARTESIAN_POINT('Ctrl Pts',(-2.7,0.434244506381861,1.015));
#2759=CARTESIAN_POINT('Ctrl Pts',(-3.00695385238507,0.306806244283094,1.0775));
#2760=CARTESIAN_POINT('Ctrl Pts',(-3.0915,0.102494460323367,1.11916666666667));
#2761=CARTESIAN_POINT('Ctrl Pts',(-3.0915,4.79449221866189E-17,1.14));
#2762=CARTESIAN_POINT('',(-3.0365,4.12093647913085E-17,1.16538461538462));
#2763=CARTESIAN_POINT('Ctrl Pts',(-2.3635,0.,0.915384615384616));
#2764=CARTESIAN_POINT('Ctrl Pts',(-2.3635,0.0880954939944137,0.936217948717949));
#2765=CARTESIAN_POINT('Ctrl Pts',(-2.43616865561283,0.263704473055583,0.977884615384615));
#2766=CARTESIAN_POINT('Ctrl Pts',(-2.7,0.373239531028088,1.04038461538462));
#2767=CARTESIAN_POINT('Ctrl Pts',(-2.96383134438717,0.263704473055584,1.10288461538462));
#2768=CARTESIAN_POINT('Ctrl Pts',(-3.0365,0.0880954939944138,1.14455128205128));
#2769=CARTESIAN_POINT('Ctrl Pts',(-3.0365,4.12093647913084E-17,1.16538461538462));
#2770=CARTESIAN_POINT('',(-3.0915,4.79449221866189E-17,1.14));
#2771=CARTESIAN_POINT('Origin',(-3.05186180257392,4.30906430264369E-17,
1.1225));
#2772=CARTESIAN_POINT('',(-3.0365,4.12093647913085E-17,0.3));
#2773=CARTESIAN_POINT('Origin',(-2.7,0.,0.3));
#2774=CARTESIAN_POINT('',(-2.3635,4.12093647913084E-17,1.2));
#2775=CARTESIAN_POINT('Origin',(-2.7,0.,1.2));
#2776=CARTESIAN_POINT('',(-2.3635,4.12093647913084E-17,0.3));
#2777=CARTESIAN_POINT('',(-2.3635,4.12093647913084E-17,0.3));
#2778=CARTESIAN_POINT('',(-2.3635,-4.12093647913084E-17,0.6));
#2779=CARTESIAN_POINT('',(-2.3635,4.12093647913084E-17,0.3));
#2780=CARTESIAN_POINT('Origin',(-2.7,0.,0.6));
#2781=CARTESIAN_POINT('Origin',(-2.7,6.87359475374663E-18,1.2));
#2782=CARTESIAN_POINT('Origin',(-2.7,0.,0.3));
#2783=CARTESIAN_POINT('',(-2.2,6.12323399573677E-17,0.6));
#2784=CARTESIAN_POINT('Origin',(-2.7,0.,0.6));
#2785=CARTESIAN_POINT('',(-2.2,6.12323399573677E-17,0.3));
#2786=CARTESIAN_POINT('',(-2.2,6.12323399573677E-17,0.3));
#2787=CARTESIAN_POINT('Origin',(-2.7,0.,0.3));
#2788=CARTESIAN_POINT('Origin',(-2.7,0.,0.6));
#2789=CARTESIAN_POINT('Origin',(2.34813819742608,4.3090643026437E-17,0.8725));
#2790=CARTESIAN_POINT('',(2.3635,4.12093647913084E-17,0.829615384615385));
#2791=CARTESIAN_POINT('',(2.3635,4.12093647913084E-17,0.915384615384615));
#2792=CARTESIAN_POINT('',(2.3635,4.12093647913085E-17,0.3));
#2793=CARTESIAN_POINT('',(2.3085,4.79449221866188E-17,0.855));
#2794=CARTESIAN_POINT('',(2.3735,3.9984717992161E-17,0.825));
#2795=CARTESIAN_POINT('',(2.3085,4.79449221866188E-17,0.89));
#2796=CARTESIAN_POINT('',(2.3085,4.79449221866188E-17,0.855));
#2797=CARTESIAN_POINT('',(2.3085,4.79449221866188E-17,0.89));
#2798=CARTESIAN_POINT('Ctrl Pts',(2.3085,4.79449221866188E-17,0.855));
#2799=CARTESIAN_POINT('Ctrl Pts',(2.3085,-0.102494460323367,0.875833333333333));
#2800=CARTESIAN_POINT('Ctrl Pts',(2.39304566446436,-0.306806227072275,0.9175));
#2801=CARTESIAN_POINT('Ctrl Pts',(2.7,-0.4342445301249,0.98));
#2802=CARTESIAN_POINT('Ctrl Pts',(3.00695433553564,-0.306806227072276,1.0425));
#2803=CARTESIAN_POINT('Ctrl Pts',(3.0915,-0.102494460323367,1.08416666666667));
#2804=CARTESIAN_POINT('Ctrl Pts',(3.0915,-9.58898443732377E-17,1.105));
#2805=CARTESIAN_POINT('Ctrl Pts',(2.32683333333333,4.5699736388182E-17,
0.846538461538461));
#2806=CARTESIAN_POINT('Ctrl Pts',(2.32683333333333,-0.0976948048803823,
0.867371794871795));
#2807=CARTESIAN_POINT('Ctrl Pts',(2.40741985642218,-0.292438970802395,0.909038461538461));
#2808=CARTESIAN_POINT('Ctrl Pts',(2.7,-0.41390953722846,0.971538461538461));
#2809=CARTESIAN_POINT('Ctrl Pts',(2.99258014357782,-0.292438970802395,1.03403846153846));
#2810=CARTESIAN_POINT('Ctrl Pts',(3.07316666666667,-0.0976948048803824,
1.07570512820513));
#2811=CARTESIAN_POINT('Ctrl Pts',(3.07316666666667,-9.13994727763641E-17,
1.09653846153846));
#2812=CARTESIAN_POINT('Ctrl Pts',(2.34516666666667,4.34545505897452E-17,
0.838076923076923));
#2813=CARTESIAN_POINT('Ctrl Pts',(2.34516666666667,-0.0928951494373983,
0.858910256410256));
#2814=CARTESIAN_POINT('Ctrl Pts',(2.42179404838,-0.278071714532514,0.900576923076923));
#2815=CARTESIAN_POINT('Ctrl Pts',(2.7,-0.393574544332019,0.963076923076923));
#2816=CARTESIAN_POINT('Ctrl Pts',(2.97820595162,-0.278071714532514,1.02557692307692));
#2817=CARTESIAN_POINT('Ctrl Pts',(3.05483333333333,-0.0928951494373984,
1.06724358974359));
#2818=CARTESIAN_POINT('Ctrl Pts',(3.05483333333333,-8.69091011794905E-17,
1.08807692307692));
#2819=CARTESIAN_POINT('Ctrl Pts',(2.3635,4.12093647913084E-17,0.829615384615385));
#2820=CARTESIAN_POINT('Ctrl Pts',(2.3635,-0.0880954939944137,0.850448717948718));
#2821=CARTESIAN_POINT('Ctrl Pts',(2.43616824033782,-0.263704458262633,0.892115384615385));
#2822=CARTESIAN_POINT('Ctrl Pts',(2.7,-0.373239551435579,0.954615384615385));
#2823=CARTESIAN_POINT('Ctrl Pts',(2.96383175966218,-0.263704458262633,1.01711538461538));
#2824=CARTESIAN_POINT('Ctrl Pts',(3.0365,-0.0880954939944139,1.05878205128205));
#2825=CARTESIAN_POINT('Ctrl Pts',(3.0365,-8.24187295826169E-17,1.07961538461538));
#2826=CARTESIAN_POINT('',(3.0365,-8.24187295826169E-17,1.07961538461538));
#2827=CARTESIAN_POINT('Ctrl Pts',(3.0365,-9.71445146547012E-17,1.07961538461538));
#2828=CARTESIAN_POINT('Ctrl Pts',(3.0365,-0.0880954939944139,1.05878205128205));
#2829=CARTESIAN_POINT('Ctrl Pts',(3.00016587983109,-0.175899976128523,1.03794871794872));
#2830=CARTESIAN_POINT('Ctrl Pts',(2.93802685980294,-0.238058066057736,1.01711538461538));
#2831=CARTESIAN_POINT('Ctrl Pts',(2.87588783977479,-0.300216155986948,0.996282051282051));
#2832=CARTESIAN_POINT('Ctrl Pts',(2.78794391988739,-0.336727853711263,0.975448717948718));
#2833=CARTESIAN_POINT('Ctrl Pts',(2.7,-0.336727853711263,0.954615384615385));
#2834=CARTESIAN_POINT('Ctrl Pts',(2.61205608011261,-0.336727853711263,0.933782051282051));
#2835=CARTESIAN_POINT('Ctrl Pts',(2.52411216022521,-0.300216155986948,0.912948717948718));
#2836=CARTESIAN_POINT('Ctrl Pts',(2.46197314019706,-0.238058066057736,0.892115384615385));
#2837=CARTESIAN_POINT('Ctrl Pts',(2.39983412016891,-0.175899976128523,0.871282051282051));
#2838=CARTESIAN_POINT('Ctrl Pts',(2.3635,-0.0880954939944137,0.850448717948718));
#2839=CARTESIAN_POINT('Ctrl Pts',(2.3635,4.12093647913084E-17,0.829615384615385));
#2840=CARTESIAN_POINT('',(3.0915,-9.58898443732377E-17,1.105));
#2841=CARTESIAN_POINT('',(3.0265,-7.99694359843221E-17,1.075));
#2842=CARTESIAN_POINT('Ctrl Pts',(2.3085,4.79449221866188E-17,0.855));
#2843=CARTESIAN_POINT('Ctrl Pts',(2.3085,-0.102494460323367,0.875833333333333));
#2844=CARTESIAN_POINT('Ctrl Pts',(2.39304566446436,-0.306806227072275,0.9175));
#2845=CARTESIAN_POINT('Ctrl Pts',(2.7,-0.4342445301249,0.98));
#2846=CARTESIAN_POINT('Ctrl Pts',(3.00695433553564,-0.306806227072276,1.0425));
#2847=CARTESIAN_POINT('Ctrl Pts',(3.0915,-0.102494460323367,1.08416666666667));
#2848=CARTESIAN_POINT('Ctrl Pts',(3.0915,-9.58898443732377E-17,1.105));
#2849=CARTESIAN_POINT('Origin',(2.7,0.,0.89));
#2850=CARTESIAN_POINT('',(3.0915,-9.58898443732377E-17,1.14));
#2851=CARTESIAN_POINT('',(3.0915,-9.58898443732377E-17,1.105));
#2852=CARTESIAN_POINT('Ctrl Pts',(2.3085,4.79449221866188E-17,0.89));
#2853=CARTESIAN_POINT('Ctrl Pts',(2.3085,-0.102494460323367,0.910833333333333));
#2854=CARTESIAN_POINT('Ctrl Pts',(2.39304614761493,-0.306806244283093,0.9525));
#2855=CARTESIAN_POINT('Ctrl Pts',(2.7,-0.434244506381861,1.015));
#2856=CARTESIAN_POINT('Ctrl Pts',(3.00695385238507,-0.306806244283094,1.0775));
#2857=CARTESIAN_POINT('Ctrl Pts',(3.0915,-0.102494460323367,1.11916666666667));
#2858=CARTESIAN_POINT('Ctrl Pts',(3.0915,-9.58898443732377E-17,1.14));
#2859=CARTESIAN_POINT('Ctrl Pts',(2.3635,4.12093647913084E-17,0.915384615384615));
#2860=CARTESIAN_POINT('Ctrl Pts',(2.3635,-0.0880954939944137,0.936217948717949));
#2861=CARTESIAN_POINT('Ctrl Pts',(2.43616865561283,-0.263704473055584,0.977884615384615));
#2862=CARTESIAN_POINT('Ctrl Pts',(2.7,-0.373239531028088,1.04038461538461));
#2863=CARTESIAN_POINT('Ctrl Pts',(2.96383134438717,-0.263704473055584,1.10288461538462));
#2864=CARTESIAN_POINT('Ctrl Pts',(3.0365,-0.0880954939944139,1.14455128205128));
#2865=CARTESIAN_POINT('Ctrl Pts',(3.0365,-8.24187295826169E-17,1.16538461538462));
#2866=CARTESIAN_POINT('Ctrl Pts',(2.34516666666667,4.34545505897452E-17,
0.906923076923077));
#2867=CARTESIAN_POINT('Ctrl Pts',(2.34516666666667,-0.0928951494373979,
0.92775641025641));
#2868=CARTESIAN_POINT('Ctrl Pts',(2.42179448628019,-0.278071730131421,0.969423076923077));
#2869=CARTESIAN_POINT('Ctrl Pts',(2.7,-0.393574522812678,1.03192307692308));
#2870=CARTESIAN_POINT('Ctrl Pts',(2.9782055137198,-0.278071730131421,1.09442307692308));
#2871=CARTESIAN_POINT('Ctrl Pts',(3.05483333333333,-0.0928951494373981,
1.13608974358974));
#2872=CARTESIAN_POINT('Ctrl Pts',(3.05483333333333,-8.69091011794905E-17,
1.15692307692308));
#2873=CARTESIAN_POINT('Ctrl Pts',(2.32683333333333,4.5699736388182E-17,
0.898461538461538));
#2874=CARTESIAN_POINT('Ctrl Pts',(2.32683333333333,-0.0976948048803826,
0.919294871794872));
#2875=CARTESIAN_POINT('Ctrl Pts',(2.40742031694756,-0.292438987207257,0.960961538461538));
#2876=CARTESIAN_POINT('Ctrl Pts',(2.7,-0.41390951459727,1.02346153846154));
#2877=CARTESIAN_POINT('Ctrl Pts',(2.99257968305244,-0.292438987207257,1.08596153846154));
#2878=CARTESIAN_POINT('Ctrl Pts',(3.07316666666667,-0.0976948048803828,
1.12762820512821));
#2879=CARTESIAN_POINT('Ctrl Pts',(3.07316666666667,-9.13994727763641E-17,
1.14846153846154));
#2880=CARTESIAN_POINT('Ctrl Pts',(2.3085,4.79449221866188E-17,0.89));
#2881=CARTESIAN_POINT('Ctrl Pts',(2.3085,-0.102494460323367,0.910833333333333));
#2882=CARTESIAN_POINT('Ctrl Pts',(2.39304614761493,-0.306806244283093,0.9525));
#2883=CARTESIAN_POINT('Ctrl Pts',(2.7,-0.434244506381861,1.015));
#2884=CARTESIAN_POINT('Ctrl Pts',(3.00695385238507,-0.306806244283094,1.0775));
#2885=CARTESIAN_POINT('Ctrl Pts',(3.0915,-0.102494460323367,1.11916666666667));
#2886=CARTESIAN_POINT('Ctrl Pts',(3.0915,-9.58898443732377E-17,1.14));
#2887=CARTESIAN_POINT('',(3.0365,-8.24187295826169E-17,1.16538461538462));
#2888=CARTESIAN_POINT('Ctrl Pts',(2.3635,4.12093647913084E-17,0.915384615384615));
#2889=CARTESIAN_POINT('Ctrl Pts',(2.3635,-0.0880954939944137,0.936217948717949));
#2890=CARTESIAN_POINT('Ctrl Pts',(2.43616865561283,-0.263704473055584,0.977884615384615));
#2891=CARTESIAN_POINT('Ctrl Pts',(2.7,-0.373239531028088,1.04038461538461));
#2892=CARTESIAN_POINT('Ctrl Pts',(2.96383134438717,-0.263704473055584,1.10288461538462));
#2893=CARTESIAN_POINT('Ctrl Pts',(3.0365,-0.0880954939944139,1.14455128205128));
#2894=CARTESIAN_POINT('Ctrl Pts',(3.0365,-8.24187295826169E-17,1.16538461538462));
#2895=CARTESIAN_POINT('',(3.0915,-9.58898443732377E-17,1.14));
#2896=CARTESIAN_POINT('Origin',(3.05186180257392,-8.61812860528739E-17,
1.1225));
#2897=CARTESIAN_POINT('',(3.0365,-8.24187295826169E-17,0.3));
#2898=CARTESIAN_POINT('Origin',(3.05186180257392,0.,0.8725));
#2899=CARTESIAN_POINT('',(3.0365,0.,0.829615384615385));
#2900=CARTESIAN_POINT('',(3.0365,0.,0.915384615384615));
#2901=CARTESIAN_POINT('',(3.0365,0.,0.3));
#2902=CARTESIAN_POINT('',(3.0915,0.,0.855));
#2903=CARTESIAN_POINT('',(3.0265,0.,0.825));
#2904=CARTESIAN_POINT('',(3.0915,0.,0.89));
#2905=CARTESIAN_POINT('',(3.0915,0.,0.855));
#2906=CARTESIAN_POINT('',(3.0915,0.,0.89));
#2907=CARTESIAN_POINT('Ctrl Pts',(3.0915,0.,0.855));
#2908=CARTESIAN_POINT('Ctrl Pts',(3.0915,0.102494460323367,0.875833333333333));
#2909=CARTESIAN_POINT('Ctrl Pts',(3.00695610055749,0.306806163698423,0.9175));
#2910=CARTESIAN_POINT('Ctrl Pts',(2.7,0.434244617339129,0.98));
#2911=CARTESIAN_POINT('Ctrl Pts',(2.39304389944251,0.306806163698423,1.0425));
#2912=CARTESIAN_POINT('Ctrl Pts',(2.3085,0.102494460323367,1.08416666666667));
#2913=CARTESIAN_POINT('Ctrl Pts',(2.3085,4.79449221866188E-17,1.105));
#2914=CARTESIAN_POINT('Ctrl Pts',(3.07316666666667,0.,0.846538461538461));
#2915=CARTESIAN_POINT('Ctrl Pts',(3.07316666666667,0.0976948048803824,0.867371794871795));
#2916=CARTESIAN_POINT('Ctrl Pts',(2.99258182594646,0.292438910396241,0.909038461538461));
#2917=CARTESIAN_POINT('Ctrl Pts',(2.7,0.413909620358582,0.971538461538461));
#2918=CARTESIAN_POINT('Ctrl Pts',(2.40741817405354,0.292438910396241,1.03403846153846));
#2919=CARTESIAN_POINT('Ctrl Pts',(2.32683333333333,0.0976948048803825,1.07570512820513));
#2920=CARTESIAN_POINT('Ctrl Pts',(2.32683333333333,4.5699736388182E-17,
1.09653846153846));
#2921=CARTESIAN_POINT('Ctrl Pts',(3.05483333333333,0.,0.838076923076923));
#2922=CARTESIAN_POINT('Ctrl Pts',(3.05483333333333,0.0928951494373982,0.858910256410256));
#2923=CARTESIAN_POINT('Ctrl Pts',(2.97820755133542,0.278071657094059,0.900576923076923));
#2924=CARTESIAN_POINT('Ctrl Pts',(2.7,0.393574623378036,0.963076923076923));
#2925=CARTESIAN_POINT('Ctrl Pts',(2.42179244866458,0.278071657094059,1.02557692307692));
#2926=CARTESIAN_POINT('Ctrl Pts',(2.34516666666667,0.0928951494373983,1.06724358974359));
#2927=CARTESIAN_POINT('Ctrl Pts',(2.34516666666667,4.34545505897452E-17,
1.08807692307692));
#2928=CARTESIAN_POINT('Ctrl Pts',(3.0365,0.,0.829615384615385));
#2929=CARTESIAN_POINT('Ctrl Pts',(3.0365,0.0880954939944138,0.850448717948718));
#2930=CARTESIAN_POINT('Ctrl Pts',(2.96383327672438,0.263704403791876,0.892115384615385));
#2931=CARTESIAN_POINT('Ctrl Pts',(2.7,0.373239626397489,0.954615384615385));
#2932=CARTESIAN_POINT('Ctrl Pts',(2.43616672327562,0.263704403791876,1.01711538461538));
#2933=CARTESIAN_POINT('Ctrl Pts',(2.3635,0.0880954939944138,1.05878205128205));
#2934=CARTESIAN_POINT('Ctrl Pts',(2.3635,4.12093647913084E-17,1.07961538461538));
#2935=CARTESIAN_POINT('',(2.3635,4.12093647913084E-17,1.07961538461538));
#2936=CARTESIAN_POINT('Ctrl Pts',(2.3635,4.85722573273506E-17,1.07961538461538));
#2937=CARTESIAN_POINT('Ctrl Pts',(2.3635,0.0880954939944138,1.05878205128205));
#2938=CARTESIAN_POINT('Ctrl Pts',(2.39983336163781,0.175899948893145,1.03794871794872));
#2939=CARTESIAN_POINT('Ctrl Pts',(2.46197225524411,0.238058046776779,1.01711538461538));
#2940=CARTESIAN_POINT('Ctrl Pts',(2.52411114885041,0.300216144660414,0.996282051282051));
#2941=CARTESIAN_POINT('Ctrl Pts',(2.61205557442521,0.336727885528952,0.975448717948718));
#2942=CARTESIAN_POINT('Ctrl Pts',(2.7,0.336727885528952,0.954615384615385));
#2943=CARTESIAN_POINT('Ctrl Pts',(2.7879444255748,0.336727885528952,0.933782051282051));
#2944=CARTESIAN_POINT('Ctrl Pts',(2.87588885114959,0.300216144660414,0.912948717948718));
#2945=CARTESIAN_POINT('Ctrl Pts',(2.93802774475589,0.238058046776779,0.892115384615385));
#2946=CARTESIAN_POINT('Ctrl Pts',(3.00016663836219,0.175899948893145,0.871282051282051));
#2947=CARTESIAN_POINT('Ctrl Pts',(3.0365,0.0880954939944138,0.850448717948718));
#2948=CARTESIAN_POINT('Ctrl Pts',(3.0365,0.,0.829615384615385));
#2949=CARTESIAN_POINT('',(2.3085,4.79449221866188E-17,1.105));
#2950=CARTESIAN_POINT('',(2.3735,3.9984717992161E-17,1.075));
#2951=CARTESIAN_POINT('Ctrl Pts',(3.0915,0.,0.855));
#2952=CARTESIAN_POINT('Ctrl Pts',(3.0915,0.102494460323367,0.875833333333333));
#2953=CARTESIAN_POINT('Ctrl Pts',(3.00695610055749,0.306806163698423,0.9175));
#2954=CARTESIAN_POINT('Ctrl Pts',(2.7,0.434244617339129,0.98));
#2955=CARTESIAN_POINT('Ctrl Pts',(2.39304389944251,0.306806163698423,1.0425));
#2956=CARTESIAN_POINT('Ctrl Pts',(2.3085,0.102494460323367,1.08416666666667));
#2957=CARTESIAN_POINT('Ctrl Pts',(2.3085,4.79449221866188E-17,1.105));
#2958=CARTESIAN_POINT('Origin',(2.7,0.,0.89));
#2959=CARTESIAN_POINT('',(2.3085,4.79449221866188E-17,1.14));
#2960=CARTESIAN_POINT('',(2.3085,4.79449221866188E-17,1.105));
#2961=CARTESIAN_POINT('Ctrl Pts',(3.0915,0.,0.89));
#2962=CARTESIAN_POINT('Ctrl Pts',(3.0915,0.102494460323367,0.910833333333333));
#2963=CARTESIAN_POINT('Ctrl Pts',(3.00695560002201,0.30680618175042,0.952499999999999));
#2964=CARTESIAN_POINT('Ctrl Pts',(2.7,0.434244592529718,1.015));
#2965=CARTESIAN_POINT('Ctrl Pts',(2.39304439997799,0.30680618175042,1.0775));
#2966=CARTESIAN_POINT('Ctrl Pts',(2.3085,0.102494460323367,1.11916666666667));
#2967=CARTESIAN_POINT('Ctrl Pts',(2.3085,4.79449221866188E-17,1.14));
#2968=CARTESIAN_POINT('Ctrl Pts',(3.0365,0.,0.915384615384615));
#2969=CARTESIAN_POINT('Ctrl Pts',(3.0365,0.0880954939944138,0.936217948717949));
#2970=CARTESIAN_POINT('Ctrl Pts',(2.96383284650679,0.263704419307832,0.977884615384616));
#2971=CARTESIAN_POINT('Ctrl Pts',(2.7,0.373239605073436,1.04038461538462));
#2972=CARTESIAN_POINT('Ctrl Pts',(2.43616715349321,0.263704419307832,1.10288461538462));
#2973=CARTESIAN_POINT('Ctrl Pts',(2.3635,0.0880954939944138,1.14455128205128));
#2974=CARTESIAN_POINT('Ctrl Pts',(2.3635,4.12093647913084E-17,1.16538461538462));
#2975=CARTESIAN_POINT('Ctrl Pts',(3.05483333333333,0.,0.906923076923077));
#2976=CARTESIAN_POINT('Ctrl Pts',(3.05483333333333,0.0928951494373982,0.92775641025641));
#2977=CARTESIAN_POINT('Ctrl Pts',(2.97820709767853,0.278071673455361,0.969423076923077));
#2978=CARTESIAN_POINT('Ctrl Pts',(2.7,0.393574600892197,1.03192307692308));
#2979=CARTESIAN_POINT('Ctrl Pts',(2.42179290232147,0.278071673455361,1.09442307692308));
#2980=CARTESIAN_POINT('Ctrl Pts',(2.34516666666667,0.0928951494373982,1.13608974358974));
#2981=CARTESIAN_POINT('Ctrl Pts',(2.34516666666667,4.34545505897452E-17,
1.15692307692308));
#2982=CARTESIAN_POINT('Ctrl Pts',(3.07316666666667,0.,0.898461538461538));
#2983=CARTESIAN_POINT('Ctrl Pts',(3.07316666666667,0.0976948048803826,0.919294871794872));
#2984=CARTESIAN_POINT('Ctrl Pts',(2.99258134885027,0.292438927602891,0.960961538461538));
#2985=CARTESIAN_POINT('Ctrl Pts',(2.7,0.413909596710958,1.02346153846154));
#2986=CARTESIAN_POINT('Ctrl Pts',(2.40741865114973,0.29243892760289,1.08596153846154));
#2987=CARTESIAN_POINT('Ctrl Pts',(2.32683333333333,0.0976948048803826,1.12762820512821));
#2988=CARTESIAN_POINT('Ctrl Pts',(2.32683333333333,4.5699736388182E-17,
1.14846153846154));
#2989=CARTESIAN_POINT('Ctrl Pts',(3.0915,0.,0.89));
#2990=CARTESIAN_POINT('Ctrl Pts',(3.0915,0.102494460323367,0.910833333333333));
#2991=CARTESIAN_POINT('Ctrl Pts',(3.00695560002201,0.30680618175042,0.952499999999999));
#2992=CARTESIAN_POINT('Ctrl Pts',(2.7,0.434244592529718,1.015));
#2993=CARTESIAN_POINT('Ctrl Pts',(2.39304439997799,0.30680618175042,1.0775));
#2994=CARTESIAN_POINT('Ctrl Pts',(2.3085,0.102494460323367,1.11916666666667));
#2995=CARTESIAN_POINT('Ctrl Pts',(2.3085,4.79449221866188E-17,1.14));
#2996=CARTESIAN_POINT('',(2.3635,4.12093647913084E-17,1.16538461538462));
#2997=CARTESIAN_POINT('Ctrl Pts',(3.0365,0.,0.915384615384615));
#2998=CARTESIAN_POINT('Ctrl Pts',(3.0365,0.0880954939944138,0.936217948717949));
#2999=CARTESIAN_POINT('Ctrl Pts',(2.96383284650679,0.263704419307832,0.977884615384616));
#3000=CARTESIAN_POINT('Ctrl Pts',(2.7,0.373239605073436,1.04038461538462));
#3001=CARTESIAN_POINT('Ctrl Pts',(2.43616715349321,0.263704419307832,1.10288461538462));
#3002=CARTESIAN_POINT('Ctrl Pts',(2.3635,0.0880954939944138,1.14455128205128));
#3003=CARTESIAN_POINT('Ctrl Pts',(2.3635,4.12093647913084E-17,1.16538461538462));
#3004=CARTESIAN_POINT('',(2.3085,4.79449221866188E-17,1.14));
#3005=CARTESIAN_POINT('Origin',(2.34813819742608,4.3090643026437E-17,1.1225));
#3006=CARTESIAN_POINT('',(2.3635,4.12093647913085E-17,0.3));
#3007=CARTESIAN_POINT('Origin',(2.7,0.,0.3));
#3008=CARTESIAN_POINT('',(3.0365,4.12093647913084E-17,1.2));
#3009=CARTESIAN_POINT('Origin',(2.7,0.,1.2));
#3010=CARTESIAN_POINT('',(3.0365,4.12093647913084E-17,0.3));
#3011=CARTESIAN_POINT('',(3.0365,4.12093647913084E-17,0.3));
#3012=CARTESIAN_POINT('',(3.0365,-4.12093647913084E-17,0.6));
#3013=CARTESIAN_POINT('',(3.0365,4.12093647913084E-17,0.3));
#3014=CARTESIAN_POINT('Origin',(2.7,0.,0.6));
#3015=CARTESIAN_POINT('Origin',(2.7,6.87359475374663E-18,1.2));
#3016=CARTESIAN_POINT('Origin',(2.7,0.,0.3));
#3017=CARTESIAN_POINT('',(3.2,6.12323399573677E-17,0.6));
#3018=CARTESIAN_POINT('Origin',(2.7,0.,0.6));
#3019=CARTESIAN_POINT('',(3.2,6.12323399573677E-17,0.3));
#3020=CARTESIAN_POINT('',(3.2,6.12323399573677E-17,0.3));
#3021=CARTESIAN_POINT('Origin',(2.7,0.,0.3));
#3022=CARTESIAN_POINT('Origin',(2.7,0.,0.6));
#3023=CARTESIAN_POINT('Origin',(0.,0.,0.3));
#3024=CARTESIAN_POINT('',(1.2,1.46957615897682E-16,0.3));
#3025=CARTESIAN_POINT('',(1.2,1.46957615897682E-16,0.3));
#3026=CARTESIAN_POINT('Origin',(0.,0.,0.3));
#3027=CARTESIAN_POINT('Origin',(3.025,1.35,0.));
#3028=CARTESIAN_POINT('',(3.025,-1.25,-0.025));
#3029=CARTESIAN_POINT('',(3.025,-1.25,-0.0125));
#3030=CARTESIAN_POINT('',(3.025,1.25,-0.025));
#3031=CARTESIAN_POINT('',(3.025,1.25,-0.0125));
#3032=CARTESIAN_POINT('',(3.025,0.675,-0.025));
#3033=CARTESIAN_POINT('Origin',(-3.025,-1.35,0.));
#3034=CARTESIAN_POINT('',(-3.025,-1.25,-0.025));
#3035=CARTESIAN_POINT('',(-3.025,-1.25,-0.0125));
#3036=CARTESIAN_POINT('',(-3.025,1.25,-0.025));
#3037=CARTESIAN_POINT('',(-3.025,-0.675,-0.025));
#3038=CARTESIAN_POINT('',(-3.025,1.25,-0.0125));
#3039=CARTESIAN_POINT('Origin',(3.75,1.25,-0.025));
#3040=CARTESIAN_POINT('',(-3.65,1.25,-0.025));
#3041=CARTESIAN_POINT('',(3.75,1.25,-0.025));
#3042=CARTESIAN_POINT('',(-3.65,1.25,0.3));
#3043=CARTESIAN_POINT('',(-3.65,1.25,-0.025));
#3044=CARTESIAN_POINT('',(3.65,1.25,0.3));
#3045=CARTESIAN_POINT('',(3.75,1.25,0.3));
#3046=CARTESIAN_POINT('',(3.65,1.25,-0.025));
#3047=CARTESIAN_POINT('',(3.65,1.25,-0.025));
#3048=CARTESIAN_POINT('',(3.75,1.25,-0.025));
#3049=CARTESIAN_POINT('Origin',(0.,0.,-0.025));
#3050=CARTESIAN_POINT('',(-3.65,-1.25,-0.025));
#3051=CARTESIAN_POINT('',(-3.75,-1.25,-0.025));
#3052=CARTESIAN_POINT('',(-3.75,-1.15,-0.025));
#3053=CARTESIAN_POINT('Origin',(-3.65,-1.15,-0.025));
#3054=CARTESIAN_POINT('',(-3.75,1.15,-0.025));
#3055=CARTESIAN_POINT('',(-3.75,1.25,-0.025));
#3056=CARTESIAN_POINT('Origin',(-3.65,1.15,-0.025));
#3057=CARTESIAN_POINT('Origin',(0.,0.,-0.025));
#3058=CARTESIAN_POINT('',(3.75,1.15,-0.025));
#3059=CARTESIAN_POINT('Origin',(3.65,1.15,-0.025));
#3060=CARTESIAN_POINT('',(3.75,-1.15,-0.025));
#3061=CARTESIAN_POINT('',(3.75,-1.25,-0.025));
#3062=CARTESIAN_POINT('',(3.65,-1.25,-0.025));
#3063=CARTESIAN_POINT('Origin',(3.65,-1.15,-0.025));
#3064=CARTESIAN_POINT('',(-3.75,-1.25,-0.025));
#3065=CARTESIAN_POINT('Origin',(3.65,-1.15,-0.025));
#3066=CARTESIAN_POINT('',(3.75,-1.15,0.3));
#3067=CARTESIAN_POINT('',(3.65,-1.25,0.3));
#3068=CARTESIAN_POINT('Origin',(3.65,-1.15,0.3));
#3069=CARTESIAN_POINT('',(3.65,-1.25,-0.025));
#3070=CARTESIAN_POINT('',(3.75,-1.15,-0.025));
#3071=CARTESIAN_POINT('Origin',(-3.75,-1.25,-0.025));
#3072=CARTESIAN_POINT('',(-3.65,-1.25,0.3));
#3073=CARTESIAN_POINT('',(-3.75,-1.25,0.3));
#3074=CARTESIAN_POINT('',(-3.65,-1.25,-0.025));
#3075=CARTESIAN_POINT('Origin',(0.,0.,0.3));
#3076=CARTESIAN_POINT('',(3.75,1.15,0.3));
#3077=CARTESIAN_POINT('',(3.75,-1.25,0.3));
#3078=CARTESIAN_POINT('Origin',(3.65,1.15,0.3));
#3079=CARTESIAN_POINT('',(-3.75,1.15,0.3));
#3080=CARTESIAN_POINT('Origin',(-3.65,1.15,0.3));
#3081=CARTESIAN_POINT('',(-3.75,-1.15,0.3));
#3082=CARTESIAN_POINT('',(-3.75,1.25,0.3));
#3083=CARTESIAN_POINT('Origin',(-3.65,-1.15,0.3));
#3084=CARTESIAN_POINT('Origin',(3.65,1.15,-0.025));
#3085=CARTESIAN_POINT('',(3.75,1.15,-0.025));
#3086=CARTESIAN_POINT('Origin',(-3.65,1.15,-0.025));
#3087=CARTESIAN_POINT('',(-3.75,1.15,-0.025));
#3088=CARTESIAN_POINT('Origin',(-3.65,-1.15,-0.025));
#3089=CARTESIAN_POINT('',(-3.75,-1.15,-0.025));
#3090=CARTESIAN_POINT('Origin',(-3.75,1.25,-0.025));
#3091=CARTESIAN_POINT('Origin',(3.75,-1.25,-0.025));
#3092=UNCERTAINTY_MEASURE_WITH_UNIT(LENGTH_MEASURE(0.001),#3096,
'DISTANCE_ACCURACY_VALUE',
'Maximum model space distance between geometric entities at asserted c
onnectivities');
#3093=UNCERTAINTY_MEASURE_WITH_UNIT(LENGTH_MEASURE(0.001),#3096,
'DISTANCE_ACCURACY_VALUE',
'Maximum model space distance between geometric entities at asserted c
onnectivities');
#3094=(
GEOMETRIC_REPRESENTATION_CONTEXT(3)
GLOBAL_UNCERTAINTY_ASSIGNED_CONTEXT((#3092))
GLOBAL_UNIT_ASSIGNED_CONTEXT((#3096,#3097,#3098))
REPRESENTATION_CONTEXT('','3D')
);
#3095=(
GEOMETRIC_REPRESENTATION_CONTEXT(3)
GLOBAL_UNCERTAINTY_ASSIGNED_CONTEXT((#3093))
GLOBAL_UNIT_ASSIGNED_CONTEXT((#3096,#3097,#3098))
REPRESENTATION_CONTEXT('','3D')
);
#3096=(
LENGTH_UNIT()
NAMED_UNIT(*)
SI_UNIT(.CENTI.,.METRE.)
);
#3097=(
NAMED_UNIT(*)
PLANE_ANGLE_UNIT()
SI_UNIT($,.RADIAN.)
);
#3098=(
NAMED_UNIT(*)
SI_UNIT($,.STERADIAN.)
SOLID_ANGLE_UNIT()
);
#3099=SHAPE_DEFINITION_REPRESENTATION(#3100,#3101);
#3100=PRODUCT_DEFINITION_SHAPE('',$,#3103);
#3101=SHAPE_REPRESENTATION('',(#1249),#3094);
#3102=PRODUCT_DEFINITION_CONTEXT('part definition',#3107,'design');
#3103=PRODUCT_DEFINITION('PRT - 9301 - MFLEAFCHIP - V04 - B',
'PRT - 9301 - MFLEAFCHIP - V04 - B',#3104,#3102);
#3104=PRODUCT_DEFINITION_FORMATION('',$,#3109);
#3105=PRODUCT_RELATED_PRODUCT_CATEGORY(
'PRT - 9301 - MFLEAFCHIP - V04 - B','PRT - 9301 - MFLEAFCHIP - V04 - B',
(#3109));
#3106=APPLICATION_PROTOCOL_DEFINITION('international standard',
'automotive_design',2009,#3107);
#3107=APPLICATION_CONTEXT(
'Core Data for Automotive Mechanical Design Process');
#3108=PRODUCT_CONTEXT('part definition',#3107,'mechanical');
#3109=PRODUCT('PRT - 9301 - MFLEAFCHIP - V04 - B',
'PRT - 9301 - MFLEAFCHIP - V04 - B',
'Leaf chamber chip B (luer inlet -> chamber -> luer outlet), print in 
black resin',(#3108));
#3110=PRESENTATION_STYLE_ASSIGNMENT((#3111));
#3111=SURFACE_STYLE_USAGE(.BOTH.,#3114);
#3112=SURFACE_STYLE_RENDERING_WITH_PROPERTIES($,#3118,(#3113));
#3113=SURFACE_STYLE_TRANSPARENT(0.);
#3114=SURFACE_SIDE_STYLE('',(#3115,#3112));
#3115=SURFACE_STYLE_FILL_AREA(#3116);
#3116=FILL_AREA_STYLE('',(#3117));
#3117=FILL_AREA_STYLE_COLOUR('',#3118);
#3118=COLOUR_RGB('',0.0196078431372549,0.0196078431372549,0.0196078431372549);
ENDSEC;
END-ISO-10303-21;
